1.834504857,1.55810213,0.51139915,01:01,,X 標準差,Y標準差,Z標準差
1.833108955,1.561258338,0.533334442,01:01,,0.01007442,0.009292907,0.026683547
1.830448202,1.564186382,0.543626365,01:01,,X變異數,Y變異數,Z變異數
1.830448202,1.564186382,0.543626365,01:01,,0.000101494,8.63581E-05,0.000712012
1.837031664,1.565593973,0.53819969,01:01,,,,
1.829559085,1.56195466,0.54070828,01:01,,,,
1.829559085,1.56195466,0.54070828,01:01,,,,
1.833424296,1.566478068,0.546283091,01:01,,,,
1.833424296,1.566478068,0.546283091,01:01,,,,
1.830719909,1.566055889,0.539988387,01:01,,,,
1.830719909,1.566055889,0.539988387,01:01,,,,
1.830719909,1.566055889,0.539988387,01:01,,,,
1.830719909,1.566055889,0.539988387,01:01,,,,
1.827620541,1.562431005,0.53558558,01:01,,,,
1.827620541,1.562431005,0.53558558,01:01,,,,
1.8260295,1.564509651,0.538638957,01:01,,,,
1.82578058,1.565384914,0.53202068,01:01,,,,
1.829969708,1.564256289,0.522550501,01:01,,,,
1.82972165,1.561917366,0.523802108,01:01,,,,
1.829756594,1.558324565,0.534203684,01:01,,,,
1.837041068,1.553113753,0.518553099,01:01,,,,
1.837041068,1.553113753,0.518553099,01:01,,,,
1.838875708,1.555262624,0.519279693,01:01,,,,
1.8431392,1.559912078,0.522433812,01:01,,,,
1.8431392,1.559912078,0.522433812,01:01,,,,
1.8431392,1.559912078,0.522433812,01:01,,,,
1.844260044,1.559873111,0.517337502,01:01,,,,
1.835347307,1.555601617,0.524614614,01:01,,,,
1.833661397,1.560565201,0.540101819,01:01,,,,
1.833696516,1.56120782,0.538518683,01:01,,,,
1.833732365,1.561523137,0.538263689,01:01,,,,
1.835498626,1.560939326,0.535838194,01:01,,,,
1.835498626,1.560939326,0.535838194,01:01,,,,
1.835914463,1.560231442,0.539765876,01:01,,,,
1.838013493,1.560563915,0.542601107,01:01,,,,
1.842954514,1.564189825,0.551774052,01:01,,,,
1.842517779,1.561121965,0.551844547,01:01,,,,
1.844802121,1.564762155,0.548703147,01:01,,,,
1.844802121,1.564762155,0.548703147,01:01,,,,
1.845652885,1.563183575,0.552186665,01:01,,,,
1.845733859,1.562958738,0.553852182,01:01,,,,
1.845733859,1.562958738,0.553852182,01:01,,,,
1.844491799,1.561488711,0.552017795,01:01,,,,
1.844491799,1.561488711,0.552017795,01:01,,,,
1.845975009,1.561945184,0.550882051,01:01,,,,
1.84651324,1.56500608,0.552285158,01:01,,,,
1.846441994,1.565236945,0.550377076,01:01,,,,
1.847334271,1.565018055,0.548424725,01:01,,,,
1.844860124,1.563374578,0.54822297,01:01,,,,
1.845367902,1.564650758,0.548317044,01:01,,,,
1.843772594,1.563600513,0.541407411,01:01,,,,
1.843565992,1.563362202,0.541107897,01:01,,,,
1.843273024,1.563002827,0.540599472,01:01,,,,
1.843291009,1.562288246,0.542367873,01:01,,,,
1.84236341,1.562523174,0.544443312,01:01,,,,
1.84236341,1.562523174,0.544443312,01:01,,,,
1.843043087,1.563982899,0.54551626,01:01,,,,
1.849407096,1.564294765,0.547007442,01:01,,,,
1.849326345,1.561723116,0.540470013,01:01,,,,
1.84853526,1.554367714,0.546949625,01:01,,,,
1.850043756,1.555738056,0.545869956,01:01,,,,
1.850265678,1.56200085,0.543623524,01:01,,,,
1.850265678,1.56200085,0.543623524,01:01,,,,
1.849113459,1.564728596,0.549163685,01:01,,,,
1.845994606,1.561071241,0.54461918,01:01,,,,
1.847156253,1.562063205,0.53105278,01:01,,,,
1.846228748,1.565457183,0.532205238,01:01,,,,
1.843161148,1.563624287,0.52734104,01:01,,,,
1.843375821,1.562922224,0.532949013,01:01,,,,
1.843375821,1.562922224,0.532949013,01:01,,,,
1.843375821,1.562922224,0.532949013,01:01,,,,
1.843375821,1.562922224,0.532949013,01:01,,,,
1.852689716,1.569164792,0.522198505,01:01,,,,
1.852689716,1.569164792,0.522198505,01:01,,,,
1.847732574,1.559181465,0.513203816,01:01,,,,
1.847495806,1.560647789,0.504907921,01:01,,,,
1.847380438,1.559829025,0.505280124,01:01,,,,
1.847862915,1.558134139,0.519149686,01:01,,,,
1.847862915,1.558134139,0.519149686,01:01,,,,
1.847862915,1.558134139,0.519149686,01:01,,,,
1.853320591,1.565343946,0.535340539,01:01,,,,
1.843735358,1.567776889,0.556380808,01:01,,,,
1.844001138,1.566864207,0.562874955,01:01,,,,
1.844274749,1.565917904,0.56928443,01:01,,,,
1.845427545,1.56912548,0.561778714,01:01,,,,
1.843625599,1.568042612,0.554230118,01:01,,,,
1.843625599,1.568042612,0.554230118,01:01,,,,
1.843485301,1.568644433,0.54985262,01:01,,,,
1.838539847,1.564408883,0.534416081,01:01,,,,
1.838539847,1.564408883,0.534416081,01:01,,,,
1.839796705,1.564610553,0.526641341,01:01,,,,
1.838957408,1.563191993,0.528056564,01:01,,,,
1.839227726,1.565564642,0.533654752,01:01,,,,
1.839227726,1.565564642,0.533654752,01:01,,,,
1.838755924,1.563801808,0.523079688,01:01,,,,
1.838755924,1.563801808,0.523079688,01:01,,,,
1.838392714,1.563382951,0.518224132,01:01,,,,
1.838392714,1.563382951,0.518224132,01:01,,,,
1.838777413,1.562350452,0.503433216,01:01,,,,
1.840252689,1.560361455,0.507984207,01:01,,,,
1.838680503,1.560763892,0.511515607,01:01,,,,
1.838792167,1.560393083,0.514421744,01:01,,,,
1.839065905,1.559260999,0.523420586,01:01,,,,
1.837544338,1.559304923,0.526931413,01:01,,,,
1.837980769,1.559351583,0.527932715,01:01,,,,
1.836700187,1.556148662,0.519354559,01:01,,,,
1.837120134,1.55883202,0.527165794,01:01,,,,
1.837120134,1.55883202,0.527165794,01:01,,,,
1.837120134,1.55883202,0.527165794,01:01,,,,
1.837120134,1.55883202,0.527165794,01:01,,,,
1.839773994,1.557954495,0.531449742,01:01,,,,
1.840360799,1.558672262,0.532418724,01:01,,,,
1.840123853,1.558413652,0.532142165,01:01,,,,
1.842720154,1.557153369,0.524508145,01:01,,,,
1.842260596,1.555184152,0.523035404,01:01,,,,
1.842537301,1.553196798,0.523812058,01:01,,,,
1.840127365,1.553863402,0.529337754,01:01,,,,
1.844825117,1.557188731,0.517363309,01:01,,,,
1.84615109,1.555667827,0.515342665,01:01,,,,
1.846208257,1.555380302,0.517666345,01:01,,,,
1.841978433,1.554939632,0.528912109,01:01,,,,
1.845206946,1.55146703,0.523138062,01:01,,,,
1.847460876,1.550847794,0.517965352,01:01,,,,
1.847251503,1.549012478,0.518941384,01:01,,,,
1.845016177,1.549828118,0.523960236,01:01,,,,
1.84321484,1.549619577,0.529132172,01:01,,,,
1.844181119,1.550755031,0.530556001,01:01,,,,
1.844181119,1.550755031,0.530556001,01:01,,,,
1.84726022,1.555901881,0.533867505,01:01,,,,
1.847377819,1.558005893,0.534978985,01:01,,,,
1.846109131,1.558096745,0.532588462,01:01,,,,
1.845748172,1.555407069,0.534125075,01:01,,,,
1.842474897,1.557521185,0.520502175,01:01,,,,
1.860267476,1.55175007,0.523419249,01:01,,,,
1.860195939,1.553053425,0.518367348,01:01,,,,
1.850334559,1.557346195,0.540602825,01:01,,,,
1.852917648,1.552634242,0.530007187,01:01,,,,
1.855250613,1.555313948,0.533890457,01:01,,,,
1.853219057,1.559150949,0.537602642,01:01,,,,
1.85246203,1.562338257,0.511336558,01:01,,,,
1.847695735,1.559632237,0.553282855,01:01,,,,
1.847290123,1.559194562,0.55276835,01:01,,,,
1.849404582,1.562971524,0.540198747,01:01,,,,
1.833950602,1.562733946,0.545376338,01:01,,,,
1.833950602,1.562733946,0.545376338,01:01,,,,
1.827538231,1.563397488,0.580127434,01:01,,,,
1.834727734,1.559719153,0.567457696,01:01,,,,
1.827444864,1.561453421,0.583132204,01:01,,,,
1.82712639,1.562670594,0.574576185,01:01,,,,
1.829292886,1.56128658,0.535917032,01:01,,,,
1.830760535,1.556617801,0.526864843,01:01,,,,
1.834046908,1.556841438,0.522245698,01:01,,,,
1.834110249,1.556669484,0.523565697,01:01,,,,
1.841563731,1.557588513,0.532106207,01:01,,,,
1.841563731,1.557588513,0.532106207,01:01,,,,
1.84885432,1.555684507,0.515555178,01:01,,,,
1.848870366,1.556933844,0.513070494,01:01,,,,
1.848985716,1.556695941,0.519879641,01:01,,,,
1.837610371,1.554703971,0.536433478,01:01,,,,
1.837610371,1.554703971,0.536433478,01:01,,,,
1.835236958,1.554028849,0.552516241,01:01,,,,
1.83623332,1.55933319,0.546957074,01:01,,,,
1.83623332,1.55933319,0.546957074,01:01,,,,
1.842260381,1.554032774,0.521428606,01:01,,,,
1.842358725,1.555102599,0.52093673,01:01,,,,
1.842447302,1.554934072,0.522561623,01:01,,,,
1.833164051,1.556575805,0.542066031,01:01,,,,
1.833164051,1.556575805,0.542066031,01:01,,,,
1.834009806,1.556324314,0.549921924,01:01,,,,
1.833630163,1.557027263,0.548366446,01:01,,,,
1.833630163,1.557027263,0.548366446,01:01,,,,
1.833630163,1.557027263,0.548366446,01:01,,,,
1.832003226,1.557259353,0.547686669,01:01,,,,
1.843985028,1.55469309,0.52425224,01:01,,,,
1.848244913,1.558618682,0.527035548,01:01,,,,
1.848404848,1.557824219,0.528109465,01:01,,,,
1.843334023,1.559387194,0.520325659,01:01,,,,
1.843334023,1.559387194,0.520325659,01:01,,,,
1.843334023,1.559387194,0.520325659,01:01,,,,
1.847187585,1.564168831,0.523214396,01:01,,,,
1.84136514,1.564205354,0.539272543,01:01,,,,
1.843552856,1.568389545,0.546571721,01:01,,,,
1.843371894,1.566380024,0.548607313,01:01,,,,
1.844730443,1.569704423,0.546889147,01:01,,,,
1.844730443,1.569704423,0.546889147,01:01,,,,
1.839941151,1.572273828,0.561089628,01:01,,,,
1.839941151,1.572273828,0.561089628,01:01,,,,
1.839979191,1.572201676,0.561720372,01:01,,,,
1.836302094,1.571497581,0.575798444,01:01,,,,
1.836302094,1.571497581,0.575798444,01:01,,,,
1.834407177,1.563292809,0.567522962,01:01,,,,
1.831934001,1.569954142,0.58050867,01:01,,,,
1.831934001,1.569954142,0.58050867,01:01,,,,
1.829839769,1.569991566,0.588718836,01:01,,,,
1.829839769,1.569991566,0.588718836,01:01,,,,
1.829839769,1.569991566,0.588718836,01:01,,,,
1.83002911,1.574243279,0.588237648,01:01,,,,
1.83002911,1.574243279,0.588237648,01:01,,,,
1.825438777,1.57620288,0.601182959,01:01,,,,
1.815166641,1.575560829,0.623689103,01:01,,,,
1.81499965,1.576218013,0.619462697,01:01,,,,
1.81499965,1.576218013,0.619462697,01:01,,,,
1.81499965,1.576218013,0.619462697,01:01,,,,
1.804485882,1.574245815,0.630427823,01:01,,,,
1.796118773,1.579746152,0.620688796,01:01,,,,
1.797500093,1.569745171,0.606626411,01:01,,,,
1.782062352,1.563948379,0.608169427,01:01,,,,
1.789757721,1.572159266,0.611661409,01:01,,,,
1.789757721,1.572159266,0.611661409,01:01,,,,
1.794583511,1.569152483,0.604455234,01:01,,,,
1.824304023,1.561276632,0.547498528,01:01,,,,
1.824066453,1.562177936,0.540687256,01:01,,,,
1.82193005,1.566932921,0.561026681,01:01,,,,
1.818843993,1.570618664,0.556512067,01:01,,,,
1.817619731,1.569660833,0.551879423,01:01,,,,
1.817867635,1.571581177,0.550861419,01:01,,,,
1.817867635,1.571581177,0.550861419,01:01,,,,
1.82678366,1.561540727,0.509096504,01:01,,,,
1.832931835,1.570097856,0.517244387,01:01,,,,
1.832844889,1.568421059,0.520072671,01:01,,,,
1.832844889,1.568421059,0.520072671,01:01,,,,
1.830137325,1.567600801,0.525122643,01:01,,,,
1.830172328,1.565987481,0.520838985,01:01,,,,
1.830328192,1.56738954,0.519340146,01:01,,,,
1.832711744,1.569377094,0.520975931,01:01,,,,
1.837548366,1.568179528,0.509751409,01:01,,,,
1.841596376,1.566815814,0.499648464,01:01,,,,
1.839644277,1.563865953,0.500354059,01:01,,,,
1.834889369,1.558211786,0.493271421,01:01,,,,
1.838209693,1.553029873,0.498180561,01:01,,,,
1.838209693,1.553029873,0.498180561,01:01,,,,
1.838209693,1.553029873,0.498180561,01:01,,,,
1.838209693,1.553029873,0.498180561,01:01,,,,
1.838108002,1.551905624,0.499723994,01:01,,,,
1.839207306,1.553212629,0.501342745,01:01,,,,
1.843480951,1.559096342,0.499648657,01:01,,,,
1.841035453,1.560461471,0.50599811,01:01,,,,
1.840703615,1.553704714,0.503655539,01:01,,,,
1.840703615,1.553704714,0.503655539,01:01,,,,
1.839386647,1.552853932,0.501185937,01:01,,,,
1.833703673,1.551830063,0.511236233,01:01,,,,
1.833703673,1.551830063,0.511236233,01:01,,,,
1.83077998,1.54986261,0.497534792,01:01,,,,
1.83240623,1.545705008,0.498249745,01:01,,,,
1.832591412,1.549864534,0.508901957,01:01,,,,
1.83256444,1.548130003,0.513363386,01:01,,,,
1.83256444,1.548130003,0.513363386,01:01,,,,
1.831207311,1.547495426,0.516634315,01:01,,,,
1.83258235,1.550484432,0.517525036,01:01,,,,
1.83258235,1.550484432,0.517525036,01:01,,,,
1.832603683,1.550204208,0.51964541,01:01,,,,
1.835207942,1.548233278,0.512614411,01:01,,,,
1.841001172,1.547120825,0.501201555,01:01,,,,
1.841173786,1.546345652,0.507597821,01:01,,,,
1.848429179,1.551346684,0.515335023,01:01,,,,
1.841042092,1.54206551,0.504395225,01:01,,,,
1.840966375,1.544102004,0.509912231,01:01,,,,
1.844791127,1.546912712,0.509724702,01:01,,,,
1.85403335,1.557851281,0.523554512,01:01,,,,
1.843031907,1.566447285,0.556384553,01:01,,,,
1.843124707,1.566155184,0.558602985,01:01,,,,
1.843124707,1.566155184,0.558602985,01:01,,,,
1.843124707,1.566155184,0.558602985,01:01,,,,
1.841724601,1.562310878,0.574180858,01:01,,,,
1.839395632,1.559599398,0.570895158,01:01,,,,
1.832889358,1.554723985,0.559026151,01:01,,,,
1.829083592,1.549851062,0.563961425,01:01,,,,
1.829592834,1.548020107,0.57669136,01:01,,,,
1.829592834,1.548020107,0.57669136,01:01,,,,
1.829592834,1.548020107,0.57669136,01:01,,,,
1.843946715,1.56015802,0.57829111,01:01,,,,
1.836101548,1.55881722,0.577619572,01:01,,,,
1.84460181,1.561130125,0.570447473,01:01,,,,
1.841194326,1.552659163,0.557481454,01:01,,,,
1.841070995,1.552964986,0.555406145,01:01,,,,
1.836467142,1.55415509,0.544900704,01:01,,,,
1.841155531,1.556567889,0.56467981,01:01,,,,
1.841155531,1.556567889,0.56467981,01:01,,,,
1.832561722,1.563150587,0.572961078,01:01,,,,
1.832561722,1.563150587,0.572961078,01:01,,,,
1.832598292,1.564977892,0.564510572,01:01,,,,
1.825557827,1.55839256,0.558631389,01:01,,,,
1.82577828,1.55248681,0.576649514,01:01,,,,
1.833444091,1.556861235,0.569880124,01:01,,,,
1.833814085,1.55974985,0.561698078,01:01,,,,
1.833814085,1.55974985,0.561698078,01:01,,,,
1.833038811,1.560801663,0.553145406,01:01,,,,
1.833038811,1.560801663,0.553145406,01:01,,,,
1.836458635,1.556500663,0.551513857,01:01,,,,
1.836458635,1.556500663,0.551513857,01:01,,,,
1.834799569,1.555567361,0.554511242,01:01,,,,
1.832371391,1.555976417,0.556755665,01:01,,,,
1.832371391,1.555976417,0.556755665,01:01,,,,
1.832371391,1.555976417,0.556755665,01:01,,,,
1.832371391,1.555976417,0.556755665,01:01,,,,
1.833732912,1.555700651,0.544915546,01:01,,,,
1.838826791,1.558844915,0.542595263,01:01,,,,
1.841187835,1.557281283,0.537272441,01:01,,,,
1.841158951,1.5576344,0.534814053,01:01,,,,
1.840465322,1.558702471,0.536100471,01:01,,,,
1.837461682,1.555189616,0.53180877,01:01,,,,
1.837461682,1.555189616,0.53180877,01:01,,,,
1.840542574,1.547204819,0.527005379,01:01,,,,
1.840542574,1.547204819,0.527005379,01:01,,,,
1.840542574,1.547204819,0.527005379,01:01,,,,
1.843206344,1.546309027,0.522788689,01:01,,,,
1.843047801,1.544661392,0.523639014,01:01,,,,
1.843840298,1.547550633,0.523392409,01:01,,,,
1.850304254,1.54471284,0.505816572,01:01,,,,
1.850304254,1.54471284,0.505816572,01:01,,,,
1.85300945,1.543767109,0.498880139,01:01,,,,
1.853100041,1.543448088,0.501659924,01:01,,,,
1.844660135,1.543554614,0.509164108,01:01,,,,
1.844660135,1.543554614,0.509164108,01:01,,,,
1.840442792,1.550454567,0.531565693,01:01,,,,
1.847949487,1.549294486,0.506893452,01:01,,,,
1.847949487,1.549294486,0.506893452,01:01,,,,
1.847949487,1.549294486,0.506893452,01:01,,,,
1.840232241,1.55114061,0.526024942,01:01,,,,
1.840472974,1.552457803,0.525612488,01:01,,,,
1.834539206,1.547278888,0.529089964,01:01,,,,
1.834539206,1.547278888,0.529089964,01:01,,,,
1.834539206,1.547278888,0.529089964,01:01,,,,
1.834539206,1.547278888,0.529089964,01:01,,,,
1.834539206,1.547278888,0.529089964,01:01,,,,
1.834539206,1.547278888,0.529089964,01:01,,,,
1.838900629,1.553467373,0.534747225,01:01,,,,
1.833868844,1.561908127,0.545770041,01:01,,,,
1.834207098,1.559303394,0.559657727,01:01,,,,
1.845624926,1.552018971,0.522627314,01:01,,,,
1.839644382,1.55797186,0.547642164,01:01,,,,
1.833955054,1.552786537,0.543242455,01:01,,,,
1.830199351,1.565705565,0.531488807,01:01,,,,
1.83069753,1.564977323,0.542732385,01:01,,,,
1.83069753,1.564977323,0.542732385,01:01,,,,
1.833297495,1.565965623,0.541184653,01:01,,,,
1.833057871,1.564829074,0.539738962,01:01,,,,
1.835440818,1.569332421,0.536279977,01:01,,,,
1.832879522,1.565167701,0.539006519,01:01,,,,
1.832879522,1.565167701,0.539006519,01:01,,,,
1.833343691,1.562132648,0.536833492,01:01,,,,
1.833343691,1.562132648,0.536833492,01:01,,,,
1.836935449,1.567064636,0.549536694,01:01,,,,
1.837434898,1.566889588,0.548755859,01:01,,,,
1.841403152,1.56377544,0.534650537,01:01,,,,
1.842627301,1.561987958,0.542238229,01:01,,,,
1.844046904,1.563688181,0.544349772,01:01,,,,
1.840383223,1.567081541,0.552695715,01:01,,,,
1.841642175,1.567462622,0.552772132,01:01,,,,
1.841642175,1.567462622,0.552772132,01:01,,,,
1.840970749,1.567658967,0.554229103,01:01,,,,
1.84051984,1.564292286,0.555312073,01:01,,,,
1.837700812,1.562348075,0.55221149,01:01,,,,
1.837700812,1.562348075,0.55221149,01:01,,,,
1.837130767,1.563561009,0.545875581,01:01,,,,
1.837130767,1.563561009,0.545875581,01:01,,,,
1.836611089,1.563443177,0.54467067,01:01,,,,
1.835915622,1.560747284,0.549189766,01:01,,,,
1.83610629,1.559936504,0.550287875,01:01,,,,
1.835995387,1.560249422,0.548002257,01:01,,,,
1.833940394,1.559724386,0.548893644,01:01,,,,
1.834506359,1.560399654,0.549717566,01:01,,,,
1.834396699,1.559646096,0.550136591,01:01,,,,
1.837614532,1.558351685,0.554687324,01:01,,,,
1.837652163,1.558613799,0.554499718,01:01,,,,
1.83704232,1.558658244,0.555590425,01:01,,,,
1.837204806,1.557720701,0.560780285,01:01,,,,
1.835322071,1.554533892,0.558916645,01:01,,,,
1.836629418,1.557048967,0.559961355,01:01,,,,
1.836629418,1.557048967,0.559961355,01:01,,,,
1.837179964,1.55808424,0.560349489,01:01,,,,
1.836514044,1.558273183,0.561897147,01:01,,,,
1.833731244,1.552735104,0.550397727,01:01,,,,
1.833731244,1.552735104,0.550397727,01:01,,,,
1.836184798,1.556997845,0.561240561,01:01,,,,
1.83238545,1.555325268,0.55356051,01:01,,,,
1.82794786,1.550088417,0.547071083,01:01,,,,
1.829794378,1.551802501,0.545210699,01:01,,,,
1.829207858,1.546896885,0.547826736,01:01,,,,
1.829207858,1.546896885,0.547826736,01:01,,,,
1.835581497,1.546739399,0.537306694,01:01,,,,
1.837871145,1.553532334,0.531734383,01:01,,,,
1.839447321,1.545986678,0.53418727,01:01,,,,
1.839447321,1.545986678,0.53418727,01:01,,,,
1.835120267,1.540950133,0.527847764,01:01,,,,
1.843093664,1.541317542,0.509057463,01:01,,,,
1.843093664,1.541317542,0.509057463,01:01,,,,
1.843093664,1.541317542,0.509057463,01:01,,,,
1.838861848,1.547415405,0.517533059,01:01,,,,
1.842352002,1.538418289,0.501713349,01:01,,,,
1.854550105,1.555011631,0.539046892,01:01,,,,
1.852158632,1.557471018,0.531365639,01:01,,,,
1.858522419,1.568165562,0.534293155,01:01,,,,
1.845824327,1.550767078,0.517898926,01:01,,,,
1.842046749,1.554046525,0.516288887,01:01,,,,
1.842046749,1.554046525,0.516288887,01:01,,,,
1.837731184,1.55432514,0.511843494,01:01,,,,
1.837731184,1.55432514,0.511843494,01:01,,,,
1.83942746,1.550146805,0.513394402,01:01,,,,
1.83942746,1.550146805,0.513394402,01:01,,,,
1.837259125,1.540224289,0.517462654,01:01,,,,
1.836952022,1.534028029,0.503788858,01:01,,,,
1.834214347,1.531466404,0.510915712,01:01,,,,
1.834247226,1.531266792,0.512275513,01:01,,,,
1.832148921,1.535613629,0.515644145,01:01,,,,
1.830656996,1.534131763,0.509304909,01:01,,,,
1.833184466,1.536631275,0.511823815,01:01,,,,
1.833242737,1.535962173,0.515460074,01:01,,,,
1.833242737,1.535962173,0.515460074,01:01,,,,
1.836669158,1.534693988,0.50654417,01:01,,,,
1.835134294,1.537786907,0.517252693,01:01,,,,
1.835448507,1.537981878,0.523676869,01:01,,,,
1.836305738,1.538938603,0.52489869,01:01,,,,
1.839913781,1.539112051,0.528755052,01:01,,,,
1.839913781,1.539112051,0.528755052,01:01,,,,
1.839913781,1.539112051,0.528755052,01:01,,,,
1.839422242,1.539113442,0.527483371,01:01,,,,
1.839422242,1.539113442,0.527483371,01:01,,,,
1.839422242,1.539113442,0.527483371,01:01,,,,
1.83622199,1.535473303,0.523059824,01:01,,,,
1.835312807,1.535474543,0.523161746,01:01,,,,
1.83591713,1.53884517,0.510161976,01:01,,,,
1.834967121,1.537959965,0.507027476,01:01,,,,
1.836277593,1.53887976,0.504503228,01:01,,,,
1.836277593,1.53887976,0.504503228,01:01,,,,
1.836277593,1.53887976,0.504503228,01:01,,,,
1.834422668,1.541775381,0.51319266,01:01,,,,
1.834422668,1.541775381,0.51319266,01:01,,,,
1.834561965,1.544057785,0.51153104,01:01,,,,
1.83448411,1.54443955,0.508540002,01:01,,,,
1.834792388,1.547491152,0.507029462,01:01,,,,
1.833890038,1.550173283,0.53317221,01:01,,,,
1.834442617,1.550868778,0.534096271,01:01,,,,
1.834442617,1.550868778,0.534096271,01:01,,,,
1.840894562,1.547363414,0.523060768,01:01,,,,
1.842976128,1.551562279,0.512012756,01:01,,,,
1.839499136,1.547435141,0.506880618,01:01,,,,
1.835385042,1.550602869,0.515840453,01:01,,,,
1.835270913,1.551207726,0.510886298,01:01,,,,
1.839992836,1.557806024,0.517180951,01:01,,,,
1.838036171,1.557610126,0.514975657,01:01,,,,
1.838069184,1.558065843,0.514751989,01:01,,,,
1.837493001,1.559583107,0.500417413,01:01,,,,
1.834712639,1.556250176,0.516857882,01:01,,,,
1.818854872,1.553679531,0.516309373,01:01,,,,
1.818854872,1.553679531,0.516309373,01:01,,,,
1.821682225,1.553502656,0.511351895,01:01,,,,
1.821682225,1.553502656,0.511351895,01:01,,,,
1.821682225,1.553502656,0.511351895,01:01,,,,
1.825371883,1.561351884,0.525975918,01:01,,,,
1.825805276,1.559639616,0.539697407,01:01,,,,
1.827593878,1.560542409,0.548669328,01:01,,,,
1.829874255,1.560408104,0.5597445,01:01,,,,
1.828445075,1.561625144,0.555768792,01:01,,,,
1.828445075,1.561625144,0.555768792,01:01,,,,
1.828445075,1.561625144,0.555768792,01:01,,,,
1.816971721,1.548067396,0.538775255,01:01,,,,
1.820780633,1.546233951,0.537498401,01:01,,,,
1.820780633,1.546233951,0.537498401,01:01,,,,
1.820780633,1.546233951,0.537498401,01:01,,,,
1.823144521,1.557996472,0.557024663,01:01,,,,
1.833423701,1.563669882,0.55398171,01:01,,,,
1.833423701,1.563669882,0.55398171,01:01,,,,
1.83413821,1.572196221,0.574714455,01:01,,,,
1.837190062,1.575838031,0.579164365,01:01,,,,
1.837608798,1.575406358,0.575255536,01:01,,,,
1.83509712,1.570985328,0.572902366,01:01,,,,
1.83509712,1.570985328,0.572902366,01:01,,,,
1.832357371,1.564927942,0.571498871,01:01,,,,
1.827548155,1.562339073,0.569999126,01:01,,,,
1.827548155,1.562339073,0.569999126,01:01,,,,
1.832409227,1.56719651,0.566101705,01:01,,,,
1.829292774,1.562640891,0.562267128,01:01,,,,
1.829355404,1.568093436,0.575428736,01:01,,,,
1.829261286,1.567140837,0.575897939,01:01,,,,
1.825112459,1.562274384,0.569876854,01:01,,,,
1.822682101,1.556295141,0.565073853,01:01,,,,
1.822682101,1.556295141,0.565073853,01:01,,,,
1.824840033,1.554208151,0.568104558,01:01,,,,
1.825614972,1.555042999,0.561658874,01:01,,,,
1.822087213,1.552397651,0.569628466,01:01,,,,
1.822102209,1.550889186,0.57099981,01:01,,,,
1.821807705,1.550567588,0.570605023,01:01,,,,
1.821807705,1.550567588,0.570605023,01:01,,,,
1.822406278,1.551248262,0.571450068,01:01,,,,
1.822450748,1.550900983,0.573786453,01:01,,,,
1.818502929,1.547273361,0.564920149,01:01,,,,
1.821896668,1.551267238,0.569946705,01:01,,,,
1.821896668,1.551267238,0.569946705,01:01,,,,
1.821896668,1.551267238,0.569946705,01:01,,,,
1.821896668,1.551267238,0.569946705,01:01,,,,
1.820972064,1.546969933,0.569482139,01:01,,,,
1.820972064,1.546969933,0.569482139,01:01,,,,
1.820972064,1.546969933,0.569482139,01:01,,,,
1.823794157,1.549367871,0.556363329,01:01,,,,
1.819544266,1.545221156,0.550945786,01:01,,,,
1.819544266,1.545221156,0.550945786,01:01,,,,
1.818990581,1.543184823,0.55727465,01:01,,,,
1.823848502,1.544853884,0.552219069,01:01,,,,
1.831531328,1.554133094,0.567976561,01:01,,,,
1.831531328,1.554133094,0.567976561,01:01,,,,
1.825996791,1.547752691,0.560177224,01:01,,,,
1.830407428,1.553421501,0.563811463,01:01,,,,
1.827510441,1.550027684,0.559569581,01:01,,,,
1.827613794,1.549349645,0.563152333,01:01,,,,
1.830404745,1.548881228,0.56538746,01:01,,,,
1.832419637,1.553156286,0.56823458,01:01,,,,
1.83215343,1.554197431,0.561000117,01:01,,,,
1.838778105,1.562196506,0.542850556,01:01,,,,
1.840283163,1.563149052,0.544741264,01:01,,,,
1.847591363,1.565709366,0.53980098,01:01,,,,
1.847645717,1.569785663,0.529103051,01:01,,,,
1.849543223,1.574790754,0.529551621,01:01,,,,
1.850610293,1.575093058,0.522265978,01:01,,,,
1.857299045,1.57778639,0.518522609,01:01,,,,
1.857299045,1.57778639,0.518522609,01:01,,,,
1.852275998,1.575215379,0.535743844,01:01,,,,
1.850086797,1.568883816,0.529957389,01:01,,,,
1.850086797,1.568883816,0.529957389,01:01,,,,
1.850086797,1.568883816,0.529957389,01:01,,,,
1.850086797,1.568883816,0.529957389,01:01,,,,
1.840424424,1.577658121,0.559050228,01:01,,,,
1.840424424,1.577658121,0.559050228,01:01,,,,
1.840424424,1.577658121,0.559050228,01:01,,,,
1.840424424,1.577658121,0.559050228,01:01,,,,
1.83610899,1.570327406,0.577544958,01:01,,,,
1.824201569,1.558223711,0.595334981,01:01,,,,
1.829743199,1.556281175,0.568091139,01:01,,,,
1.829515617,1.554663234,0.569101418,01:01,,,,
1.820857667,1.557715546,0.597248932,01:01,,,,
1.819539853,1.552304995,0.592314458,01:01,,,,
1.819539853,1.552304995,0.592314458,01:01,,,,
1.820507856,1.549634522,0.582617452,01:01,,,,
1.820507856,1.549634522,0.582617452,01:01,,,,
1.825583497,1.549629775,0.567758951,01:01,,,,
1.825583497,1.549629775,0.567758951,01:01,,,,
1.834520055,1.550798014,0.535321768,01:01,,,,
1.834520055,1.550798014,0.535321768,01:01,,,,
1.846767917,1.543990111,0.492324084,01:01,,,,
1.846767917,1.543990111,0.492324084,01:01,,,,
1.847097538,1.544373334,0.492811773,01:01,,,,
1.844947458,1.54610778,0.507741762,01:01,,,,
1.836415596,1.548899734,0.514524593,01:01,,,,
1.836415596,1.548899734,0.514524593,01:01,,,,
1.833555865,1.547377563,0.5244132,01:01,,,,
1.81970024,1.552325047,0.565083155,01:01,,,,
1.822625625,1.555169147,0.563859766,01:01,,,,
1.823154872,1.555782566,0.572624826,01:01,,,,
1.82620038,1.560618175,0.56362338,01:01,,,,
1.82620038,1.560618175,0.56362338,01:01,,,,
1.825084896,1.557241345,0.556684056,01:01,,,,
1.824856652,1.555217677,0.55777418,01:01,,,,
1.825188425,1.55471233,0.557421647,01:01,,,,
1.828266958,1.556691892,0.5708019,01:01,,,,
1.827767786,1.555302619,0.570687214,01:01,,,,
1.829188465,1.557453848,0.554932973,01:01,,,,
1.833819436,1.557175622,0.544287302,01:01,,,,
1.834699266,1.556626541,0.54244912,01:01,,,,
1.834768574,1.556022011,0.545259238,01:01,,,,
1.834987466,1.554595009,0.535101981,01:01,,,,
1.835291002,1.555213356,0.535512937,01:01,,,,
1.835315552,1.554968975,0.536737746,01:01,,,,
1.834421024,1.556427376,0.538451448,01:01,,,,
1.835042752,1.555882219,0.546299014,01:01,,,,
1.835026159,1.555517992,0.546996143,01:01,,,,
1.835026159,1.555517992,0.546996143,01:01,,,,
1.835431852,1.556051953,0.547720754,01:01,,,,
1.835431852,1.556051953,0.547720754,01:01,,,,
1.835424775,1.555572936,0.547933603,01:01,,,,
1.835578229,1.554894736,0.553118775,01:01,,,,
1.83923522,1.559256553,0.558642138,01:01,,,,
1.840583335,1.556911206,0.556219574,01:01,,,,
1.836868134,1.551273287,0.544426295,01:01,,,,
1.837061919,1.550584307,0.549892047,01:01,,,,
1.838505039,1.551270365,0.551283929,01:01,,,,
1.838579296,1.551526972,0.548117201,01:01,,,,
1.838081524,1.551574329,0.549948733,01:01,,,,
1.838539942,1.549218759,0.549606124,01:01,,,,
1.836132778,1.541688179,0.528401133,01:01,,,,
1.836458192,1.540202832,0.540081446,01:01,,,,
1.83859336,1.546282897,0.552552245,01:01,,,,
1.838843959,1.548286216,0.551465892,01:01,,,,
1.829339099,1.560692018,0.548705793,01:01,,,,
1.83746551,1.554137843,0.505467014,01:01,,,,
1.837403087,1.557556522,0.492200469,01:01,,,,
1.837403087,1.557556522,0.492200469,01:01,,,,
1.837403087,1.557556522,0.492200469,01:01,,,,
1.835278295,1.556394982,0.487860671,01:01,,,,
1.835426464,1.555573023,0.495201476,01:01,,,,
1.835426464,1.555573023,0.495201476,01:01,,,,
1.835426464,1.555573023,0.495201476,01:01,,,,
1.833265697,1.560681072,0.537973656,01:01,,,,
1.831914815,1.560440036,0.53490432,01:01,,,,
1.834365389,1.559854747,0.52933762,01:01,,,,
1.83445953,1.557087693,0.539345353,01:01,,,,
1.83445953,1.557087693,0.539345353,01:01,,,,
1.833280965,1.547699345,0.53831085,01:01,,,,
1.834026177,1.548606198,0.539476048,01:01,,,,
1.834026177,1.548606198,0.539476048,01:01,,,,
1.833912827,1.54919079,0.534825559,01:01,,,,
1.830457823,1.55297475,0.552278653,01:01,,,,
1.830457823,1.55297475,0.552278653,01:01,,,,
1.824651094,1.551760148,0.565803407,01:01,,,,
1.824750284,1.553045903,0.561509964,01:01,,,,
1.815104437,1.55293727,0.593907054,01:01,,,,
1.81537266,1.554865766,0.592790407,01:01,,,,
1.820649893,1.555092684,0.571651872,01:01,,,,
1.820787024,1.55625065,0.570928076,01:01,,,,
1.820787024,1.55625065,0.570928076,01:01,,,,
1.821503431,1.556072239,0.569374192,01:01,,,,
1.820028763,1.558042695,0.576835513,01:01,,,,
1.823206938,1.557282659,0.56991724,01:01,,,,
1.823877825,1.556601286,0.573814879,01:01,,,,
1.825219769,1.554793474,0.57066303,01:01,,,,
1.822423186,1.55228915,0.565591795,01:01,,,,
1.822423186,1.55228915,0.565591795,01:01,,,,
1.822063997,1.54940084,0.557888874,01:01,,,,
1.822063997,1.54940084,0.557888874,01:01,,,,
1.823195041,1.551169664,0.55741948,01:01,,,,
1.823265354,1.551830199,0.557059099,01:01,,,,
1.824272876,1.551600855,0.554736819,01:01,,,,
1.824832791,1.548899218,0.563361927,01:01,,,,
1.824945033,1.548936321,0.56410429,01:01,,,,
1.822920986,1.548753735,0.549002047,01:01,,,,
1.821861265,1.549392543,0.551226489,01:01,,,,
1.823721033,1.550015443,0.552144083,01:01,,,,
1.822082383,1.550096789,0.553492491,01:01,,,,
1.820921921,1.548247521,0.554127707,01:01,,,,
1.820921921,1.548247521,0.554127707,01:01,,,,
1.822901343,1.548745594,0.554578589,01:01,,,,
1.820442208,1.545303424,0.551224427,01:01,,,,
1.820375137,1.545428776,0.549925157,01:01,,,,
1.824172858,1.55256735,0.553434859,01:01,,,,
1.820214742,1.549674849,0.542639505,01:01,,,,
1.827832689,1.551699102,0.554750169,01:01,,,,
1.827660514,1.550323984,0.555576917,01:01,,,,
1.82621174,1.549793476,0.5523345,01:01,,,,
1.823160613,1.543999903,0.549201628,01:01,,,,
1.819784097,1.543959962,0.563357016,01:01,,,,
1.818037028,1.541215497,0.56115931,01:01,,,,
1.820026294,1.537391375,0.546027599,01:01,,,,
1.820671425,1.538192196,0.547104559,01:01,,,,
1.825369219,1.541313472,0.5477641,01:01,,,,
1.825796378,1.541251802,0.527285553,01:01,,,,
1.829190632,1.543043514,0.525279059,01:01,,,,
1.829302411,1.542404212,0.529966921,01:01,,,,
1.833693017,1.542384108,0.522867606,01:01,,,,
1.833693017,1.542384108,0.522867606,01:01,,,,
1.817507005,1.538783195,0.539048515,01:01,,,,
1.818211287,1.540834715,0.546202751,01:01,,,,
1.84335025,1.541565242,0.535436245,01:01,,,,
1.852538869,1.545504498,0.512784171,01:01,,,,
1.846831942,1.544497816,0.526579476,01:01,,,,
1.839549414,1.552455368,0.543057035,01:01,,,,
1.842338298,1.552318821,0.538163463,01:01,,,,
1.841884528,1.551041083,0.538011129,01:01,,,,
1.841869282,1.546176682,0.536149059,01:01,,,,
1.841198817,1.546501245,0.528565577,01:01,,,,
1.841198817,1.546501245,0.528565577,01:01,,,,
1.840321779,1.550722373,0.513861994,01:01,,,,
1.84085123,1.553035569,0.511230972,01:01,,,,
1.841206487,1.553448059,0.511780273,01:01,,,,
1.841184867,1.553484211,0.511353359,01:01,,,,
1.841305028,1.553796633,0.508698107,01:01,,,,
1.841305028,1.553796633,0.508698107,01:01,,,,
1.841521133,1.554048954,0.509003308,01:01,,,,
1.846890212,1.552587579,0.496339667,01:01,,,,
1.846956224,1.551991346,0.499335153,01:01,,,,
1.849978734,1.551604402,0.504086558,01:01,,,,
1.849978734,1.551604402,0.504086558,01:01,,,,
1.848421349,1.551579851,0.50789547,01:01,,,,
1.848421349,1.551579851,0.50789547,01:01,,,,
1.847464156,1.552486653,0.494922584,01:01,,,,
1.847464156,1.552486653,0.494922584,01:01,,,,
1.84664228,1.553776552,0.496002899,01:01,,,,
1.84664228,1.553776552,0.496002899,01:01,,,,
1.84664228,1.553776552,0.496002899,01:01,,,,
1.84664228,1.553776552,0.496002899,01:01,,,,
1.84664228,1.553776552,0.496002899,01:01,,,,
1.846697017,1.553575135,0.497945857,01:01,,,,
1.846764094,1.553367871,0.499651896,01:01,,,,
1.846764094,1.553367871,0.499651896,01:01,,,,
1.847100786,1.551962133,0.511733404,01:01,,,,
1.845750831,1.556782809,0.503655346,01:01,,,,
1.845537268,1.556638479,0.503660121,01:01,,,,
1.840856514,1.55554317,0.528217223,01:01,,,,
1.840717138,1.556860894,0.529952136,01:01,,,,
1.839408411,1.558838617,0.537241396,01:01,,,,
1.839439614,1.558672505,0.538502589,01:01,,,,
1.838230229,1.556681822,0.537074332,01:01,,,,
1.84718309,1.557853204,0.518136694,01:01,,,,
1.845251257,1.55847919,0.522938603,01:01,,,,
1.84489959,1.554865678,0.526238361,01:01,,,,
1.851076307,1.553775601,0.512290888,01:01,,,,
1.848829085,1.555087481,0.518916156,01:01,,,,
1.848947306,1.555286267,0.519218853,01:01,,,,
1.840273716,1.557507266,0.539127165,01:01,,,,
1.839274322,1.561334391,0.537223371,01:01,,,,
1.837949478,1.560361371,0.53475907,01:01,,,,
1.836022175,1.559968086,0.547122479,01:01,,,,
1.833720445,1.560233948,0.54851287,01:01,,,,
1.833742189,1.56018941,0.548841359,01:01,,,,
1.833942455,1.561655171,0.547997629,01:01,,,,
1.833942455,1.561655171,0.547997629,01:01,,,,
1.83383321,1.560822543,0.548446651,01:01,,,,
1.831804906,1.557030546,0.552860957,01:01,,,,
1.83188635,1.55660117,0.556271247,01:01,,,,
1.83188635,1.55660117,0.556271247,01:01,,,,
1.83188635,1.55660117,0.556271247,01:01,,,,
1.841315887,1.557104437,0.551923552,01:01,,,,
1.842909428,1.55930256,0.553971502,01:01,,,,
1.843616209,1.558892217,0.536617066,01:01,,,,
1.849601678,1.564836514,0.53210424,01:01,,,,
1.84455742,1.561091231,0.511313372,01:01,,,,
1.844735291,1.562707307,0.510447322,01:01,,,,
1.848735423,1.564954054,0.500338931,01:01,,,,
1.845281725,1.564278991,0.518630835,01:01,,,,
1.845281725,1.564278991,0.518630835,01:01,,,,
1.842989549,1.558988909,0.528293922,01:01,,,,
1.842206509,1.560287294,0.514331448,01:01,,,,
1.843947952,1.559832708,0.510303115,01:01,,,,
1.844808582,1.55849431,0.531731529,01:01,,,,
1.842584036,1.559276847,0.529644506,01:01,,,,
1.838968328,1.558177472,0.532565338,01:01,,,,
1.840034577,1.555976628,0.533086153,01:01,,,,
1.840034577,1.555976628,0.533086153,01:01,,,,
1.835162862,1.548781287,0.525957044,01:01,,,,
1.838643099,1.552070817,0.527575249,01:01,,,,
1.838643099,1.552070817,0.527575249,01:01,,,,
1.838643099,1.552070817,0.527575249,01:01,,,,
1.839379839,1.558449434,0.524174827,01:01,,,,
1.834880703,1.554401854,0.521013267,01:01,,,,
1.834144563,1.556236188,0.522037985,01:01,,,,
1.832895949,1.557346075,0.52245868,01:01,,,,
1.832824689,1.556912731,0.522017837,01:01,,,,
1.832824689,1.556912731,0.522017837,01:01,,,,
1.836724016,1.558211625,0.538865852,01:01,,,,
1.836724016,1.558211625,0.538865852,01:01,,,,
1.836724016,1.558211625,0.538865852,01:01,,,,
1.836724016,1.558211625,0.538865852,01:01,,,,
1.836724016,1.558211625,0.538865852,01:01,,,,
1.834639738,1.559687271,0.531538023,01:01,,,,
1.825990639,1.559758591,0.556083539,01:01,,,,
1.825937042,1.560634944,0.55836625,01:01,,,,
1.825840912,1.560504692,0.557224695,01:01,,,,
1.825582735,1.559606642,0.557312502,01:01,,,,
1.82705729,1.558880544,0.560010542,01:01,,,,
1.825603453,1.558934656,0.548318607,01:01,,,,
1.825798042,1.562013507,0.551623938,01:01,,,,
1.825292186,1.563062184,0.54710947,01:01,,,,
1.829557351,1.569475005,0.561360617,01:01,,,,
1.828508836,1.561273246,0.566008439,01:01,,,,
1.823701337,1.562477579,0.550440093,01:01,,,,
1.835662227,1.568200107,0.551387779,01:01,,,,
1.835662227,1.568200107,0.551387779,01:01,,,,
1.834827869,1.567460178,0.548963911,01:01,,,,
1.836297562,1.56710716,0.54571382,01:01,,,,
1.836297562,1.56710716,0.54571382,01:01,,,,
1.837423341,1.568676825,0.546105473,01:01,,,,
1.837423341,1.568676825,0.546105473,01:01,,,,
1.834097077,1.564688486,0.536855728,01:01,,,,
1.837435118,1.568153399,0.540488585,01:01,,,,
1.837395694,1.567692776,0.540728947,01:01,,,,
1.841918768,1.567310041,0.533358851,01:01,,,,
1.833304637,1.555981347,0.532859106,01:01,,,,
1.833304637,1.555981347,0.532859106,01:01,,,,
1.823297541,1.558237906,0.533212653,01:01,,,,
1.822965981,1.55973269,0.521654767,01:01,,,,
1.822965981,1.55973269,0.521654767,01:01,,,,
1.822965981,1.55973269,0.521654767,01:01,,,,
1.822965981,1.55973269,0.521654767,01:01,,,,
1.816836252,1.556334663,0.527380834,01:01,,,,
1.826259997,1.546785297,0.519947918,01:01,,,,
1.829119387,1.547354937,0.498433585,01:01,,,,
1.83336716,1.548853521,0.479460855,01:01,,,,
1.836089553,1.546845868,0.485969168,01:01,,,,
1.836089553,1.546845868,0.485969168,01:01,,,,
1.834256102,1.555192502,0.510849152,01:01,,,,
1.834256102,1.555192502,0.510849152,01:01,,,,
1.841060228,1.555534079,0.491307045,01:01,,,,
1.841060228,1.555534079,0.491307045,01:01,,,,
1.842252672,1.555626026,0.517142299,01:01,,,,
1.842252672,1.555626026,0.517142299,01:01,,,,
1.841726095,1.552686508,0.518278719,01:01,,,,
1.839874365,1.550492,0.515539023,01:01,,,,
1.840124781,1.552756097,0.514295303,01:01,,,,
1.847122421,1.562413928,0.527288517,01:01,,,,
1.837917797,1.559808176,0.535195766,01:01,,,,
1.837917797,1.559808176,0.535195766,01:01,,,,
1.839129997,1.561815525,0.536395401,01:01,,,,
1.838670292,1.560151848,0.53462187,01:01,,,,
1.833892947,1.561366848,0.54528379,01:01,,,,
1.833892947,1.561366848,0.54528379,01:01,,,,
1.831463714,1.562093836,0.550581005,01:01,,,,
1.828028057,1.56570496,0.559711346,01:01,,,,
1.828028057,1.56570496,0.559711346,01:01,,,,
1.829323559,1.565583653,0.555541847,01:01,,,,
1.829323559,1.565583653,0.555541847,01:01,,,,
1.829625142,1.565444903,0.555153225,01:01,,,,
1.833467919,1.564964222,0.546519886,01:01,,,,
1.836077188,1.563526849,0.540058092,01:01,,,,
1.83649595,1.564578433,0.542097688,01:01,,,,
1.836542492,1.564448357,0.54313392,01:01,,,,
1.833952513,1.566229867,0.557440572,01:01,,,,
1.831284624,1.562005252,0.552617044,01:01,,,,
1.82710477,1.563087795,0.561554079,01:01,,,,
1.826537847,1.563230354,0.562714265,01:01,,,,
1.826357298,1.563743593,0.558783021,01:01,,,,
1.826806489,1.561435878,0.5618628,01:01,,,,
1.826806489,1.561435878,0.5618628,01:01,,,,
1.826806489,1.561435878,0.5618628,01:01,,,,
1.83155423,1.559791438,0.555390007,01:01,,,,
1.829425629,1.560933674,0.545500444,01:01,,,,
1.829481025,1.561435744,0.545246216,01:01,,,,
1.828634961,1.557809336,0.546105725,01:01,,,,
1.827249285,1.555459429,0.544529074,01:01,,,,
1.82709186,1.554432303,0.545162276,01:01,,,,
1.828686428,1.554818072,0.543637228,01:01,,,,
1.823683329,1.548936767,0.536232817,01:01,,,,
1.822408322,1.550721226,0.538664849,01:01,,,,
1.818056421,1.552029266,0.550165794,01:01,,,,
1.825585315,1.557584246,0.543286372,01:01,,,,
1.825429815,1.556122167,0.544027111,01:01,,,,
1.8298631,1.555014787,0.5270365,01:01,,,,
1.826111125,1.546390024,0.508528616,01:01,,,,
1.825650527,1.542362521,0.51062314,01:01,,,,
1.825141552,1.543875367,0.512404743,01:01,,,,
1.825141552,1.543875367,0.512404743,01:01,,,,
1.830176411,1.548101986,0.515469223,01:01,,,,
1.833426665,1.550858614,0.527182935,01:01,,,,
1.828855102,1.554496088,0.536812517,01:01,,,,
1.828839153,1.554608479,0.535636586,01:01,,,,
1.828839153,1.554608479,0.535636586,01:01,,,,
1.828839153,1.554608479,0.535636586,01:01,,,,
1.84098162,1.564214341,0.514106485,01:01,,,,
1.84098162,1.564214341,0.514106485,01:01,,,,
1.84098162,1.564214341,0.514106485,01:01,,,,
1.84098162,1.564214341,0.514106485,01:01,,,,
1.84355886,1.565800208,0.526869017,01:01,,,,
1.838128181,1.563062811,0.548955685,01:01,,,,
1.833806841,1.563321671,0.540810644,01:01,,,,
1.833965795,1.564934431,0.53989142,01:01,,,,
1.83439187,1.563450075,0.551168446,01:01,,,,
1.837179865,1.563560017,0.556338957,01:01,,,,
1.837179865,1.563560017,0.556338957,01:01,,,,
1.838587701,1.56492176,0.555853844,01:01,,,,
1.83823386,1.566483711,0.561302893,01:01,,,,
1.83823386,1.566483711,0.561302893,01:01,,,,
1.837997383,1.566385352,0.557743516,01:01,,,,
1.837943825,1.566545315,0.556416516,01:01,,,,
1.837943825,1.566545315,0.556416516,01:01,,,,
1.839793734,1.570018764,0.562368342,01:01,,,,
1.83985937,1.569046097,0.566198063,01:01,,,,
1.839893151,1.569175587,0.564723086,01:01,,,,
1.843823331,1.570575866,0.554362297,01:01,,,,
1.843823331,1.570575866,0.554362297,01:01,,,,
1.839685268,1.568926319,0.564306839,01:01,,,,
1.843460638,1.567631545,0.556049642,01:01,,,,
1.843460638,1.567631545,0.556049642,01:01,,,,
1.844343787,1.568347641,0.557530978,01:01,,,,
1.843862122,1.568871334,0.555239185,01:01,,,,
1.843862122,1.568871334,0.555239185,01:01,,,,
1.844316346,1.571225884,0.556834285,01:01,,,,
1.837961766,1.563740918,0.547645915,01:01,,,,
1.837961766,1.563740918,0.547645915,01:01,,,,
1.837880243,1.563658246,0.547529782,01:01,,,,
1.842518343,1.57013153,0.562736963,01:01,,,,
1.843045279,1.569346937,0.559827049,01:01,,,,
1.841662432,1.570097601,0.547313298,01:01,,,,
1.837841143,1.566739639,0.524599901,01:01,,,,
1.839285585,1.56112644,0.518311635,01:01,,,,
1.83977502,1.564761211,0.518585851,01:01,,,,
1.838347823,1.5608154,0.522239502,01:01,,,,
1.838119227,1.561496773,0.517118633,01:01,,,,
1.838263861,1.560305687,0.519056605,01:01,,,,
1.834243552,1.558056834,0.515964329,01:01,,,,
1.832642021,1.556327908,0.512355958,01:01,,,,
1.839917885,1.554028336,0.514765876,01:01,,,,
1.839843889,1.553354747,0.515121552,01:01,,,,
1.83964648,1.5542802,0.52093444,01:01,,,,
1.83964648,1.5542802,0.52093444,01:01,,,,
1.841765882,1.551603981,0.510441433,01:01,,,,
1.843649663,1.554616183,0.482545347,01:01,,,,
1.846905918,1.554021362,0.471649011,01:01,,,,
1.847170842,1.550189232,0.489663603,01:01,,,,
1.847170842,1.550189232,0.489663603,01:01,,,,
1.847696409,1.555043648,0.487335381,01:01,,,,
1.847294833,1.559238559,0.465675391,01:01,,,,
1.84755137,1.55831242,0.47433377,01:01,,,,
1.84755137,1.55831242,0.47433377,01:01,,,,
1.84755137,1.55831242,0.47433377,01:01,,,,
1.839343033,1.547409702,0.49057798,01:01,,,,
1.838804458,1.542436034,0.492989254,01:01,,,,
1.848409867,1.55085423,0.481735442,01:01,,,,
1.842316581,1.549305536,0.496936262,01:01,,,,
1.836930169,1.542912974,0.48884212,01:01,,,,
1.832363981,1.540950929,0.497124621,01:01,,,,
1.827336064,1.536763039,0.494079649,01:01,,,,
1.827489143,1.538357187,0.493272854,01:01,,,,
1.836951193,1.54539311,0.519239142,01:01,,,,
1.838208658,1.543392142,0.511778931,01:01,,,,
1.838766409,1.548203926,0.509271841,01:01,,,,
1.825547543,1.543361769,0.522504129,01:01,,,,
1.829264128,1.539060236,0.505214714,01:01,,,,
1.828165906,1.535980399,0.49883641,01:01,,,,
1.828165906,1.535980399,0.49883641,01:01,,,,
1.824461624,1.54031602,0.516228133,01:01,,,,
1.823559067,1.535587776,0.514787502,01:01,,,,
1.823559067,1.535587776,0.514787502,01:01,,,,
1.825107199,1.539558746,0.52843907,01:01,,,,
1.821968242,1.53894436,0.526267187,01:01,,,,
1.821968242,1.53894436,0.526267187,01:01,,,,
1.823794419,1.543769885,0.535918024,01:01,,,,
1.827299026,1.548839928,0.535998559,01:01,,,,
1.830550568,1.553507387,0.532006587,01:01,,,,
1.830550568,1.553507387,0.532006587,01:01,,,,
1.830550568,1.553507387,0.532006587,01:01,,,,
1.830550568,1.553507387,0.532006587,01:01,,,,
1.828305119,1.548814708,0.526925011,01:01,,,,
1.83010194,1.548107523,0.522570776,01:01,,,,
1.83010194,1.548107523,0.522570776,01:01,,,,
1.828526303,1.549701856,0.524118082,01:01,,,,
1.827317085,1.549958522,0.525074638,01:01,,,,
1.827685257,1.550378463,0.525549983,01:01,,,,
1.82578257,1.552746822,0.529311832,01:01,,,,
1.827443647,1.552432506,0.523325212,01:01,,,,
1.825618843,1.554080123,0.530864786,01:01,,,,
1.825618843,1.554080123,0.530864786,01:01,,,,
1.825618843,1.554080123,0.530864786,01:01,,,,
1.824971388,1.551208326,0.521446106,01:01,,,,
1.822961567,1.555798848,0.531942023,01:01,,,,
1.823212768,1.555193462,0.532720104,01:01,,,,
1.824375395,1.555465587,0.5296099,01:01,,,,
1.829468403,1.558670011,0.529827782,01:01,,,,
1.827374167,1.559708042,0.529715037,01:01,,,,
1.827374167,1.559708042,0.529715037,01:01,,,,
1.825477975,1.561204787,0.523965903,01:01,,,,
1.827025969,1.561936304,0.52267687,01:01,,,,
1.827025969,1.561936304,0.52267687,01:01,,,,
1.826467741,1.560156621,0.522707566,01:01,,,,
1.82663419,1.561460718,0.522025254,01:01,,,,
1.82663419,1.561460718,0.522025254,01:01,,,,
1.82663419,1.561460718,0.522025254,01:01,,,,
1.826616251,1.561519629,0.52199068,01:01,,,,
1.822358025,1.558830706,0.530614225,01:01,,,,
1.821841635,1.560661435,0.533646756,01:01,,,,
1.821841635,1.560661435,0.533646756,01:01,,,,
1.821841635,1.560661435,0.533646756,01:01,,,,
1.819422877,1.561271019,0.539061651,01:01,,,,
1.819679583,1.561571167,0.539332339,01:01,,,,
1.819613126,1.561819488,0.537531505,01:01,,,,
1.819756036,1.563076015,0.536883409,01:01,,,,
1.819991315,1.562238899,0.538666945,01:01,,,,
1.819991315,1.562238899,0.538666945,01:01,,,,
1.822407256,1.561629919,0.533227611,01:01,,,,
1.824101535,1.559869323,0.538289853,01:01,,,,
1.82904093,1.556136791,0.535999338,01:01,,,,
1.82904093,1.556136791,0.535999338,01:01,,,,
1.823887715,1.555205602,0.541827783,01:01,,,,
1.823887715,1.555205602,0.541827783,01:01,,,,
1.828049875,1.552998015,0.538898832,01:01,,,,
1.828977178,1.554079917,0.540261415,01:01,,,,
1.838321521,1.549470508,0.513244812,01:01,,,,
1.827709054,1.554648991,0.536685847,01:01,,,,
1.83384176,1.55101166,0.518813073,01:01,,,,
1.84247821,1.548731049,0.498845602,01:01,,,,
1.84247821,1.548731049,0.498845602,01:01,,,,
1.842977122,1.545510485,0.489072581,01:01,,,,
1.843525102,1.546027449,0.50108126,01:01,,,,
1.843525102,1.546027449,0.50108126,01:01,,,,
1.839943837,1.546790133,0.491504898,01:01,,,,
1.840292337,1.544214942,0.510919613,01:01,,,,
1.840390987,1.54661577,0.50937747,01:01,,,,
1.840390987,1.54661577,0.50937747,01:01,,,,
1.840369483,1.546450567,0.509436314,01:01,,,,
1.840457734,1.544569558,0.523530931,01:01,,,,
1.840457734,1.544569558,0.523530931,01:01,,,,
1.840457734,1.544569558,0.523530931,01:01,,,,
1.84093528,1.543303533,0.529572476,01:01,,,,
1.841585926,1.543765687,0.527985822,01:01,,,,
1.841585926,1.543765687,0.527985822,01:01,,,,
1.841585926,1.543765687,0.527985822,01:01,,,,
1.841585926,1.543765687,0.527985822,01:01,,,,
1.841585926,1.543765687,0.527985822,01:01,,,,
1.838645736,1.542320786,0.529812825,01:01,,,,
1.839600452,1.539475521,0.528102564,01:01,,,,
1.839676616,1.53916539,0.530419237,01:01,,,,
1.836743534,1.543636545,0.542515041,01:01,,,,
1.840881865,1.542585157,0.533192481,01:01,,,,
1.840895158,1.542902409,0.533075479,01:01,,,,
1.84237336,1.544505504,0.53484419,01:01,,,,
1.841351944,1.544058239,0.539920452,01:01,,,,
1.841379663,1.547426369,0.548618458,01:01,,,,
1.837811228,1.5482894,0.558162252,01:01,,,,
1.840553998,1.552134743,0.531288547,01:01,,,,
1.840478961,1.551272481,0.531726937,01:01,,,,
1.834432404,1.549226477,0.553950922,01:01,,,,
1.83423474,1.549765767,0.555589687,01:01,,,,
1.836904732,1.554928433,0.531087179,01:01,,,,
1.836949062,1.555324847,0.530825223,01:01,,,,
1.837035996,1.556145776,0.530462861,01:01,,,,
1.836450928,1.554678672,0.544732798,01:01,,,,
1.835449054,1.556703928,0.531260818,01:01,,,,
1.835449054,1.556703928,0.531260818,01:01,,,,
1.835415659,1.556324399,0.531417015,01:01,,,,
1.83977422,1.553576816,0.51977584,01:01,,,,
1.83977422,1.553576816,0.51977584,01:01,,,,
1.83977422,1.553576816,0.51977584,01:01,,,,
1.839956898,1.555373381,0.518801055,01:01,,,,
1.840107136,1.556467953,0.51816591,01:01,,,,
1.839983185,1.556885723,0.514613262,01:01,,,,
1.839983185,1.556885723,0.514613262,01:01,,,,
1.839983185,1.556885723,0.514613262,01:01,,,,
1.839983185,1.556885723,0.514613262,01:01,,,,
1.842202183,1.56163389,0.501942982,01:01,,,,
1.843174845,1.56158307,0.491220173,01:01,,,,
1.843174845,1.56158307,0.491220173,01:01,,,,
1.843021983,1.561374362,0.491025816,01:01,,,,
1.842761428,1.556726408,0.498911948,01:01,,,,
1.850511935,1.554567425,0.48028089,01:01,,,,
1.850989379,1.554128771,0.47831163,01:01,,,,
1.844642352,1.551307386,0.489305342,01:01,,,,
1.83860449,1.54814325,0.495443682,01:01,,,,
1.845898153,1.547662288,0.474210473,01:01,,,,
1.840004342,1.54900821,0.491530845,01:01,,,,
1.841140852,1.55024415,0.500361178,01:01,,,,
1.836539178,1.548502026,0.503204351,01:01,,,,
1.835637667,1.549500419,0.494160865,01:01,,,,
1.831863047,1.546699298,0.496647099,01:01,,,,
1.834111648,1.547516385,0.498476972,01:01,,,,
1.834111648,1.547516385,0.498476972,01:01,,,,
1.834111648,1.547516385,0.498476972,01:01,,,,
1.833950408,1.546051176,0.499145578,01:01,,,,
1.844088309,1.544944716,0.489866068,01:01,,,,
1.840989428,1.548128293,0.494841094,01:01,,,,
1.840989428,1.548128293,0.494841094,01:01,,,,
1.835193087,1.549762886,0.517342017,01:01,,,,
1.833800217,1.546951104,0.524944421,01:01,,,,
1.833800217,1.546951104,0.524944421,01:01,,,,
1.841672305,1.54645916,0.514677792,01:01,,,,
1.842679804,1.547158519,0.525981453,01:01,,,,
1.842679804,1.547158519,0.525981453,01:01,,,,
1.842679804,1.547158519,0.525981453,01:01,,,,
1.842679804,1.547158519,0.525981453,01:01,,,,
1.84445378,1.549090703,0.523590498,01:01,,,,
1.844648318,1.548668221,0.524294455,01:01,,,,
1.844642163,1.547955126,0.530037014,01:01,,,,
1.845395731,1.546404987,0.52305195,01:01,,,,
1.847051201,1.550429884,0.52766271,01:01,,,,
1.844052139,1.548605418,0.53768073,01:01,,,,
1.840139305,1.543156263,0.528755665,01:01,,,,
1.84631176,1.552921093,0.52213713,01:01,,,,
1.847240492,1.555949651,0.52008046,01:01,,,,
1.847349798,1.555445665,0.524089053,01:01,,,,
1.849236184,1.558894696,0.515688569,01:01,,,,
1.84450318,1.55841972,0.526775775,01:01,,,,
1.847037932,1.557719677,0.520887712,01:01,,,,
1.846883826,1.556435455,0.521610439,01:01,,,,
1.848628085,1.551674596,0.52696252,01:01,,,,
1.848764035,1.55723625,0.524266782,01:01,,,,
1.848939084,1.556598175,0.529242713,01:01,,,,
1.848939084,1.556598175,0.529242713,01:01,,,,
1.844000967,1.55599428,0.535509937,01:01,,,,
1.843308391,1.548364376,0.543348447,01:01,,,,
1.84116046,1.55030123,0.557442038,01:01,,,,
1.845594321,1.54733401,0.558102291,01:01,,,,
1.849799817,1.551293161,0.547366068,01:01,,,,
1.853046472,1.551390609,0.529108093,01:01,,,,
1.853046472,1.551390609,0.529108093,01:01,,,,
1.849816224,1.555467602,0.535620954,01:01,,,,
1.842502157,1.56273361,0.50089725,01:01,,,,
1.845824948,1.558598542,0.514107436,01:01,,,,
1.845824948,1.558598542,0.514107436,01:01,,,,
1.841549134,1.553596338,0.507882215,01:01,,,,
1.839111613,1.543684516,0.509661857,01:01,,,,
1.838874527,1.544848868,0.500170372,01:01,,,,
1.838874527,1.544848868,0.500170372,01:01,,,,
1.840412726,1.546653163,0.502467678,01:01,,,,
1.837666395,1.555694189,0.506802199,01:01,,,,
1.842908526,1.564908216,0.533537355,01:01,,,,
1.839092078,1.570808952,0.554742909,01:01,,,,
1.840943962,1.563721977,0.552363112,01:01,,,,
1.839519924,1.570420237,0.56318006,01:01,,,,
1.833621021,1.566893235,0.563470483,01:01,,,,
1.834006816,1.557058021,0.573145715,01:01,,,,
1.833163254,1.556601285,0.570833061,01:01,,,,
1.833845222,1.557411732,0.571914991,01:01,,,,
1.829592142,1.560169789,0.58551987,01:01,,,,
1.829643999,1.56066284,0.58530724,01:01,,,,
1.829024612,1.5567867,0.588463543,01:01,,,,
1.833391157,1.559501515,0.567229796,01:01,,,,
1.833391157,1.559501515,0.567229796,01:01,,,,
1.837629453,1.56411451,0.572540019,01:01,,,,
1.837621272,1.56197418,0.567583488,01:01,,,,
1.841960105,1.561693765,0.551516442,01:01,,,,
1.841891852,1.563034903,0.545822772,01:01,,,,
1.847063368,1.563353061,0.547060492,01:01,,,,
1.847063368,1.563353061,0.547060492,01:01,,,,
1.847063368,1.563353061,0.547060492,01:01,,,,
1.846778893,1.559671732,0.532587244,01:01,,,,
1.844962857,1.559659218,0.533171936,01:01,,,,
1.845892451,1.560480086,0.526627276,01:01,,,,
1.845892451,1.560480086,0.526627276,01:01,,,,
1.845892451,1.560480086,0.526627276,01:01,,,,
1.845892451,1.560480086,0.526627276,01:01,,,,
1.845892451,1.560480086,0.526627276,01:01,,,,
1.845892451,1.560480086,0.526627276,01:01,,,,
1.843339763,1.557512252,0.52298101,01:01,,,,
1.843393262,1.554068619,0.532940636,01:01,,,,
1.844868056,1.553631631,0.529632785,01:01,,,,
1.844912657,1.553535856,0.530338794,01:01,,,,
1.846279051,1.555317756,0.531653679,01:01,,,,
1.841312847,1.548870542,0.52480952,01:01,,,,
1.844795175,1.55244413,0.531158168,01:01,,,,
1.844727838,1.551938458,0.530894459,01:01,,,,
1.84499601,1.553597827,0.531808283,01:01,,,,
1.841797848,1.549884379,0.506067218,01:01,,,,
1.841021522,1.546522529,0.519681393,01:01,,,,
1.840855626,1.544709304,0.5205917,01:01,,,,
1.844255054,1.544725572,0.5149218,01:01,,,,
1.843639616,1.54288625,0.516309552,01:01,,,,
1.843639616,1.54288625,0.516309552,01:01,,,,
1.842935231,1.54339561,0.52253755,01:01,,,,
1.844353554,1.547161598,0.496313138,01:01,,,,
1.842463342,1.544899129,0.493503193,01:01,,,,
1.839658647,1.548577114,0.499376819,01:01,,,,
1.833808588,1.548018014,0.534714494,01:01,,,,
1.837562514,1.54770591,0.5205127,01:01,,,,
1.837699511,1.549012829,0.519837474,01:01,,,,
1.834013651,1.551622627,0.532395262,01:01,,,,
1.835116379,1.543594241,0.526892527,01:01,,,,
1.834390231,1.544456433,0.530247293,01:01,,,,
1.833815719,1.539565136,0.532728926,01:01,,,,
1.833815719,1.539565136,0.532728926,01:01,,,,
1.833815719,1.539565136,0.532728926,01:01,,,,
1.833815719,1.539565136,0.532728926,01:01,,,,
1.830998443,1.548131926,0.534353327,01:01,,,,
1.835323085,1.548115448,0.527512568,01:01,,,,
1.835323085,1.548115448,0.527512568,01:01,,,,
1.831888837,1.545879295,0.511957207,01:01,,,,
1.831888837,1.545879295,0.511957207,01:01,,,,
1.831888837,1.545879295,0.511957207,01:01,,,,
1.825970389,1.544097405,0.516692985,01:01,,,,
1.82627604,1.546532594,0.515544358,01:01,,,,
1.821375609,1.542811591,0.518265152,01:01,,,,
1.82720487,1.54629097,0.518045154,01:01,,,,
1.831733741,1.546541204,0.497603706,01:01,,,,
1.833203316,1.559065775,0.514978469,01:01,,,,
1.84139825,1.561005104,0.519119681,01:01,,,,
1.845875653,1.566343476,0.519846741,01:01,,,,
1.844746333,1.562223934,0.520454705,01:01,,,,
1.848497161,1.560575808,0.510177374,01:01,,,,
1.846607546,1.558369508,0.507505183,01:01,,,,
1.840949651,1.556871164,0.522350025,01:01,,,,
1.838429857,1.562652214,0.537839028,01:01,,,,
1.838429857,1.562652214,0.537839028,01:01,,,,
1.841712797,1.561775555,0.530519051,01:01,,,,
1.83843535,1.558659667,0.548182597,01:01,,,,
1.836237238,1.553448322,0.547203017,01:01,,,,
1.837022134,1.553630586,0.552586,01:01,,,,
1.837022134,1.553630586,0.552586,01:01,,,,
1.834607569,1.55236625,0.544137497,01:01,,,,
1.832628414,1.555740109,0.545435098,01:01,,,,
1.828874228,1.555197181,0.549939891,01:01,,,,
1.828985839,1.554803798,0.552908173,01:01,,,,
1.828430088,1.552962649,0.558611113,01:01,,,,
1.828233883,1.551160659,0.559579348,01:01,,,,
1.827971541,1.552156552,0.552608411,01:01,,,,
1.827924734,1.552865597,0.549466565,01:01,,,,
1.828740964,1.552257935,0.547652798,01:01,,,,
1.831855514,1.553842477,0.542621159,01:01,,,,
1.831855514,1.553842477,0.542621159,01:01,,,,
1.831855514,1.553842477,0.542621159,01:01,,,,
1.831855514,1.553842477,0.542621159,01:01,,,,
1.832309481,1.558293714,0.549948863,01:01,,,,
1.828017486,1.553981803,0.548896796,01:01,,,,
1.8261726,1.552118255,0.553682631,01:01,,,,
1.82644225,1.554328205,0.562329087,01:01,,,,
1.824614152,1.553701416,0.564790174,01:01,,,,
1.824686664,1.553491143,0.566300683,01:01,,,,
1.825516941,1.554246971,0.566613129,01:01,,,,
1.82562536,1.554981799,0.566311993,01:01,,,,
1.82562536,1.554981799,0.566311993,01:01,,,,
1.825030614,1.555405496,0.567579313,01:01,,,,
1.821572322,1.553286011,0.576209853,01:01,,,,
1.82152643,1.553458302,0.574943549,01:01,,,,
1.82152643,1.553458302,0.574943549,01:01,,,,
1.821573462,1.553933586,0.574643072,01:01,,,,
1.821448481,1.554463611,0.571200766,01:01,,,,
1.821360233,1.558616541,0.568121815,01:01,,,,
1.821360233,1.558616541,0.568121815,01:01,,,,
1.825799561,1.562928079,0.575549871,01:01,,,,
1.830738087,1.565131987,0.571273911,01:01,,,,
1.832007434,1.564259406,0.572909181,01:01,,,,
1.832287265,1.568583136,0.56608626,01:01,,,,
1.838329287,1.56990582,0.558552806,01:01,,,,
1.838290619,1.569994502,0.55793377,01:01,,,,
1.843349809,1.565027135,0.541869511,01:01,,,,
1.843467527,1.56315951,0.549143289,01:01,,,,
1.843674599,1.564859267,0.548210821,01:01,,,,
1.832828777,1.560332905,0.586610934,01:01,,,,
1.832828777,1.560332905,0.586610934,01:01,,,,
1.832828777,1.560332905,0.586610934,01:01,,,,
1.832828777,1.560332905,0.586610934,01:01,,,,
1.838071053,1.554529247,0.551925748,01:01,,,,
1.846493995,1.558312669,0.556158526,01:01,,,,
1.836897348,1.56419026,0.564256168,01:01,,,,
1.835566461,1.554102377,0.520317884,01:01,,,,
1.83328967,1.551354455,0.516860054,01:01,,,,
1.8379894,1.543544911,0.522200296,01:01,,,,
1.830480948,1.537398575,0.495317635,01:01,,,,
1.830378357,1.537899455,0.491020272,01:01,,,,
1.830842917,1.542733543,0.488815933,01:01,,,,
1.824714773,1.546520666,0.502755183,01:01,,,,
1.828694425,1.551220189,0.519052338,01:01,,,,
1.828694425,1.551220189,0.519052338,01:01,,,,
1.819414226,1.542807761,0.517266434,01:01,,,,
1.826556704,1.548859488,0.521022432,01:01,,,,
1.824501664,1.544540446,0.513063339,01:01,,,,
1.819028109,1.536094843,0.493732717,01:01,,,,
1.822348294,1.540132424,0.498354353,01:01,,,,
1.819697462,1.542974497,0.507908576,01:01,,,,
1.819697462,1.542974497,0.507908576,01:01,,,,
1.826330603,1.544311078,0.507965134,01:01,,,,
1.82321959,1.536196008,0.532641698,01:01,,,,
1.82321959,1.536196008,0.532641698,01:01,,,,
1.82321959,1.536196008,0.532641698,01:01,,,,
1.82321959,1.536196008,0.532641698,01:01,,,,
1.822747565,1.536963234,0.520067713,01:01,,,,
1.822747565,1.536963234,0.520067713,01:01,,,,
1.823626078,1.537530751,0.524196128,01:01,,,,
1.823626078,1.537530751,0.524196128,01:01,,,,
1.824217728,1.537457427,0.524973424,01:01,,,,
1.824686959,1.540230772,0.533017881,01:01,,,,
1.824686959,1.540230772,0.533017881,01:01,,,,
1.824686959,1.540230772,0.533017881,01:01,,,,
1.825116649,1.534902001,0.529951604,01:01,,,,
1.826893675,1.538398582,0.538516041,01:01,,,,
1.829046702,1.544264167,0.539571172,01:01,,,,
1.827588197,1.543897058,0.54302934,01:01,,,,
1.833481334,1.54504417,0.532245808,01:01,,,,
1.837751428,1.545239936,0.528551843,01:01,,,,
1.837751428,1.545239936,0.528551843,01:01,,,,
1.836310989,1.540896333,0.533419764,01:01,,,,
1.840843936,1.547093792,0.515672824,01:01,,,,
1.840843936,1.547093792,0.515672824,01:01,,,,
1.844659784,1.552941414,0.527116464,01:01,,,,
1.841172596,1.548344439,0.524963652,01:01,,,,
1.840787744,1.548444252,0.525796957,01:01,,,,
1.840787744,1.548444252,0.525796957,01:01,,,,
1.839320798,1.545922984,0.527820376,01:01,,,,
1.839108167,1.543963984,0.528825309,01:01,,,,
1.839147231,1.54385786,0.529813199,01:01,,,,
1.835541364,1.544761707,0.537908116,01:01,,,,
1.83781832,1.547509423,0.541346652,01:01,,,,
1.837767595,1.547757942,0.539266308,01:01,,,,
1.837767595,1.547757942,0.539266308,01:01,,,,
1.842343627,1.551635995,0.544869178,01:01,,,,
1.842343627,1.551635995,0.544869178,01:01,,,,
1.842343627,1.551635995,0.544869178,01:01,,,,
1.838812547,1.554615373,0.544902604,01:01,,,,
1.838812547,1.554615373,0.544902604,01:01,,,,
1.842450364,1.561967484,0.549361693,01:01,,,,
1.851176605,1.553688346,0.522794716,01:01,,,,
1.851176605,1.553688346,0.522794716,01:01,,,,
1.835037596,1.545866025,0.529911357,01:01,,,,
1.835798619,1.546768906,0.531079836,01:01,,,,
1.834852368,1.553233859,0.516787599,01:01,,,,
1.830611468,1.555106217,0.514113603,01:01,,,,
1.829012959,1.545874381,0.525153667,01:01,,,,
1.830204165,1.551499896,0.538059404,01:01,,,,
1.830673081,1.551952114,0.546412618,01:01,,,,
1.833595008,1.551185066,0.539845866,01:01,,,,
1.834239783,1.551024498,0.545956574,01:01,,,,
1.834418516,1.552649379,0.545142199,01:01,,,,
1.834934166,1.552768462,0.538154936,01:01,,,,
1.833344076,1.548380618,0.548978934,01:01,,,,
1.833344076,1.548380618,0.548978934,01:01,,,,
1.835630848,1.550092327,0.545474405,01:01,,,,
1.841137415,1.55102929,0.524202514,01:01,,,,
1.841137415,1.55102929,0.524202514,01:01,,,,
1.841137415,1.55102929,0.524202514,01:01,,,,
1.840442439,1.549416221,0.526422127,01:01,,,,
1.836616328,1.544855329,0.520687538,01:01,,,,
1.838032165,1.543018353,0.515595228,01:01,,,,
1.838032165,1.543018353,0.515595228,01:01,,,,
1.83794627,1.543815866,0.514735232,01:01,,,,
1.834176276,1.540055539,0.502701774,01:01,,,,
1.833715036,1.540204181,0.503742917,01:01,,,,
1.833908935,1.539396102,0.51061737,01:01,,,,
1.833908935,1.539396102,0.51061737,01:01,,,,
1.833908935,1.539396102,0.51061737,01:01,,,,
1.833908935,1.539396102,0.51061737,01:01,,,,
1.833908935,1.539396102,0.51061737,01:01,,,,
1.834135434,1.538334591,0.507458428,01:01,,,,
1.833926902,1.537588428,0.509528764,01:01,,,,
1.834918219,1.538418737,0.505109426,01:01,,,,
1.834729018,1.536721846,0.505940195,01:01,,,,
1.835204148,1.538213626,0.511827382,01:01,,,,
1.836700993,1.537665465,0.508347647,01:01,,,,
1.835306984,1.536001974,0.506280289,01:01,,,,
1.838028774,1.535835473,0.498520063,01:01,,,,
1.838028774,1.535835473,0.498520063,01:01,,,,
1.837088143,1.535216854,0.500321795,01:01,,,,
1.836728663,1.536866388,0.48615848,01:01,,,,
1.839990218,1.538484536,0.488688872,01:01,,,,
1.840048457,1.538881698,0.488537193,01:01,,,,
1.839506551,1.540356297,0.481000478,01:01,,,,
1.837941998,1.535281523,0.48090826,01:01,,,,
1.83372259,1.539134877,0.505156597,01:01,,,,
1.83372259,1.539134877,0.505156597,01:01,,,,
1.832476698,1.53403856,0.506073126,01:01,,,,
1.826329831,1.538126126,0.516470638,01:01,,,,
1.826811452,1.54027864,0.507874535,01:01,,,,
1.823853027,1.542129827,0.50996074,01:01,,,,
1.824127669,1.542055037,0.51654982,01:01,,,,
1.826358552,1.543962033,0.520454039,01:01,,,,
1.82687373,1.544439354,0.529852032,01:01,,,,
1.828667983,1.539145625,0.511560701,01:01,,,,
1.828667983,1.539145625,0.511560701,01:01,,,,
1.828401091,1.5402641,0.502121982,01:01,,,,
1.828401091,1.5402641,0.502121982,01:01,,,,
1.828401091,1.5402641,0.502121982,01:01,,,,
1.820588489,1.542323413,0.520048025,01:01,,,,
1.821734926,1.543682829,0.521800182,01:01,,,,
1.80214041,1.55252114,0.563880105,01:01,,,,
1.807994827,1.544504542,0.543693359,01:01,,,,
1.794409191,1.550994599,0.581275838,01:01,,,,
1.794292979,1.549365832,0.581993549,01:01,,,,
1.794292979,1.549365832,0.581993549,01:01,,,,
1.794292979,1.549365832,0.581993549,01:01,,,,
1.794210905,1.559696129,0.573183938,01:01,,,,
1.795751299,1.561473433,0.575384787,01:01,,,,
1.816297357,1.555686933,0.545184441,01:01,,,,
1.826581583,1.561633195,0.520276317,01:01,,,,
1.826511091,1.56175388,0.519176328,01:01,,,,
1.826988549,1.566093109,0.516953545,01:01,,,,
1.825699546,1.565631442,0.525717085,01:01,,,,
1.830871182,1.564080864,0.520108355,01:01,,,,
1.829918335,1.562979654,0.518750366,01:01,,,,
1.835676873,1.554660389,0.50747962,01:01,,,,
1.849686431,1.553905013,0.482806971,01:01,,,,
1.847619995,1.551514325,0.481909832,01:01,,,,
1.847055659,1.554526908,0.459565061,01:01,,,,
1.848912914,1.555948877,0.467645259,01:01,,,,
1.846628981,1.556453603,0.477060571,01:01,,,,
1.846628981,1.556453603,0.477060571,01:01,,,,
1.846628981,1.556453603,0.477060571,01:01,,,,
1.84642811,1.555611559,0.481096422,01:01,,,,
1.844869568,1.552580365,0.475752726,01:01,,,,
1.844869568,1.552580365,0.475752726,01:01,,,,
1.844190816,1.553589952,0.478976019,01:01,,,,
1.844190816,1.553589952,0.478976019,01:01,,,,
1.844190816,1.553589952,0.478976019,01:01,,,,
1.844162641,1.553779664,0.47759472,01:01,,,,
1.844162641,1.553779664,0.47759472,01:01,,,,
1.844210131,1.554112151,0.477409222,01:01,,,,
1.845165625,1.551915444,0.488492912,01:01,,,,
1.841222371,1.54965691,0.488916209,01:01,,,,
1.841286885,1.548795241,0.491957557,01:01,,,,
1.841286885,1.548795241,0.491957557,01:01,,,,
1.843517702,1.549314314,0.496274431,01:01,,,,
1.843658616,1.548481385,0.501542431,01:01,,,,
1.84109653,1.546188273,0.502419891,01:01,,,,
1.839665227,1.54668828,0.505093894,01:01,,,,
1.836060543,1.54813631,0.511649858,01:01,,,,
1.835862062,1.546432272,0.512864135,01:01,,,,
1.836637496,1.546414321,0.507069114,01:01,,,,
1.834766728,1.54476047,0.519812859,01:01,,,,
1.838345674,1.544821525,0.514518472,01:01,,,,
1.838288805,1.544309764,0.514797672,01:01,,,,
1.837703081,1.547614441,0.521752485,01:01,,,,
1.834077159,1.548583001,0.530080858,01:01,,,,
1.834077159,1.548583001,0.530080858,01:01,,,,
1.834085654,1.54867443,0.529985954,01:01,,,,
1.83049896,1.544650047,0.524046427,01:01,,,,
1.83049896,1.544650047,0.524046427,01:01,,,,
1.826199035,1.545771059,0.533770259,01:01,,,,
1.823130374,1.54759519,0.539031005,01:01,,,,
1.829663574,1.554193726,0.531840934,01:01,,,,
1.830077575,1.552498452,0.545032333,01:01,,,,
1.830228171,1.55499031,0.543376436,01:01,,,,
1.828934284,1.554828988,0.550339345,01:01,,,,
1.828934284,1.554828988,0.550339345,01:01,,,,
1.828934284,1.554828988,0.550339345,01:01,,,,
1.840392309,1.551050878,0.52252148,01:01,,,,
1.843969491,1.55177176,0.514019747,01:01,,,,
1.846570358,1.542964145,0.475425106,01:01,,,,
1.853469844,1.543265477,0.464860211,01:01,,,,
1.853532927,1.546465823,0.456257075,01:01,,,,
1.853532927,1.546465823,0.456257075,01:01,,,,
1.853532927,1.546465823,0.456257075,01:01,,,,
1.850075546,1.553089248,0.469927583,01:01,,,,
1.849813533,1.553849141,0.462614245,01:01,,,,
1.860221581,1.559050856,0.483288752,01:01,,,,
1.860008196,1.553036296,0.480673285,01:01,,,,
1.859851649,1.553562756,0.475728285,01:01,,,,
1.85048839,1.543104062,0.456607086,01:01,,,,
1.859730293,1.554096145,0.470703678,01:01,,,,
1.831359303,1.560597219,0.513663109,01:01,,,,
1.831359303,1.560597219,0.513663109,01:01,,,,
1.833909473,1.560084121,0.530977214,01:01,,,,
1.82818165,1.557778506,0.527776238,01:01,,,,
1.82818165,1.557778506,0.527776238,01:01,,,,
1.834425043,1.558806553,0.52743189,01:01,,,,
1.82985726,1.559844943,0.529593164,01:01,,,,
1.831184156,1.559356106,0.526189102,01:01,,,,
1.835015507,1.560747266,0.523634282,01:01,,,,
1.838137249,1.56050227,0.521847251,01:01,,,,
1.840952388,1.560777778,0.516044398,01:01,,,,
1.840952388,1.560777778,0.516044398,01:01,,,,
1.838776536,1.562258261,0.52019825,01:01,,,,
1.838346402,1.559669687,0.519200238,01:01,,,,
1.837314389,1.555438466,0.509829401,01:01,,,,
1.837505749,1.554675785,0.516081077,01:01,,,,
1.835822548,1.555642317,0.521326876,01:01,,,,
1.835822548,1.555642317,0.521326876,01:01,,,,
1.833856262,1.553401512,0.527176758,01:01,,,,
1.833856262,1.553401512,0.527176758,01:01,,,,
1.833856262,1.553401512,0.527176758,01:01,,,,
1.834272492,1.5548189,0.525876879,01:01,,,,
1.833076592,1.556263725,0.529564498,01:01,,,,
1.833076592,1.556263725,0.529564498,01:01,,,,
1.833076592,1.556263725,0.529564498,01:01,,,,
1.83353458,1.561775786,0.529236126,01:01,,,,
1.832923614,1.563964938,0.534653145,01:01,,,,
1.832855962,1.563056369,0.535212829,01:01,,,,
1.834388238,1.564648394,0.536923497,01:01,,,,
1.834388238,1.564648394,0.536923497,01:01,,,,
1.826963563,1.554808855,0.525799439,01:01,,,,
1.826735015,1.555662013,0.518855165,01:01,,,,
1.826340267,1.556296398,0.518376786,01:01,,,,
1.836650001,1.563366504,0.520320184,01:01,,,,
1.836650001,1.563366504,0.520320184,01:01,,,,
1.836664272,1.56561291,0.518456709,01:01,,,,
1.83630653,1.564359639,0.530760797,01:01,,,,
1.827962287,1.556236144,0.516990378,01:01,,,,
1.827937722,1.555894502,0.517100151,01:01,,,,
1.8283169,1.559509065,0.515232606,01:01,,,,
1.817083733,1.552835905,0.52070587,01:01,,,,
1.82214722,1.556404417,0.528816109,01:01,,,,
1.83196814,1.562613914,0.540533456,01:01,,,,
1.833340817,1.566850194,0.54934533,01:01,,,,
1.833340817,1.566850194,0.54934533,01:01,,,,
1.83368822,1.569496599,0.547774662,01:01,,,,
1.833548482,1.569961403,0.544458901,01:01,,,,
1.834976701,1.571607217,0.546384779,01:01,,,,
1.837902224,1.574850304,0.54193483,01:01,,,,
1.840873754,1.577012465,0.55367803,01:01,,,,
1.840873754,1.577012465,0.55367803,01:01,,,,
1.838039531,1.574007181,0.550110578,01:01,,,,
1.839160477,1.570493823,0.55701449,01:01,,,,
1.839092078,1.570808952,0.554742909,01:01,,,,
1.842199675,1.574445098,0.559216506,01:01,,,,
1.843218127,1.572215595,0.563774842,01:01,,,,
1.848134545,1.576404926,0.579201177,01:01,,,,
1.848454596,1.578866629,0.577814921,01:01,,,,
1.842924624,1.576161066,0.576753536,01:01,,,,
1.842924624,1.576161066,0.576753536,01:01,,,,
1.843393215,1.57275038,0.574194678,01:01,,,,
1.843393215,1.57275038,0.574194678,01:01,,,,
1.846908154,1.575174485,0.574870917,01:01,,,,
1.840061018,1.571914874,0.568279272,01:01,,,,
1.840448941,1.560543785,0.54669259,01:01,,,,
1.840448941,1.560543785,0.54669259,01:01,,,,
1.840475819,1.562021318,0.529474183,01:01,,,,
1.840351036,1.562876427,0.554073998,01:01,,,,
1.838293803,1.561099497,0.5527399,01:01,,,,
1.838858794,1.5641307,0.555228919,01:01,,,,
1.841637321,1.569191652,0.54561542,01:01,,,,
1.836381171,1.56675635,0.540422738,01:01,,,,
1.836100656,1.567912682,0.531570004,01:01,,,,
1.83009973,1.567177375,0.543488425,01:01,,,,
1.830542867,1.563762966,0.546615147,01:01,,,,
1.828777846,1.56146244,0.543370442,01:01,,,,
1.828759317,1.563282572,0.537336961,01:01,,,,
1.830741809,1.559383021,0.559225101,01:01,,,,
1.831697699,1.560159176,0.562355335,01:01,,,,
1.826415452,1.561429024,0.573814641,01:01,,,,
1.826332225,1.561691687,0.57093474,01:01,,,,
1.825882379,1.561117447,0.570244894,01:01,,,,
1.823914072,1.561038444,0.554482086,01:01,,,,
1.823914072,1.561038444,0.554482086,01:01,,,,
1.823450565,1.561209351,0.560179155,01:01,,,,
1.823450565,1.561209351,0.560179155,01:01,,,,
1.823450565,1.561209351,0.560179155,01:01,,,,
1.823450565,1.561209351,0.560179155,01:01,,,,
1.824351074,1.55980153,0.564228275,01:01,,,,
1.824351074,1.55980153,0.564228275,01:01,,,,
1.824162744,1.558273246,0.565080384,01:01,,,,
1.825067364,1.558044438,0.563052634,01:01,,,,
1.825067364,1.558044438,0.563052634,01:01,,,,
1.830040963,1.55834821,0.555921001,01:01,,,,
1.830163671,1.558639085,0.557870446,01:01,,,,
1.82613888,1.557187734,0.575926266,01:01,,,,
1.826163339,1.5572868,0.575801195,01:01,,,,
1.826432158,1.555947714,0.57198214,01:01,,,,
1.826211214,1.556899998,0.574812912,01:01,,,,
1.825798649,1.558364944,0.563997028,01:01,,,,
1.823442842,1.559288659,0.566096282,01:01,,,,
1.823455089,1.555615763,0.573577182,01:01,,,,
1.823455089,1.555615763,0.573577182,01:01,,,,
1.829986261,1.558656805,0.565879665,01:01,,,,
1.828287084,1.558950327,0.579421211,01:01,,,,
1.827034047,1.561888744,0.575025502,01:01,,,,
1.827389816,1.560468748,0.584661532,01:01,,,,
1.834289414,1.557016277,0.557294011,01:01,,,,
1.838156587,1.556473456,0.545189962,01:01,,,,
1.838156587,1.556473456,0.545189962,01:01,,,,
1.838227015,1.556962159,0.544847515,01:01,,,,
1.843047841,1.555462077,0.542817228,01:01,,,,
1.844501944,1.559241598,0.543113343,01:01,,,,
1.849522259,1.557168665,0.539114617,01:01,,,,
1.85039399,1.554731025,0.531476699,01:01,,,,
1.851953814,1.557625595,0.527059776,01:01,,,,
1.851953814,1.557625595,0.527059776,01:01,,,,
1.851953814,1.557625595,0.527059776,01:01,,,,
1.851953814,1.557625595,0.527059776,01:01,,,,
1.851953814,1.557625595,0.527059776,01:01,,,,
1.84851553,1.55188006,0.517663743,01:01,,,,
1.847695747,1.546789581,0.508084805,01:01,,,,
1.852131905,1.553111997,0.507948153,01:01,,,,
1.852163878,1.556354955,0.49972164,01:01,,,,
1.847519602,1.550907371,0.492934166,01:01,,,,
1.84568129,1.553998903,0.479411195,01:01,,,,
1.845342081,1.553597761,0.487247536,01:01,,,,
1.845342081,1.553597761,0.487247536,01:01,,,,
1.83915114,1.555318685,0.514606269,01:01,,,,
1.836199346,1.55061806,0.524481699,01:01,,,,
1.836199346,1.55061806,0.524481699,01:01,,,,
1.835759782,1.552337208,0.510604872,01:01,,,,
1.838676602,1.555093837,0.509641968,01:01,,,,
1.839243621,1.55264052,0.502214133,01:01,,,,
1.839896809,1.553995114,0.512866194,01:01,,,,
1.841198144,1.558006847,0.511684977,01:01,,,,
1.835246856,1.556342213,0.500585013,01:01,,,,
1.835450354,1.554838457,0.496374584,01:01,,,,
1.835893691,1.559401796,0.491404441,01:01,,,,
1.83916077,1.55848939,0.483598031,01:01,,,,
1.83916077,1.55848939,0.483598031,01:01,,,,
1.83806896,1.557209885,0.48202473,01:01,,,,
1.838093601,1.557901382,0.479341579,01:01,,,,
1.838324668,1.55436706,0.495395826,01:01,,,,
1.838345031,1.554430338,0.495549622,01:01,,,,
1.835584116,1.554166606,0.504147065,01:01,,,,
1.835143033,1.555949677,0.489009376,01:01,,,,
1.835143033,1.555949677,0.489009376,01:01,,,,
1.833925174,1.556657053,0.485896721,01:01,,,,
1.831509193,1.557309182,0.491527618,01:01,,,,
1.831572199,1.556532177,0.495489029,01:01,,,,
1.832376455,1.555459027,0.507480522,01:01,,,,
1.832376455,1.555459027,0.507480522,01:01,,,,
1.832376455,1.555459027,0.507480522,01:01,,,,
1.832376455,1.555459027,0.507480522,01:01,,,,
1.824788647,1.55927891,0.526441571,01:01,,,,
1.827450414,1.559348068,0.523766489,01:01,,,,
1.827450414,1.559348068,0.523766489,01:01,,,,
1.834433728,1.556348287,0.504740814,01:01,,,,
1.835643466,1.557188461,0.50690256,01:01,,,,
1.834577164,1.5566011,0.501237424,01:01,,,,
1.832489296,1.556500805,0.507553359,01:01,,,,
1.826087237,1.558143698,0.522143887,01:01,,,,
1.826230038,1.561332,0.536463356,01:01,,,,
1.826193556,1.560647144,0.536807945,01:01,,,,
1.821213243,1.556202308,0.534193739,01:01,,,,
1.822888085,1.558098249,0.536668102,01:01,,,,
1.821855872,1.555100442,0.566557619,01:01,,,,
1.82622944,1.552418811,0.56643194,01:01,,,,
1.82960496,1.548508938,0.551259183,01:01,,,,
1.82960496,1.548508938,0.551259183,01:01,,,,
1.833266495,1.552887992,0.556717931,01:01,,,,
1.833594282,1.551667679,0.565043152,01:01,,,,
1.828101953,1.561498539,0.592815064,01:01,,,,
1.84131106,1.565287089,0.554271995,01:01,,,,
1.84131106,1.565287089,0.554271995,01:01,,,,
1.847962642,1.551431093,0.507722376,01:01,,,,
1.847962642,1.551431093,0.507722376,01:01,,,,
1.859365702,1.560659684,0.513435315,01:01,,,,
1.843835428,1.556904782,0.528657975,01:01,,,,
1.843452646,1.5532924,0.530641332,01:01,,,,
1.859417789,1.546089582,0.489407474,01:01,,,,
1.859417789,1.546089582,0.489407474,01:01,,,,
1.859417789,1.546089582,0.489407474,01:01,,,,
1.859417789,1.546089582,0.489407474,01:01,,,,
1.853420056,1.536814004,0.481857714,01:01,,,,
1.849556268,1.525860054,0.480572646,01:01,,,,
1.849556268,1.525860054,0.480572646,01:01,,,,
1.852654558,1.529533397,0.485306191,01:01,,,,
1.852654558,1.529533397,0.485306191,01:01,,,,
1.852654558,1.529533397,0.485306191,01:01,,,,
1.852654558,1.529533397,0.485306191,01:01,,,,
1.852654558,1.529533397,0.485306191,01:01,,,,
1.849798773,1.547285058,0.516962881,01:01,,,,
1.849798773,1.547285058,0.516962881,01:01,,,,
1.841295449,1.551911822,0.555108785,01:01,,,,
1.820144208,1.552772896,0.579541488,01:01,,,,
1.820144208,1.552772896,0.579541488,01:01,,,,
1.815661122,1.549572435,0.567266033,01:01,,,,
1.815356845,1.550797764,0.558302532,01:01,,,,
1.822383804,1.553738613,0.554762301,01:01,,,,
1.822383804,1.553738613,0.554762301,01:01,,,,
1.825420786,1.557348136,0.559361113,01:01,,,,
1.825673686,1.556441988,0.56599947,01:01,,,,
1.830543878,1.557705909,0.559161331,01:01,,,,
1.830543878,1.557705909,0.559161331,01:01,,,,
1.828455146,1.561446324,0.572035112,01:01,,,,
1.832681917,1.562163296,0.544825564,01:01,,,,
1.832681917,1.562163296,0.544825564,01:01,,,,
1.837897749,1.568336782,0.552551349,01:01,,,,
1.828303612,1.565792187,0.557335153,01:01,,,,
1.827732239,1.560947694,0.560058472,01:01,,,,
1.829708026,1.554611467,0.559740616,01:01,,,,
1.830782853,1.554479662,0.55484251,01:01,,,,
1.834207499,1.558527711,0.560020452,01:01,,,,
1.834207499,1.558527711,0.560020452,01:01,,,,
1.836473439,1.557344652,0.560405051,01:01,,,,
1.833778415,1.560635353,0.555320566,01:01,,,,
1.833778415,1.560635353,0.555320566,01:01,,,,
1.835747201,1.566841254,0.549894538,01:01,,,,
1.835747201,1.566841254,0.549894538,01:01,,,,
1.835747201,1.566841254,0.549894538,01:01,,,,
1.835747201,1.566841254,0.549894538,01:01,,,,
1.835243615,1.562812816,0.552170586,01:01,,,,
1.836432581,1.558251481,0.538474665,01:01,,,,
1.838998371,1.562045815,0.532291252,01:01,,,,
1.845212082,1.564728515,0.525639095,01:01,,,,
1.845281391,1.564498782,0.527634401,01:01,,,,
1.845281391,1.564498782,0.527634401,01:01,,,,
1.842658566,1.562064296,0.536049089,01:01,,,,
1.836575973,1.561420388,0.540781292,01:01,,,,
1.836575973,1.561420388,0.540781292,01:01,,,,
1.838868666,1.560821883,0.535679685,01:01,,,,
1.838941499,1.562611149,0.532426102,01:01,,,,
1.836326685,1.562794399,0.537067208,01:01,,,,
1.836078131,1.56382597,0.52929126,01:01,,,,
1.836078131,1.56382597,0.52929126,01:01,,,,
1.835511675,1.557176702,0.537158757,01:01,,,,
1.83570768,1.558624142,0.536314647,01:01,,,,
1.83570768,1.558624142,0.536314647,01:01,,,,
1.836355569,1.558453804,0.534808755,01:01,,,,
1.836355569,1.558453804,0.534808755,01:01,,,,
1.833825668,1.557718876,0.54045158,01:01,,,,
1.832928282,1.561723026,0.548874643,01:01,,,,
1.833142736,1.558440168,0.543641125,01:01,,,,
1.833106109,1.558292102,0.543692506,01:01,,,,
1.830576349,1.561964825,0.548403317,01:01,,,,
1.834440697,1.562375845,0.545817822,01:01,,,,
1.833979133,1.56415814,0.532302628,01:01,,,,
1.829335523,1.557286878,0.538486725,01:01,,,,
1.829335523,1.557286878,0.538486725,01:01,,,,
1.829335523,1.557286878,0.538486725,01:01,,,,
1.829335523,1.557286878,0.538486725,01:01,,,,
1.829335523,1.557286878,0.538486725,01:01,,,,
1.823576766,1.554895062,0.562702646,01:01,,,,
1.824009045,1.558512936,0.560706463,01:01,,,,
1.818457803,1.560379001,0.568876764,01:01,,,,
1.818457803,1.560379001,0.568876764,01:01,,,,
1.818457803,1.560379001,0.568876764,01:01,,,,
1.807012073,1.557643682,0.600565268,01:01,,,,
1.805226464,1.557921517,0.613179105,01:01,,,,
1.805226464,1.557921517,0.613179105,01:01,,,,
1.805226464,1.557921517,0.613179105,01:01,,,,
1.81039089,1.562679615,0.590476972,01:01,,,,
1.81435966,1.564264063,0.573313825,01:01,,,,
1.81435966,1.564264063,0.573313825,01:01,,,,
1.819862597,1.560627494,0.580032752,01:01,,,,
1.821033722,1.56383215,0.572640749,01:01,,,,
1.827237454,1.566100367,0.526794106,01:01,,,,
1.827237454,1.566100367,0.526794106,01:01,,,,
1.827237454,1.566100367,0.526794106,01:01,,,,
1.824941357,1.563374402,0.523378562,01:01,,,,
1.824941357,1.563374402,0.523378562,01:01,,,,
1.827283533,1.560413315,0.530895006,01:01,,,,
1.827187803,1.559254704,0.531622684,01:01,,,,
1.829835257,1.552910341,0.535727589,01:01,,,,
1.825012569,1.549100243,0.558894487,01:01,,,,
1.827440815,1.549137078,0.547795331,01:01,,,,
1.827440815,1.549137078,0.547795331,01:01,,,,
1.825316346,1.546656099,0.5352674,01:01,,,,
1.827701066,1.551558305,0.513646725,01:01,,,,
1.827701066,1.551558305,0.513646725,01:01,,,,
1.827701066,1.551558305,0.513646725,01:01,,,,
1.82645709,1.548081236,0.51088246,01:01,,,,
1.834288558,1.546808352,0.495998018,01:01,,,,
1.833597881,1.546395902,0.500230084,01:01,,,,
1.833597881,1.546395902,0.500230084,01:01,,,,
1.828609155,1.548088595,0.515779692,01:01,,,,
1.834406836,1.549738477,0.493464111,01:01,,,,
1.836426826,1.549872002,0.474923275,01:01,,,,
1.836270169,1.547875877,0.475854568,01:01,,,,
1.836270169,1.547875877,0.475854568,01:01,,,,
1.836382868,1.547542283,0.478768015,01:01,,,,
1.839760727,1.546153147,0.481045252,01:01,,,,
1.838724934,1.539423044,0.483407133,01:01,,,,
1.838765203,1.539241288,0.485333416,01:01,,,,
1.839651019,1.544734414,0.48333103,01:01,,,,
1.839723229,1.543485289,0.477402711,01:01,,,,
1.839050475,1.53685517,0.480565304,01:01,,,,
1.834983375,1.538450664,0.497478643,01:01,,,,
1.834983375,1.538450664,0.497478643,01:01,,,,
1.838532361,1.542696506,0.502963036,01:01,,,,
1.838532361,1.542696506,0.502963036,01:01,,,,
1.837000135,1.54230111,0.496890397,01:01,,,,
1.83743451,1.545937987,0.495083785,01:01,,,,
1.840579779,1.552225392,0.495439874,01:01,,,,
1.845407303,1.549776745,0.475828305,01:01,,,,
1.839428401,1.546441287,0.47780881,01:01,,,,
1.839428401,1.546441287,0.47780881,01:01,,,,
1.842617479,1.547028717,0.483209621,01:01,,,,
1.843102003,1.544811028,0.488710608,01:01,,,,
1.843224262,1.544258027,0.493819063,01:01,,,,
1.843224262,1.544258027,0.493819063,01:01,,,,
1.836152685,1.547646732,0.509998884,01:01,,,,
1.836262309,1.547198527,0.513559466,01:01,,,,
1.836778504,1.54716714,0.517174384,01:01,,,,
1.836404028,1.543547917,0.519026519,01:01,,,,
1.835129087,1.543124463,0.51635219,01:01,,,,
1.842967545,1.54300801,0.517566843,01:01,,,,
1.834425283,1.548211699,0.548144467,01:01,,,,
1.835182739,1.554684536,0.544656917,01:01,,,,
1.835182739,1.554684536,0.544656917,01:01,,,,
1.833087471,1.54487685,0.579930211,01:01,,,,
1.829455368,1.54577922,0.587794291,01:01,,,,
1.831561481,1.543092032,0.577595296,01:01,,,,
1.831504259,1.533318536,0.568011905,01:01,,,,
1.831972241,1.531462411,0.581139142,01:01,,,,
1.831972241,1.531462411,0.581139142,01:01,,,,
1.831972241,1.531462411,0.581139142,01:01,,,,
1.830955571,1.523280736,0.585721891,01:01,,,,
1.834166568,1.524292025,0.564483607,01:01,,,,
1.834166568,1.524292025,0.564483607,01:01,,,,
1.84265878,1.529710208,0.55045444,01:01,,,,
1.835382734,1.531503473,0.56654689,01:01,,,,
1.835394541,1.537732514,0.548738405,01:01,,,,
1.844347598,1.546847158,0.534836801,01:01,,,,
1.835819189,1.547915029,0.5449129,01:01,,,,
1.836178971,1.551126217,0.543194259,01:01,,,,
1.839324924,1.552283379,0.530941987,01:01,,,,
1.831525247,1.550884947,0.540192782,01:01,,,,
1.831525247,1.550884947,0.540192782,01:01,,,,
1.827586647,1.54920895,0.549662052,01:01,,,,
1.827586647,1.54920895,0.549662052,01:01,,,,
1.827586647,1.54920895,0.549662052,01:01,,,,
1.832752834,1.550110178,0.543869816,01:01,,,,
1.832169347,1.546024797,0.54946402,01:01,,,,
1.83352689,1.54997525,0.542599884,01:01,,,,
1.829957283,1.551075938,0.540446855,01:01,,,,
1.829957283,1.551075938,0.540446855,01:01,,,,
1.828919126,1.550873748,0.547154228,01:01,,,,
1.828919126,1.550873748,0.547154228,01:01,,,,
1.828795941,1.552545443,0.549895592,01:01,,,,
1.828795941,1.552545443,0.549895592,01:01,,,,
1.828380902,1.552018414,0.549187367,01:01,,,,
1.822959963,1.554678359,0.560191573,01:01,,,,
1.821277877,1.553068777,0.570379803,01:01,,,,
1.821277877,1.553068777,0.570379803,01:01,,,,
1.821277877,1.553068777,0.570379803,01:01,,,,
1.821277877,1.553068777,0.570379803,01:01,,,,
1.821277877,1.553068777,0.570379803,01:01,,,,
1.821277877,1.553068777,0.570379803,01:01,,,,
1.82109002,1.553862697,0.569156439,01:01,,,,
1.82079058,1.552408996,0.569674502,01:01,,,,
1.81975361,1.553713475,0.573357269,01:01,,,,
1.818401189,1.550933448,0.570949318,01:01,,,,
1.816482516,1.546672435,0.575445867,01:01,,,,
1.818057729,1.548571129,0.577807498,01:01,,,,
1.819375944,1.547140523,0.575806633,01:01,,,,
1.819138043,1.546301666,0.575978121,01:01,,,,
1.82018042,1.543147814,0.572237312,01:01,,,,
1.820632243,1.543472626,0.568358674,01:01,,,,
1.819905651,1.546568649,0.560409415,01:01,,,,
1.819493259,1.54807114,0.549346771,01:01,,,,
1.821246487,1.547392082,0.553029591,01:01,,,,
1.818986013,1.546806418,0.554925382,01:01,,,,
1.819264004,1.549053899,0.55369866,01:01,,,,
1.819384597,1.550021092,0.553153056,01:01,,,,
1.820685687,1.551864231,0.552310774,01:01,,,,
1.820685687,1.551864231,0.552310774,01:01,,,,
1.821704165,1.55393792,0.549563723,01:01,,,,
1.822156866,1.554960511,0.547699592,01:01,,,,
1.822156866,1.554960511,0.547699592,01:01,,,,
1.82705698,1.552219685,0.537580479,01:01,,,,
1.827999368,1.553322088,0.538909081,01:01,,,,
1.829644231,1.554228406,0.538628582,01:01,,,,
1.838465916,1.552448123,0.513868135,01:01,,,,
1.838465916,1.552448123,0.513868135,01:01,,,,
1.838465916,1.552448123,0.513868135,01:01,,,,
1.838465916,1.552448123,0.513868135,01:01,,,,
1.838465916,1.552448123,0.513868135,01:01,,,,
1.838465916,1.552448123,0.513868135,01:01,,,,
1.838657798,1.554291404,0.512975719,01:01,,,,
1.838657798,1.554291404,0.512975719,01:01,,,,
1.830827499,1.548902519,0.519043443,01:01,,,,
1.830621969,1.552843701,0.515509353,01:01,,,,
1.829561617,1.550007701,0.50157497,01:01,,,,
1.829561617,1.550007701,0.50157497,01:01,,,,
1.829561617,1.550007701,0.50157497,01:01,,,,
1.830866763,1.549730123,0.506818234,01:01,,,,
1.830866763,1.549730123,0.506818234,01:01,,,,
1.84048243,1.549914484,0.49409558,01:01,,,,
1.851426785,1.541520294,0.485673747,01:01,,,,
1.846744028,1.537910502,0.512544968,01:01,,,,
1.848241165,1.539717509,0.514919274,01:01,,,,
1.848029504,1.54058006,0.507882333,01:01,,,,
1.845537471,1.546501404,0.517911035,01:01,,,,
1.845537471,1.546501404,0.517911035,01:01,,,,
1.832837136,1.549722886,0.546564981,01:01,,,,
1.831787422,1.549036886,0.527380419,01:01,,,,
1.832451883,1.549846458,0.528478158,01:01,,,,
1.825965461,1.551162924,0.557158418,01:01,,,,
1.815493837,1.550682717,0.572194578,01:01,,,,
1.815204549,1.551882768,0.564066729,01:01,,,,
1.82388918,1.555855611,0.53488192,01:01,,,,
1.825444865,1.558737651,0.540034957,01:01,,,,
1.823045329,1.563729316,0.556697892,01:01,,,,
1.823262507,1.556709559,0.541834486,01:01,,,,
1.825261736,1.558552815,0.545183157,01:01,,,,
1.825261736,1.558552815,0.545183157,01:01,,,,
1.828141459,1.556704423,0.54843803,01:01,,,,
1.826039892,1.555027618,0.556413424,01:01,,,,
1.826039892,1.555027618,0.556413424,01:01,,,,
1.826039892,1.555027618,0.556413424,01:01,,,,
1.826413807,1.555477398,0.556889536,01:01,,,,
1.827597893,1.556865288,0.558561408,01:01,,,,
1.826550051,1.555925158,0.558006522,01:01,,,,
1.826550051,1.555925158,0.558006522,01:01,,,,
1.826550051,1.555925158,0.558006522,01:01,,,,
1.821579597,1.557976514,0.561615737,01:01,,,,
1.824255444,1.562589453,0.575137011,01:01,,,,
1.824255444,1.562589453,0.575137011,01:01,,,,
1.824525213,1.56461093,0.573976129,01:01,,,,
1.826575443,1.568011869,0.561190238,01:01,,,,
1.830756059,1.565342203,0.550446474,01:01,,,,
1.828039375,1.562350922,0.545101369,01:01,,,,
1.827589476,1.558825784,0.547059708,01:01,,,,
1.825291618,1.556012092,0.545490092,01:01,,,,
1.825291618,1.556012092,0.545490092,01:01,,,,
1.830407169,1.558858507,0.540567594,01:01,,,,
1.828932764,1.55797213,0.542813499,01:01,,,,
1.829307254,1.558999029,0.542791667,01:01,,,,
1.829307254,1.558999029,0.542791667,01:01,,,,
1.844058048,1.569388349,0.540028691,01:01,,,,
1.838623238,1.561151705,0.52485719,01:01,,,,
1.837637681,1.556655437,0.514884464,01:01,,,,
1.837654384,1.557083793,0.514712668,01:01,,,,
1.827314689,1.554027497,0.547088038,01:01,,,,
1.827579017,1.556454262,0.545782951,01:01,,,,
1.820433113,1.550816288,0.56539627,01:01,,,,
1.820433113,1.550816288,0.56539627,01:01,,,,
1.83656139,1.557692974,0.524590219,01:01,,,,
1.83656139,1.557692974,0.524590219,01:01,,,,
1.83656139,1.557692974,0.524590219,01:01,,,,
1.83656139,1.557692974,0.524590219,01:01,,,,
1.83656139,1.557692974,0.524590219,01:01,,,,
1.837336086,1.552968334,0.527853186,01:01,,,,
1.837336086,1.552968334,0.527853186,01:01,,,,
1.837336086,1.552968334,0.527853186,01:01,,,,
1.853826818,1.550235088,0.494167122,01:01,,,,
1.845150462,1.545121154,0.477702336,01:01,,,,
1.849963466,1.543468302,0.469382889,01:01,,,,
1.849963466,1.543468302,0.469382889,01:01,,,,
1.85186384,1.545960659,0.4835462,01:01,,,,
1.840883217,1.557521053,0.525886004,01:01,,,,
1.827433931,1.550764878,0.532886782,01:01,,,,
1.833878921,1.544530357,0.526653868,01:01,,,,
1.831681464,1.555007861,0.55717995,01:01,,,,
1.835512102,1.559497599,0.562748852,01:01,,,,
1.834938083,1.5546742,0.565562497,01:01,,,,
1.831100525,1.561352576,0.578942892,01:01,,,,
1.847414347,1.558841602,0.555415219,01:01,,,,
1.847965873,1.560853858,0.565252091,01:01,,,,
1.847825944,1.560118166,0.565711273,01:01,,,,
1.855444762,1.563478107,0.566245707,01:01,,,,
1.855921923,1.553666424,0.534345418,01:01,,,,
1.855426501,1.549616582,0.536599256,01:01,,,,
1.865091626,1.558169576,0.529400703,01:01,,,,
1.85875212,1.549713816,0.516793351,01:01,,,,
1.85875212,1.549713816,0.516793351,01:01,,,,
1.860025677,1.552253765,0.518450028,01:01,,,,
1.859725794,1.558652866,0.540005069,01:01,,,,
1.857536504,1.557576167,0.540638116,01:01,,,,
1.857290145,1.55547653,0.541764238,01:01,,,,
1.860302773,1.555699679,0.536616013,01:01,,,,
1.859942933,1.555912888,0.531194721,01:01,,,,
1.859942933,1.555912888,0.531194721,01:01,,,,
1.860826167,1.561007071,0.527290341,01:01,,,,
1.857097071,1.55914202,0.536012015,01:01,,,,
1.857097071,1.55914202,0.536012015,01:01,,,,
1.857097071,1.55914202,0.536012015,01:01,,,,
1.857097071,1.55914202,0.536012015,01:01,,,,
1.857269645,1.560176595,0.537086374,01:01,,,,
1.850534093,1.558755368,0.543530903,01:01,,,,
1.85244287,1.554295268,0.528779328,01:01,,,,
1.846735229,1.556523527,0.539532583,01:01,,,,
1.846735229,1.556523527,0.539532583,01:01,,,,
1.846089839,1.556186685,0.536024846,01:01,,,,
1.846564202,1.554988847,0.533303232,01:01,,,,
1.846564202,1.554988847,0.533303232,01:01,,,,
1.84262051,1.549369032,0.530181531,01:01,,,,
1.842469738,1.550580934,0.522487766,01:01,,,,
1.842469738,1.550580934,0.522487766,01:01,,,,
1.846792997,1.54927607,0.512431215,01:01,,,,
1.839444009,1.545615781,0.513463422,01:01,,,,
1.844580685,1.550814439,0.520410289,01:01,,,,
1.844580685,1.550814439,0.520410289,01:01,,,,
1.842565315,1.550974529,0.5227365,01:01,,,,
1.844882291,1.554009339,0.526909645,01:01,,,,
1.844882291,1.554009339,0.526909645,01:01,,,,
1.844647482,1.552652374,0.52583286,01:01,,,,
1.841282477,1.552123105,0.517912965,01:01,,,,
1.843409162,1.55116198,0.508407026,01:01,,,,
1.843603744,1.552621059,0.507611885,01:01,,,,
1.841906761,1.547249667,0.500522801,01:01,,,,
1.840411184,1.543717286,0.497432126,01:01,,,,
1.840411184,1.543717286,0.497432126,01:01,,,,
1.840411184,1.543717286,0.497432126,01:01,,,,
1.844501618,1.541332349,0.486335551,01:01,,,,
1.84444996,1.541601755,0.483748364,01:01,,,,
1.84444996,1.541601755,0.483748364,01:01,,,,
1.84444996,1.541601755,0.483748364,01:01,,,,
1.844290153,1.54000564,0.484554741,01:01,,,,
1.849273144,1.540235298,0.472102116,01:01,,,,
1.84935355,1.537589097,0.482973162,01:01,,,,
1.852083169,1.537977234,0.489226598,01:01,,,,
1.859078543,1.546305331,0.516240296,01:01,,,,
1.859769642,1.55056807,0.52637819,01:01,,,,
1.857592141,1.556893595,0.520218316,01:01,,,,
1.864290408,1.550711149,0.503167304,01:01,,,,
1.859292564,1.553261276,0.50715808,01:01,,,,
1.859292564,1.553261276,0.50715808,01:01,,,,
1.85508753,1.550361467,0.506406828,01:01,,,,
1.854693913,1.552200673,0.505946061,01:01,,,,
1.847035277,1.543234311,0.501584491,01:01,,,,
1.847035277,1.543234311,0.501584491,01:01,,,,
1.84467294,1.543215723,0.513081994,01:01,,,,
1.839071711,1.541205504,0.52777094,01:01,,,,
1.839214284,1.540692818,0.531927883,01:01,,,,
1.837781756,1.539703751,0.532578991,01:01,,,,
1.838196499,1.543958359,0.530187227,01:01,,,,
1.838147823,1.546056649,0.535784649,01:01,,,,
1.838043816,1.546289234,0.534084328,01:01,,,,
1.837394717,1.542649099,0.531102603,01:01,,,,
1.838293751,1.539788482,0.534226599,01:01,,,,
1.836890175,1.539731885,0.539839321,01:01,,,,
1.838699321,1.546322983,0.536394466,01:01,,,,
1.838699321,1.546322983,0.536394466,01:01,,,,
1.838699321,1.546322983,0.536394466,01:01,,,,
1.838699321,1.546322983,0.536394466,01:01,,,,
1.836950575,1.544235787,0.533803531,01:01,,,,
1.836950575,1.544235787,0.533803531,01:01,,,,
1.835374641,1.546725335,0.547244473,01:01,,,,
1.835007163,1.546301674,0.546745364,01:01,,,,
1.835110381,1.54708002,0.54637606,01:01,,,,
1.834985008,1.547505257,0.543190121,01:01,,,,
1.834984625,1.547349862,0.543227167,01:01,,,,
1.832302876,1.545187865,0.540635002,01:01,,,,
1.833715495,1.543300067,0.53783623,01:01,,,,
1.834365286,1.547546792,0.537952373,01:01,,,,
1.841122366,1.548281411,0.556592564,01:01,,,,
1.841122366,1.548281411,0.556592564,01:01,,,,
1.842087239,1.55539096,0.540817032,01:01,,,,
1.839306108,1.551523171,0.550145321,01:01,,,,
1.841983645,1.551031038,0.562324267,01:01,,,,
1.841769345,1.549136155,0.563390848,01:01,,,,
1.841769345,1.549136155,0.563390848,01:01,,,,
1.847311901,1.556390157,0.52896404,01:01,,,,
1.847311901,1.556390157,0.52896404,01:01,,,,
1.845472057,1.561852753,0.541434011,01:01,,,,
1.845064419,1.555252357,0.520793858,01:01,,,,
1.85392074,1.555819597,0.516196859,01:01,,,,
1.85392074,1.555819597,0.516196859,01:01,,,,
1.845197706,1.562344448,0.534801979,01:01,,,,
1.842582635,1.563688395,0.53446796,01:01,,,,
1.842582635,1.563688395,0.53446796,01:01,,,,
1.848074289,1.556868533,0.523355691,01:01,,,,
1.848074289,1.556868533,0.523355691,01:01,,,,
1.848074289,1.556868533,0.523355691,01:01,,,,
1.857513396,1.5557028,0.504811101,01:01,,,,
1.858225287,1.558326738,0.500474725,01:01,,,,
1.852156715,1.558267481,0.517166332,01:01,,,,
1.856671392,1.556490446,0.498130115,01:01,,,,
1.850649053,1.557083407,0.510302278,01:01,,,,
1.850723606,1.556836132,0.512470739,01:01,,,,
1.857356229,1.554705735,0.486676435,01:01,,,,
1.85687263,1.561487083,0.499472544,01:01,,,,
1.855119806,1.562082145,0.502614928,01:01,,,,
1.854263809,1.566862891,0.485373745,01:01,,,,
1.854871486,1.563496865,0.500278181,01:01,,,,
1.843903426,1.572272079,0.521866872,01:01,,,,
1.840525258,1.573157236,0.529616467,01:01,,,,
1.837693149,1.57715343,0.542154042,01:01,,,,
1.830050534,1.577187558,0.56192617,01:01,,,,
1.831570919,1.575968138,0.556490657,01:01,,,,
1.831057493,1.571379707,0.560258232,01:01,,,,
1.838974641,1.571195415,0.545107351,01:01,,,,
1.839436176,1.574858862,0.543027745,01:01,,,,
1.839436176,1.574858862,0.543027745,01:01,,,,
1.838947439,1.569114472,0.551339258,01:01,,,,
1.839489114,1.569729695,0.552062549,01:01,,,,
1.836796076,1.570052529,0.560586309,01:01,,,,
1.836796076,1.570052529,0.560586309,01:01,,,,
1.836796076,1.570052529,0.560586309,01:01,,,,
1.836796076,1.570052529,0.560586309,01:01,,,,
1.836796076,1.570052529,0.560586309,01:01,,,,
1.836796076,1.570052529,0.560586309,01:01,,,,
1.836263153,1.569933318,0.562655923,01:01,,,,
1.837969002,1.570067527,0.558686,01:01,,,,
1.835973427,1.570996958,0.562860847,01:01,,,,
1.83079874,1.568290876,0.56624434,01:01,,,,
1.832362988,1.563461315,0.564153918,01:01,,,,
1.836226116,1.562949639,0.556550899,01:01,,,,
1.834897116,1.56166789,0.5653529,01:01,,,,
1.835226389,1.565270353,0.57537755,01:01,,,,
1.834098373,1.564281821,0.576710677,01:01,,,,
1.834191624,1.564964556,0.576264244,01:01,,,,
1.834191624,1.564964556,0.576264244,01:01,,,,
1.835249202,1.564012844,0.572148793,01:01,,,,
1.833081842,1.561423934,0.568913664,01:01,,,,
1.837848546,1.563382334,0.566445043,01:01,,,,
1.837491402,1.560589975,0.568038982,01:01,,,,
1.836846729,1.562054954,0.568944538,01:01,,,,
1.837505393,1.562822792,0.569885567,01:01,,,,
1.836709338,1.567761287,0.570266339,01:01,,,,
1.833528553,1.562342113,0.569624439,01:01,,,,
1.834853778,1.562392328,0.574978414,01:01,,,,
1.834853778,1.562392328,0.574978414,01:01,,,,
1.835122767,1.565990897,0.572406925,01:01,,,,
1.830872682,1.567908547,0.581900145,01:01,,,,
1.831158726,1.569851621,0.580694296,01:01,,,,
1.83484337,1.56884195,0.574006954,01:01,,,,
1.83484337,1.56884195,0.574006954,01:01,,,,
1.83484337,1.56884195,0.574006954,01:01,,,,
1.83484337,1.56884195,0.574006954,01:01,,,,
1.83484337,1.56884195,0.574006954,01:01,,,,
1.835659327,1.568076388,0.570807102,01:01,,,,
1.842305298,1.564579568,0.553838383,01:01,,,,
1.842606249,1.558608717,0.539893028,01:01,,,,
1.847798141,1.566840762,0.545828784,01:01,,,,
1.852855611,1.564722971,0.541733208,01:01,,,,
1.852855611,1.564722971,0.541733208,01:01,,,,
1.83971361,1.57028898,0.587508947,01:01,,,,
1.83971361,1.57028898,0.587508947,01:01,,,,
1.85039561,1.567720114,0.539081174,01:01,,,,
1.84343119,1.58131812,0.527748316,01:01,,,,
1.839706052,1.577299082,0.528032561,01:01,,,,
1.839706052,1.577299082,0.528032561,01:01,,,,
1.840370734,1.572141648,0.527844324,01:01,,,,
1.840370734,1.572141648,0.527844324,01:01,,,,
1.840815276,1.565382787,0.528605519,01:01,,,,
1.843107963,1.568114019,0.532063273,01:01,,,,
1.842899459,1.56579479,0.539565998,01:01,,,,
1.841554875,1.562096523,0.546862462,01:01,,,,
1.833250739,1.555393283,0.542674694,01:01,,,,
1.83264842,1.550404676,0.545436534,01:01,,,,
1.839589518,1.56173151,0.55848885,01:01,,,,
1.841795821,1.560936835,0.559345859,01:01,,,,
1.844066834,1.560015324,0.557168665,01:01,,,,
1.847033266,1.561223554,0.5454399,01:01,,,,
1.844212527,1.555882411,0.553431993,01:01,,,,
1.842981976,1.554831335,0.567737485,01:01,,,,
1.843117191,1.555926872,0.567180777,01:01,,,,
1.837726736,1.554104962,0.555005042,01:01,,,,
1.83854437,1.555344907,0.540541115,01:01,,,,
1.836238453,1.549845258,0.545632874,01:01,,,,
1.836625627,1.548303293,0.557188885,01:01,,,,
1.836882543,1.551070502,0.547731641,01:01,,,,
1.836926059,1.550327974,0.557358826,01:01,,,,
1.836926059,1.550327974,0.557358826,01:01,,,,
1.832864247,1.547816511,0.553328952,01:01,,,,
1.832864247,1.547816511,0.553328952,01:01,,,,
1.832864247,1.547816511,0.553328952,01:01,,,,
1.832459408,1.54768724,0.553644083,01:01,,,,
1.83227455,1.546082031,0.554489369,01:01,,,,
1.832244411,1.54550735,0.549571322,01:01,,,,
1.832314125,1.54517848,0.552237141,01:01,,,,
1.83331395,1.545754394,0.552192651,01:01,,,,
1.837688707,1.545964467,0.542023939,01:01,,,,
1.837688707,1.545964467,0.542023939,01:01,,,,
1.836288864,1.54510416,0.538952283,01:01,,,,
1.836288864,1.54510416,0.538952283,01:01,,,,
1.834962048,1.546946863,0.53299103,01:01,,,,
1.82796772,1.551152097,0.548484809,01:01,,,,
1.831744406,1.552121621,0.545023313,01:01,,,,
1.831744406,1.552121621,0.545023313,01:01,,,,
1.838183716,1.54839714,0.527170418,01:01,,,,
1.830440028,1.550360075,0.544520927,01:01,,,,
1.830440028,1.550360075,0.544520927,01:01,,,,
1.825654082,1.548219216,0.546087253,01:01,,,,
1.825654082,1.548219216,0.546087253,01:01,,,,
1.825654082,1.548219216,0.546087253,01:01,,,,
1.829856406,1.549191785,0.556065831,01:01,,,,
1.8265718,1.54994903,0.563166476,01:01,,,,
1.823316837,1.548021588,0.591401481,01:01,,,,
1.823316837,1.548021588,0.591401481,01:01,,,,
1.823316837,1.548021588,0.591401481,01:01,,,,
1.82636109,1.547450407,0.584901707,01:01,,,,
1.825680748,1.546426527,0.581581703,01:01,,,,
1.826706483,1.542618702,0.606547825,01:01,,,,
1.829758729,1.54465172,0.603702996,01:01,,,,
1.829758729,1.54465172,0.603702996,01:01,,,,
1.829758729,1.54465172,0.603702996,01:01,,,,
1.826588325,1.544328962,0.607667986,01:01,,,,
1.826588325,1.544328962,0.607667986,01:01,,,,
1.833223046,1.543014654,0.596746901,01:01,,,,
1.831446762,1.544732649,0.604814727,01:01,,,,
1.834464156,1.548339012,0.609199188,01:01,,,,
1.834145578,1.545924519,0.610612588,01:01,,,,
1.834145578,1.545924519,0.610612588,01:01,,,,
1.834145578,1.545924519,0.610612588,01:01,,,,
1.828783192,1.552140364,0.59607891,01:01,,,,
1.827692639,1.5556497,0.601850441,01:01,,,,
1.832860143,1.556346654,0.558863676,01:01,,,,
1.838572911,1.557712064,0.540758696,01:01,,,,
1.838572911,1.557712064,0.540758696,01:01,,,,
1.838524529,1.557838972,0.539675512,01:01,,,,
1.841534566,1.555482396,0.531566309,01:01,,,,
1.841719483,1.552668664,0.541123333,01:01,,,,
1.841719483,1.552668664,0.541123333,01:01,,,,
1.844771676,1.55259789,0.540704674,01:01,,,,
1.850007345,1.550229087,0.525257155,01:01,,,,
1.850007345,1.550229087,0.525257155,01:01,,,,
1.850086153,1.547230647,0.519265671,01:01,,,,
1.85030253,1.546920385,0.522947222,01:01,,,,
1.85030253,1.546920385,0.522947222,01:01,,,,
1.846501762,1.548008647,0.531976406,01:01,,,,
1.84678655,1.548739309,0.53593154,01:01,,,,
1.851561353,1.550424882,0.536965184,01:01,,,,
1.846062819,1.545217162,0.542945117,01:01,,,,
1.84591404,1.549777812,0.534621962,01:01,,,,
1.84631194,1.553445181,0.532680525,01:01,,,,
1.84631194,1.553445181,0.532680525,01:01,,,,
1.84631194,1.553445181,0.532680525,01:01,,,,
1.846238186,1.554680071,0.528026577,01:01,,,,
1.846238186,1.554680071,0.528026577,01:01,,,,
1.847792008,1.558074299,0.521297253,01:01,,,,
1.853491099,1.556704753,0.508475279,01:01,,,,
1.859304185,1.553060568,0.496612616,01:01,,,,
1.858620044,1.552250595,0.495567951,01:01,,,,
1.854324157,1.550170387,0.499588142,01:01,,,,
1.857905407,1.552400269,0.494719331,01:01,,,,
1.858084318,1.551659883,0.501043449,01:01,,,,
1.858084318,1.551659883,0.501043449,01:01,,,,
1.859217753,1.548100536,0.4992025,01:01,,,,
1.851677513,1.549303921,0.514077276,01:01,,,,
1.85165032,1.549126128,0.51421223,01:01,,,,
1.856275627,1.556776422,0.516941071,01:01,,,,
1.855289649,1.556004757,0.509711403,01:01,,,,
1.855289649,1.556004757,0.509711403,01:01,,,,
1.853633237,1.556797037,0.504065767,01:01,,,,
1.856600733,1.56056414,0.508132738,01:01,,,,
1.846487143,1.563290334,0.530508944,01:01,,,,
1.846487143,1.563290334,0.530508944,01:01,,,,
1.846665567,1.563656446,0.544062307,01:01,,,,
1.846665567,1.563656446,0.544062307,01:01,,,,
1.858967954,1.559472679,0.513461494,01:01,,,,
1.858557811,1.559452283,0.504531333,01:01,,,,
1.850296413,1.566850072,0.522669308,01:01,,,,
1.850296413,1.566850072,0.522669308,01:01,,,,
1.850296413,1.566850072,0.522669308,01:01,,,,
1.852836768,1.564208215,0.51490556,01:01,,,,
1.852836768,1.564208215,0.51490556,01:01,,,,
1.847651012,1.556232679,0.518444339,01:01,,,,
1.845999133,1.552175591,0.517660435,01:01,,,,
1.846351294,1.550734349,0.529290825,01:01,,,,
1.84599891,1.547506575,0.530922613,01:01,,,,
1.846510063,1.545419919,0.546776109,01:01,,,,
1.846510063,1.545419919,0.546776109,01:01,,,,
1.844365986,1.55581165,0.576938217,01:01,,,,
1.853816145,1.556823751,0.555162434,01:01,,,,
1.8488288,1.553835999,0.574239939,01:01,,,,
1.8488288,1.553835999,0.574239939,01:01,,,,
1.8488288,1.553835999,0.574239939,01:01,,,,
1.848049945,1.547352223,0.577856203,01:01,,,,
1.83831717,1.549623336,0.598818695,01:01,,,,
1.83831717,1.549623336,0.598818695,01:01,,,,
1.83831717,1.549623336,0.598818695,01:01,,,,
1.809554996,1.54511014,0.643417459,01:01,,,,
1.809554996,1.54511014,0.643417459,01:01,,,,
1.825615104,1.548963897,0.597021812,01:01,,,,
1.825615104,1.548963897,0.597021812,01:01,,,,
1.825615104,1.548963897,0.597021812,01:01,,,,
1.84150986,1.538854274,0.543723545,01:01,,,,
1.84260527,1.547796181,0.538821593,01:01,,,,
1.838806409,1.541279961,0.527039974,01:01,,,,
1.849489972,1.554008958,0.543360999,01:01,,,,
1.849489972,1.554008958,0.543360999,01:01,,,,
1.850487363,1.559663872,0.534840828,01:01,,,,
1.836475933,1.557648814,0.532807039,01:01,,,,
1.83712818,1.558621261,0.543763422,01:01,,,,
1.83712818,1.558621261,0.543763422,01:01,,,,
1.833680731,1.560022603,0.553541983,01:01,,,,
1.844334395,1.572272897,0.553986262,01:01,,,,
1.844334395,1.572272897,0.553986262,01:01,,,,
1.838301439,1.571533219,0.566003496,01:01,,,,
1.838591331,1.564819433,0.5726493,01:01,,,,
1.837518378,1.563869534,0.569856705,01:01,,,,
1.837439597,1.56314398,0.570238549,01:01,,,,
1.840587672,1.561585886,0.551811388,01:01,,,,
1.845959872,1.568330801,0.550483281,01:01,,,,
1.847644898,1.568435761,0.557922071,01:01,,,,
1.841727309,1.571164073,0.557584116,01:01,,,,
1.841727309,1.571164073,0.557584116,01:01,,,,
1.841727309,1.571164073,0.557584116,01:01,,,,
1.841727309,1.571164073,0.557584116,01:01,,,,
1.841504065,1.571182656,0.557873423,01:01,,,,
1.841328776,1.569618167,0.558903664,01:01,,,,
1.840908882,1.570439426,0.554754593,01:01,,,,
1.844679104,1.569342837,0.548279443,01:01,,,,
1.842558974,1.567627367,0.551981505,01:01,,,,
1.842558974,1.567627367,0.551981505,01:01,,,,
1.842558974,1.567627367,0.551981505,01:01,,,,
1.836701418,1.566915698,0.559279672,01:01,,,,
1.837400266,1.565958673,0.559583097,01:01,,,,
1.841968019,1.566393416,0.548863669,01:01,,,,
1.838285889,1.561633801,0.546023655,01:01,,,,
1.838285889,1.561633801,0.546023655,01:01,,,,
1.837513373,1.557129046,0.547943895,01:01,,,,
1.835829178,1.556261874,0.552079214,01:01,,,,
1.844331455,1.55893823,0.53922654,01:01,,,,
1.843834909,1.560897312,0.523693249,01:01,,,,
1.847172564,1.565897341,0.527779881,01:01,,,,
1.841540499,1.556399802,0.526226915,01:01,,,,
1.841379113,1.557132538,0.52024716,01:01,,,,
1.841185547,1.556952198,0.520093551,01:01,,,,
1.839107328,1.559797623,0.517462937,01:01,,,,
1.829256432,1.5615974,0.539532976,01:01,,,,
1.829514457,1.563610411,0.538399776,01:01,,,,
1.830386042,1.565900216,0.549828611,01:01,,,,
1.819971097,1.564551232,0.55802453,01:01,,,,
1.8200639,1.564206007,0.560661472,01:01,,,,
1.83377965,1.556351529,0.523301916,01:01,,,,
1.83377965,1.556351529,0.523301916,01:01,,,,
1.83377965,1.556351529,0.523301916,01:01,,,,
1.836934508,1.558323905,0.523370216,01:01,,,,
1.839608803,1.561485493,0.527412607,01:01,,,,
1.842828795,1.557724225,0.546666412,01:01,,,,
1.845601526,1.560317826,0.539550319,01:01,,,,
1.845745325,1.559748767,0.54397502,01:01,,,,
1.843050221,1.556826756,0.553421163,01:01,,,,
1.843050221,1.556826756,0.553421163,01:01,,,,
1.843050221,1.556826756,0.553421163,01:01,,,,
1.845214764,1.554879453,0.546609,01:01,,,,
1.849328738,1.558796811,0.543957213,01:01,,,,
1.837756476,1.557303959,0.558374722,01:01,,,,
1.828251401,1.561238419,0.57864943,01:01,,,,
1.828251401,1.561238419,0.57864943,01:01,,,,
1.831719219,1.556309842,0.561458073,01:01,,,,
1.841757875,1.558784032,0.546483444,01:01,,,,
1.839850413,1.556849173,0.526966837,01:01,,,,
1.839748952,1.556181284,0.5274421,01:01,,,,
1.835779813,1.559837265,0.543296926,01:01,,,,
1.84158252,1.571601005,0.565656421,01:01,,,,
1.84158252,1.571601005,0.565656421,01:01,,,,
1.833071709,1.574961253,0.592916823,01:01,,,,
1.84306135,1.573833732,0.574434475,01:01,,,,
1.843695413,1.574027331,0.566776951,01:01,,,,
1.831585511,1.575265092,0.588790697,01:01,,,,
1.831092142,1.572230347,0.589517091,01:01,,,,
1.830203067,1.571162934,0.588187988,01:01,,,,
1.830864811,1.5719138,0.58918015,01:01,,,,
1.830359422,1.567900064,0.591582578,01:01,,,,
1.829605101,1.567048659,0.590603595,01:01,,,,
1.839003345,1.568300362,0.56821759,01:01,,,,
1.837511173,1.56565555,0.57145508,01:01,,,,
1.837511173,1.56565555,0.57145508,01:01,,,,
1.837511173,1.56565555,0.57145508,01:01,,,,
1.837511173,1.56565555,0.57145508,01:01,,,,
1.840123824,1.567623894,0.56582523,01:01,,,,
1.840123824,1.567623894,0.56582523,01:01,,,,
1.840123824,1.567623894,0.56582523,01:01,,,,
1.839606416,1.567454317,0.564466341,01:01,,,,
1.838920389,1.567701487,0.56211056,01:01,,,,
1.836684214,1.565842407,0.56088201,01:01,,,,
1.838306624,1.56691089,0.557275459,01:01,,,,
1.840646194,1.5673779,0.555442987,01:01,,,,
1.840646194,1.5673779,0.555442987,01:01,,,,
1.840822519,1.568223847,0.556698687,01:01,,,,
1.836794794,1.561465485,0.562890522,01:01,,,,
1.835936154,1.563220978,0.568802922,01:01,,,,
1.835995598,1.563559402,0.568523921,01:01,,,,
1.83476539,1.562104895,0.56673142,01:01,,,,
1.83286888,1.554503066,0.550015629,01:01,,,,
1.832809815,1.554661632,0.548678979,01:01,,,,
1.83016099,1.548208023,0.547540713,01:01,,,,
1.842705847,1.543071127,0.536321119,01:01,,,,
1.838520366,1.54225742,0.540853828,01:01,,,,
1.837634362,1.541225345,0.539594643,01:01,,,,
1.837835717,1.54304025,0.538668603,01:01,,,,
1.840136853,1.542945839,0.531913023,01:01,,,,
1.83857115,1.54309121,0.537962551,01:01,,,,
1.839081592,1.547581403,0.535615309,01:01,,,,
1.837222018,1.545385137,0.532940015,01:01,,,,
1.829714988,1.542016558,0.538436299,01:01,,,,
1.83886048,1.545932906,0.536485199,01:01,,,,
1.83886048,1.545932906,0.536485199,01:01,,,,
1.83886048,1.545932906,0.536485199,01:01,,,,
1.83886048,1.545932906,0.536485199,01:01,,,,
1.836443989,1.547387297,0.541693452,01:01,,,,
1.825255224,1.542005781,0.557702655,01:01,,,,
1.825255224,1.542005781,0.557702655,01:01,,,,
1.824474649,1.539183328,0.551187684,01:01,,,,
1.832263315,1.550345682,0.550028343,01:01,,,,
1.84543212,1.552197759,0.518179965,01:01,,,,
1.844482047,1.543705901,0.522696893,01:01,,,,
1.84483135,1.542247176,0.534231071,01:01,,,,
1.84483135,1.542247176,0.534231071,01:01,,,,
1.845641868,1.54952637,0.53044194,01:01,,,,
1.841740649,1.554092975,0.557788211,01:01,,,,
1.841740649,1.554092975,0.557788211,01:01,,,,
1.841740649,1.554092975,0.557788211,01:01,,,,
1.842731887,1.544406057,0.566396517,01:01,,,,
1.834478742,1.538293119,0.561640619,01:01,,,,
1.834478742,1.538293119,0.561640619,01:01,,,,
1.833199761,1.547139232,0.560408351,01:01,,,,
1.831971447,1.551076022,0.552846452,01:01,,,,
1.844879847,1.561060121,0.554335282,01:01,,,,
1.84442585,1.557418813,0.556306719,01:01,,,,
1.84343764,1.557390976,0.548493449,01:01,,,,
1.849482685,1.568092002,0.55591724,01:01,,,,
1.849482685,1.568092002,0.55591724,01:01,,,,
1.846051627,1.568233429,0.569652032,01:01,,,,
1.846051627,1.568233429,0.569652032,01:01,,,,
1.846051627,1.568233429,0.569652032,01:01,,,,
1.848767971,1.574140763,0.561429085,01:01,,,,
1.848767971,1.574140763,0.561429085,01:01,,,,
1.848767971,1.574140763,0.561429085,01:01,,,,
1.849856194,1.57542331,0.563041374,01:01,,,,
1.849084487,1.57577847,0.563428616,01:01,,,,
1.849084487,1.57577847,0.563428616,01:01,,,,
1.851910396,1.57239301,0.551840047,01:01,,,,
1.847832318,1.570982828,0.559355426,01:01,,,,
1.848477638,1.571799528,0.559648386,01:01,,,,
1.847326947,1.571832484,0.56236655,01:01,,,,
1.847326947,1.571832484,0.56236655,01:01,,,,
1.847326947,1.571832484,0.56236655,01:01,,,,
1.847326947,1.571832484,0.56236655,01:01,,,,
1.847326947,1.571832484,0.56236655,01:01,,,,
1.844893239,1.574442291,0.572834091,01:01,,,,
1.844810954,1.573672892,0.573222148,01:01,,,,
1.843442124,1.572626949,0.575693402,01:01,,,,
1.843883483,1.575091457,0.573855719,01:01,,,,
1.843994829,1.575207997,0.572371809,01:01,,,,
1.843994829,1.575207997,0.572371809,01:01,,,,
1.843950959,1.574937138,0.572581068,01:01,,,,
1.840710185,1.571568403,0.571189331,01:01,,,,
1.839569492,1.570225675,0.569502979,01:01,,,,
1.838593855,1.57004579,0.567593771,01:01,,,,
1.841925908,1.573285529,0.570623573,01:01,,,,
1.837748431,1.570871505,0.577875211,01:01,,,,
1.83760234,1.571347674,0.574446616,01:01,,,,
1.837954418,1.571250052,0.5737007,01:01,,,,
1.837954418,1.571250052,0.5737007,01:01,,,,
1.83562707,1.568533046,0.570312644,01:01,,,,
1.83562707,1.568533046,0.570312644,01:01,,,,
1.834100764,1.566169617,0.570993801,01:01,,,,
1.834100764,1.566169617,0.570993801,01:01,,,,
1.832269273,1.562225446,0.577553713,01:01,,,,
1.832269273,1.562225446,0.577553713,01:01,,,,
1.835162185,1.561208698,0.573958613,01:01,,,,
1.833477238,1.561714385,0.599186211,01:01,,,,
1.839625427,1.568915307,0.607984563,01:01,,,,
1.839717706,1.568584823,0.610053756,01:01,,,,
1.833579909,1.561412604,0.601261379,01:01,,,,
1.833927945,1.561287701,0.600566845,01:01,,,,
1.833927945,1.561287701,0.600566845,01:01,,,,
1.829908457,1.557057938,0.596006021,01:01,,,,
1.829908457,1.557057938,0.596006021,01:01,,,,
1.828453216,1.557372517,0.599029446,01:01,,,,
1.828242562,1.558191516,0.593810686,01:01,,,,
1.829200092,1.556525842,0.589672297,01:01,,,,
1.831935997,1.562354562,0.600294912,01:01,,,,
1.832318772,1.561056124,0.608397557,01:01,,,,
1.832318772,1.561056124,0.608397557,01:01,,,,
1.834635681,1.550475858,0.606597826,01:01,,,,
1.83421417,1.547199035,0.608473746,01:01,,,,
1.835439551,1.546936877,0.605950958,01:01,,,,
1.834593987,1.540404202,0.609799891,01:01,,,,
1.837485342,1.530024187,0.578488765,01:01,,,,
1.837485342,1.530024187,0.578488765,01:01,,,,
1.826114853,1.516472895,0.560979799,01:01,,,,
1.826114853,1.516472895,0.560979799,01:01,,,,
1.83094947,1.515315379,0.550270924,01:01,,,,
1.832026052,1.528674296,0.534934743,01:01,,,,
1.839727121,1.537738794,0.546425001,01:01,,,,
1.829896176,1.53521887,0.537688364,01:01,,,,
1.829896176,1.53521887,0.537688364,01:01,,,,
1.834101562,1.548778426,0.532608176,01:01,,,,
1.833866218,1.547200065,0.533559852,01:01,,,,
1.837882982,1.549545423,0.552142121,01:01,,,,
1.837882982,1.549545423,0.552142121,01:01,,,,
1.840210427,1.545463564,0.540139083,01:01,,,,
1.845366737,1.549867364,0.543674641,01:01,,,,
1.842335164,1.542113374,0.528299414,01:01,,,,
1.842353165,1.545086843,0.520293207,01:01,,,,
1.842353165,1.545086843,0.520293207,01:01,,,,
1.848330425,1.54954125,0.536871207,01:01,,,,
1.848460048,1.548899676,0.541791822,01:01,,,,
1.836735237,1.549816031,0.550197959,01:01,,,,
1.830556269,1.54412314,0.553379097,01:01,,,,
1.8277068,1.540730489,0.549054222,01:01,,,,
1.827731056,1.541055628,0.548838237,01:01,,,,
1.829136321,1.54233801,0.559236411,01:01,,,,
1.830098032,1.539839596,0.551224849,01:01,,,,
1.827697635,1.540657218,0.557077921,01:01,,,,
1.827697635,1.540657218,0.557077921,01:01,,,,
1.828740291,1.542827459,0.551485937,01:01,,,,
1.831578227,1.540479406,0.548296071,01:01,,,,
1.831578227,1.540479406,0.548296071,01:01,,,,
1.839210978,1.53955954,0.517688776,01:01,,,,
1.839210978,1.53955954,0.517688776,01:01,,,,
1.839210978,1.53955954,0.517688776,01:01,,,,
1.844320113,1.547792391,0.525820252,01:01,,,,
1.844352852,1.548041853,0.526522207,01:01,,,,
1.841638977,1.550137645,0.523245201,01:01,,,,
1.842609569,1.542843391,0.542954288,01:01,,,,
1.842609569,1.542843391,0.542954288,01:01,,,,
1.84326331,1.548236778,0.540006371,01:01,,,,
1.843058575,1.549649025,0.529184841,01:01,,,,
1.84088848,1.550102919,0.534260786,01:01,,,,
1.840771305,1.550566654,0.530656313,01:01,,,,
1.835291744,1.556769873,0.544406381,01:01,,,,
1.835429504,1.557852901,0.543815554,01:01,,,,
1.840010738,1.555655531,0.529092453,01:01,,,,
1.839573696,1.551696452,0.531223313,01:01,,,,
1.839695195,1.551083512,0.535892215,01:01,,,,
1.841991252,1.544454847,0.530926833,01:01,,,,
1.835551825,1.553893094,0.540028113,01:01,,,,
1.844230281,1.554216717,0.5245666,01:01,,,,
1.849003074,1.556105051,0.515882538,01:01,,,,
1.851066476,1.557951498,0.522219893,01:01,,,,
1.851191944,1.559016841,0.521670452,01:01,,,,
1.851067464,1.558306223,0.515622685,01:01,,,,
1.854711572,1.564570316,0.518228259,01:01,,,,
1.854711572,1.564570316,0.518228259,01:01,,,,
1.854711572,1.564570316,0.518228259,01:01,,,,
1.849983383,1.562938028,0.488902839,01:01,,,,
1.84998273,1.56506673,0.487331429,01:01,,,,
1.840593015,1.566829614,0.516839474,01:01,,,,
1.839438622,1.571314446,0.539750547,01:01,,,,
1.839438622,1.571314446,0.539750547,01:01,,,,
1.839438622,1.571314446,0.539750547,01:01,,,,
1.842843811,1.572198116,0.547348549,01:01,,,,
1.842419239,1.573962658,0.533645139,01:01,,,,
1.848494604,1.580543029,0.525366687,01:01,,,,
1.833860048,1.572638263,0.514054821,01:01,,,,
1.836321451,1.563620075,0.49112807,01:01,,,,
1.836321451,1.563620075,0.49112807,01:01,,,,
1.847671307,1.564706876,0.4749897,01:01,,,,
1.848015415,1.567906507,0.47339202,01:01,,,,
1.851829749,1.561307952,0.488621055,01:01,,,,
1.851829749,1.561307952,0.488621055,01:01,,,,
1.856020229,1.567990797,0.489848241,01:01,,,,
1.851387275,1.559677229,0.497462109,01:01,,,,
1.850496885,1.560779885,0.482242627,01:01,,,,
1.850242549,1.558372985,0.48348358,01:01,,,,
1.851082817,1.561330868,0.513300389,01:01,,,,
1.847327755,1.554093533,0.519344021,01:01,,,,
1.847327755,1.554093533,0.519344021,01:01,,,,
1.851514241,1.553058483,0.514914879,01:01,,,,
1.848719135,1.556227953,0.52963402,01:01,,,,
1.848719135,1.556227953,0.52963402,01:01,,,,
1.848719135,1.556227953,0.52963402,01:01,,,,
1.848449714,1.555227696,0.529822439,01:01,,,,
1.853720308,1.562599337,0.531283917,01:01,,,,
1.850218195,1.558258234,0.527404591,01:01,,,,
1.853774806,1.562431087,0.532592595,01:01,,,,
1.852358564,1.562746954,0.535865104,01:01,,,,
1.852526895,1.563094763,0.534257835,01:01,,,,
1.852526895,1.563094763,0.534257835,01:01,,,,
1.852986386,1.565175333,0.544406165,01:01,,,,
1.852986386,1.565175333,0.544406165,01:01,,,,
1.858213694,1.567810689,0.533224879,01:01,,,,
1.858213694,1.567810689,0.533224879,01:01,,,,
1.853892592,1.567345422,0.539005569,01:01,,,,
1.857251642,1.563645825,0.527892839,01:01,,,,
1.857411808,1.564151751,0.527355546,01:01,,,,
1.857419981,1.564076066,0.527893262,01:01,,,,
1.857419981,1.564076066,0.527893262,01:01,,,,
1.857308859,1.564916131,0.531329662,01:01,,,,
1.856206702,1.567283507,0.537465355,01:01,,,,
1.856272893,1.567171174,0.53848009,01:01,,,,
1.85612295,1.566081496,0.539010982,01:01,,,,
1.854033582,1.563522922,0.526774257,01:01,,,,
1.854033582,1.563522922,0.526774257,01:01,,,,
1.854343414,1.564252412,0.530734592,01:01,,,,
1.854771591,1.56360559,0.532351401,01:01,,,,
1.858292607,1.564242252,0.521845905,01:01,,,,
1.850640453,1.56247586,0.532780181,01:01,,,,
1.853519337,1.565866611,0.537043199,01:01,,,,
1.852190554,1.562113038,0.530351557,01:01,,,,
1.852190554,1.562113038,0.530351557,01:01,,,,
1.853885785,1.563537015,0.516739394,01:01,,,,
1.854968621,1.565511473,0.517830616,01:01,,,,
1.859128602,1.560226852,0.50875487,01:01,,,,
1.859128602,1.560226852,0.50875487,01:01,,,,
1.859031445,1.560556261,0.505908991,01:01,,,,
1.857673619,1.560932922,0.509130153,01:01,,,,
1.857540561,1.559952948,0.509682413,01:01,,,,
1.858369731,1.56024463,0.502569705,01:01,,,,
1.858369731,1.56024463,0.502569705,01:01,,,,
1.857231372,1.558890649,0.500839084,01:01,,,,
1.855290444,1.55662228,0.497983532,01:01,,,,
1.842364147,1.559487217,0.533026554,01:01,,,,
1.843142844,1.560376263,0.534154563,01:01,,,,
1.831819314,1.567970771,0.547991804,01:01,,,,
1.831819314,1.567970771,0.547991804,01:01,,,,
1.831819314,1.567970771,0.547991804,01:01,,,,
1.831819314,1.567970771,0.547991804,01:01,,,,
1.833932625,1.565244692,0.537587766,01:01,,,,
1.835359174,1.569785232,0.565955061,01:01,,,,
1.849137166,1.57737317,0.563696328,01:01,,,,
1.849168474,1.574842195,0.571276054,01:01,,,,
1.845808632,1.5707451,0.553514152,01:01,,,,
1.845506998,1.570399442,0.559066428,01:01,,,,
1.845506998,1.570399442,0.559066428,01:01,,,,
1.845506998,1.570399442,0.559066428,01:01,,,,
1.846972459,1.569943048,0.53783662,01:01,,,,
1.853024151,1.577616984,0.556349574,01:01,,,,
1.85349987,1.582622881,0.550535488,01:01,,,,
1.85199779,1.577172842,0.554195179,01:01,,,,
1.849463517,1.575480826,0.567275365,01:01,,,,
1.847791173,1.570362717,0.56982856,01:01,,,,
1.848002331,1.572247881,0.568643569,01:01,,,,
1.849146597,1.573366911,0.570491405,01:01,,,,
1.848368569,1.572625948,0.567771675,01:01,,,,
1.848368569,1.572625948,0.567771675,01:01,,,,
1.848049029,1.572348808,0.569343973,01:01,,,,
1.853167139,1.572238017,0.563686306,01:01,,,,
1.852168367,1.571067464,0.562265126,01:01,,,,
1.852168367,1.571067464,0.562265126,01:01,,,,
1.852168367,1.571067464,0.562265126,01:01,,,,
1.852441191,1.569950221,0.561565592,01:01,,,,
1.852441191,1.569950221,0.561565592,01:01,,,,
1.852441191,1.569950221,0.561565592,01:01,,,,
1.852441191,1.569950221,0.561565592,01:01,,,,
1.851766224,1.564937447,0.56021176,01:01,,,,
1.85067319,1.56591196,0.555514846,01:01,,,,
1.85067319,1.56591196,0.555514846,01:01,,,,
1.850568335,1.565138406,0.555905933,01:01,,,,
1.850568335,1.565138406,0.555905933,01:01,,,,
1.849887708,1.563583316,0.555579133,01:01,,,,
1.847856793,1.56327536,0.557972098,01:01,,,,
1.848103476,1.566402714,0.556623843,01:01,,,,
1.847145711,1.562220434,0.559530274,01:01,,,,
1.847475273,1.562594917,0.56005616,01:01,,,,
1.847475273,1.562594917,0.56005616,01:01,,,,
1.847317197,1.561631765,0.560556934,01:01,,,,
1.843431305,1.55963616,0.561622056,01:01,,,,
1.848263702,1.560496469,0.554735613,01:01,,,,
1.848263702,1.560496469,0.554735613,01:01,,,,
1.844506444,1.558817562,0.555050574,01:01,,,,
1.844506444,1.558817562,0.555050574,01:01,,,,
1.844528406,1.558061838,0.557613597,01:01,,,,
1.847888013,1.556548322,0.550176934,01:01,,,,
1.846037526,1.554895726,0.551785559,01:01,,,,
1.846293195,1.553842838,0.559638641,01:01,,,,
1.835554123,1.540889001,0.533583543,01:01,,,,
1.835244226,1.538010461,0.535123188,01:01,,,,
1.834143627,1.538683548,0.533840199,01:01,,,,
1.835494191,1.543922145,0.527186494,01:01,,,,
1.835494191,1.543922145,0.527186494,01:01,,,,
1.835494191,1.543922145,0.527186494,01:01,,,,
1.835494191,1.543922145,0.527186494,01:01,,,,
1.835494191,1.543922145,0.527186494,01:01,,,,
1.835494191,1.543922145,0.527186494,01:01,,,,
1.836347804,1.551986551,0.543107705,01:01,,,,
1.834778149,1.550310224,0.554538347,01:01,,,,
1.839497756,1.55406265,0.563027797,01:01,,,,
1.840065681,1.558902188,0.560348013,01:01,,,,
1.829046258,1.562183495,0.579776402,01:01,,,,
1.829046258,1.562183495,0.579776402,01:01,,,,
1.82336732,1.556973203,0.573915278,01:01,,,,
1.82336732,1.556973203,0.573915278,01:01,,,,
1.831602975,1.567289924,0.581727465,01:01,,,,
1.843312618,1.572193131,0.555609181,01:01,,,,
1.843312618,1.572193131,0.555609181,01:01,,,,
1.840251423,1.563770771,0.549379277,01:01,,,,
1.853115326,1.569231054,0.538614204,01:01,,,,
1.84458884,1.579474434,0.567732125,01:01,,,,
1.845823678,1.575897794,0.578946904,01:01,,,,
1.846041305,1.56730084,0.572160831,01:01,,,,
1.843044032,1.563824174,0.567845217,01:01,,,,
1.835766718,1.564331491,0.563341617,01:01,,,,
1.836281405,1.568369769,0.56102374,01:01,,,,
1.836275742,1.567752331,0.564372805,01:01,,,,
1.835808842,1.571349149,0.561916052,01:01,,,,
1.835808842,1.571349149,0.561916052,01:01,,,,
1.834491588,1.569967938,0.578832874,01:01,,,,
1.835252981,1.568592663,0.578445751,01:01,,,,
1.835252981,1.568592663,0.578445751,01:01,,,,
1.832897818,1.569929553,0.573325473,01:01,,,,
1.832192721,1.569090817,0.572307575,01:01,,,,
1.834478259,1.566575017,0.570296025,01:01,,,,
1.834478259,1.566575017,0.570296025,01:01,,,,
1.83628628,1.566545282,0.563070369,01:01,,,,
1.83710448,1.560990012,0.561684637,01:01,,,,
1.83710448,1.560990012,0.561684637,01:01,,,,
1.835045387,1.561498481,0.566300526,01:01,,,,
1.835349318,1.565223379,0.560883699,01:01,,,,
1.834488595,1.561250716,0.56178003,01:01,,,,
1.837524018,1.56049516,0.553768474,01:01,,,,
1.837524018,1.56049516,0.553768474,01:01,,,,
1.837524018,1.56049516,0.553768474,01:01,,,,
1.837187673,1.560111184,0.553281676,01:01,,,,
1.832027882,1.549048296,0.541819494,01:01,,,,
1.831326957,1.548221354,0.540677587,01:01,,,,
1.830880473,1.548571992,0.540108296,01:01,,,,
1.830880473,1.548571992,0.540108296,01:01,,,,
1.83076094,1.549070444,0.536139305,01:01,,,,
1.830254828,1.548329442,0.539881164,01:01,,,,
1.830365247,1.547888521,0.540605911,01:01,,,,
1.830614207,1.54817675,0.540896174,01:01,,,,
1.830614207,1.54817675,0.540896174,01:01,,,,
1.830994413,1.548316818,0.543213489,01:01,,,,
1.837568545,1.555362235,0.55097168,01:01,,,,
1.83043896,1.546950994,0.540359997,01:01,,,,
1.829990786,1.542466338,0.544890444,01:01,,,,
1.830970426,1.538919567,0.538097424,01:01,,,,
1.829058437,1.535075184,0.536519686,01:01,,,,
1.829735181,1.5362873,0.522585253,01:01,,,,
1.829512773,1.530631269,0.533044666,01:01,,,,
1.83037867,1.531693429,0.53460941,01:01,,,,
1.827406905,1.534564492,0.534690999,01:01,,,,
1.827406905,1.534564492,0.534690999,01:01,,,,
1.826924689,1.530485,0.536915196,01:01,,,,
1.827137132,1.529625361,0.543798513,01:01,,,,
1.83067944,1.537546664,0.556223175,01:01,,,,
1.831877399,1.538963814,0.558089446,01:01,,,,
1.832352917,1.534670819,0.558127023,01:01,,,,
1.834339718,1.535997488,0.565182174,01:01,,,,
1.833826068,1.53194665,0.567441703,01:01,,,,
1.83392656,1.534263557,0.582619353,01:01,,,,
1.83392656,1.534263557,0.582619353,01:01,,,,
1.83392656,1.534263557,0.582619353,01:01,,,,
1.844995357,1.548740925,0.571915041,01:01,,,,
1.840483387,1.5506891,0.57463397,01:01,,,,
1.840483387,1.5506891,0.57463397,01:01,,,,
1.840483387,1.5506891,0.57463397,01:01,,,,
1.840483387,1.5506891,0.57463397,01:01,,,,
1.849436013,1.550484787,0.555077017,01:01,,,,
1.849436013,1.550484787,0.555077017,01:01,,,,
1.849436013,1.550484787,0.555077017,01:01,,,,
1.850967136,1.552288347,0.557323379,01:01,,,,
1.850646918,1.558218865,0.535425297,01:01,,,,
1.848329033,1.558530223,0.543102046,01:01,,,,
1.848329033,1.558530223,0.543102046,01:01,,,,
1.84848593,1.557932132,0.547611876,01:01,,,,
1.849283575,1.561063569,0.543414091,01:01,,,,
1.837158979,1.556959439,0.539436527,01:01,,,,
1.837158979,1.556959439,0.539436527,01:01,,,,
1.838078306,1.560322953,0.543038439,01:01,,,,
1.839122123,1.558806131,0.541108706,01:01,,,,
1.839596625,1.558426279,0.54688804,01:01,,,,
1.839814997,1.560375543,0.54588547,01:01,,,,
1.839496708,1.559953726,0.54106473,01:01,,,,
1.840327586,1.559973338,0.537435018,01:01,,,,
1.8408559,1.560828632,0.529353522,01:01,,,,
1.844620117,1.562816085,0.538212878,01:01,,,,
1.844620117,1.562816085,0.538212878,01:01,,,,
1.843359711,1.561289437,0.536309912,01:01,,,,
1.843359711,1.561289437,0.536309912,01:01,,,,
1.843386461,1.561233614,0.537044841,01:01,,,,
1.843386461,1.561233614,0.537044841,01:01,,,,
1.843386461,1.561233614,0.537044841,01:01,,,,
1.842986038,1.561197198,0.536107411,01:01,,,,
1.842986038,1.561197198,0.536107411,01:01,,,,
1.842986038,1.561197198,0.536107411,01:01,,,,
1.843344175,1.557283743,0.540198417,01:01,,,,
1.842219989,1.555938346,0.539368554,01:01,,,,
1.842219989,1.555938346,0.539368554,01:01,,,,
1.845376517,1.55525961,0.531251707,01:01,,,,
1.845376517,1.55525961,0.531251707,01:01,,,,
1.844383775,1.554117447,0.529817499,01:01,,,,
1.844082869,1.553491255,0.531689571,01:01,,,,
1.845508498,1.554844484,0.532476032,01:01,,,,
1.845943516,1.553878146,0.526973735,01:01,,,,
1.846333584,1.553328538,0.524028417,01:01,,,,
1.847213239,1.554202032,0.526215234,01:01,,,,
1.847217188,1.554318032,0.525426415,01:01,,,,
1.850488843,1.553388419,0.518704808,01:01,,,,
1.85128744,1.553729205,0.520702318,01:01,,,,
1.85512688,1.558115901,0.52468926,01:01,,,,
1.853773278,1.556503171,0.522728384,01:01,,,,
1.853373609,1.556159347,0.514953518,01:01,,,,
1.852624839,1.555322007,0.513840236,01:01,,,,
1.858102828,1.560325026,0.527909621,01:01,,,,
1.857887584,1.558245194,0.529747058,01:01,,,,
1.859168133,1.554828711,0.516859826,01:01,,,,
1.853559579,1.551213501,0.517791099,01:01,,,,
1.856793876,1.555136038,0.522490912,01:01,,,,
1.856858716,1.555831092,0.522120014,01:01,,,,
1.853218145,1.554620804,0.517689833,01:01,,,,
1.853130197,1.554895458,0.51562807,01:01,,,,
1.853130197,1.554895458,0.51562807,01:01,,,,
1.853130197,1.554895458,0.51562807,01:01,,,,
1.853130197,1.554895458,0.51562807,01:01,,,,
1.853130197,1.554895458,0.51562807,01:01,,,,
1.841423317,1.550714042,0.530243094,01:01,,,,
1.844377522,1.553430969,0.530714015,01:01,,,,
1.844377522,1.553430969,0.530714015,01:01,,,,
1.842097324,1.550701897,0.527207634,01:01,,,,
1.831267546,1.553172879,0.554024853,01:01,,,,
1.831267546,1.553172879,0.554024853,01:01,,,,
1.833555528,1.555873629,0.557481846,01:01,,,,
1.841036961,1.552053142,0.550726476,01:01,,,,
1.818647203,1.55161226,0.564456866,01:01,,,,
1.807022951,1.551928511,0.607774988,01:01,,,,
1.821525095,1.548484956,0.585023334,01:01,,,,
1.830374703,1.5495251,0.547730399,01:01,,,,
1.830662371,1.548319381,0.556787543,01:01,,,,
1.82621922,1.543686925,0.549377862,01:01,,,,
1.82017313,1.544929747,0.579489786,01:01,,,,
1.837610973,1.535682001,0.534525685,01:01,,,,
1.837610973,1.535682001,0.534525685,01:01,,,,
1.827474895,1.542283126,0.564911518,01:01,,,,
1.81722054,1.54067926,0.586879124,01:01,,,,
1.81722054,1.54067926,0.586879124,01:01,,,,
1.824437436,1.540768947,0.576745049,01:01,,,,
1.827973475,1.542843946,0.566810069,01:01,,,,
1.825529141,1.54341317,0.576153854,01:01,,,,
1.825594041,1.543688412,0.576414191,01:01,,,,
1.828542643,1.542491244,0.57254138,01:01,,,,
1.828240979,1.542980175,0.570734652,01:01,,,,
1.828240979,1.542980175,0.570734652,01:01,,,,
1.831800913,1.541444972,0.566517129,01:01,,,,
1.835022395,1.54256943,0.560662218,01:01,,,,
1.835022395,1.54256943,0.560662218,01:01,,,,
1.844211657,1.548483622,0.546575371,01:01,,,,
1.844211657,1.548483622,0.546575371,01:01,,,,
1.844211657,1.548483622,0.546575371,01:01,,,,
1.845572701,1.548416054,0.548534665,01:01,,,,
1.845572701,1.548416054,0.548534665,01:01,,,,
1.846276127,1.550062885,0.548297301,01:01,,,,
1.844630026,1.551122281,0.55369056,01:01,,,,
1.844630026,1.551122281,0.55369056,01:01,,,,
1.846744095,1.550608937,0.548979954,01:01,,,,
1.846744095,1.550608937,0.548979954,01:01,,,,
1.85076065,1.55540097,0.554969459,01:01,,,,
1.849698739,1.557384586,0.559657075,01:01,,,,
1.845025978,1.553449278,0.555612528,01:01,,,,
1.84804378,1.558107471,0.56182598,01:01,,,,
1.851309633,1.559310618,0.559496353,01:01,,,,
1.847297224,1.560599211,0.56610243,01:01,,,,
1.847297224,1.560599211,0.56610243,01:01,,,,
1.847297224,1.560599211,0.56610243,01:01,,,,
1.850728206,1.56098076,0.543501025,01:01,,,,
1.850728206,1.56098076,0.543501025,01:01,,,,
1.841655874,1.555802833,0.545994053,01:01,,,,
1.84145874,1.554043757,0.539831957,01:01,,,,
1.84145874,1.554043757,0.539831957,01:01,,,,
1.841358187,1.553214879,0.540301894,01:01,,,,
1.843078509,1.554415098,0.543607856,01:01,,,,
1.844887005,1.554087628,0.536563012,01:01,,,,
1.847084357,1.55355042,0.531596058,01:01,,,,
1.844841863,1.558253268,0.540226203,01:01,,,,
1.842567652,1.555553078,0.536777202,01:01,,,,
1.849477237,1.563707258,0.547127148,01:01,,,,
1.850222567,1.567205903,0.566927876,01:01,,,,
1.850222567,1.567205903,0.566927876,01:01,,,,
1.850222567,1.567205903,0.566927876,01:01,,,,
1.809942285,1.569842395,0.62422057,01:01,,,,
1.809942285,1.569842395,0.62422057,01:01,,,,
1.783929212,1.56949845,0.647016135,01:01,,,,
1.825640307,1.55769077,0.532782201,01:01,,,,
1.825947878,1.556519342,0.541770068,01:01,,,,
1.825947878,1.556519342,0.541770068,01:01,,,,
1.83951544,1.56162751,0.527996177,01:01,,,,
1.83951544,1.56162751,0.527996177,01:01,,,,
1.83951544,1.56162751,0.527996177,01:01,,,,
1.839230768,1.559175643,0.529305103,01:01,,,,
1.852871082,1.567760393,0.503997691,01:01,,,,
1.852871082,1.567760393,0.503997691,01:01,,,,
1.852871082,1.567760393,0.503997691,01:01,,,,
1.827199137,1.563037636,0.527555009,01:01,,,,
1.840531309,1.570289664,0.519936868,01:01,,,,
1.836659689,1.565751399,0.514318984,01:01,,,,
1.835871012,1.569682942,0.515229855,01:01,,,,
1.820672896,1.568763126,0.541174469,01:01,,,,
1.834255693,1.561511278,0.517877558,01:01,,,,
1.835489457,1.561232014,0.515118566,01:01,,,,
1.835857672,1.56151424,0.508497179,01:01,,,,
1.825295689,1.561178059,0.539217323,01:01,,,,
1.829948889,1.565265283,0.542549668,01:01,,,,
1.830155071,1.566865565,0.541577054,01:01,,,,
1.8321041,1.561509545,0.522871086,01:01,,,,
1.832201605,1.560958091,0.521091931,01:01,,,,
1.829649565,1.560579827,0.515118003,01:01,,,,
1.822718645,1.551941382,0.505737277,01:01,,,,
1.821760181,1.552261863,0.517766913,01:01,,,,
1.822162337,1.55086169,0.529063537,01:01,,,,
1.822138428,1.551015437,0.529020155,01:01,,,,
1.822138428,1.551015437,0.529020155,01:01,,,,
1.825986933,1.553331827,0.533572367,01:01,,,,
1.825986933,1.553331827,0.533572367,01:01,,,,
1.824343092,1.554984889,0.53864115,01:01,,,,
1.829528438,1.560852365,0.54555058,01:01,,,,
1.820871534,1.554240232,0.542125014,01:01,,,,
1.821311596,1.552496471,0.55483357,01:01,,,,
1.821311596,1.552496471,0.55483357,01:01,,,,
1.821311596,1.552496471,0.55483357,01:01,,,,
1.821311596,1.552496471,0.55483357,01:01,,,,
1.825176195,1.556849196,0.556042957,01:01,,,,
1.825176195,1.556849196,0.556042957,01:01,,,,
1.823774109,1.553561887,0.547810424,01:01,,,,
1.82315625,1.551998715,0.546212291,01:01,,,,
1.830494594,1.555317972,0.551479739,01:01,,,,
1.831243591,1.552623669,0.553612697,01:01,,,,
1.833640303,1.553082781,0.553288204,01:01,,,,
1.833371705,1.552435961,0.554730793,01:01,,,,
1.833371705,1.552435961,0.554730793,01:01,,,,
1.827966766,1.550550466,0.566996774,01:01,,,,
1.828276105,1.553180883,0.565539176,01:01,,,,
1.827285464,1.55078084,0.559070674,01:01,,,,
1.827011044,1.548161395,0.560498862,01:01,,,,
1.828420284,1.550343958,0.566846455,01:01,,,,
1.827069065,1.549555723,0.57874511,01:01,,,,
1.827069065,1.549555723,0.57874511,01:01,,,,
1.829947889,1.548704508,0.572683262,01:01,,,,
1.839978535,1.547071396,0.554328405,01:01,,,,
1.844125324,1.553435116,0.564257786,01:01,,,,
1.843872158,1.551626388,0.565290961,01:01,,,,
1.838743124,1.5455408,0.557603449,01:01,,,,
1.84243081,1.537224405,0.538033847,01:01,,,,
1.841933991,1.53943779,0.520743889,01:01,,,,
1.846752952,1.542251896,0.525644314,01:01,,,,
1.847004551,1.535521908,0.507272434,01:01,,,,
1.847004551,1.535521908,0.507272434,01:01,,,,
1.847004551,1.535521908,0.507272434,01:01,,,,
1.853496774,1.532961575,0.490588425,01:01,,,,
1.853496774,1.532961575,0.490588425,01:01,,,,
1.853496774,1.532961575,0.490588425,01:01,,,,
1.854369968,1.534089325,0.492044269,01:01,,,,
1.854976832,1.531524927,0.513730194,01:01,,,,
1.854976832,1.531524927,0.513730194,01:01,,,,
1.852317663,1.530834642,0.513737058,01:01,,,,
1.83483476,1.544120324,0.562448305,01:01,,,,
1.83483476,1.544120324,0.562448305,01:01,,,,
1.83483476,1.544120324,0.562448305,01:01,,,,
1.83483476,1.544120324,0.562448305,01:01,,,,
1.83483476,1.544120324,0.562448305,01:01,,,,
1.867716606,1.543702945,0.473030842,01:01,,,,
1.857865291,1.552646648,0.504296217,01:01,,,,
1.838322704,1.555283468,0.534049603,01:01,,,,
1.838812547,1.554615373,0.544902604,01:01,,,,
1.842548746,1.552878328,0.517902485,01:01,,,,
1.83926131,1.542703408,0.538432851,01:01,,,,
1.83926131,1.542703408,0.538432851,01:01,,,,
1.83926131,1.542703408,0.538432851,01:01,,,,
1.83926131,1.542703408,0.538432851,01:01,,,,
1.82926234,1.542789976,0.53974237,01:01,,,,
1.827848876,1.542002005,0.552539851,01:01,,,,
1.828903105,1.54297169,0.55434012,01:01,,,,
1.827213546,1.544467471,0.56093559,01:01,,,,
1.82530415,1.546949979,0.544628771,01:01,,,,
1.82530415,1.546949979,0.544628771,01:01,,,,
1.826879838,1.54896998,0.558018595,01:01,,,,
1.827545918,1.55036602,0.552514806,01:01,,,,
1.829342026,1.549881697,0.54848285,01:01,,,,
1.829131986,1.546331837,0.550933785,01:01,,,,
1.830189302,1.54499246,0.546454494,01:01,,,,
1.830147359,1.5488005,0.561640274,01:01,,,,
1.830404866,1.550684825,0.560596068,01:01,,,,
1.830404866,1.550684825,0.560596068,01:01,,,,
1.830404866,1.550684825,0.560596068,01:01,,,,
1.829824115,1.553388251,0.557708202,01:01,,,,
1.829806321,1.553486715,0.557163115,01:01,,,,
1.832868504,1.551420946,0.550738354,01:01,,,,
1.830676643,1.548529741,0.544443757,01:01,,,,
1.830676643,1.548529741,0.544443757,01:01,,,,
1.830676643,1.548529741,0.544443757,01:01,,,,
1.83003487,1.548651503,0.556065266,01:01,,,,
1.82851086,1.546852927,0.553775539,01:01,,,,
1.818566769,1.550123477,0.566854753,01:01,,,,
1.818423379,1.549070974,0.567455409,01:01,,,,
1.819986869,1.548048197,0.570502443,01:01,,,,
1.819986869,1.548048197,0.570502443,01:01,,,,
1.818551979,1.548354065,0.573811531,01:01,,,,
1.818551979,1.548354065,0.573811531,01:01,,,,
1.817140227,1.547503388,0.573774427,01:01,,,,
1.817203049,1.549188855,0.573249832,01:01,,,,
1.817203049,1.549188855,0.573249832,01:01,,,,
1.816438207,1.552155882,0.568915263,01:01,,,,
1.816800932,1.55707583,0.571410177,01:01,,,,
1.816718477,1.556355387,0.571760925,01:01,,,,
1.816718477,1.556355387,0.571760925,01:01,,,,
1.814074355,1.550255685,0.572459752,01:01,,,,
1.812194617,1.551313915,0.574731476,01:01,,,,
1.812194617,1.551313915,0.574731476,01:01,,,,
1.805180709,1.552977828,0.589740931,01:01,,,,
1.814165905,1.55170031,0.569955321,01:01,,,,
1.810844586,1.548780735,0.567569695,01:01,,,,
1.811189842,1.551718463,0.565384214,01:01,,,,
1.811189842,1.551718463,0.565384214,01:01,,,,
1.811189842,1.551718463,0.565384214,01:01,,,,
1.819813503,1.548361571,0.561565519,01:01,,,,
1.819666975,1.549001466,0.557135867,01:01,,,,
1.819953673,1.55159338,0.555713212,01:01,,,,
1.811305904,1.554473095,0.574284579,01:01,,,,
1.811504734,1.553872226,0.578485601,01:01,,,,
1.811504734,1.553872226,0.578485601,01:01,,,,
1.811504734,1.553872226,0.578485601,01:01,,,,
1.812373299,1.551888038,0.582708081,01:01,,,,
1.813189001,1.554226288,0.589049818,01:01,,,,
1.81865396,1.55301175,0.577403062,01:01,,,,
1.813341482,1.54763721,0.608051546,01:01,,,,
1.81716351,1.549005847,0.592480006,01:01,,,,
1.81716351,1.549005847,0.592480006,01:01,,,,
1.812120143,1.543083678,0.585090668,01:01,,,,
1.812581933,1.546728636,0.583081336,01:01,,,,
1.813921159,1.549830673,0.564486093,01:01,,,,
1.819771007,1.545238649,0.565852262,01:01,,,,
1.820195397,1.548891969,0.563917147,01:01,,,,
1.820195397,1.548891969,0.563917147,01:01,,,,
1.821722895,1.543913283,0.547734912,01:01,,,,
1.824449373,1.547141812,0.551856131,01:01,,,,
1.827141378,1.545127804,0.542506992,01:01,,,,
1.834212092,1.545341601,0.531358577,01:01,,,,
1.825255172,1.551175138,0.553522491,01:01,,,,
1.825255172,1.551175138,0.553522491,01:01,,,,
1.825229976,1.550166528,0.554272194,01:01,,,,
1.826737204,1.546762208,0.546589343,01:01,,,,
1.826737204,1.546762208,0.546589343,01:01,,,,
1.824582786,1.544230665,0.543448172,01:01,,,,
1.825862462,1.546394087,0.544577717,01:01,,,,
1.826132975,1.548547331,0.543391449,01:01,,,,
1.826132975,1.548547331,0.543391449,01:01,,,,
1.826132975,1.548547331,0.543391449,01:01,,,,
1.826132975,1.548547331,0.543391449,01:01,,,,
1.826132975,1.548547331,0.543391449,01:01,,,,
1.826132975,1.548547331,0.543391449,01:01,,,,
1.826132975,1.548547331,0.543391449,01:01,,,,
1.826722218,1.549284639,0.54432516,01:01,,,,
1.826680175,1.549552045,0.542366487,01:01,,,,
1.826109544,1.547675725,0.542568366,01:01,,,,
1.825238414,1.548866318,0.544241315,01:01,,,,
1.824673616,1.548935005,0.540434483,01:01,,,,
1.824673616,1.548935005,0.540434483,01:01,,,,
1.825058764,1.549398158,0.540959418,01:01,,,,
1.824335965,1.551032337,0.548464887,01:01,,,,
1.822179726,1.547145539,0.555572326,01:01,,,,
1.823016012,1.551575523,0.551817891,01:01,,,,
1.823641139,1.550737742,0.554120081,01:01,,,,
1.826230045,1.553781368,0.557893433,01:01,,,,
1.823852837,1.54977358,0.553902453,01:01,,,,
1.824425229,1.55224088,0.568712497,01:01,,,,
1.824425229,1.55224088,0.568712497,01:01,,,,
1.822905131,1.555245701,0.572091495,01:01,,,,
1.823694444,1.555561667,0.573795258,01:01,,,,
1.824784803,1.555866731,0.567086494,01:01,,,,
1.825991737,1.557302705,0.568934427,01:01,,,,
1.82790099,1.559169704,0.573794355,01:01,,,,
1.82790099,1.559169704,0.573794355,01:01,,,,
1.827768361,1.561096896,0.575969325,01:01,,,,
1.827136434,1.567359289,0.574662748,01:01,,,,
1.826428625,1.560817777,0.580404696,01:01,,,,
1.825317134,1.559038462,0.568193228,01:01,,,,
1.825317134,1.559038462,0.568193228,01:01,,,,
1.825317134,1.559038462,0.568193228,01:01,,,,
1.825317134,1.559038462,0.568193228,01:01,,,,
1.825317134,1.559038462,0.568193228,01:01,,,,
1.825317134,1.559038462,0.568193228,01:01,,,,
1.831337457,1.559207793,0.559276263,01:01,,,,
1.829981566,1.55739843,0.557536553,01:01,,,,
1.829874255,1.560408104,0.5597445,01:01,,,,
1.832444273,1.559238091,0.558852687,01:01,,,,
1.832444273,1.559238091,0.558852687,01:01,,,,
1.832444273,1.559238091,0.558852687,01:01,,,,
1.832444273,1.559238091,0.558852687,01:01,,,,
1.832444273,1.559238091,0.558852687,01:01,,,,
1.831291671,1.557848702,0.55711605,01:01,,,,
1.835149336,1.555815659,0.530173081,01:01,,,,
1.832606605,1.556425851,0.511895045,01:01,,,,
1.831488173,1.556700291,0.558696253,01:01,,,,
1.833118562,1.559173915,0.529866618,01:01,,,,
1.83922236,1.556436319,0.515808321,01:01,,,,
1.834640114,1.554299079,0.527053478,01:01,,,,
1.834640114,1.554299079,0.527053478,01:01,,,,
1.828284675,1.549109804,0.535564292,01:01,,,,
1.826302122,1.543117575,0.542972768,01:01,,,,
1.826302122,1.543117575,0.542972768,01:01,,,,
1.828374088,1.545149187,0.548553037,01:01,,,,
1.822787364,1.548030079,0.564855907,01:01,,,,
1.822883328,1.541276822,0.558653817,01:01,,,,
1.823890117,1.543380954,0.551177189,01:01,,,,
1.824781704,1.543214513,0.547173271,01:01,,,,
1.821208127,1.543939169,0.547406852,01:01,,,,
1.821208127,1.543939169,0.547406852,01:01,,,,
1.818507819,1.540721914,0.543346547,01:01,,,,
1.821360681,1.543647662,0.550093762,01:01,,,,
1.82073714,1.542570214,0.548245469,01:01,,,,
1.82073714,1.542570214,0.548245469,01:01,,,,
1.821966005,1.541610262,0.540792169,01:01,,,,
1.824643282,1.543705154,0.537268529,01:01,,,,
1.824528654,1.542691921,0.537779228,01:01,,,,
1.824475646,1.542950058,0.53604124,01:01,,,,
1.824475646,1.542950058,0.53604124,01:01,,,,
1.830867599,1.543385396,0.516604102,01:01,,,,
1.830867599,1.543385396,0.516604102,01:01,,,,
1.821595579,1.544498316,0.535161756,01:01,,,,
1.82358784,1.549442724,0.529128557,01:01,,,,
1.82358784,1.549442724,0.529128557,01:01,,,,
1.823550862,1.546790922,0.535821957,01:01,,,,
1.823550862,1.546790922,0.535821957,01:01,,,,
1.824004706,1.5475622,0.528762551,01:01,,,,
1.822398435,1.545117152,0.526872857,01:01,,,,
1.825293815,1.551953179,0.523992068,01:01,,,,
1.827173598,1.553466068,0.526630231,01:01,,,,
1.83424149,1.553515565,0.514981155,01:01,,,,
1.83424149,1.553515565,0.514981155,01:01,,,,
1.83424149,1.553515565,0.514981155,01:01,,,,
1.83436438,1.554763712,0.514402215,01:01,,,,
1.834256536,1.55529575,0.509819598,01:01,,,,
1.836106953,1.557216057,0.501857492,01:01,,,,
1.841213539,1.563499569,0.508085522,01:01,,,,
1.83852303,1.565249755,0.516997701,01:01,,,,
1.848463979,1.5660351,0.539258806,01:01,,,,
1.848463979,1.5660351,0.539258806,01:01,,,,
1.850280577,1.568199182,0.54186893,01:01,,,,
1.84756922,1.566833363,0.531420709,01:01,,,,
1.84481187,1.564557747,0.538551167,01:01,,,,
1.844565139,1.565505175,0.530877574,01:01,,,,
1.843910913,1.564733789,0.529917358,01:01,,,,
1.836372775,1.567826415,0.551664011,01:01,,,,
1.836372775,1.567826415,0.551664011,01:01,,,,
1.837168084,1.574306926,0.547991656,01:01,,,,
1.832728802,1.573663362,0.572003095,01:01,,,,
1.83222876,1.569600528,0.574397214,01:01,,,,
1.84411718,1.572314422,0.544401746,01:01,,,,
1.840238815,1.570262121,0.547481165,01:01,,,,
1.816188681,1.576587058,0.616954117,01:01,,,,
1.817534507,1.580328707,0.625773247,01:01,,,,
1.830290896,1.572011689,0.608128903,01:01,,,,
1.83015492,1.573546696,0.592586347,01:01,,,,
1.829287523,1.567058375,0.596429357,01:01,,,,
1.829909487,1.567741732,0.594831256,01:01,,,,
1.841192704,1.57135256,0.57258799,01:01,,,,
1.820942899,1.562030918,0.591753446,01:01,,,,
1.827833889,1.568175269,0.57144928,01:01,,,,
1.828137379,1.569169391,0.568843888,01:01,,,,
1.827667659,1.568649579,0.568230059,01:01,,,,
1.831133684,1.571327455,0.566994117,01:01,,,,
1.831648873,1.575346429,0.56465848,01:01,,,,
1.831689975,1.570869817,0.560144666,01:01,,,,
1.833325467,1.57033289,0.556246696,01:01,,,,
1.834997903,1.567069794,0.544099471,01:01,,,,
1.835424245,1.570837401,0.542128524,01:01,,,,
1.833660455,1.572154283,0.544016685,01:01,,,,
1.833077044,1.571474169,0.543241317,01:01,,,,
1.834406466,1.570313918,0.548124188,01:01,,,,
1.834406466,1.570313918,0.548124188,01:01,,,,
1.833835696,1.573603372,0.546557966,01:01,,,,
1.83423005,1.57401905,0.547085471,01:01,,,,
1.835867876,1.572252464,0.543454736,01:01,,,,
1.840364128,1.570647935,0.536407498,01:01,,,,
1.840364128,1.570647935,0.536407498,01:01,,,,
1.840364128,1.570647935,0.536407498,01:01,,,,
1.840364128,1.570647935,0.536407498,01:01,,,,
1.83638741,1.571271465,0.545402184,01:01,,,,
1.835560945,1.562824523,0.55065363,01:01,,,,
1.835203626,1.562404886,0.550061757,01:01,,,,
1.835135248,1.562623542,0.548394954,01:01,,,,
1.835855736,1.568450485,0.545167133,01:01,,,,
1.835592743,1.56812745,0.544812169,01:01,,,,
1.839334831,1.565142486,0.53511017,01:01,,,,
1.840664649,1.564977412,0.532164532,01:01,,,,
1.836961577,1.561149615,0.531669129,01:01,,,,
1.836961577,1.561149615,0.531669129,01:01,,,,
1.837028048,1.561846318,0.531298802,01:01,,,,
1.840673719,1.558535353,0.523674874,01:01,,,,
1.84112648,1.559043972,0.524173733,01:01,,,,
1.84112648,1.559043972,0.524173733,01:01,,,,
1.842297692,1.556057672,0.521258155,01:01,,,,
1.842474897,1.557521185,0.520502175,01:01,,,,
1.841244527,1.552572906,0.521525394,01:01,,,,
1.838095006,1.551060093,0.529308729,01:01,,,,
1.838095006,1.551060093,0.529308729,01:01,,,,
1.844344811,1.551431458,0.514401688,01:01,,,,
1.844841617,1.551977962,0.515108997,01:01,,,,
1.844751085,1.551498666,0.515379281,01:01,,,,
1.845970095,1.551145269,0.512536945,01:01,,,,
1.852582488,1.549343119,0.48900855,01:01,,,,
1.852546866,1.549464306,0.487498732,01:01,,,,
1.852815223,1.551932809,0.486336919,01:01,,,,
1.848425407,1.555482154,0.478822094,01:01,,,,
1.848425407,1.555482154,0.478822094,01:01,,,,
1.848425407,1.555482154,0.478822094,01:01,,,,
1.848425407,1.555482154,0.478822094,01:01,,,,
1.848425407,1.555482154,0.478822094,01:01,,,,
1.846578558,1.557569461,0.473044103,01:01,,,,
1.856119413,1.554854637,0.45002779,01:01,,,,
1.855684882,1.549998235,0.452086477,01:01,,,,
1.855898439,1.542888192,0.464237401,01:01,,,,
1.851063566,1.541033678,0.484486047,01:01,,,,
1.846949609,1.53545894,0.482942253,01:01,,,,
1.84765986,1.530271877,0.482295726,01:01,,,,
1.846228492,1.532835052,0.477145412,01:01,,,,
1.847898615,1.542329403,0.470940129,01:01,,,,
1.847898615,1.542329403,0.470940129,01:01,,,,
1.843677147,1.536497472,0.464385582,01:01,,,,
1.843677147,1.536497472,0.464385582,01:01,,,,
1.837236702,1.536336198,0.480256319,01:01,,,,
1.837236702,1.536336198,0.480256319,01:01,,,,
1.836386371,1.539353857,0.491358038,01:01,,,,
1.826895521,1.544207621,0.509786595,01:01,,,,
1.826895521,1.544207621,0.509786595,01:01,,,,
1.825409849,1.541749137,0.511459446,01:01,,,,
1.829263802,1.542265267,0.506223109,01:01,,,,
1.837014935,1.540070296,0.489670962,01:01,,,,
1.837014935,1.540070296,0.489670962,01:01,,,,
1.83266715,1.544650786,0.503274521,01:01,,,,
1.830814429,1.544660868,0.505498479,01:01,,,,
1.830814429,1.544660868,0.505498479,01:01,,,,
1.830814429,1.544660868,0.505498479,01:01,,,,
1.830814429,1.544660868,0.505498479,01:01,,,,
1.830814429,1.544660868,0.505498479,01:01,,,,
1.830252503,1.543990684,0.504663602,01:01,,,,
1.831594419,1.54657512,0.500558429,01:01,,,,
1.831601506,1.546713485,0.500548141,01:01,,,,
1.831601506,1.546713485,0.500548141,01:01,,,,
1.831601506,1.546713485,0.500548141,01:01,,,,
1.832837137,1.546478577,0.496386314,01:01,,,,
1.832308418,1.547347667,0.498249264,01:01,,,,
1.833967423,1.551449709,0.490887277,01:01,,,,
1.834035489,1.550735703,0.490078349,01:01,,,,
1.834447801,1.552450433,0.490519507,01:01,,,,
1.834447801,1.552450433,0.490519507,01:01,,,,
1.838602588,1.552755662,0.508836658,01:01,,,,
1.84054334,1.556698501,0.510503159,01:01,,,,
1.842071134,1.564109003,0.51418054,01:01,,,,
1.842126762,1.563836146,0.516111294,01:01,,,,
1.842126762,1.563836146,0.516111294,01:01,,,,
1.843638792,1.563455485,0.512707793,01:01,,,,
1.843641791,1.563256412,0.512799103,01:01,,,,
1.848487257,1.558795348,0.493476516,01:01,,,,
1.848487257,1.558795348,0.493476516,01:01,,,,
1.851005747,1.558107479,0.487589762,01:01,,,,
1.851121899,1.559369696,0.486950598,01:01,,,,
1.851760211,1.563610533,0.512406521,01:01,,,,
1.851760211,1.563610533,0.512406521,01:01,,,,
1.850236966,1.563346248,0.521874495,01:01,,,,
1.850720696,1.567696226,0.519543756,01:01,,,,
1.85443701,1.566328657,0.514798375,01:01,,,,
1.85443701,1.566328657,0.514798375,01:01,,,,
1.849911572,1.566162856,0.521626934,01:01,,,,
1.849818203,1.565349168,0.522039675,01:01,,,,
1.850733369,1.566454726,0.523389754,01:01,,,,
1.842564682,1.55167184,0.498144646,01:01,,,,
1.842564682,1.55167184,0.498144646,01:01,,,,
1.842564682,1.55167184,0.498144646,01:01,,,,
1.842564682,1.55167184,0.498144646,01:01,,,,
1.854345206,1.565492815,0.51523973,01:01,,,,
1.861972485,1.561901146,0.512621904,01:01,,,,
1.862048027,1.56273688,0.512258129,01:01,,,,
1.868693616,1.577734904,0.533214273,01:01,,,,
1.868693616,1.577734904,0.533214273,01:01,,,,
1.844426496,1.556684745,0.498805742,01:01,,,,
1.849699338,1.568094076,0.512000808,01:01,,,,
1.832679554,1.554236167,0.517418448,01:01,,,,
1.821388907,1.546084801,0.514083269,01:01,,,,
1.821828694,1.55011277,0.512130707,01:01,,,,
1.821828694,1.55011277,0.512130707,01:01,,,,
1.824199904,1.55393528,0.518269195,01:01,,,,
1.826001375,1.556107577,0.521017829,01:01,,,,
1.8257988,1.553575457,0.523112743,01:01,,,,
1.835692317,1.552510528,0.511703116,01:01,,,,
1.838139567,1.553077732,0.507969456,01:01,,,,
1.838139567,1.553077732,0.507969456,01:01,,,,
1.838139567,1.553077732,0.507969456,01:01,,,,
1.847097044,1.557099468,0.496928078,01:01,,,,
1.839503137,1.556779707,0.508411285,01:01,,,,
1.839084828,1.554937249,0.504877759,01:01,,,,
1.84330295,1.55671989,0.497732119,01:01,,,,
1.8439454,1.559893176,0.500863636,01:01,,,,
1.8439454,1.559893176,0.500863636,01:01,,,,
1.841945911,1.558453358,0.506011189,01:01,,,,
1.840226128,1.555334578,0.511230448,01:01,,,,
1.839087019,1.555604063,0.513826845,01:01,,,,
1.837759216,1.551446794,0.512201667,01:01,,,,
1.839265158,1.554171387,0.513790088,01:01,,,,
1.839265158,1.554171387,0.513790088,01:01,,,,
1.839265158,1.554171387,0.513790088,01:01,,,,
1.839265158,1.554171387,0.513790088,01:01,,,,
1.83835536,1.54870069,0.508787492,01:01,,,,
1.836760252,1.546880436,0.51300752,01:01,,,,
1.838688626,1.559209962,0.522241841,01:01,,,,
1.837978979,1.553580062,0.523854762,01:01,,,,
1.835913022,1.551098281,0.520453951,01:01,,,,
1.839947866,1.558477877,0.528125195,01:01,,,,
1.839228886,1.560247514,0.532782748,01:01,,,,
1.840847969,1.560208795,0.525736426,01:01,,,,
1.840847969,1.560208795,0.525736426,01:01,,,,
1.842374347,1.560347063,0.523684196,01:01,,,,
1.84287675,1.560923785,0.524444324,01:01,,,,
1.84287675,1.560923785,0.524444324,01:01,,,,
1.833605868,1.560724583,0.535933315,01:01,,,,
1.828637065,1.561311774,0.545322713,01:01,,,,
1.833748487,1.555462248,0.523982001,01:01,,,,
1.833823221,1.555217347,0.526771414,01:01,,,,
1.833607011,1.553355187,0.527730637,01:01,,,,
1.833973911,1.557329798,0.555217955,01:01,,,,
1.834158443,1.558779341,0.554397215,01:01,,,,
1.832694318,1.556017066,0.556894181,01:01,,,,
1.831944694,1.554537093,0.568525236,01:01,,,,
1.832715318,1.556938158,0.545512431,01:01,,,,
1.831062644,1.556450297,0.541869859,01:01,,,,
1.829499218,1.552286797,0.54766422,01:01,,,,
1.829499218,1.552286797,0.54766422,01:01,,,,
1.832504398,1.556075614,0.549116819,01:01,,,,
1.832737924,1.555321274,0.554610447,01:01,,,,
1.830416705,1.552603273,0.551150918,01:01,,,,
1.830416705,1.552603273,0.551150918,01:01,,,,
1.830416705,1.552603273,0.551150918,01:01,,,,
1.829651063,1.551701445,0.550096647,01:01,,,,
1.829651063,1.551701445,0.550096647,01:01,,,,
1.806960691,1.539009843,0.549681807,01:01,,,,
1.80620552,1.539516349,0.535062753,01:01,,,,
1.80620552,1.539516349,0.535062753,01:01,,,,
1.799022529,1.528148591,0.526203454,01:01,,,,
1.806547182,1.525104989,0.519136064,01:01,,,,
1.806547182,1.525104989,0.519136064,01:01,,,,
1.806547182,1.525104989,0.519136064,01:01,,,,
1.816708801,1.533482245,0.512329894,01:01,,,,
1.822015972,1.539851589,0.520573623,01:01,,,,
1.824758183,1.541345256,0.520140101,01:01,,,,
1.824758183,1.541345256,0.520140101,01:01,,,,
1.826335309,1.547573574,0.533822574,01:01,,,,
1.830363818,1.547637895,0.530699087,01:01,,,,
1.830363818,1.547637895,0.530699087,01:01,,,,
1.82698785,1.546110547,0.537439209,01:01,,,,
1.82835324,1.547875066,0.538693139,01:01,,,,
1.829440661,1.547587345,0.536170954,01:01,,,,
1.832313256,1.546456483,0.544051989,01:01,,,,
1.835951659,1.552448114,0.532058657,01:01,,,,
1.834840322,1.550994456,0.519079798,01:01,,,,
1.835051861,1.552929627,0.518009329,01:01,,,,
1.841247326,1.557640738,0.520467083,01:01,,,,
1.840100503,1.553929789,0.52238431,01:01,,,,
1.839745044,1.552103124,0.518156227,01:01,,,,
1.83970779,1.552021327,0.518646022,01:01,,,,
1.837361618,1.553678444,0.522132691,01:01,,,,
1.836515298,1.551756493,0.521525243,01:01,,,,
1.836515298,1.551756493,0.521525243,01:01,,,,
1.833638306,1.551100221,0.523975108,01:01,,,,
1.834163195,1.551721423,0.524741556,01:01,,,,
1.834097466,1.551558095,0.524887979,01:01,,,,
1.834083737,1.551640937,0.524223096,01:01,,,,
1.833980466,1.554153883,0.528588835,01:01,,,,
1.832710855,1.554343601,0.531441725,01:01,,,,
1.832710855,1.554343601,0.531441725,01:01,,,,
1.832952972,1.55180108,0.536558671,01:01,,,,
1.832952972,1.55180108,0.536558671,01:01,,,,
1.834009043,1.55151393,0.542248287,01:01,,,,
1.834009043,1.55151393,0.542248287,01:01,,,,
1.834024302,1.551537428,0.542223697,01:01,,,,
1.834045168,1.554318167,0.54155116,01:01,,,,
1.835469076,1.554025999,0.538472279,01:01,,,,
1.835227184,1.554964164,0.529649436,01:01,,,,
1.835227184,1.554964164,0.529649436,01:01,,,,
1.83597226,1.559185815,0.53295435,01:01,,,,
1.835071859,1.554731256,0.535382634,01:01,,,,
1.834784432,1.552851116,0.533295254,01:01,,,,
1.835312292,1.555411242,0.536756687,01:01,,,,
1.831858057,1.552592317,0.541802974,01:01,,,,
1.831858057,1.552592317,0.541802974,01:01,,,,
1.833183003,1.54964715,0.55276534,01:01,,,,
1.831640611,1.547864765,0.550572042,01:01,,,,
1.831142811,1.55210468,0.549328546,01:01,,,,
1.831044669,1.548535438,0.557367186,01:01,,,,
1.824235228,1.548357621,0.553058767,01:01,,,,
1.834972582,1.548197772,0.5444252,01:01,,,,
1.836391994,1.551000454,0.551458867,01:01,,,,
1.836391994,1.551000454,0.551458867,01:01,,,,
1.846610946,1.552186166,0.549517336,01:01,,,,
1.848004499,1.553799189,0.551515963,01:01,,,,
1.853586104,1.553509703,0.542106538,01:01,,,,
1.853186343,1.554828496,0.531978194,01:01,,,,
1.852689791,1.548354631,0.515995736,01:01,,,,
1.851392438,1.550868702,0.505849135,01:01,,,,
1.851392438,1.550868702,0.505849135,01:01,,,,
1.851855695,1.555335234,0.503654306,01:01,,,,
1.850565246,1.556616649,0.483127645,01:01,,,,
1.849202509,1.543697856,0.489516469,01:01,,,,
1.853908354,1.545795963,0.487238555,01:01,,,,
1.853908354,1.545795963,0.487238555,01:01,,,,
1.853908354,1.545795963,0.487238555,01:01,,,,
1.835711311,1.546028122,0.479462946,01:01,,,,
1.835711311,1.546028122,0.479462946,01:01,,,,
1.835711311,1.546028122,0.479462946,01:01,,,,
1.841299828,1.551907343,0.492326519,01:01,,,,
1.841299828,1.551907343,0.492326519,01:01,,,,
1.8275012,1.562182981,0.522471069,01:01,,,,
1.815322561,1.556064169,0.543124375,01:01,,,,
1.815322561,1.556064169,0.543124375,01:01,,,,
1.825512143,1.561204005,0.540388396,01:01,,,,
1.820469247,1.56000515,0.533668882,01:01,,,,
1.827333977,1.559956863,0.525848619,01:01,,,,
1.82739291,1.560277485,0.525670085,01:01,,,,
1.82289063,1.561734087,0.547360242,01:01,,,,
1.82151641,1.558968893,0.551596121,01:01,,,,
1.82151641,1.558968893,0.551596121,01:01,,,,
1.824761703,1.558655191,0.540191737,01:01,,,,
1.833614494,1.558896355,0.518216171,01:01,,,,
1.830153726,1.55461819,0.521239428,01:01,,,,
1.830675879,1.558929435,0.519003629,01:01,,,,
1.831715716,1.559980242,0.532055487,01:01,,,,
1.832315649,1.560737257,0.5329261,01:01,,,,
1.832843361,1.56501129,0.530744986,01:01,,,,
1.833630741,1.560164638,0.532612788,01:01,,,,
1.833630741,1.560164638,0.532612788,01:01,,,,
1.833630741,1.560164638,0.532612788,01:01,,,,
1.82951067,1.556538169,0.528992273,01:01,,,,
1.82951067,1.556538169,0.528992273,01:01,,,,
1.838008423,1.555003223,0.515274077,01:01,,,,
1.838008423,1.555003223,0.515274077,01:01,,,,
1.841443275,1.558520164,0.519651203,01:01,,,,
1.842609071,1.558792535,0.51682972,01:01,,,,
1.842535455,1.556138617,0.518903701,01:01,,,,
1.836790625,1.557613043,0.533919763,01:01,,,,
1.836790625,1.557613043,0.533919763,01:01,,,,
1.835873637,1.556115911,0.536435112,01:01,,,,
1.835607256,1.556979892,0.535154283,01:01,,,,
1.835481408,1.557676676,0.530330028,01:01,,,,
1.83552566,1.557576135,0.531292767,01:01,,,,
1.835072035,1.555441377,0.532861725,01:01,,,,
1.836048981,1.556460832,0.534536717,01:01,,,,
1.835637653,1.555932538,0.53382843,01:01,,,,
1.835524271,1.55478329,0.535390692,01:01,,,,
1.836444587,1.557446256,0.535468573,01:01,,,,
1.837712449,1.558242987,0.537843219,01:01,,,,
1.837156938,1.559094567,0.544884255,01:01,,,,
1.837156938,1.559094567,0.544884255,01:01,,,,
1.83360502,1.560246909,0.551428608,01:01,,,,
1.835365555,1.561182021,0.557360577,01:01,,,,
1.834399637,1.555029168,0.556654558,01:01,,,,
1.834838908,1.558677031,0.554602997,01:01,,,,
1.841575159,1.556490009,0.548240853,01:01,,,,
1.841575159,1.556490009,0.548240853,01:01,,,,
1.841578065,1.5597485,0.539742385,01:01,,,,
1.841578065,1.5597485,0.539742385,01:01,,,,
1.841578065,1.5597485,0.539742385,01:01,,,,
1.840960237,1.554043966,0.542857131,01:01,,,,
1.844466243,1.555662044,0.542681189,01:01,,,,
1.845970934,1.55919022,0.545845186,01:01,,,,
1.848392624,1.560259917,0.549255607,01:01,,,,
1.849782024,1.563269443,0.554686034,01:01,,,,
1.847302126,1.56105914,0.56629457,01:01,,,,
1.844243361,1.564309305,0.568165489,01:01,,,,
1.848787036,1.565100945,0.569285039,01:01,,,,
1.840350136,1.558430078,0.568505232,01:01,,,,
