Time,tri_X,tri_Y,slide_tri_X,slide_tri_Y,Gradient_X,Gradient_Y,slide_grad_X,slide_grad_Y,Nelder_X,Nelder_Y,slide_nelder_X,slide_nelder_Y
2025/8/13 16:29,1.10876875,0.508951726,,,,,,,,,,
2025/8/13 16:29,,,1.10876875,0.508951726,,,,,,,,
2025/8/13 16:29,,,,,1.159498697,0.132208232,,,,,,
2025/8/13 16:29,,,,,,,1.159498697,0.132208232,,,,
2025/8/13 16:29,,,,,,,,,1.154635194,0.108433436,,
2025/8/13 16:29,,,,,,,,,,,1.154635194,0.108433436
2025/8/13 16:29,1.10876875,0.508951726,,,,,,,,,,
2025/8/13 16:29,,,1.10876875,0.508951726,,,,,,,,
2025/8/13 16:29,,,,,1.159498697,0.132208232,,,,,,
2025/8/13 16:29,,,,,,,1.159498697,0.132208232,,,,
2025/8/13 16:29,,,,,,,,,1.154635194,0.108433436,,
2025/8/13 16:29,,,,,,,,,,,1.154635194,0.108433436
2025/8/13 16:29,1.10876875,0.508951726,,,,,,,,,,
2025/8/13 16:29,,,1.10876875,0.508951726,,,,,,,,
2025/8/13 16:29,,,,,1.159498697,0.132208232,,,,,,
2025/8/13 16:29,,,,,,,1.159498697,0.132208232,,,,
2025/8/13 16:29,,,,,,,,,1.154635194,0.108433436,,
2025/8/13 16:29,,,,,,,,,,,1.154635194,0.108433436
2025/8/13 16:29,1.10876875,0.508951726,,,,,,,,,,
2025/8/13 16:29,,,1.10876875,0.508951726,,,,,,,,
2025/8/13 16:29,,,,,1.159498697,0.132208232,,,,,,
2025/8/13 16:29,,,,,,,1.159498697,0.132208232,,,,
2025/8/13 16:29,,,,,,,,,1.154635194,0.108433436,,
2025/8/13 16:29,,,,,,,,,,,1.154635194,0.108433436
2025/8/13 16:29,1.10876875,0.508951726,,,,,,,,,,
2025/8/13 16:29,,,1.10876875,0.508951726,,,,,,,,
2025/8/13 16:29,,,,,1.159498697,0.132208232,,,,,,
2025/8/13 16:29,,,,,,,1.159498697,0.132208232,,,,
2025/8/13 16:29,,,,,,,,,1.154635194,0.108433436,,
2025/8/13 16:29,,,,,,,,,,,1.154635194,0.108433436
2025/8/13 16:29,1.10876875,0.508951726,,,,,,,,,,
2025/8/13 16:29,,,1.10876875,0.508951726,,,,,,,,
2025/8/13 16:29,,,,,1.159498697,0.132208232,,,,,,
2025/8/13 16:29,,,,,,,1.159498697,0.132208232,,,,
2025/8/13 16:29,,,,,,,,,1.154635194,0.108433436,,
2025/8/13 16:29,,,,,,,,,,,1.154635194,0.108433436
2025/8/13 16:29,1.10876875,0.508951726,,,,,,,,,,
2025/8/13 16:29,,,1.10876875,0.508951726,,,,,,,,
2025/8/13 16:29,,,,,1.159498697,0.132208232,,,,,,
2025/8/13 16:29,,,,,,,1.159498697,0.132208232,,,,
2025/8/13 16:29,,,,,,,,,1.154635194,0.108433436,,
2025/8/13 16:29,,,,,,,,,,,1.154635194,0.108433436
2025/8/13 16:29,1.10725,0.48795229,,,,,,,,,,
2025/8/13 16:29,,,1.108578906,0.506326796,,,,,,,,
2025/8/13 16:29,,,,,1.154307881,0.127511294,,,,,,
2025/8/13 16:29,,,,,,,1.158849845,0.131621115,,,,
2025/8/13 16:29,,,,,,,,,1.14946853,0.104581404,,
2025/8/13 16:29,,,,,,,,,,,1.153989361,0.107951932
2025/8/13 16:29,1.10725,0.48795229,,,,,,,,,,
2025/8/13 16:29,,,1.10843125,0.504285184,,,,,,,,
2025/8/13 16:29,,,,,1.154307881,0.127511294,,,,,,
2025/8/13 16:29,,,,,,,1.158345182,0.131164468,,,,
2025/8/13 16:29,,,,,,,,,1.14946853,0.104581404,,
2025/8/13 16:29,,,,,,,,,,,1.153487047,0.107577429
2025/8/13 16:29,1.10725,0.48795229,,,,,,,,,,
2025/8/13 16:29,,,1.108313125,0.502651895,,,,,,,,
2025/8/13 16:29,,,,,1.154307881,0.127511294,,,,,,
2025/8/13 16:29,,,,,,,1.157941452,0.130799151,,,,
2025/8/13 16:29,,,,,,,,,1.14946853,0.104581404,,
2025/8/13 16:29,,,,,,,,,,,1.153085195,0.107277826
2025/8/13 16:29,1.10725,0.48795229,,,,,,,,,,
2025/8/13 16:29,,,1.108216477,0.501315567,,,,,,,,
2025/8/13 16:29,,,,,1.154958553,0.116663533,,,,,,
2025/8/13 16:29,,,,,,,1.157670279,0.129514095,,,,
2025/8/13 16:29,,,,,,,,,1.149673089,0.092890852,,
2025/8/13 16:29,,,,,,,,,,,1.152775004,0.105969919
2025/8/13 16:29,1.10725,0.48795229,,,,,,,,,,
2025/8/13 16:29,,,1.108135938,0.500201961,,,,,,,,
2025/8/13 16:29,,,,,1.155569072,0.105778434,,,,,,
2025/8/13 16:29,,,,,,,1.157495179,0.127536123,,,,
2025/8/13 16:29,,,,,,,,,1.149883285,0.080234563,,
2025/8/13 16:29,,,,,,,,,,,1.152534027,0.103825306
2025/8/13 16:29,1.10725,0.48795229,,,,,,,,,,
2025/8/13 16:29,,,1.108067788,0.499259679,,,,,,,,
2025/8/13 16:29,,,,,1.156139251,0.094857637,,,,,,
2025/8/13 16:29,,,,,,,1.157390877,0.125022393,,,,
2025/8/13 16:29,,,,,,,,,1.15031482,0.068743578,,
2025/8/13 16:29,,,,,,,,,,,1.152363319,0.101126712
2025/8/13 16:29,1.10725,0.48795229,,,,,,,,,,
2025/8/13 16:29,,,1.108009375,0.498452008,,,,,,,,
2025/8/13 16:29,,,,,1.156668941,0.083902849,,,,,,
2025/8/13 16:29,,,,,,,1.15733931,0.122085283,,,,
2025/8/13 16:29,,,,,,,,,1.150627612,0.055878436,,
2025/8/13 16:29,,,,,,,,,,,1.15223934,0.097894692
2025/8/13 16:29,1.10725,0.48795229,,,,,,,,,,
2025/8/13 16:29,,,1.10795875,0.497752027,,,,,,,,
2025/8/13 16:29,,,,,1.156668941,0.083902849,,,,,,
2025/8/13 16:29,,,,,,,1.157294619,0.119539787,,,,
2025/8/13 16:29,,,,,,,,,1.150627612,0.055878436,,
2025/8/13 16:29,,,,,,,,,,,1.152131891,0.095093609
2025/8/13 16:29,1.10725,0.48795229,,,,,,,,,,
2025/8/13 16:29,,,1.107914453,0.497139543,,,,,,,,
2025/8/13 16:29,,,,,1.156668941,0.083902849,,,,,,
2025/8/13 16:29,,,,,,,1.157255514,0.117312479,,,,
2025/8/13 16:29,,,,,,,,,1.150627612,0.055878436,,
2025/8/13 16:29,,,,,,,,,,,1.152037874,0.09264266
2025/8/13 16:29,1.10725,0.48795229,,,,,,,,,,
2025/8/13 16:29,,,1.107875368,0.496599117,,,,,,,,
2025/8/13 16:29,,,,,1.157158038,0.07291584,,,,,,
2025/8/13 16:29,,,,,,,1.15724978,0.114700912,,,,
2025/8/13 16:29,,,,,,,,,1.150217684,0.04365038,,
2025/8/13 16:29,,,,,,,,,,,1.151930804,0.089760761
2025/8/13 16:29,1.10725,0.48795229,,,,,,,,,,
2025/8/13 16:29,,,1.107840625,0.496118737,,,,,,,,
2025/8/13 16:29,,,,,1.157158038,0.07291584,,,,,,
2025/8/13 16:29,,,,,,,1.157244683,0.112379519,,,,
2025/8/13 16:29,,,,,,,,,1.150217684,0.04365038,,
2025/8/13 16:29,,,,,,,,,,,1.15183563,0.087199074
2025/8/13 16:29,1.10725,0.48795229,,,,,,,,,,
2025/8/13 16:29,,,1.107809539,0.495688924,,,,,,,,
2025/8/13 16:29,,,,,1.157606478,0.061898442,,,,,,
2025/8/13 16:29,,,,,,,1.157263725,0.10972262,,,,
2025/8/13 16:29,,,,,,,,,1.15052961,0.03115903,,
2025/8/13 16:29,,,,,,,,,,,1.151766893,0.084249598
2025/8/13 16:29,1.10876875,0.508951726,,,,,,,,,,
2025/8/13 16:29,,,1.1078575,0.496352064,,,,,,,,
2025/8/13 16:29,,,,,1.162869893,0.066418879,,,,,,
2025/8/13 16:29,,,,,,,1.157544033,0.107557433,,,,
2025/8/13 16:29,,,,,,,,,1.155604629,0.034585747,,
2025/8/13 16:29,,,,,,,,,,,1.151958779,0.081766405
2025/8/13 16:29,1.10876875,0.508951726,,,,,,,,,,
2025/8/13 16:29,,,1.107900893,0.496952048,,,,,,,,
2025/8/13 16:29,,,,,1.162409903,0.07746868,,,,,,
2025/8/13 16:29,,,,,,,1.157775742,0.106124635,,,,
2025/8/13 16:29,,,,,,,,,1.155362836,0.046772225,,
2025/8/13 16:29,,,,,,,,,,,1.152120877,0.080100016
2025/8/13 16:29,1.10876875,0.508951726,,,,,,,,,,
2025/8/13 16:29,,,1.107940341,0.497497488,,,,,,,,
2025/8/13 16:29,,,,,1.162409903,0.07746868,,,,,,
2025/8/13 16:29,,,,,,,1.157986385,0.104822092,,,,
2025/8/13 16:29,,,,,,,,,1.155362836,0.046772225,,
2025/8/13 16:29,,,,,,,,,,,1.152268239,0.078585116
2025/8/13 16:29,1.10876875,0.508951726,,,,,,,,,,
2025/8/13 16:29,,,1.107976359,0.497995498,,,,,,,,
2025/8/13 16:29,,,,,1.162409903,0.07746868,,,,,,
2025/8/13 16:29,,,,,,,1.158178712,0.103632813,,,,
2025/8/13 16:29,,,,,,,,,1.155362836,0.046772225,,
2025/8/13 16:29,,,,,,,,,,,1.152402787,0.077201947
2025/8/13 16:29,1.10725,0.48795229,,,,,,,,,,
2025/8/13 16:29,,,1.107946094,0.497577031,,,,,,,,
2025/8/13 16:29,,,,,1.157158038,0.07291584,,,,,,
2025/8/13 16:29,,,,,,,1.158136184,0.102352939,,,,
2025/8/13 16:29,,,,,,,,,1.150217684,0.04365038,,
2025/8/13 16:29,,,,,,,,,,,1.152311741,0.075803965
2025/8/13 16:29,1.10725,0.48795229,,,,,,,,,,
2025/8/13 16:29,,,1.10791825,0.497192042,,,,,,,,
2025/8/13 16:29,,,,,1.157158038,0.07291584,,,,,,
2025/8/13 16:29,,,,,,,1.158097058,0.101175455,,,,
2025/8/13 16:29,,,,,,,,,1.150217684,0.04365038,,
2025/8/13 16:29,,,,,,,,,,,1.152227979,0.074517821
2025/8/13 16:29,1.10574375,0.466187472,,,,,,,,,,
2025/8/13 16:29,,,1.107834615,0.495999558,,,,,,,,
2025/8/13 16:29,,,,,1.151893216,0.068349577,,,,,,
2025/8/13 16:29,,,,,,,1.157858449,0.099912921,,,,
2025/8/13 16:29,,,,,,,,,1.145145011,0.040188063,,
2025/8/13 16:29,,,,,,,,,,,1.151955557,0.073197446
2025/8/13 16:29,1.10725,0.48795229,,,,,,,,,,
2025/8/13 16:29,,,1.107812963,0.495701511,,,,,,,,
2025/8/13 16:29,,,,,1.157158038,0.07291584,,,,,,
2025/8/13 16:29,,,,,,,1.157832508,0.09891303,,,,
2025/8/13 16:29,,,,,,,,,1.150217684,0.04365038,,
2025/8/13 16:29,,,,,,,,,,,1.151891191,0.07210311
2025/8/13 16:29,1.10574375,0.466187472,,,,,,,,,,
2025/8/13 16:29,,,1.107739062,0.494647439,,,,,,,,
2025/8/13 16:29,,,,,1.151893216,0.068349577,,,,,,
2025/8/13 16:29,,,,,,,1.15762039,0.097821478,,,,
2025/8/13 16:29,,,,,,,,,1.145145011,0.040188063,,
2025/8/13 16:29,,,,,,,,,,,1.151650256,0.070963287
2025/8/13 16:29,1.10574375,0.466187472,,,,,,,,,,
2025/8/13 16:29,,,1.107670259,0.49366606,,,,,,,,
2025/8/13 16:29,,,,,1.151893216,0.068349577,,,,,,
2025/8/13 16:29,,,,,,,1.157422901,0.096805205,,,,
2025/8/13 16:29,,,,,,,,,1.145145011,0.040188063,,
2025/8/13 16:29,,,,,,,,,,,1.151425937,0.069902073
2025/8/13 16:29,1.10574375,0.466187472,,,,,,,,,,
2025/8/13 16:29,,,1.107606042,0.492750107,,,,,,,,
2025/8/13 16:29,,,,,1.151893216,0.068349577,,,,,,
2025/8/13 16:29,,,,,,,1.157238578,0.095856684,,,,
2025/8/13 16:29,,,,,,,,,1.145145011,0.040188063,,
2025/8/13 16:29,,,,,,,,,,,1.151216573,0.068911606
2025/8/13 16:29,1.10425,0.443544741,,,,,,,,,,
2025/8/13 16:29,,,1.107497782,0.491162838,,,,,,,,
2025/8/13 16:29,,,,,1.146613659,0.063763341,,,,,,
2025/8/13 16:29,,,,,,,1.156895839,0.094821415,,,,
2025/8/13 16:29,,,,,,,,,1.140164543,0.037278152,,
2025/8/13 16:29,,,,,,,,,,,1.150860056,0.067891172
2025/8/13 16:29,1.10425,0.443544741,,,,,,,,,,
2025/8/13 16:29,,,1.107396289,0.489674772,,,,,,,,
2025/8/13 16:29,,,,,1.146613659,0.063763341,,,,,,
2025/8/13 16:29,,,,,,,1.156574521,0.09385085,,,,
2025/8/13 16:29,,,,,,,,,1.140164543,0.037278152,,
2025/8/13 16:29,,,,,,,,,,,1.150525821,0.066934515
2025/8/13 16:29,1.10425,0.443544741,,,,,,,,,,
2025/8/13 16:29,,,1.107300947,0.488276892,,,,,,,,
2025/8/13 16:29,,,,,1.146613659,0.063763341,,,,,,
2025/8/13 16:29,,,,,,,1.156272677,0.092939108,,,,
2025/8/13 16:29,,,,,,,,,1.140164543,0.037278152,,
2025/8/13 16:29,,,,,,,,,,,1.150211843,0.066035837
2025/8/13 16:29,1.10425,0.443544741,,,,,,,,,,
2025/8/13 16:29,,,1.107211213,0.486961241,,,,,,,,
2025/8/13 16:29,,,,,1.146613659,0.063763341,,,,,,
2025/8/13 16:29,,,,,,,1.155988588,0.092080997,,,,
2025/8/13 16:29,,,,,,,,,1.140164543,0.037278152,,
2025/8/13 16:29,,,,,,,,,,,1.149916334,0.065190023
2025/8/13 16:29,1.10425,0.443544741,,,,,,,,,,
2025/8/13 16:29,,,1.107126607,0.485720769,,,,,,,,
2025/8/13 16:29,,,,,1.146148343,0.074687241,,,,,,
2025/8/13 16:29,,,,,,,1.155707438,0.091584032,,,,
2025/8/13 16:29,,,,,,,,,1.140124094,0.049273414,,
2025/8/13 16:29,,,,,,,,,,,1.149636556,0.064735263
2025/8/13 16:29,1.10425,0.443544741,,,,,,,,,,
2025/8/13 16:29,,,1.107046701,0.484549213,,,,,,,,
2025/8/13 16:29,,,,,1.146148343,0.074687241,,,,,,
2025/8/13 16:29,,,,,,,1.155441908,0.091114677,,,,
2025/8/13 16:29,,,,,,,,,1.140124094,0.049273414,,
2025/8/13 16:29,,,,,,,,,,,1.149372321,0.064305767
2025/8/13 16:29,1.10425,0.443544741,,,,,,,,,,
2025/8/13 16:29,,,1.106971115,0.483440984,,,,,,,,
2025/8/13 16:29,,,,,1.146148343,0.074687241,,,,,,
2025/8/13 16:29,,,,,,,1.15519073,0.090670692,,,,
2025/8/13 16:29,,,,,,,,,1.140124094,0.049273414,,
2025/8/13 16:29,,,,,,,,,,,1.149122369,0.063899487
2025/8/13 16:29,1.10425,0.443544741,,,,,,,,,,
2025/8/13 16:29,,,1.106899507,0.482391083,,,,,,,,
2025/8/13 16:29,,,,,1.145642926,0.085581396,,,,,,
2025/8/13 16:29,,,,,,,1.154939472,0.090536764,,,,
2025/8/13 16:29,,,,,,,,,1.140336753,0.061570976,,
2025/8/13 16:29,,,,,,,,,,,1.148891168,0.06383821
2025/8/13 16:29,1.10425,0.443544741,,,,,,,,,,
2025/8/13 16:29,,,1.106831571,0.481395023,,,,,,,,
2025/8/13 16:29,,,,,1.145642926,0.085581396,,,,,,
2025/8/13 16:29,,,,,,,1.154701099,0.090409703,,,,
2025/8/13 16:29,,,,,,,,,1.140336753,0.061570976,,
2025/8/13 16:29,,,,,,,,,,,1.148671824,0.063780076
2025/8/13 16:29,1.10425,0.443544741,,,,,,,,,,
2025/8/13 16:29,,,1.106767031,0.480448766,,,,,,,,
2025/8/13 16:29,,,,,1.145642926,0.085581396,,,,,,
2025/8/13 16:29,,,,,,,1.154474645,0.090288995,,,,
2025/8/13 16:29,,,,,,,,,1.140336753,0.061570976,,
2025/8/13 16:29,,,,,,,,,,,1.148463448,0.063724849
2025/8/13 16:29,1.08695,0.48439622,,,,,,,,,,
2025/8/13 16:29,,,1.106283689,0.480545045,,,,,,,,
2025/8/13 16:29,,,,,1.136661236,0.084200541,,,,,,
2025/8/13 16:29,,,,,,,1.154040171,0.090140496,,,,
2025/8/13 16:29,,,,,,,,,1.130185966,0.056366231,,
2025/8/13 16:29,,,,,,,,,,,1.148017655,0.06354537
2025/8/13 16:29,1.07828125,0.503397999,,,,,,,,,,
2025/8/13 16:29,,,1.105616964,0.481089163,,,,,,,,
2025/8/13 16:29,,,,,1.132158636,0.083447683,,,,,,
2025/8/13 16:29,,,,,,,1.153519183,0.089981144,,,,
2025/8/13 16:29,,,,,,,,,1.125577809,0.053991803,,
2025/8/13 16:29,,,,,,,,,,,1.147483373,0.063317904
2025/8/13 16:29,1.07828125,0.503397999,,,,,,,,,,
2025/8/13 16:29,,,1.10498125,0.481607973,,,,,,,,
2025/8/13 16:29,,,,,1.132158636,0.083447683,,,,,,
2025/8/13 16:29,,,,,,,1.153022426,0.089829203,,,,
2025/8/13 16:29,,,,,,,,,1.125577809,0.053991803,,
2025/8/13 16:29,,,,,,,,,,,1.146973942,0.063101018
2025/8/13 16:29,1.07828125,0.503397999,,,,,,,,,,
2025/8/13 16:29,,,1.104374432,0.482103201,,,,,,,,
2025/8/13 16:29,,,,,1.132158636,0.083447683,,,,,,
2025/8/13 16:29,,,,,,,1.152548249,0.089684168,,,,
2025/8/13 16:29,,,,,,,,,1.125577809,0.053991803,,
2025/8/13 16:29,,,,,,,,,,,1.146487666,0.062893991
2025/8/13 16:29,1.0696,0.521589724,,,,,,,,,,
2025/8/13 16:29,,,1.103601667,0.48298068,,,,,,,,
2025/8/13 16:29,,,,,1.127649915,0.082660351,,,,,,
2025/8/13 16:29,,,,,,,1.151994952,0.089528083,,,,
2025/8/13 16:29,,,,,,,,,1.120786522,0.051193016,,
2025/8/13 16:29,,,,,,,,,,,1.145916529,0.062633969
2025/8/13 16:29,1.0696,0.521589724,,,,,,,,,,
2025/8/13 16:29,,,1.1028625,0.483820007,,,,,,,,
2025/8/13 16:29,,,,,1.127649915,0.082660351,,,,,,
2025/8/13 16:29,,,,,,,1.151465712,0.089378785,,,,
2025/8/13 16:29,,,,,,,,,1.120786522,0.051193016,,
2025/8/13 16:29,,,,,,,,,,,1.145370225,0.062385253
2025/8/13 16:29,1.0696,0.521589724,,,,,,,,,,
2025/8/13 16:29,,,1.102154787,0.484623618,,,,,,,,
2025/8/13 16:29,,,,,1.127114598,0.093730043,,,,,,
2025/8/13 16:29,,,,,,,1.150947604,0.089471365,,,,
2025/8/13 16:29,,,,,,,,,1.120390063,0.063369897,,
2025/8/13 16:29,,,,,,,,,,,1.144838732,0.062406202
2025/8/13 16:29,1.0522,0.555855341,,,,,,,,,,
2025/8/13 16:29,,,1.101114063,0.486107612,,,,,,,,
2025/8/13 16:29,,,,,1.118089347,0.092178273,,,,,,
2025/8/13 16:29,,,,,,,1.150263057,0.089527759,,,,
2025/8/13 16:29,,,,,,,,,1.110476442,0.058747778,,
2025/8/13 16:29,,,,,,,,,,,1.144122851,0.062329985
2025/8/13 16:29,1.0522,0.555855341,,,,,,,,,,
2025/8/13 16:29,,,1.100115816,0.487531035,,,,,,,,
2025/8/13 16:29,,,,,1.117516201,0.103320033,,,,,,
2025/8/13 16:29,,,,,,,1.149594753,0.089809234,,,,
2025/8/13 16:29,,,,,,,,,1.111021472,0.071550206,,
2025/8/13 16:29,,,,,,,,,,,1.143447313,0.062518153
2025/8/13 16:29,1.03475,0.587700976,,,,,,,,,,
2025/8/13 16:29,,,1.0988085,0.489534434,,,,,,,,
2025/8/13 16:29,,,,,1.108483234,0.101788996,,,,,,
2025/8/13 16:29,,,,,,,1.148772523,0.090048829,,,,
2025/8/13 16:29,,,,,,,,,1.1008094,0.06588749,,
2025/8/13 16:29,,,,,,,,,,,1.142594554,0.06258554
2025/8/13 16:29,1.04348125,0.572054963,,,,,,,,,,
2025/8/13 16:29,,,1.097723652,0.491152483,,,,,,,,
2025/8/13 16:29,,,,,1.113001034,0.102564264,,,,,,
2025/8/13 16:29,,,,,,,1.148071121,0.09029423,,,,
2025/8/13 16:29,,,,,,,,,1.105856191,0.068970051,,
2025/8/13 16:29,,,,,,,,,,,1.141874194,0.062710726
2025/8/13 16:29,1.04348125,0.572054963,,,,,,,,,,
2025/8/13 16:29,,,1.096680529,0.4927083,,,,,,,,
2025/8/13 16:29,,,,,1.111020076,0.135902413,,,,,,
2025/8/13 16:29,,,,,,,1.147358601,0.09117131,,,,
2025/8/13 16:29,,,,,,,,,1.104813279,0.106735625,,
2025/8/13 16:29,,,,,,,,,,,1.141161484,0.063557359
2025/8/13 16:29,1.04348125,0.572054963,,,,,,,,,,
2025/8/13 16:29,,,1.095676769,0.494205407,,,,,,,,
2025/8/13 16:29,,,,,1.111020076,0.135902413,,,,,,
2025/8/13 16:29,,,,,,,1.146672969,0.092015293,,,,
2025/8/13 16:29,,,,,,,,,1.104813279,0.106735625,,
2025/8/13 16:29,,,,,,,,,,,1.140475669,0.064372043
2025/8/13 16:29,1.03475,0.587700976,,,,,,,,,,
2025/8/13 16:29,,,1.094548495,0.495936806,,,,,,,,
2025/8/13 16:29,,,,,1.10650645,0.135292421,,,,,,
2025/8/13 16:29,,,,,,,1.145929144,0.092816721,,,,
2025/8/13 16:29,,,,,,,,,1.100642036,0.104554373,,
2025/8/13 16:29,,,,,,,,,,,1.139738009,0.06511616
2025/8/13 16:29,1.03475,0.587700976,,,,,,,,,,
2025/8/13 16:29,,,1.09346125,0.497605246,,,,,,,,
2025/8/13 16:29,,,,,1.104124318,0.168367601,,,,,,
2025/8/13 16:29,,,,,,,1.145169056,0.094190374,,,,
2025/8/13 16:29,,,,,,,,,1.099264348,0.142023923,,
2025/8/13 16:29,,,,,,,,,,,1.139002125,0.066514483
2025/8/13 16:29,1.02600625,0.602835944,,,,,,,,,,
2025/8/13 16:29,,,1.092256696,0.499484366,,,,,,,,
2025/8/13 16:29,,,,,1.09960611,0.167901737,,,,,,
2025/8/13 16:29,,,,,,,1.144355432,0.095506648,,,,
2025/8/13 16:29,,,,,,,,,1.094513965,0.140275018,,
2025/8/13 16:29,,,,,,,,,,,1.138207693,0.067831636
2025/8/13 16:29,1.02600625,0.602835944,,,,,,,,,,
2025/8/13 16:29,,,1.091094408,0.501297551,,,,,,,,
2025/8/13 16:29,,,,,1.097793123,0.189793308,,,,,,
2025/8/13 16:29,,,,,,,1.14353855,0.0971608,,,,
2025/8/13 16:29,,,,,,,,,1.093579908,0.165052057,,
2025/8/13 16:29,,,,,,,,,,,1.13742475,0.069537257
2025/8/13 16:29,1.02600625,0.602835944,,,,,,,,,,
2025/8/13 16:29,,,1.089972198,0.503048213,,,,,,,,
2025/8/13 16:29,,,,,1.095807035,0.211460993,,,,,,
2025/8/13 16:29,,,,,,,1.142715593,0.099131493,,,,
2025/8/13 16:29,,,,,,,,,1.092379427,0.18992539,,
2025/8/13 16:29,,,,,,,,,,,1.136648106,0.071612915
2025/8/13 16:29,1.02600625,0.602835944,,,,,,,,,,
2025/8/13 16:29,,,1.08888803,0.504739531,,,,,,,,
2025/8/13 16:29,,,,,1.093652934,0.23289566,,,,,,
2025/8/13 16:29,,,,,,,1.141884022,0.101398682,,,,
2025/8/13 16:29,,,,,,,,,1.090811221,0.213835698,,
2025/8/13 16:29,,,,,,,,,,,1.13587121,0.07402347
2025/8/13 16:29,1.02600625,0.602835944,,,,,,,,,,
2025/8/13 16:29,,,1.08784,0.506374471,,,,,,,,
2025/8/13 16:29,,,,,1.09011885,0.264594134,,,,,,
2025/8/13 16:29,,,,,,,1.141021269,0.104118606,,,,
2025/8/13 16:29,,,,,,,,,1.087725854,0.248328266,,
2025/8/13 16:29,,,,,,,,,,,1.135068787,0.07692855
2025/8/13 16:29,1.02600625,0.602835944,,,,,,,,,,
2025/8/13 16:29,,,1.086826332,0.507955806,,,,,,,,
2025/8/13 16:29,,,,,1.09011885,0.264594134,,,,,,
2025/8/13 16:29,,,,,,,1.140186803,0.106749353,,,,
2025/8/13 16:29,,,,,,,,,1.087725854,0.248328266,,
2025/8/13 16:29,,,,,,,,,,,1.134292673,0.079738382
2025/8/13 16:29,1.02600625,0.602835944,,,,,,,,,,
2025/8/13 16:29,,,1.085845363,0.509486131,,,,,,,,
2025/8/13 16:29,,,,,1.083470472,0.316168263,,,,,,
2025/8/13 16:29,,,,,,,1.139272024,0.110127077,,,,
2025/8/13 16:29,,,,,,,,,1.081801486,0.304296881,,
2025/8/13 16:29,,,,,,,,,,,1.133446041,0.083360293
2025/8/13 16:29,1.02600625,0.602835944,,,,,,,,,,
2025/8/13 16:29,,,1.084895536,0.510967874,,,,,,,,
2025/8/13 16:29,,,,,1.077525605,0.356264018,,,,,,
2025/8/13 16:29,,,,,,,1.138291922,0.114034013,,,,
2025/8/13 16:29,,,,,,,,,1.076527158,0.347249953,,
2025/8/13 16:29,,,,,,,,,,,1.132542567,0.087549018
2025/8/13 16:29,1.02600625,0.602835944,,,,,,,,,,
2025/8/13 16:29,,,1.083975391,0.512403313,,,,,,,,
2025/8/13 16:29,,,,,1.075959068,0.366124375,,,,,,
2025/8/13 16:29,,,,,,,1.137317971,0.117972925,,,,
2025/8/13 16:29,,,,,,,,,1.075008958,0.357612459,,
2025/8/13 16:29,,,,,,,,,,,1.131643604,0.091768759
2025/8/13 16:29,1.02600625,0.602835944,,,,,,,,,,
2025/8/13 16:29,,,1.083083558,0.513794584,,,,,,,,
2025/8/13 16:29,,,,,1.074362002,0.37591915,,,,,,
2025/8/13 16:29,,,,,,,1.136349418,0.121941328,,,,
2025/8/13 16:29,,,,,,,,,1.073752098,0.368703545,,
2025/8/13 16:29,,,,,,,,,,,1.130752966,0.096029294
2025/8/13 16:29,1.00848125,0.631716367,,,,,,,,,,
2025/8/13 16:29,,,1.08195322,0.515581278,,,,,,,,
2025/8/13 16:29,,,,,1.064987503,0.376562726,,,,,,
2025/8/13 16:29,,,,,,,1.135268177,0.125799228,,,,
2025/8/13 16:29,,,,,,,,,1.064075987,0.367686507,,
2025/8/13 16:29,,,,,,,,,,,1.129742709,0.100145313
2025/8/13 16:29,1.00848125,0.631716367,,,,,,,,,,
2025/8/13 16:29,,,1.080856623,0.517314637,,,,,,,,
2025/8/13 16:29,,,,,1.061651637,0.396063487,,,,,,
2025/8/13 16:29,,,,,,,1.134169422,0.129833023,,,,
2025/8/13 16:29,,,,,,,,,1.060585178,0.388919537,,
2025/8/13 16:29,,,,,,,,,,,1.128710507,0.104455376
2025/8/13 16:29,1.013,0.679875724,,,,,,,,,,
2025/8/13 16:29,,,1.079858732,0.519705241,,,,,,,,
2025/8/13 16:29,,,,,1.075986863,0.411662394,,,,,,
2025/8/13 16:29,,,,,,,1.133313796,0.133977573,,,,
2025/8/13 16:29,,,,,,,,,1.075272261,0.403553706,,
2025/8/13 16:29,,,,,,,,,,,1.12792465,0.10885388
2025/8/13 16:29,0.995425,0.705357405,,,,,,,,,,
2025/8/13 16:29,,,1.078635054,0.522395853,,,,,,,,
2025/8/13 16:29,,,,,1.066501477,0.412524755,,,,,,
2025/8/13 16:29,,,,,,,1.132345502,0.138014488,,,,
2025/8/13 16:29,,,,,,,,,1.065795187,0.403810913,,
2025/8/13 16:29,,,,,,,,,,,1.127024223,0.11312862
2025/8/13 16:29,1.00421875,0.692780414,,,,,,,,,,
2025/8/13 16:29,,,1.077571964,0.524829918,,,,,,,,
2025/8/13 16:29,,,,,1.071245823,0.412089576,,,,,,
2025/8/13 16:29,,,,,,,1.131472649,0.141929847,,,,
2025/8/13 16:29,,,,,,,,,1.070219471,0.403373836,,
2025/8/13 16:29,,,,,,,,,,,1.126212727,0.11727498
2025/8/13 16:29,1.00421875,0.692780414,,,,,,,,,,
2025/8/13 16:29,,,1.07653882,0.527195418,,,,,,,,
2025/8/13 16:29,,,,,1.071245823,0.412089576,,,,,,
2025/8/13 16:29,,,,,,,1.130624384,0.145734913,,,,
2025/8/13 16:29,,,,,,,,,1.070219471,0.403373836,,
2025/8/13 16:29,,,,,,,,,,,1.125424089,0.121304542
2025/8/13 16:29,1.00421875,0.692780414,,,,,,,,,,
2025/8/13 16:29,,,1.075534375,0.529495209,,,,,,,,
2025/8/13 16:29,,,,,1.071245823,0.412089576,,,,,,
2025/8/13 16:29,,,,,,,1.129799682,0.149434284,,,,
2025/8/13 16:29,,,,,,,,,1.070219471,0.403373836,,
2025/8/13 16:29,,,,,,,,,,,1.124657358,0.125222171
2025/8/13 16:29,0.995425,0.705357405,,,,,,,,,,
2025/8/13 16:29,,,1.074436986,0.53190428,,,,,,,,
2025/8/13 16:29,,,,,1.066501477,0.412524755,,,,,,
2025/8/13 16:29,,,,,,,1.128932583,0.153038263,,,,
2025/8/13 16:29,,,,,,,,,1.065795187,0.403810913,,
2025/8/13 16:29,,,,,,,,,,,1.123851027,0.129038455
2025/8/13 16:29,1.001625,0.764426163,,,,,,,,,,
2025/8/13 16:29,,,1.073453041,0.535046468,,,,,,,,
2025/8/13 16:29,,,,,1.085473266,0.433506582,,,,,,
2025/8/13 16:29,,,,,,,1.128345295,0.156828375,,,,
2025/8/13 16:29,,,,,,,,,1.084424961,0.423309756,,
2025/8/13 16:29,,,,,,,,,,,1.123318243,0.133015094
2025/8/13 16:29,1.01041875,0.752764206,,,,,,,,,,
2025/8/13 16:29,,,1.072612583,0.537949371,,,,,,,,
2025/8/13 16:29,,,,,1.090247067,0.433003822,,,,,,
2025/8/13 16:29,,,,,,,1.127837319,0.160510714,,,,
2025/8/13 16:29,,,,,,,,,1.089278748,0.423169823,,
2025/8/13 16:29,,,,,,,,,,,1.122864383,0.136883824
2025/8/13 16:29,1.01681875,0.809987426,,,,,,,,,,
2025/8/13 16:29,,,1.071878454,0.541528819,,,,,,,,
2025/8/13 16:29,,,,,1.10915965,0.453992842,,,,,,
2025/8/13 16:29,,,,,,,1.12759156,0.164372321,,,,
2025/8/13 16:29,,,,,,,,,1.108580134,0.443724271,,
2025/8/13 16:29,,,,,,,,,,,1.122676432,0.140921198
2025/8/13 16:29,1.01681875,0.809987426,,,,,,,,,,
2025/8/13 16:29,,,1.071163393,0.545015295,,,,,,,,
2025/8/13 16:29,,,,,1.10915965,0.453992842,,,,,,
2025/8/13 16:29,,,,,,,1.127352185,0.168133627,,,,
2025/8/13 16:29,,,,,,,,,1.108580134,0.443724271,,
2025/8/13 16:29,,,,,,,,,,,1.122493363,0.144853705
2025/8/13 16:29,1.02009375,0.837740259,,,,,,,,,,
2025/8/13 16:29,,,1.070508654,0.548768179,,,,,,,,
2025/8/13 16:29,,,,,1.11858437,0.464516962,,,,,,
2025/8/13 16:29,,,,,,,1.127239777,0.171933413,,,,
2025/8/13 16:29,,,,,,,,,1.117504779,0.453273402,,
2025/8/13 16:29,,,,,,,,,,,1.122429407,0.148807804
2025/8/13 16:29,1.028875,0.82693182,,,,,,,,,,
2025/8/13 16:29,,,1.069981646,0.552289238,,,,,,,,
2025/8/13 16:29,,,,,1.123398694,0.46391901,,,,,,
2025/8/13 16:29,,,,,,,1.127191155,0.175629433,,,,
2025/8/13 16:29,,,,,,,,,1.122923502,0.453291486,,
2025/8/13 16:29,,,,,,,,,,,1.122435661,0.152662028
2025/8/13 16:29,1.0322,0.854495851,,,,,,,,,,
2025/8/13 16:29,,,1.069509375,0.55606682,,,,,,,,
2025/8/13 16:29,,,,,1.132817943,0.474427053,,,,,,
2025/8/13 16:29,,,,,,,1.12726149,0.179364404,,,,
2025/8/13 16:29,,,,,,,,,1.132099219,0.463184169,,
2025/8/13 16:29,,,,,,,,,,,1.122556456,0.156543555
2025/8/13 16:29,1.0322,0.854495851,,,,,,,,,,
2025/8/13 16:29,,,1.069048765,0.559751129,,,,,,,,
2025/8/13 16:29,,,,,1.132817943,0.474427053,,,,,,
2025/8/13 16:29,,,,,,,1.127330088,0.183007152,,,,
2025/8/13 16:29,,,,,,,,,1.132099219,0.463184169,,
2025/8/13 16:29,,,,,,,,,,,1.122674268,0.160329241
2025/8/13 16:29,1.0322,0.854495851,,,,,,,,,,
2025/8/13 16:29,,,1.06859939,0.563345577,,,,,,,,
2025/8/13 16:29,,,,,1.132817943,0.474427053,,,,,,
2025/8/13 16:29,,,,,,,1.127397013,0.186561054,,,,
2025/8/13 16:29,,,,,,,,,1.132099219,0.463184169,,
2025/8/13 16:29,,,,,,,,,,,1.122789206,0.164022594
2025/8/13 16:29,1.0322,0.854495851,,,,,,,,,,
2025/8/13 16:29,,,1.068160843,0.566853412,,,,,,,,
2025/8/13 16:29,,,,,1.132817943,0.474427053,,,,,,
2025/8/13 16:29,,,,,,,1.127462326,0.190029319,,,,
2025/8/13 16:29,,,,,,,,,1.132099219,0.463184169,,
2025/8/13 16:29,,,,,,,,,,,1.122901375,0.16762695
2025/8/13 16:29,1.0322,0.854495851,,,,,,,,,,
2025/8/13 16:29,,,1.067732738,0.570277727,,,,,,,,
2025/8/13 16:29,,,,,1.100288778,0.623160909,,,,,,
2025/8/13 16:29,,,,,,,1.127138831,0.195185647,,,,
2025/8/13 16:29,,,,,,,,,1.100479582,0.617894916,,
2025/8/13 16:29,,,,,,,,,,,1.122634449,0.172987283
2025/8/13 16:29,1.0322,0.854495851,,,,,,,,,,
2025/8/13 16:29,,,1.067314706,0.573621469,,,,,,,,
2025/8/13 16:29,,,,,1.100288778,0.623160909,,,,,,
2025/8/13 16:29,,,,,,,1.126822948,0.20022065,,,,
2025/8/13 16:29,,,,,,,,,1.100479582,0.617894916,,
2025/8/13 16:29,,,,,,,,,,,1.122373803,0.178221491
2025/8/13 16:29,1.0322,0.854495851,,,,,,,,,,
2025/8/13 16:29,,,1.066906395,0.57688745,,,,,,,,
2025/8/13 16:29,,,,,1.08473423,0.683987284,,,,,,
2025/8/13 16:29,,,,,,,1.126333545,0.205845844,,,,
2025/8/13 16:29,,,,,,,,,1.08476994,0.679168191,,
2025/8/13 16:29,,,,,,,,,,,1.121936549,0.184046452
2025/8/13 16:29,1.0322,0.854495851,,,,,,,,,,
2025/8/13 16:29,,,1.066507471,0.580078352,,,,,,,,
2025/8/13 16:29,,,,,1.075579915,0.717183827,,,,,,
2025/8/13 16:29,,,,,,,1.12575017,0.211723292,,,,
2025/8/13 16:29,,,,,,,,,1.075385592,0.712685389,,
2025/8/13 16:29,,,,,,,,,,,1.121401481,0.190122762
2025/8/13 16:29,1.0322,0.854495851,,,,,,,,,,
2025/8/13 16:29,,,1.066117614,0.583196732,,,,,,,,
2025/8/13 16:29,,,,,1.075579915,0.717183827,,,,,,
2025/8/13 16:29,,,,,,,1.125180053,0.217467161,,,,
2025/8/13 16:29,,,,,,,,,1.075385592,0.712685389,,
2025/8/13 16:29,,,,,,,,,,,1.120878573,0.196060974
2025/8/13 16:29,1.0322,0.854495851,,,,,,,,,,
2025/8/13 16:29,,,1.065736517,0.586245037,,,,,,,,
2025/8/13 16:29,,,,,1.059188329,0.773162438,,,,,,
2025/8/13 16:29,,,,,,,1.124438573,0.223710928,,,,
2025/8/13 16:29,,,,,,,,,1.059464846,0.768506329,,
2025/8/13 16:29,,,,,,,,,,,1.120188531,0.202492944
2025/8/13 16:29,1.02341875,0.864993678,,,,,,,,,,
2025/8/13 16:29,,,1.065266319,0.589342244,,,,,,,,
2025/8/13 16:29,,,,,1.053808398,0.773965234,,,,,,
2025/8/13 16:29,,,,,,,1.123653793,0.229824865,,,,
2025/8/13 16:29,,,,,,,,,1.053753121,0.769859843,,
2025/8/13 16:29,,,,,,,,,,,1.11945036,0.208797021
2025/8/13 16:29,1.02341875,0.864993678,,,,,,,,,,
2025/8/13 16:29,,,1.064806456,0.592371381,,,,,,,,
2025/8/13 16:29,,,,,1.036911099,0.827208085,,,,,,
2025/8/13 16:29,,,,,,,1.122700577,0.236389516,,,,
2025/8/13 16:29,,,,,,,,,1.037204783,0.82287601,,
2025/8/13 16:29,,,,,,,,,,,1.118546562,0.215545141
2025/8/13 16:29,1.02341875,0.864993678,,,,,,,,,,
2025/8/13 16:29,,,1.06435659,0.595334667,,,,,,,,
2025/8/13 16:29,,,,,1.036911099,0.827208085,,,,,,
2025/8/13 16:29,,,,,,,1.121768082,0.242811457,,,,
2025/8/13 16:29,,,,,,,,,1.037204783,0.82287601,,
2025/8/13 16:29,,,,,,,,,,,1.117662412,0.222146564
2025/8/13 16:29,1.02341875,0.864993678,,,,,,,,,,
2025/8/13 16:29,,,1.063916398,0.598234226,,,,,,,,
2025/8/13 16:29,,,,,1.02341875,0.864993678,,,,,,
2025/8/13 16:29,,,,,,,1.120710563,0.249501588,,,,
2025/8/13 16:29,,,,,,,,,1.023058213,0.866848185,,
2025/8/13 16:29,,,,,,,,,,,1.116645163,0.229078839
2025/8/13 16:29,1.02341875,0.864993678,,,,,,,,,,
2025/8/13 16:29,,,1.063485572,0.601072092,,,,,,,,
2025/8/13 16:29,,,,,1.02341875,0.864993678,,,,,,
2025/8/13 16:29,,,,,,,1.119675543,0.256049377,,,,
2025/8/13 16:29,,,,,,,,,1.023058213,0.866848185,,
2025/8/13 16:29,,,,,,,,,,,1.115649557,0.23586362
2025/8/13 16:29,1.03369375,0.94418072,,,,,,,,,,
2025/8/13 16:29,,,1.063171974,0.604683762,,,,,,,,
2025/8/13 16:29,,,,,1.048771707,0.903369907,,,,,,
2025/8/13 16:29,,,,,,,1.118929187,0.262863277,,,,
2025/8/13 16:29,,,,,,,,,1.049380746,0.899331008,,
2025/8/13 16:29,,,,,,,,,,,1.114951991,0.242847487
2025/8/13 16:29,1.03369375,0.94418072,,,,,,,,,,
2025/8/13 16:29,,,1.062864909,0.608220189,,,,,,,,
2025/8/13 16:29,,,,,1.030364439,0.952133191,,,,,,
2025/8/13 16:29,,,,,,,1.118006638,0.270043172,,,,
2025/8/13 16:29,,,,,,,,,1.02936361,0.955732237,,
2025/8/13 16:29,,,,,,,,,,,1.114060445,0.25027337
2025/8/13 16:29,1.03369375,0.94418072,,,,,,,,,,
2025/8/13 16:29,,,1.062564175,0.611683699,,,,,,,,
2025/8/13 16:29,,,,,1.030364439,0.952133191,,,,,,
2025/8/13 16:29,,,,,,,1.11710311,0.277075028,,,,
2025/8/13 16:29,,,,,,,,,1.02936361,0.955732237,,
2025/8/13 16:29,,,,,,,,,,,1.113187282,0.257546142
2025/8/13 16:29,1.039,0.982537022,,,,,,,,,,
2025/8/13 16:29,,,1.062323724,0.615467917,,,,,,,,
2025/8/13 16:29,,,,,1.041891463,0.975730947,,,,,,
2025/8/13 16:29,,,,,,,1.116335644,0.28420417,,,,
2025/8/13 16:29,,,,,,,,,1.042324708,0.972154369,,
2025/8/13 16:29,,,,,,,,,,,1.112464194,0.264838062
2025/8/13 16:29,1.039,0.982537022,,,,,,,,,,
2025/8/13 16:29,,,1.062088131,0.619175686,,,,,,,,
2025/8/13 16:29,,,,,1.039090591,0.982353119,,,,,,
2025/8/13 16:29,,,,,,,1.115555391,0.291256179,,,,
2025/8/13 16:29,,,,,,,,,1.040133429,0.978696586,,
2025/8/13 16:29,,,,,,,,,,,1.111733581,0.272048754
2025/8/13 16:29,1.03020625,0.991753539,,,,,,,,,,
2025/8/13 16:29,,,1.061769313,0.622901464,,,,,,,,
2025/8/13 16:29,,,,,1.033686907,0.983495583,,,,,,
2025/8/13 16:29,,,,,,,1.114736706,0.298178573,,,,
2025/8/13 16:29,,,,,,,,,1.034308707,0.979855563,,
2025/8/13 16:29,,,,,,,,,,,1.110959332,0.279126822
2025/8/13 16:29,1.03380625,1.016732333,,,,,,,,,,
2025/8/13 16:29,,,1.061019688,0.62797927,,,,,,,,
2025/8/13 16:29,,,,,1.042642328,0.994425743,,,,,,
2025/8/13 16:29,,,,,,,1.113568143,0.306800748,,,,
2025/8/13 16:29,,,,,,,,,1.043465673,0.99099138,,
2025/8/13 16:29,,,,,,,,,,,1.109847637,0.287952402
2025/8/13 16:29,1.03380625,1.016732333,,,,,,,,,,
2025/8/13 16:29,,,1.060270063,0.633057076,,,,,,,,
2025/8/13 16:29,,,,,1.029194318,1.027797452,,,,,,
2025/8/13 16:29,,,,,,,1.112265099,0.315756641,,,,
2025/8/13 16:29,,,,,,,,,1.028565452,1.031162046,,
2025/8/13 16:29,,,,,,,,,,,1.108586939,0.297179688
2025/8/13 16:29,1.043025,1.078006887,,,,,,,,,,
2025/8/13 16:29,,,1.059612625,0.638747628,,,,,,,,
2025/8/13 16:29,,,,,1.049490861,1.062236533,,,,,,
2025/8/13 16:29,,,,,,,1.111165021,0.325056924,,,,
2025/8/13 16:29,,,,,,,,,1.050529951,1.058923086,,
2025/8/13 16:29,,,,,,,,,,,1.107545887,0.306684585
2025/8/13 16:29,1.043025,1.078006887,,,,,,,,,,
2025/8/13 16:29,,,1.058955188,0.64443818,,,,,,,,
2025/8/13 16:29,,,,,1.044227953,1.0753566,,,,,,
2025/8/13 16:29,,,,,,,1.110012313,0.334488407,,,,
2025/8/13 16:29,,,,,,,,,1.045340763,1.071683424,,
2025/8/13 16:29,,,,,,,,,,,1.106452942,0.316317084
2025/8/13 16:29,1.05181875,1.0694285,,,,,,,,,,
2025/8/13 16:29,,,1.058385688,0.650042947,,,,,,,,
2025/8/13 16:29,,,,,1.05181875,1.0694285,,,,,,
2025/8/13 16:29,,,,,,,1.108935514,0.34386061,,,,
2025/8/13 16:29,,,,,,,,,1.050794812,1.070929553,,
2025/8/13 16:29,,,,,,,,,,,1.105414539,0.325942046
2025/8/13 16:29,1.0537,1.081580469,,,,,,,,,,
2025/8/13 16:29,,,1.057835,0.655769235,,,,,,,,
2025/8/13 16:29,,,,,1.054492778,1.07985932,,,,,,
2025/8/13 16:29,,,,,,,1.107885454,0.353337121,,,,
2025/8/13 16:29,,,,,,,,,1.055774658,1.076690901,,
2025/8/13 16:29,,,,,,,,,,,1.104425933,0.33562462
2025/8/13 16:29,1.0537,1.081580469,,,,,,,,,,
2025/8/13 16:29,,,1.057284313,0.661495522,,,,,,,,
2025/8/13 16:29,,,,,1.054492778,1.07985932,,,,,,
2025/8/13 16:29,,,,,,,1.106835395,0.362813632,,,,
2025/8/13 16:29,,,,,,,,,1.055774658,1.076690901,,
2025/8/13 16:29,,,,,,,,,,,1.103437328,0.345307195
2025/8/13 16:29,1.0575,1.105709614,,,,,,,,,,
2025/8/13 16:29,,,1.056786813,0.667673095,,,,,,,,
2025/8/13 16:29,,,,,1.063571916,1.090919273,,,,,,
2025/8/13 16:29,,,,,,,1.105928036,0.372447712,,,,
2025/8/13 16:29,,,,,,,,,1.064379019,1.087793078,,
2025/8/13 16:29,,,,,,,,,,,1.102586433,0.355139312
2025/8/13 16:29,1.04870625,1.1140535,,,,,,,,,,
2025/8/13 16:29,,,1.056201375,0.673934107,,,,,,,,
2025/8/13 16:29,,,,,1.057678677,1.091910522,,,,,,
2025/8/13 16:29,,,,,,,1.104961744,0.382091704,,,,
2025/8/13 16:29,,,,,,,,,1.058182361,1.088555072,,
2025/8/13 16:29,,,,,,,,,,,1.101673571,0.364979048
2025/8/13 16:29,1.050625,1.125960527,,,,,,,,,,
2025/8/13 16:29,,,1.055635125,0.68031419,,,,,,,,
2025/8/13 16:29,,,,,1.062088448,1.097387555,,,,,,
2025/8/13 16:29,,,,,,,1.104039549,0.391790466,,,,
2025/8/13 16:29,,,,,,,,,1.062356749,1.093986221,,
2025/8/13 16:29,,,,,,,,,,,1.100802453,0.374873096
2025/8/13 16:29,1.050625,1.125960527,,,,,,,,,,
2025/8/13 16:29,,,1.055068875,0.686694272,,,,,,,,
2025/8/13 16:29,,,,,1.05700914,1.110515011,,,,,,
2025/8/13 16:29,,,,,,,1.103060055,0.401728981,,,,
2025/8/13 16:29,,,,,,,,,1.057364958,1.107088245,,
2025/8/13 16:29,,,,,,,,,,,1.099879372,0.38501507
2025/8/13 16:29,1.050625,1.125960527,,,,,,,,,,
2025/8/13 16:29,,,1.054502625,0.693074355,,,,,,,,
2025/8/13 16:29,,,,,1.05700914,1.110515011,,,,,,
2025/8/13 16:29,,,,,,,1.102074456,0.411776347,,,,
2025/8/13 16:29,,,,,,,,,1.057364958,1.107088245,,
2025/8/13 16:29,,,,,,,,,,,1.098954189,0.395283607
2025/8/13 16:29,1.05255625,1.13781604,,,,,,,,,,
2025/8/13 16:29,,,1.053955688,0.699572992,,,,,,,,
2025/8/13 16:29,,,,,1.061427977,1.116031967,,,,,,
2025/8/13 16:29,,,,,,,1.101127343,0.42198809,,,,
2025/8/13 16:29,,,,,,,,,1.061882574,1.112739255,,
2025/8/13 16:29,,,,,,,,,,,1.098069866,0.405723564
2025/8/13 16:29,1.05255625,1.13781604,,,,,,,,,,
2025/8/13 16:29,,,1.05340875,0.70607163,,,,,,,,
2025/8/13 16:29,,,,,1.061427977,1.116031967,,,,,,
2025/8/13 16:29,,,,,,,1.100174933,0.432309381,,,,
2025/8/13 16:29,,,,,,,,,1.061882574,1.112739255,,
2025/8/13 16:29,,,,,,,,,,,1.097182416,0.416292172
2025/8/13 16:29,1.0545,1.149621568,,,,,,,,,,
2025/8/13 16:29,,,1.05288125,0.712688322,,,,,,,,
2025/8/13 16:29,,,,,1.065838918,1.121506838,,,,,,
2025/8/13 16:29,,,,,,,1.099266633,0.442685421,,,,
2025/8/13 16:29,,,,,,,,,1.066940784,1.118402721,,
2025/8/13 16:29,,,,,,,,,,,1.096345548,0.426917415
2025/8/13 16:29,1.0545,1.149621568,,,,,,,,,,
2025/8/13 16:29,,,1.05235375,0.719305015,,,,,,,,
2025/8/13 16:29,,,,,1.060765577,1.13452596,,,,,,
2025/8/13 16:29,,,,,,,1.098307599,0.453191652,,,,
2025/8/13 16:29,,,,,,,,,1.061685878,1.131343559,,
2025/8/13 16:29,,,,,,,,,,,1.09545613,0.437672066
2025/8/13 16:29,1.06040625,1.184752542,,,,,,,,,,
2025/8/13 16:29,,,1.051885313,0.726273018,,,,,,,,
2025/8/13 16:29,,,,,1.073984819,1.151041693,,,,,,
2025/8/13 16:29,,,,,,,1.097475867,0.463972911,,,,
2025/8/13 16:29,,,,,,,,,1.074980508,1.147761883,,
2025/8/13 16:29,,,,,,,,,,,1.094703758,0.448713181
2025/8/13 16:29,1.06040625,1.184752542,,,,,,,,,,
2025/8/13 16:29,,,1.051416875,0.73324102,,,,,,,,
2025/8/13 16:29,,,,,1.068952255,1.163947686,,,,,,
2025/8/13 16:29,,,,,,,1.096593809,0.474883229,,,,
2025/8/13 16:29,,,,,,,,,1.06965367,1.160953516,,
2025/8/13 16:29,,,,,,,,,,,1.093898118,0.459886213
2025/8/13 16:29,1.06440625,1.207948399,,,,,,,,,,
2025/8/13 16:29,,,1.050988438,0.740440981,,,,,,,,
2025/8/13 16:29,,,,,1.077753455,1.174954514,,,,,,
2025/8/13 16:29,,,,,,,1.095795279,0.48601379,,,,
2025/8/13 16:29,,,,,,,,,1.078905146,1.171624886,,
2025/8/13 16:29,,,,,,,,,,,1.093181874,0.471290871
2025/8/13 16:29,1.06440625,1.207948399,,,,,,,,,,
2025/8/13 16:29,,,1.050544813,0.747430948,,,,,,,,
2025/8/13 16:29,,,,,1.072733333,1.187749112,,,,,,
2025/8/13 16:29,,,,,,,1.094893914,0.497227092,,,,
2025/8/13 16:29,,,,,,,,,1.073978617,1.184221054,,
2025/8/13 16:29,,,,,,,,,,,1.092365614,0.482787224
2025/8/13 16:29,1.0705,1.242428972,,,,,,,,,,
2025/8/13 16:29,,,1.050162125,0.75476572,,,,,,,,
2025/8/13 16:29,,,,,1.085919979,1.204296159,,,,,,
2025/8/13 16:29,,,,,,,1.094129014,0.508495367,,,,
2025/8/13 16:29,,,,,,,,,1.08677024,1.200460514,,
2025/8/13 16:29,,,,,,,,,,,1.091679688,0.494324107
2025/8/13 16:29,1.0705,1.242428972,,,,,,,,,,
2025/8/13 16:29,,,1.049779438,0.762100493,,,,,,,,
2025/8/13 16:29,,,,,1.083445168,1.21059298,,,,,,
2025/8/13 16:29,,,,,,,1.093339367,0.51982661,,,,
2025/8/13 16:29,,,,,,,,,1.084661403,1.207317864,,
2025/8/13 16:29,,,,,,,,,,,1.090972673,0.505929564
2025/8/13 16:29,1.07670625,1.276559302,,,,,,,,,,
2025/8/13 16:29,,,1.049458813,0.769776569,,,,,,,,
2025/8/13 16:29,,,,,1.09659334,1.227168484,,,,,,
2025/8/13 16:29,,,,,,,1.092681201,0.531323608,,,,
2025/8/13 16:29,,,,,,,,,1.097165488,1.224088642,,
2025/8/13 16:29,,,,,,,,,,,1.0903907,0.517702728
2025/8/13 16:29,1.05908125,1.291219155,,,,,,,,,,
2025/8/13 16:29,,,1.048977125,0.777809237,,,,,,,,
2025/8/13 16:29,,,,,1.084258709,1.229150992,,,,,,
2025/8/13 16:29,,,,,,,1.091952208,0.54288596,,,,
2025/8/13 16:29,,,,,,,,,1.08501248,1.225945038,,
2025/8/13 16:29,,,,,,,,,,,1.089738648,0.529525674
2025/8/13 16:29,1.061175,1.302423748,,,,,,,,,,
2025/8/13 16:29,,,1.048516375,0.785953952,,,,,,,,
2025/8/13 16:29,,,,,1.088606946,1.234740416,,,,,,
2025/8/13 16:29,,,,,,,1.091266697,0.554504206,,,,
2025/8/13 16:29,,,,,,,,,1.089375138,1.231044852,,
2025/8/13 16:29,,,,,,,,,,,1.089130222,0.541399619
2025/8/13 16:29,1.061175,1.302423748,,,,,,,,,,
2025/8/13 16:29,,,1.048070688,0.794316315,,,,,,,,
2025/8/13 16:29,,,,,1.081110611,1.25370844,,,,,,
2025/8/13 16:29,,,,,,,1.090558871,0.566357794,,,,
2025/8/13 16:29,,,,,,,,,1.081549631,1.25025044,,
2025/8/13 16:29,,,,,,,,,,,1.088494268,0.553500243
2025/8/13 16:29,1.0654,1.324735007,,,,,,,,,,
2025/8/13 16:29,,,1.047652188,0.802684142,,,,,,,,
2025/8/13 16:29,,,,,1.08986781,1.264704642,,,,,,
2025/8/13 16:29,,,,,,,1.089885969,0.578275682,,,,
2025/8/13 16:29,,,,,,,,,1.090503554,1.261252923,,
2025/8/13 16:29,,,,,,,,,,,1.087897127,0.565676268
2025/8/13 16:29,1.0654,1.324735007,,,,,,,,,,
2025/8/13 16:29,,,1.04724875,0.811269617,,,,,,,,
2025/8/13 16:29,,,,,1.082376285,1.283530872,,,,,,
2025/8/13 16:29,,,,,,,1.0891908,0.590427495,,,,
2025/8/13 16:29,,,,,,,,,1.082854312,1.279850447,,
2025/8/13 16:29,,,,,,,,,,,1.08727422,0.578072892
2025/8/13 16:29,1.06753125,1.335843191,,,,,,,,,,
2025/8/13 16:29,,,1.046866625,0.819966174,,,,,,,,
2025/8/13 16:29,,,,,1.086758037,1.289051531,,,,,,
2025/8/13 16:29,,,,,,,1.088539448,0.602634515,,,,
2025/8/13 16:29,,,,,,,,,1.087432689,1.285472471,,
2025/8/13 16:29,,,,,,,,,,,1.086697097,0.590525736
2025/8/13 16:29,1.06753125,1.335843191,,,,,,,,,,
2025/8/13 16:29,,,1.0464845,0.828662732,,,,,,,,
2025/8/13 16:29,,,,,1.079293305,1.307609508,,,,,,
2025/8/13 16:29,,,,,,,1.087813449,0.615027114,,,,
2025/8/13 16:29,,,,,,,,,1.080508724,1.304526674,,
2025/8/13 16:29,,,,,,,,,,,1.086050734,0.603169122
2025/8/13 16:29,1.069675,1.346920708,,,,,,,,,,
2025/8/13 16:29,,,1.04613875,0.837696491,,,,,,,,
2025/8/13 16:29,,,,,1.083702967,1.313085322,,,,,,
2025/8/13 16:29,,,,,,,1.087184342,0.627520334,,,,
2025/8/13 16:29,,,,,,,,,1.084420513,1.310189729,,
2025/8/13 16:29,,,,,,,,,,,1.085493294,0.615898238
2025/8/13 16:29,1.069675,1.346920708,,,,,,,,,,
2025/8/13 16:29,,,1.045793,0.846730251,,,,,,,,
2025/8/13 16:29,,,,,1.073731568,1.337486653,,,,,,
2025/8/13 16:29,,,,,,,1.086455521,0.640257567,,,,
2025/8/13 16:29,,,,,,,,,1.074906521,1.334424808,,
2025/8/13 16:29,,,,,,,,,,,1.084840714,0.628869705
2025/8/13 16:29,1.069675,1.346920708,,,,,,,,,,
2025/8/13 16:29,,,1.04544725,0.855764011,,,,,,,,
2025/8/13 16:29,,,,,1.073731568,1.337486653,,,,,,
2025/8/13 16:29,,,,,,,1.0857267,0.6529948,,,,
2025/8/13 16:29,,,,,,,,,1.074906521,1.334424808,,
2025/8/13 16:29,,,,,,,,,,,1.084188133,0.641841171
2025/8/13 16:29,1.069675,1.346920708,,,,,,,,,,
2025/8/13 16:29,,,1.0451015,0.86479777,,,,,,,,
2025/8/13 16:29,,,,,1.068533872,1.349477302,,,,,,
2025/8/13 16:29,,,,,,,1.084945902,0.66585194,,,,
2025/8/13 16:29,,,,,,,,,1.067082007,1.35225104,,
2025/8/13 16:29,,,,,,,,,,,1.083457308,0.6549909
2025/8/13 16:29,1.07183125,1.357968251,,,,,,,,,,
2025/8/13 16:29,,,1.044777313,0.873942005,,,,,,,,
2025/8/13 16:29,,,,,1.07183125,1.357968251,,,,,,
2025/8/13 16:29,,,,,,,1.084202731,0.67868475,,,,
2025/8/13 16:29,,,,,,,,,1.07183125,1.357968251,,
2025/8/13 16:29,,,,,,,,,,,1.08277438,0.668077848
2025/8/13 16:29,1.063,1.364892303,,,,,,,,,,
2025/8/13 16:29,,,1.044364813,0.883155481,,,,,,,,
2025/8/13 16:29,,,,,1.064290834,1.361996172,,,,,,
2025/8/13 16:29,,,,,,,1.083384156,0.691557839,,,,
2025/8/13 16:29,,,,,,,,,1.06515003,1.359155971,,
2025/8/13 16:29,,,,,,,,,,,1.082024639,0.681176674
2025/8/13 16:29,1.06516875,1.37586901,,,,,,,,,,
2025/8/13 16:29,,,1.043974,0.892478724,,,,,,,,
2025/8/13 16:29,,,,,1.068758631,1.36757863,,,,,,
2025/8/13 16:29,,,,,,,1.082610259,0.704486753,,,,
2025/8/13 16:29,,,,,,,,,1.070276113,1.364360253,,
2025/8/13 16:29,,,,,,,,,,,1.081326159,0.694327542
2025/8/13 16:29,1.056325,1.382670421,,,,,,,,,,
2025/8/13 16:29,,,1.04349475,0.90186998,,,,,,,,
2025/8/13 16:29,,,,,1.062374738,1.368574575,,,,,,
2025/8/13 16:29,,,,,,,1.081777577,0.717316685,,,,
2025/8/13 16:29,,,,,,,,,1.063395015,1.365135501,,
2025/8/13 16:29,,,,,,,,,,,1.080556742,0.707363188
2025/8/13 16:29,1.05850625,1.39357975,,,,,,,,,,
2025/8/13 16:29,,,1.043037313,0.911370331,,,,,,,,
2025/8/13 16:29,,,,,1.066785938,1.374124971,,,,,,
2025/8/13 16:29,,,,,,,1.080989007,0.730202121,,,,
2025/8/13 16:29,,,,,,,,,1.067790111,1.371537509,,
2025/8/13 16:29,,,,,,,,,,,1.079831275,0.720462853
2025/8/13 16:29,1.05850625,1.39357975,,,,,,,,,,
2025/8/13 16:29,,,1.042579875,0.920870681,,,,,,,,
2025/8/13 16:29,,,,,1.049216804,1.415364051,,,,,,
2025/8/13 16:29,,,,,,,1.080024746,0.743499947,,,,
2025/8/13 16:29,,,,,,,,,1.048462547,1.418593353,,
2025/8/13 16:29,,,,,,,,,,,1.078912533,0.734033077
2025/8/13 16:29,1.06290625,1.415319859,,,,,,,,,,
2025/8/13 16:29,,,1.042339438,0.930179917,,,,,,,,
2025/8/13 16:29,,,,,1.058031176,1.426617129,,,,,,
2025/8/13 16:29,,,,,,,1.079238445,0.756924113,,,,
2025/8/13 16:29,,,,,,,,,1.056806927,1.429675497,,
2025/8/13 16:29,,,,,,,,,,,1.078178743,0.747766169
2025/8/13 16:29,1.05405,1.421927775,,,,,,,,,,
2025/8/13 16:29,,,1.042097125,0.939365215,,,,,,,,
2025/8/13 16:29,,,,,1.051577534,1.427546345,,,,,,
2025/8/13 16:29,,,,,,,1.078432634,0.7703651,,,,
2025/8/13 16:29,,,,,,,,,1.050282301,1.430660367,,
2025/8/13 16:29,,,,,,,,,,,1.077425788,0.761532855
2025/8/13 16:29,1.05405,1.421927775,,,,,,,,,,
2025/8/13 16:29,,,1.041854813,0.948550513,,,,,,,,
2025/8/13 16:29,,,,,1.041806012,1.450622909,,,,,,
2025/8/13 16:29,,,,,,,1.077529108,0.784036852,,,,
2025/8/13 16:29,,,,,,,,,1.04084926,1.45385159,,
2025/8/13 16:29,,,,,,,,,,,1.076578502,0.775531453
2025/8/13 16:29,1.0585,1.443494977,,,,,,,,,,
2025/8/13 16:29,,,1.041657,0.957951482,,,,,,,,
2025/8/13 16:29,,,,,1.050605109,1.461890762,,,,,,
2025/8/13 16:29,,,,,,,1.076713573,0.797821283,,,,
2025/8/13 16:29,,,,,,,,,1.049319601,1.46464264,,
2025/8/13 16:29,,,,,,,,,,,1.07581592,0.789637961
2025/8/13 16:29,1.04963125,1.449956633,,,,,,,,,,
2025/8/13 16:29,,,1.041457313,0.967235151,,,,,,,,
2025/8/13 16:29,,,,,1.044050575,1.462821324,,,,,,
2025/8/13 16:29,,,,,,,1.075877579,0.811622892,,,,
2025/8/13 16:29,,,,,,,,,1.042759018,1.46589438,,
2025/8/13 16:29,,,,,,,,,,,1.075035645,0.803784975
2025/8/13 16:29,1.04963125,1.449956633,,,,,,,,,,
2025/8/13 16:29,,,1.041257625,0.976518821,,,,,,,,
2025/8/13 16:29,,,,,1.034375657,1.485644968,,,,,,
2025/8/13 16:29,,,,,,,1.074944837,0.825652739,,,,
2025/8/13 16:29,,,,,,,,,1.03369669,1.489018161,,
2025/8/13 16:29,,,,,,,,,,,1.074164747,0.818163226
2025/8/13 16:29,1.0564,1.482032064,,,,,,,,,,
2025/8/13 16:29,,,1.041125625,0.986123244,,,,,,,,
2025/8/13 16:29,,,,,1.04757071,1.502583832,,,,,,
2025/8/13 16:29,,,,,,,1.074149398,0.839741276,,,,
2025/8/13 16:29,,,,,,,,,1.046236369,1.505676638,,
2025/8/13 16:29,,,,,,,,,,,1.07342321,0.832586294
2025/8/13 16:29,1.04751875,1.488322703,,,,,,,,,,
2025/8/13 16:29,,,1.041078813,0.995447918,,,,,,,,
2025/8/13 16:29,,,,,1.040954675,1.503464632,,,,,,
2025/8/13 16:29,,,,,,,1.073378051,0.85385414,,,,
2025/8/13 16:29,,,,,,,,,1.040323381,1.506132823,,
2025/8/13 16:29,,,,,,,,,,,1.072721679,0.847060144
2025/8/13 16:29,1.04751875,1.488322703,,,,,,,,,,
2025/8/13 16:29,,,1.041032,1.004772591,,,,,,,,
2025/8/13 16:29,,,,,1.03136078,1.526000937,,,,,,
2025/8/13 16:29,,,,,,,1.072516497,0.868080949,,,,
2025/8/13 16:29,,,,,,,,,1.030665238,1.528894408,,
2025/8/13 16:29,,,,,,,,,,,1.071918117,0.861633586
2025/8/13 16:29,1.04751875,1.488322703,,,,,,,,,,
2025/8/13 16:29,,,1.041159688,1.013778808,,,,,,,,
2025/8/13 16:29,,,,,1.026608706,1.537180299,,,,,,
2025/8/13 16:29,,,,,,,1.071697752,0.882434862,,,,
2025/8/13 16:29,,,,,,,,,1.026010819,1.539983964,,
2025/8/13 16:29,,,,,,,,,,,1.071170131,0.876374551
2025/8/13 16:29,1.0208,1.506773825,,,,,,,,,,
2025/8/13 16:29,,,1.040932875,1.023125997,,,,,,,,
2025/8/13 16:29,,,,,1.006490879,1.539612915,,,,,,
2025/8/13 16:29,,,,,,,1.07063265,0.896805349,,,,
2025/8/13 16:29,,,,,,,,,1.00556546,1.542591123,,
2025/8/13 16:29,,,,,,,,,,,1.070167224,0.891110762
2025/8/13 16:29,1.03233125,1.559228075,,,,,,,,,,
2025/8/13 16:29,,,1.040821375,1.032997728,,,,,,,,
2025/8/13 16:29,,,,,1.028478252,1.567989317,,,,,,
2025/8/13 16:29,,,,,,,1.069807232,0.911126218,,,,
2025/8/13 16:29,,,,,,,,,1.027211145,1.570954896,,
2025/8/13 16:29,,,,,,,,,,,1.069391203,0.905752954
2025/8/13 16:29,1.0234,1.56510461,,,,,,,,,,
2025/8/13 16:29,,,1.040620562,1.042928225,,,,,,,,
2025/8/13 16:29,,,,,1.021731944,1.56884778,,,,,,
2025/8/13 16:29,,,,,,,1.068914351,0.925455671,,,,
2025/8/13 16:29,,,,,,,,,1.02018743,1.571241974,,
2025/8/13 16:29,,,,,,,,,,,1.068544944,0.920398018
2025/8/13 16:29,1.03046875,1.596287617,,,,,,,,,,
2025/8/13 16:29,,,1.04057775,1.053014091,,,,,,,,
2025/8/13 16:29,,,,,1.032664481,1.591319917,,,,,,
2025/8/13 16:29,,,,,,,1.068175931,0.940015946,,,,
2025/8/13 16:29,,,,,,,,,1.033705471,1.588447601,,
2025/8/13 16:29,,,,,,,,,,,1.067875578,0.93523695
2025/8/13 16:29,1.021525,1.602025803,,,,,,,,,,
2025/8/13 16:29,,,1.0404455,1.063157339,,,,,,,,
2025/8/13 16:29,,,,,1.02584679,1.592216451,,,,,,
2025/8/13 16:29,,,,,,,1.067393156,0.954254435,,,,
2025/8/13 16:29,,,,,,,,,1.026650442,1.588896465,,
2025/8/13 16:29,,,,,,,,,,,1.067149439,0.949705676
2025/8/13 16:29,1.031125,1.643283674,,,,,,,,,,
2025/8/13 16:29,,,1.040496687,1.073561817,,,,,,,,
2025/8/13 16:29,,,,,1.04344731,1.614900893,,,,,,
2025/8/13 16:29,,,,,,,1.066831568,0.968724426,,,,
2025/8/13 16:29,,,,,,,,,1.044845881,1.612280961,,
2025/8/13 16:29,,,,,,,,,,,1.066652758,0.964425735
2025/8/13 16:29,1.0132,1.65439589,,,,,,,,,,
2025/8/13 16:29,,,1.040368625,1.084077416,,,,,,,,
2025/8/13 16:29,,,,,1.029730183,1.616569933,,,,,,
2025/8/13 16:29,,,,,,,1.066150938,0.982992193,,,,
2025/8/13 16:29,,,,,,,,,1.03064044,1.613630254,,
2025/8/13 16:29,,,,,,,,,,,1.066023364,0.978911517
2025/8/13 16:29,1.0132,1.65439589,,,,,,,,,,
2025/8/13 16:29,,,1.040240562,1.094593016,,,,,,,,
2025/8/13 16:29,,,,,1.015357341,1.649530264,,,,,,
2025/8/13 16:29,,,,,,,1.065346441,0.997372885,,,,
2025/8/13 16:29,,,,,,,,,1.016514885,1.647149814,,
2025/8/13 16:29,,,,,,,,,,,1.065264718,0.993483761
2025/8/13 16:29,1.02053125,1.685056666,,,,,,,,,,
2025/8/13 16:29,,,1.040185812,1.105415223,,,,,,,,
2025/8/13 16:29,,,,,1.028591312,1.666624136,,,,,,
2025/8/13 16:29,,,,,,,1.064695825,1.01171017,,,,
2025/8/13 16:29,,,,,,,,,1.029946966,1.663774171,,
2025/8/13 16:29,,,,,,,,,,,1.064656076,1.007983146
2025/8/13 16:29,1.01155,1.690463427,,,,,,,,,,
2025/8/13 16:29,,,1.04004125,1.116291498,,,,,,,,
2025/8/13 16:29,,,,,1.021660844,1.66740014,,,,,,
2025/8/13 16:29,,,,,,,1.064011245,1.02573823,,,,
2025/8/13 16:29,,,,,,,,,1.022867606,1.665049243,,
2025/8/13 16:29,,,,,,,,,,,1.064007493,1.022150356
2025/8/13 16:29,1.01899375,1.720945013,,,,,,,,,,
2025/8/13 16:29,,,1.039971125,1.127472588,,,,,,,,
2025/8/13 16:29,,,,,1.034867516,1.684507541,,,,,,
2025/8/13 16:29,,,,,,,1.063458732,1.039937364,,,,
2025/8/13 16:29,,,,,,,,,1.036017045,1.681968778,,
2025/8/13 16:29,,,,,,,,,,,1.063490405,1.036486761
2025/8/13 16:29,1.01899375,1.720945013,,,,,,,,,,
2025/8/13 16:29,,,1.039901,1.138653679,,,,,,,,
2025/8/13 16:29,,,,,1.034867516,1.684507541,,,,,,
2025/8/13 16:29,,,,,,,1.062972702,1.053620757,,,,
2025/8/13 16:29,,,,,,,,,1.036017045,1.681968778,,
2025/8/13 16:29,,,,,,,,,,,1.063032561,1.05026348
2025/8/13 16:29,1.01899375,1.720945013,,,,,,,,,,
2025/8/13 16:29,,,1.039830875,1.14983477,,,,,,,,
2025/8/13 16:29,,,,,1.023114004,1.71154555,,,,,,
2025/8/13 16:29,,,,,,,1.062428586,1.067173572,,,,
2025/8/13 16:29,,,,,,,,,1.024037867,1.709346806,,
2025/8/13 16:29,,,,,,,,,,,1.062507668,1.063884448
2025/8/13 16:29,1.03165,1.771496056,,,,,,,,,,
2025/8/13 16:29,,,1.039887312,1.161521371,,,,,,,,
2025/8/13 16:29,,,,,1.045254461,1.740056373,,,,,,
2025/8/13 16:29,,,,,,,1.06212154,1.080912892,,,,
2025/8/13 16:29,,,,,,,,,1.046153678,1.737474673,,
2025/8/13 16:29,,,,,,,,,,,1.062219115,1.07768307
2025/8/13 16:29,1.03165,1.771496056,,,,,,,,,,
2025/8/13 16:29,,,1.03994375,1.173207972,,,,,,,,
2025/8/13 16:29,,,,,1.035969408,1.761553094,,,,,,
2025/8/13 16:29,,,,,,,1.061737614,1.094769232,,,,
2025/8/13 16:29,,,,,,,,,1.036988635,1.759345927,,
2025/8/13 16:29,,,,,,,,,,,1.061851481,1.091589494
2025/8/13 16:29,1.042,1.811721833,,,,,,,,,,
2025/8/13 16:29,,,1.040278937,1.185008027,,,,,,,,
2025/8/13 16:29,,,,,1.053775272,1.784347025,,,,,,
2025/8/13 16:29,,,,,,,1.061625492,1.108847075,,,,
2025/8/13 16:29,,,,,,,,,1.055055097,1.781707627,,
2025/8/13 16:29,,,,,,,,,,,1.061761272,1.105729706
2025/8/13 16:29,1.03300625,1.816864906,,,,,,,,,,
2025/8/13 16:29,,,1.040524187,1.196859512,,,,,,,,
2025/8/13 16:29,,,,,1.046663081,1.785224984,,,,,,
2025/8/13 16:29,,,,,,,1.061475606,1.12273869,,,,
2025/8/13 16:29,,,,,,,,,1.04724169,1.782741857,,
2025/8/13 16:29,,,,,,,,,,,1.061627837,1.119667929
2025/8/13 16:29,1.01498125,1.826995638,,,,,,,,,,
2025/8/13 16:29,,,1.040544,1.208330711,,,,,,,,
2025/8/13 16:29,,,,,1.032482502,1.786732654,,,,,,
2025/8/13 16:29,,,,,,,1.061040563,1.136489392,,,,
2025/8/13 16:29,,,,,,,,,1.033994241,1.783959724,,
2025/8/13 16:29,,,,,,,,,,,1.061215057,1.133471989
2025/8/13 16:29,1.01498125,1.826995638,,,,,,,,,,
2025/8/13 16:29,,,1.040739562,1.219547093,,,,,,,,
2025/8/13 16:29,,,,,1.020958812,1.813260626,,,,,,
2025/8/13 16:29,,,,,,,1.060585136,1.150496751,,,,
2025/8/13 16:29,,,,,,,,,1.021751673,1.810706077,,
2025/8/13 16:29,,,,,,,,,,,1.060774621,1.147540941
2025/8/13 16:29,1.02553125,1.866865195,,,,,,,,,,
2025/8/13 16:29,,,1.040952687,1.231287941,,,,,,,,
2025/8/13 16:29,,,,,1.038782084,1.836176616,,,,,,
2025/8/13 16:29,,,,,,,1.060260499,1.164737621,,,,
2025/8/13 16:29,,,,,,,,,1.039619342,1.83366383,,
2025/8/13 16:29,,,,,,,,,,,1.06046862,1.16184384
2025/8/13 16:29,1.02553125,1.866865195,,,,,,,,,,
2025/8/13 16:29,,,1.041165812,1.243028789,,,,,,,,
2025/8/13 16:29,,,,,1.029717355,1.857177029,,,,,,
2025/8/13 16:29,,,,,,,1.059845214,1.179188496,,,,
2025/8/13 16:29,,,,,,,,,1.030472877,1.854294984,,
2025/8/13 16:29,,,,,,,,,,,1.060071154,1.176353052
2025/8/13 16:29,1.03628125,1.906573149,,,,,,,,,,
2025/8/13 16:29,,,1.041486437,1.255166716,,,,,,,,
2025/8/13 16:29,,,,,1.047628332,1.880102356,,,,,,
2025/8/13 16:29,,,,,,,1.059609039,1.193868624,,,,
2025/8/13 16:29,,,,,,,,,1.049030375,1.87758931,,
2025/8/13 16:29,,,,,,,,,,,1.059859263,1.191095207
2025/8/13 16:29,1.044475,1.936252043,,,,,,,,,,
2025/8/13 16:29,,,1.041976937,1.267475663,,,,,,,,
2025/8/13 16:29,,,,,1.06110442,1.897254189,,,,,,
2025/8/13 16:29,,,,,,,1.059555068,1.208715918,,,,
2025/8/13 16:29,,,,,,,,,1.061895051,1.89458445,,
2025/8/13 16:29,,,,,,,,,,,1.059820262,1.206002942
2025/8/13 16:29,1.03544375,1.941096659,,,,,,,,,,
2025/8/13 16:29,,,1.042315125,1.279242368,,,,,,,,
2025/8/13 16:29,,,,,1.053850016,1.898083755,,,,,,
2025/8/13 16:29,,,,,,,1.059238836,1.22336169,,,,
2025/8/13 16:29,,,,,,,,,1.055130757,1.895784935,,
2025/8/13 16:29,,,,,,,,,,,1.05952732,1.220727694
2025/8/13 16:29,1.03544375,1.941096659,,,,,,,,,,
2025/8/13 16:29,,,1.042565375,1.291125692,,,,,,,,
2025/8/13 16:29,,,,,1.02941126,1.955219709,,,,,,
2025/8/13 16:29,,,,,,,1.058630478,1.238583849,,,,
2025/8/13 16:29,,,,,,,,,1.028390552,1.957900048,,
2025/8/13 16:29,,,,,,,,,,,1.058918438,1.236074996
2025/8/13 16:29,1.03544375,1.941096659,,,,,,,,,,
2025/8/13 16:29,,,1.042751625,1.302436785,,,,,,,,
2025/8/13 16:29,,,,,1.022894799,1.970491129,,,,,,
2025/8/13 16:29,,,,,,,1.057767829,1.253748832,,,,
2025/8/13 16:29,,,,,,,,,1.021546419,1.97279536,,
2025/8/13 16:29,,,,,,,,,,,1.058048101,1.251365707
2025/8/13 16:29,1.03544375,1.941096659,,,,,,,,,,
2025/8/13 16:29,,,1.042937875,1.313747877,,,,,,,,
2025/8/13 16:29,,,,,1.016374395,1.985795626,,,,,,
2025/8/13 16:29,,,,,,,1.056839977,1.269066859,,,,
2025/8/13 16:29,,,,,,,,,1.014982128,1.988411574,,
2025/8/13 16:29,,,,,,,,,,,1.057112121,1.26681258
2025/8/13 16:29,1.03544375,1.941096659,,,,,,,,,,
2025/8/13 16:29,,,1.043091375,1.324781441,,,,,,,,
2025/8/13 16:29,,,,,1.005658829,2.011008067,,,,,,
2025/8/13 16:29,,,,,,,1.055710721,1.28453177,,,,
2025/8/13 16:29,,,,,,,,,1.004807512,2.013500996,,
2025/8/13 16:29,,,,,,,,,,,1.055985148,1.282414856
2025/8/13 16:29,0.9901,1.964612427,,,,,,,,,,
2025/8/13 16:29,,,1.042703625,1.336158247,,,,,,,,
2025/8/13 16:29,,,,,0.968800669,2.013789584,,,,,,
2025/8/13 16:29,,,,,,,1.054164741,1.300030476,,,,
2025/8/13 16:29,,,,,,,,,0.968069189,2.016237856,,
2025/8/13 16:29,,,,,,,,,,,1.054436605,1.29804432
2025/8/13 16:29,0.98099375,1.969175275,,,,,,,,,,
2025/8/13 16:29,,,1.042191562,1.347305041,,,,,,,,
2025/8/13 16:29,,,,,0.961368392,2.01434523,,,,,,
2025/8/13 16:29,,,,,,,1.052450246,1.315429658,,,,
2025/8/13 16:29,,,,,,,,,0.960017587,2.016421767,,
2025/8/13 16:29,,,,,,,,,,,1.052715788,1.313576696
2025/8/13 16:29,0.98099375,1.969175275,,,,,,,,,,
2025/8/13 16:29,,,1.0416795,1.358451836,,,,,,,,
2025/8/13 16:29,,,,,1.04267383,1.828636634,,,,,,
2025/8/13 16:29,,,,,,,1.051548805,1.328971754,,,,
2025/8/13 16:29,,,,,,,,,1.044106846,1.826408032,,
2025/8/13 16:29,,,,,,,,,,,1.051835865,1.327208934
2025/8/13 16:29,0.96274375,1.978161892,,,,,,,,,,
2025/8/13 16:29,,,1.040984937,1.369688496,,,,,,,,
2025/8/13 16:29,,,,,1.02815979,1.830234785,,,,,,
2025/8/13 16:29,,,,,,,1.050502223,1.342529831,,,,
2025/8/13 16:29,,,,,,,,,1.029579506,1.8275257,,
2025/8/13 16:29,,,,,,,,,,,1.050810668,1.34085235
2025/8/13 16:29,0.96274375,1.978161892,,,,,,,,,,
2025/8/13 16:29,,,1.040290375,1.380925156,,,,,,,,
2025/8/13 16:29,,,,,1.011617442,1.867413723,,,,,,
2025/8/13 16:29,,,,,,,1.049290218,1.356459698,,,,
2025/8/13 16:29,,,,,,,,,1.012970543,1.865253698,,
2025/8/13 16:29,,,,,,,,,,,1.049619381,1.354873045
2025/8/13 16:29,0.96274375,1.978161892,,,,,,,,,,
2025/8/13 16:29,,,1.039595812,1.392161817,,,,,,,,
2025/8/13 16:29,,,,,0.997714061,1.898754651,,,,,,
2025/8/13 16:29,,,,,,,1.048264471,1.369215635,,,,
2025/8/13 16:29,,,,,,,,,0.998733517,1.896029886,,
2025/8/13 16:29,,,,,,,,,,,1.04860192,1.367654395
2025/8/13 16:29,0.96274375,1.978161892,,,,,,,,,,
2025/8/13 16:29,,,1.03890125,1.403398477,,,,,,,,
2025/8/13 16:29,,,,,0.984074073,1.929611426,,,,,,
2025/8/13 16:29,,,,,,,1.047102324,1.38228014,,,,
2025/8/13 16:29,,,,,,,,,0.984968695,1.927259746,,
2025/8/13 16:29,,,,,,,,,,,1.047446811,1.380748043
2025/8/13 16:29,0.9169,1.99982359,,,,,,,,,,
2025/8/13 16:29,,,1.03774825,1.414851755,,,,,,,,
2025/8/13 16:29,,,,,0.946890699,1.932708977,,,,,,
2025/8/13 16:29,,,,,,,1.045723888,1.394767357,,,,
2025/8/13 16:29,,,,,,,,,0.948445292,1.930272136,,
2025/8/13 16:29,,,,,,,,,,,1.046083565,1.393259082
2025/8/13 16:29,0.88924375,2.012273727,,,,,,,,,,
2025/8/13 16:29,,,1.036318688,1.426429533,,,,,,,,
2025/8/13 16:29,,,,,0.92435234,1.934478027,,,,,,
2025/8/13 16:29,,,,,,,1.044211613,1.406940299,,,,
2025/8/13 16:29,,,,,,,,,0.925658469,1.931790513,,
2025/8/13 16:29,,,,,,,,,,,1.044586294,1.405450134
2025/8/13 16:29,0.88924375,2.012273727,,,,,,,,,,
2025/8/13 16:29,,,1.034889125,1.438007312,,,,,,,,
2025/8/13 16:29,,,,,0.915224492,1.954573707,,,,,,
2025/8/13 16:29,,,,,,,1.042608058,1.419314198,,,,
2025/8/13 16:29,,,,,,,,,0.916698168,1.952303801,,
2025/8/13 16:29,,,,,,,,,,,1.042999419,1.417846318
2025/8/13 16:29,0.83359375,2.035957136,,,,,,,,,,
2025/8/13 16:29,,,1.032903063,1.449821925,,,,,,,,
2025/8/13 16:29,,,,,0.869653097,1.957386122,,,,,,
2025/8/13 16:29,,,,,,,1.040712706,1.431156435,,,,
2025/8/13 16:29,,,,,,,,,0.870716491,1.955158602,,
2025/8/13 16:29,,,,,,,,,,,1.041111936,1.42971284
2025/8/13 16:29,0.79624375,2.050852479,,,,,,,,,,
2025/8/13 16:29,,,1.030631313,1.461680513,,,,,,,,
2025/8/13 16:29,,,,,0.838870489,1.959081805,,,,,,
2025/8/13 16:29,,,,,,,1.038563327,1.443007601,,,,
2025/8/13 16:29,,,,,,,,,0.840677552,1.957045076,,
2025/8/13 16:29,,,,,,,,,,,1.03898118,1.441584693
2025/8/13 16:29,0.75869375,2.065038448,,,,,,,,,,
2025/8/13 16:29,,,1.027984063,1.473680961,,,,,,,,
2025/8/13 16:29,,,,,0.807826042,1.960486529,,,,,,
2025/8/13 16:29,,,,,,,1.036272477,1.454340385,,,,
2025/8/13 16:29,,,,,,,,,0.809647838,1.957878648,,
2025/8/13 16:29,,,,,,,,,,,1.036705611,1.452934719
2025/8/13 16:29,0.75869375,2.065038448,,,,,,,,,,
2025/8/13 16:29,,,1.025336813,1.485681408,,,,,,,,
2025/8/13 16:29,,,,,0.796288517,1.984745123,,,,,,
2025/8/13 16:29,,,,,,,1.033866251,1.465915755,,,,
2025/8/13 16:29,,,,,,,,,0.797733823,1.982315974,,
2025/8/13 16:29,,,,,,,,,,,1.034310901,1.464529119
2025/8/13 16:29,0.75869375,2.065038448,,,,,,,,,,
2025/8/13 16:29,,,1.022689563,1.497681856,,,,,,,,
2025/8/13 16:29,,,,,0.778165115,2.023186616,,,,,,
2025/8/13 16:29,,,,,,,1.031413714,1.477497685,,,,
2025/8/13 16:29,,,,,,,,,0.779689527,2.020682869,,
2025/8/13 16:29,,,,,,,,,,,1.031877214,1.476067466
2025/8/13 16:29,0.7304,2.075214649,,,,,,,,,,
2025/8/13 16:29,,,1.019759375,1.509784066,,,,,,,,
2025/8/13 16:29,,,,,0.754558057,2.023714696,,,,,,
2025/8/13 16:29,,,,,,,1.028725107,1.489084895,,,,
2025/8/13 16:29,,,,,,,,,0.755993765,2.021480598,,
2025/8/13 16:29,,,,,,,,,,,1.02920657,1.48761379
2025/8/13 16:29,0.7304,2.075214649,,,,,,,,,,
2025/8/13 16:29,,,1.016726438,1.521094405,,,,,,,,
2025/8/13 16:29,,,,,0.736770847,2.061527354,,,,,,
2025/8/13 16:29,,,,,,,1.025605099,1.50066647,,,,
2025/8/13 16:29,,,,,,,,,0.738183804,2.059149377,,
2025/8/13 16:29,,,,,,,,,,,1.0260946,1.499211973
2025/8/13 16:29,0.711475,2.081778885,,,,,,,,,,
2025/8/13 16:29,,,1.01350425,1.532470387,,,,,,,,
2025/8/13 16:29,,,,,0.720912502,2.061621467,,,,,,
2025/8/13 16:29,,,,,,,1.022510579,1.511761352,,,,
2025/8/13 16:29,,,,,,,,,0.722250415,2.059278963,,
2025/8/13 16:29,,,,,,,,,,,1.023023468,1.510247441
2025/8/13 16:29,0.711475,2.081778885,,,,,,,,,,
2025/8/13 16:29,,,1.010282063,1.543846368,,,,,,,,
2025/8/13 16:29,,,,,0.709969382,2.085013083,,,,,,
2025/8/13 16:29,,,,,,,1.019306629,1.523090151,,,,
2025/8/13 16:29,,,,,,,,,0.70848707,2.087176786,,
2025/8/13 16:29,,,,,,,,,,,1.019814703,1.521561886
2025/8/13 16:29,0.6544,2.100419158,,,,,,,,,,
2025/8/13 16:29,,,1.006436063,1.55502519,,,,,,,,
2025/8/13 16:29,,,,,0.659638824,2.089340302,,,,,,
2025/8/13 16:29,,,,,,,1.015484102,1.534226245,,,,
2025/8/13 16:29,,,,,,,,,0.660549997,2.087082962,,
2025/8/13 16:29,,,,,,,,,,,1.015996956,1.532711172
2025/8/13 16:29,0.6544,2.100419158,,,,,,,,,,
2025/8/13 16:29,,,1.002590063,1.566204011,,,,,,,,
2025/8/13 16:29,,,,,0.648783538,2.112316705,,,,,,
2025/8/13 16:29,,,,,,,1.011581032,1.545525881,,,,
2025/8/13 16:29,,,,,,,,,0.647926617,2.114704754,,
2025/8/13 16:29,,,,,,,,,,,1.012074888,1.544071254
2025/8/13 16:29,0.6544,2.100419158,,,,,,,,,,
2025/8/13 16:29,,,0.998832,1.577290667,,,,,,,,
2025/8/13 16:29,,,,,0.635984657,2.139535516,,,,,,
2025/8/13 16:29,,,,,,,1.007604009,1.55708628,,,,
2025/8/13 16:29,,,,,,,,,0.634611873,2.141921464,,
2025/8/13 16:29,,,,,,,,,,,1.008077919,1.555691913
2025/8/13 16:29,0.6544,2.100419158,,,,,,,,,,
2025/8/13 16:29,,,0.995037938,1.588127536,,,,,,,,
2025/8/13 16:29,,,,,0.623377744,2.166592508,,,,,,
2025/8/13 16:29,,,,,,,1.003411364,1.568807948,,,,
2025/8/13 16:29,,,,,,,,,0.622266029,2.168928085,,
2025/8/13 16:29,,,,,,,,,,,1.003865923,1.56747128
2025/8/13 16:29,0.6544,2.100419158,,,,,,,,,,
2025/8/13 16:29,,,0.991243875,1.598964404,,,,,,,,
2025/8/13 16:29,,,,,0.613055063,2.188953438,,,,,,
2025/8/13 16:29,,,,,,,0.999249971,1.580419507,,,,
2025/8/13 16:29,,,,,,,,,0.612558963,2.191120016,,
2025/8/13 16:29,,,,,,,,,,,0.999705858,1.57907086
2025/8/13 16:29,1.049125,3.170952023,,,,,,,,,,
2025/8/13 16:29,,,0.991304875,1.619893855,,,,,,,,
2025/8/13 16:29,,,,,1.155233856,2.879450663,,,,,,
2025/8/13 16:29,,,,,,,1.000307401,1.598591649,,,,
2025/8/13 16:29,,,,,,,,,1.156924043,2.87731131,,
2025/8/13 16:29,,,,,,,,,,,1.000769799,1.597254742
2025/8/13 16:29,1.0408,3.152639428,,,,,,,,,,
2025/8/13 16:29,,,0.991282625,1.640640181,,,,,,,,
2025/8/13 16:29,,,,,1.144968016,2.867869091,,,,,,
2025/8/13 16:29,,,,,,,1.001314802,1.616516774,,,,
2025/8/13 16:29,,,,,,,,,1.1461594,2.865890403,,
2025/8/13 16:29,,,,,,,,,,,1.001777985,1.615196812
2025/8/13 16:29,1.0408,3.152639428,,,,,,,,,,
2025/8/13 16:29,,,0.991172438,1.66147229,,,,,,,,
2025/8/13 16:29,,,,,1.06451094,3.085823602,,,,,,
2025/8/13 16:29,,,,,,,1.001441724,1.636680725,,,,
2025/8/13 16:29,,,,,,,,,1.064836507,3.083459167,,
2025/8/13 16:29,,,,,,,,,,,1.001918402,1.635322108
2025/8/13 16:29,1.0408,3.152639428,,,,,,,,,,
2025/8/13 16:29,,,0.991043438,1.682182879,,,,,,,,
2025/8/13 16:29,,,,,1.06129503,3.094854029,,,,,,
2025/8/13 16:29,,,,,,,1.001509746,1.656830672,,,,
2025/8/13 16:29,,,,,,,,,1.061973887,3.092774207,,
2025/8/13 16:29,,,,,,,,,,,1.001980395,1.655482941
2025/8/13 16:29,0.91559375,3.191251805,,,,,,,,,,
2025/8/13 16:29,,,0.989662375,1.703279593,,,,,,,,
2025/8/13 16:29,,,,,0.949031614,3.099124038,,,,,,
2025/8/13 16:29,,,,,,,1.000455134,1.677023319,,,,
2025/8/13 16:29,,,,,,,,,0.949418196,3.097160992,,
2025/8/13 16:29,,,,,,,,,,,1.00091683,1.675687642
2025/8/13 16:29,0.91559375,3.191251805,,,,,,,,,,
2025/8/13 16:29,,,0.988243313,1.724135015,,,,,,,,
2025/8/13 16:29,,,,,0.940892186,3.121469451,,,,,,
2025/8/13 16:29,,,,,,,0.999228337,1.697328821,,,,
2025/8/13 16:29,,,,,,,,,0.941416819,3.118905765,,
2025/8/13 16:29,,,,,,,,,,,0.999687208,1.695998769
2025/8/13 16:29,0.87664375,3.202170473,,,,,,,,,,
2025/8/13 16:29,,,0.986522688,1.745016184,,,,,,,,
2025/8/13 16:29,,,,,0.9058304,3.122157997,,,,,,
2025/8/13 16:29,,,,,,,0.997709854,1.717631295,,,,
2025/8/13 16:29,,,,,,,,,0.90598667,3.12006163,,
2025/8/13 16:29,,,,,,,,,,,0.998165251,1.716313834
2025/8/13 16:29,0.87664375,3.202170473,,,,,,,,,,
2025/8/13 16:29,,,0.984782875,1.765778284,,,,,,,,
2025/8/13 16:29,,,,,0.897740695,3.144332959,,,,,,
2025/8/13 16:29,,,,,,,0.996066377,1.73810075,,,,
2025/8/13 16:29,,,,,,,,,0.898329052,3.142279299,,
2025/8/13 16:29,,,,,,,,,,,0.996524974,1.736796765
2025/8/13 16:29,0.85709375,3.207458543,,,,,,,,,,
2025/8/13 16:29,,,0.982847563,1.786593264,,,,,,,,
2025/8/13 16:29,,,,,0.880113565,3.144520119,,,,,,
2025/8/13 16:29,,,,,,,0.994297421,1.758440801,,,,
2025/8/13 16:29,,,,,,,,,0.880243144,3.142303619,,
2025/8/13 16:29,,,,,,,,,,,0.994753756,1.757148919
2025/8/13 16:29,0.85709375,3.207458543,,,,,,,,,,
2025/8/13 16:29,,,0.98091225,1.807408244,,,,,,,,
2025/8/13 16:29,,,,,0.87211271,3.166452631,,,,,,
2025/8/13 16:29,,,,,,,0.992448457,1.779000177,,,,
2025/8/13 16:29,,,,,,,,,0.872575733,3.164448044,,
2025/8/13 16:29,,,,,,,,,,,0.992905864,1.777722517
2025/8/13 16:29,0.89069375,3.281259612,,,,,,,,,,
2025/8/13 16:29,,,0.979293625,1.82884268,,,,,,,,
2025/8/13 16:29,,,,,0.914310213,3.215209132,,,,,,
2025/8/13 16:29,,,,,,,0.990977279,1.799991948,,,,
2025/8/13 16:29,,,,,,,,,0.914460919,3.212583179,,
2025/8/13 16:29,,,,,,,,,,,0.991431647,1.798720956
2025/8/13 16:29,0.89069375,3.281259612,,,,,,,,,,
2025/8/13 16:29,,,0.977675,1.850277116,,,,,,,,
2025/8/13 16:29,,,,,0.911173746,3.223993181,,,,,,
2025/8/13 16:29,,,,,,,0.989474737,1.821071561,,,,
2025/8/13 16:29,,,,,,,,,0.911445144,3.221561069,,
2025/8/13 16:29,,,,,,,,,,,0.989927273,1.819809174
2025/8/13 16:29,0.85144375,3.291662732,,,,,,,,,,
2025/8/13 16:29,,,0.975644438,1.871697527,,,,,,,,
2025/8/13 16:29,,,,,0.87562517,3.224418821,,,,,,
2025/8/13 16:29,,,,,,,0.987572599,1.84210068,,,,
2025/8/13 16:29,,,,,,,,,0.875928383,3.222142568,,
2025/8/13 16:29,,,,,,,,,,,0.988017149,1.840846573
2025/8/13 16:29,0.85144375,3.291662732,,,,,,,,,,
2025/8/13 16:29,,,0.973613875,1.893117939,,,,,,,,
2025/8/13 16:29,,,,,0.87248776,3.233164654,,,,,,
2025/8/13 16:29,,,,,,,0.985689821,1.863087067,,,,
2025/8/13 16:29,,,,,,,,,0.872619458,3.231053938,,
2025/8/13 16:29,,,,,,,,,,,0.986126485,1.861843676
2025/8/13 16:29,0.81199375,3.301615688,,,,,,,,,,
2025/8/13 16:29,,,0.97112975,1.91428657,,,,,,,,
2025/8/13 16:29,,,,,0.836700779,3.233281485,,,,,,
2025/8/13 16:29,,,,,,,0.983316981,1.883909465,,,,
2025/8/13 16:29,,,,,,,,,0.836475836,3.230547246,,
2025/8/13 16:29,,,,,,,,,,,0.983741438,1.88267153
2025/8/13 16:29,0.81199375,3.301615688,,,,,,,,,,
2025/8/13 16:29,,,0.968645625,1.935455202,,,,,,,,
2025/8/13 16:29,,,,,0.828884032,3.254992165,,,,,,
2025/8/13 16:29,,,,,,,0.980916299,1.90481991,,,,
2025/8/13 16:29,,,,,,,,,0.828595818,3.252581116,,
2025/8/13 16:29,,,,,,,,,,,0.981330859,1.903587806
2025/8/13 16:29,0.8021,3.304033231,,,,,,,,,,
2025/8/13 16:29,,,0.966022563,1.95641605,,,,,,,,
2025/8/13 16:29,,,,,0.819896185,3.254959964,,,,,,
2025/8/13 16:29,,,,,,,0.978337726,1.925619965,,,,
2025/8/13 16:29,,,,,,,,,0.820222981,3.252535072,,
2025/8/13 16:29,,,,,,,,,,,0.978744038,1.924396908
2025/8/13 16:29,0.8021,3.304033231,,,,,,,,,,
2025/8/13 16:29,,,0.9633995,1.977376898,,,,,,,,
2025/8/13 16:29,,,,,0.816783229,3.263610949,,,,,,
2025/8/13 16:29,,,,,,,0.975778225,1.946378583,,,,
2025/8/13 16:29,,,,,,,,,0.816769042,3.261004643,,
2025/8/13 16:29,,,,,,,,,,,0.976171942,1.945164744
2025/8/13 16:29,0.77234375,3.311115391,,,,,,,,,,
2025/8/13 16:29,,,0.960417938,1.998063763,,,,,,,,
2025/8/13 16:29,,,,,0.789721861,3.263413142,,,,,,
2025/8/13 16:29,,,,,,,0.972816244,1.966969753,,,,
2025/8/13 16:29,,,,,,,,,0.79005348,3.260925758,,
2025/8/13 16:29,,,,,,,,,,,0.973204774,1.965769396
2025/8/13 16:29,0.77234375,3.311115391,,,,,,,,,,
2025/8/13 16:29,,,0.957436375,2.018750627,,,,,,,,
2025/8/13 16:29,,,,,0.78816489,3.267727283,,,,,,
2025/8/13 16:29,,,,,,,0.969863441,1.987541096,,,,
2025/8/13 16:29,,,,,,,,,0.787865804,3.265182402,,
2025/8/13 16:29,,,,,,,,,,,0.970236818,1.986348042
2025/8/13 16:29,0.742475,3.317940758,,,,,,,,,,
2025/8/13 16:29,,,0.954094063,2.039164441,,,,,,,,
2025/8/13 16:29,,,,,0.760975219,3.267336844,,,,,,
2025/8/13 16:29,,,,,,,0.96650726,2.007942779,,,,
2025/8/13 16:29,,,,,,,,,0.760590064,3.26488463,,
2025/8/13 16:29,,,,,,,,,,,0.966871064,2.006756001
2025/8/13 16:29,0.7856,3.410693865,,,,,,,,,,
2025/8/13 16:29,,,0.95135925,2.060359188,,,,,,,,
2025/8/13 16:29,,,,,0.814412166,3.329374528,,,,,,
2025/8/13 16:29,,,,,,,0.963808794,2.028945015,,,,
2025/8/13 16:29,,,,,,,,,0.814049941,3.327134755,,
2025/8/13 16:29,,,,,,,,,,,0.964161439,2.027767899
2025/8/13 16:29,0.7856,3.410693865,,,,,,,,,,
2025/8/13 16:29,,,0.9486035,2.08144189,,,,,,,,
2025/8/13 16:29,,,,,0.811350232,3.338072259,,,,,,
2025/8/13 16:29,,,,,,,0.961036227,2.049978333,,,,
2025/8/13 16:29,,,,,,,,,0.811256049,3.335335069,,
2025/8/13 16:29,,,,,,,,,,,0.961380248,2.048810801
2025/8/13 16:29,0.81653125,3.475367134,,,,,,,,,,
2025/8/13 16:29,,,0.946157063,2.103171323,,,,,,,,
2025/8/13 16:29,,,,,0.849211361,3.381270435,,,,,,
2025/8/13 16:29,,,,,,,0.958717235,2.071253953,,,,
2025/8/13 16:29,,,,,,,,,0.848712804,3.378873416,,
2025/8/13 16:29,,,,,,,,,,,0.95905188,2.070097031
2025/8/13 16:29,0.839,3.521431385,,,,,,,,,,
2025/8/13 16:29,,,0.943893062,2.125138287,,,,,,,,
2025/8/13 16:29,,,,,0.876462782,3.41204692,,,,,,
2025/8/13 16:29,,,,,,,0.956583184,2.092727376,,,,
2025/8/13 16:29,,,,,,,,,0.876104247,3.409515468,,
2025/8/13 16:29,,,,,,,,,,,0.956907887,2.091579656
2025/8/13 16:29,0.839,3.521431385,,,,,,,,,,
2025/8/13 16:29,,,0.941629062,2.147105251,,,,,,,,
2025/8/13 16:29,,,,,0.867555934,3.438051819,,,,,,
2025/8/13 16:29,,,,,,,0.954434981,2.114272585,,,,
2025/8/13 16:29,,,,,,,,,0.867047994,3.435379756,,
2025/8/13 16:29,,,,,,,,,,,0.954749823,2.113134949
2025/8/13 16:29,0.85263125,3.549016758,,,,,,,,,,
2025/8/13 16:29,,,0.939480062,2.169236987,,,,,,,,
2025/8/13 16:29,,,,,0.884039974,3.456504689,,,,,,
2025/8/13 16:29,,,,,,,0.9524078,2.135947117,,,,
2025/8/13 16:29,,,,,,,,,0.883245461,3.454118611,,
2025/8/13 16:29,,,,,,,,,,,0.952707951,2.13482141
2025/8/13 16:29,0.85263125,3.549016758,,,,,,,,,,
2025/8/13 16:29,,,0.937331062,2.191368722,,,,,,,,
2025/8/13 16:29,,,,,0.878191361,3.473756436,,,,,,
2025/8/13 16:29,,,,,,,0.950396781,2.157608586,,,,
2025/8/13 16:29,,,,,,,,,0.877790108,3.471063636,,
2025/8/13 16:29,,,,,,,,,,,0.950680765,2.15648678
2025/8/13 16:29,0.866375,3.576561807,,,,,,,,,,
2025/8/13 16:29,,,0.935298062,2.213665133,,,,,,,,
2025/8/13 16:29,,,,,0.894769918,3.492210683,,,,,,
2025/8/13 16:29,,,,,,,0.94850745,2.17939984,,,,
2025/8/13 16:29,,,,,,,,,0.893645076,3.489432217,,
2025/8/13 16:29,,,,,,,,,,,0.948773011,2.178279205
2025/8/13 16:29,0.866375,3.576561807,,,,,,,,,,
2025/8/13 16:29,,,0.933265063,2.235961544,,,,,,,,
2025/8/13 16:29,,,,,0.888982609,3.509495351,,,,,,
2025/8/13 16:29,,,,,,,0.946659961,2.201119927,,,,
2025/8/13 16:29,,,,,,,,,0.888389234,3.507182502,,
2025/8/13 16:29,,,,,,,,,,,0.946907838,2.200006782
2025/8/13 16:29,0.786175,3.595042263,,,,,,,,,,
2025/8/13 16:29,,,0.930430063,2.25844276,,,,,,,,
2025/8/13 16:29,,,,,0.815332938,3.509267756,,,,,,
2025/8/13 16:29,,,,,,,0.944075974,2.222837738,,,,
2025/8/13 16:29,,,,,,,,,0.814469388,3.506419627,,
2025/8/13 16:29,,,,,,,,,,,0.944303466,2.22172673
2025/8/13 16:29,0.786175,3.595042263,,,,,,,,,,
2025/8/13 16:29,,,0.927595063,2.280923975,,,,,,,,
2025/8/13 16:29,,,,,0.809551628,3.526414457,,,,,,
2025/8/13 16:29,,,,,,,0.941486152,2.244607109,,,,
2025/8/13 16:29,,,,,,,,,0.808979828,3.523905839,,
2025/8/13 16:29,,,,,,,,,,,0.941722445,2.243443278
2025/8/13 16:29,0.786175,3.595042263,,,,,,,,,,
2025/8/13 16:29,,,0.9247385,2.303294716,,,,,,,,
2025/8/13 16:29,,,,,0.809551628,3.526414457,,,,,,
2025/8/13 16:29,,,,,,,0.938863356,2.266291571,,,,
2025/8/13 16:29,,,,,,,,,0.808979828,3.523905839,,
2025/8/13 16:29,,,,,,,,,,,0.93909393,2.265102654
2025/8/13 16:29,0.766,3.599394949,,,,,,,,,,
2025/8/13 16:29,,,0.9217685,2.325639742,,,,,,,,
2025/8/13 16:29,,,,,0.790997132,3.526091042,,,,,,
2025/8/13 16:29,,,,,,,0.936130419,2.28793252,,,,
2025/8/13 16:29,,,,,,,,,0.790334878,3.52341994,,
2025/8/13 16:29,,,,,,,,,,,0.936345779,2.286745294
2025/8/13 16:29,0.766,3.599394949,,,,,,,,,,
2025/8/13 16:29,,,0.918776813,2.347875001,,,,,,,,
2025/8/13 16:29,,,,,0.782359268,3.551748643,,,,,,
2025/8/13 16:29,,,,,,,0.933266425,2.30977422,,,,
2025/8/13 16:29,,,,,,,,,0.781557829,3.549048418,,
2025/8/13 16:29,,,,,,,,,,,0.933458596,2.308592175
2025/8/13 16:29,0.766,3.599394949,,,,,,,,,,
2025/8/13 16:29,,,0.915873563,2.370042247,,,,,,,,
2025/8/13 16:29,,,,,0.776621633,3.568722648,,,,,,
2025/8/13 16:29,,,,,,,0.930408894,2.331775701,,,,
2025/8/13 16:29,,,,,,,,,0.776331652,3.56603975,,
2025/8/13 16:29,,,,,,,,,,,0.930587962,2.330601218
2025/8/13 16:29,0.745775,3.603639778,,,,,,,,,,
2025/8/13 16:29,,,0.91274625,2.392142847,,,,,,,,
2025/8/13 16:29,,,,,0.758003421,3.568319073,,,,,,
2025/8/13 16:29,,,,,,,0.927321069,2.353717642,,,,
2025/8/13 16:29,,,,,,,,,0.757792606,3.565836741,,
2025/8/13 16:29,,,,,,,,,,,0.927487987,2.35254421
2025/8/13 16:29,0.745775,3.603639778,,,,,,,,,,
2025/8/13 16:29,,,0.909618938,2.414243447,,,,,,,,
2025/8/13 16:29,,,,,0.755122936,3.576820085,,,,,,
2025/8/13 16:29,,,,,,,0.92438013,2.375332202,,,,
2025/8/13 16:29,,,,,,,,,0.754827608,3.574170138,,
2025/8/13 16:29,,,,,,,,,,,0.924551638,2.374099978
2025/8/13 16:29,0.73564375,3.605721602,,,,,,,,,,
2025/8/13 16:29,,,0.906346313,2.436147465,,,,,,,,
2025/8/13 16:29,,,,,0.745778371,3.576658273,,,,,,
2025/8/13 16:29,,,,,,,0.921257602,2.396832614,,,,
2025/8/13 16:29,,,,,,,,,0.745522612,3.573629481,,
2025/8/13 16:29,,,,,,,,,,,0.921438795,2.395539518
2025/8/13 16:29,0.73564375,3.605721602,,,,,,,,,,
2025/8/13 16:29,,,0.90316225,2.457985403,,,,,,,,
2025/8/13 16:29,,,,,0.741457689,3.589280815,,,,,,
2025/8/13 16:29,,,,,,,0.918156404,2.418449959,,,,
2025/8/13 16:29,,,,,,,,,0.741687107,3.587087712,,
2025/8/13 16:29,,,,,,,,,,,0.918352843,2.417103791
2025/8/13 16:29,0.73564375,3.605721602,,,,,,,,,,
2025/8/13 16:29,,,0.899978187,2.479823341,,,,,,,,
2025/8/13 16:29,,,,,0.73564375,3.605721602,,,,,,
2025/8/13 16:29,,,,,,,0.915094781,2.440000945,,,,
2025/8/13 16:29,,,,,,,,,0.735946652,3.6036763,,
2025/8/13 16:29,,,,,,,,,,,0.915303817,2.438602038
2025/8/13 16:29,0.73564375,3.605721602,,,,,,,,,,
2025/8/13 16:29,,,0.896749625,2.501445607,,,,,,,,
2025/8/13 16:29,,,,,0.73564375,3.605721602,,,,,,
2025/8/13 16:29,,,,,,,0.911945167,2.461439254,,,,
2025/8/13 16:29,,,,,,,,,0.735946652,3.6036763,,
2025/8/13 16:29,,,,,,,,,,,0.912170087,2.459992375
2025/8/13 16:29,0.81084375,3.753416099,,,,,,,,,,
2025/8/13 16:29,,,0.89436175,2.524480202,,,,,,,,
2025/8/13 16:29,,,,,0.826354249,3.706415881,,,,,,
2025/8/13 16:29,,,,,,,0.909768204,2.483875199,,,,
2025/8/13 16:29,,,,,,,,,0.825440564,3.703879606,,
2025/8/13 16:29,,,,,,,,,,,0.909996903,2.482372227
2025/8/13 16:29,0.780375,3.759868995,,,,,,,,,,
2025/8/13 16:29,,,0.891669187,2.547579326,,,,,,,,
2025/8/13 16:29,,,,,0.798173331,3.706000895,,,,,,
2025/8/13 16:29,,,,,,,0.907406181,2.506078759,,,,
2025/8/13 16:29,,,,,,,,,0.797131183,3.703624449,,
2025/8/13 16:29,,,,,,,,,,,0.907631248,2.50451829
2025/8/13 16:29,0.76,3.764040382,,,,,,,,,,
2025/8/13 16:29,,,0.888705187,2.570399409,,,,,,,,
2025/8/13 16:29,,,,,0.77931551,3.705616412,,,,,,
2025/8/13 16:29,,,,,,,0.904723629,2.528109084,,,,
2025/8/13 16:29,,,,,,,,,0.778453612,3.703163495,,
2025/8/13 16:29,,,,,,,,,,,0.90495342,2.526493159
2025/8/13 16:29,0.739575,3.768106795,,,,,,,,,,
2025/8/13 16:29,,,0.88562575,2.59319725,,,,,,,,
2025/8/13 16:29,,,,,0.760399425,3.705148096,,,,,,
2025/8/13 16:29,,,,,,,0.901918076,2.550125919,,,,
2025/8/13 16:29,,,,,,,,,0.75945746,3.702384757,,
2025/8/13 16:29,,,,,,,,,,,0.902144761,2.548455678
2025/8/13 16:29,0.739575,3.768106795,,,,,,,,,,
2025/8/13 16:29,,,0.882546313,2.615995091,,,,,,,,
2025/8/13 16:29,,,,,0.745272981,3.751500585,,,,,,
2025/8/13 16:29,,,,,,,0.899057198,2.572380916,,,,
2025/8/13 16:29,,,,,,,,,0.744852437,3.749030919,,
2025/8/13 16:29,,,,,,,,,,,0.899286633,2.570657043
2025/8/13 16:29,0.7191,3.772067761,,,,,,,,,,
2025/8/13 16:29,,,0.879262125,2.638832541,,,,,,,,
2025/8/13 16:29,,,,,0.726302,3.751019387,,,,,,
2025/8/13 16:29,,,,,,,0.896054131,2.594519306,,,,
2025/8/13 16:29,,,,,,,,,0.725859541,3.748402241,,
2025/8/13 16:29,,,,,,,,,,,0.89628512,2.592741226
2025/8/13 16:29,0.767725,3.86447905,,,,,,,,,,
2025/8/13 16:29,,,0.876731375,2.662409594,,,,,,,,
2025/8/13 16:29,,,,,0.78409496,3.813968561,,,,,,
2025/8/13 16:29,,,,,,,0.893830172,2.617262863,,,,
2025/8/13 16:29,,,,,,,,,0.783082101,3.811540198,,
2025/8/13 16:29,,,,,,,,,,,0.894060287,2.615430717
2025/8/13 16:29,0.7472,3.868499988,,,,,,,,,,
2025/8/13 16:29,,,0.873880062,2.685502313,,,,,,,,
2025/8/13 16:29,,,,,0.765018702,3.813613133,,,,,,
2025/8/13 16:29,,,,,,,0.891195577,2.639719101,,,,
2025/8/13 16:29,,,,,,,,,0.763801428,3.810571012,,
2025/8/13 16:29,,,,,,,,,,,0.891426189,2.637826878
2025/8/13 16:29,0.726625,3.872417347,,,,,,,,,,
2025/8/13 16:29,,,0.870912312,2.70857544,,,,,,,,
2025/8/13 16:29,,,,,0.745893106,3.813071747,,,,,,
2025/8/13 16:29,,,,,,,0.888437188,2.662161341,,,,
2025/8/13 16:29,,,,,,,,,0.74453564,3.810569981,,
2025/8/13 16:29,,,,,,,,,,,0.888669671,2.660220158
2025/8/13 16:29,0.726625,3.872417347,,,,,,,,,,
2025/8/13 16:29,,,0.867873875,2.731336737,,,,,,,,
2025/8/13 16:29,,,,,0.735208743,3.846648011,,,,,,
2025/8/13 16:29,,,,,,,0.885462631,2.684714622,,,,
2025/8/13 16:29,,,,,,,,,0.734591157,3.844379544,,
2025/8/13 16:29,,,,,,,,,,,0.885678528,2.682779477
2025/8/13 16:29,0.69566875,3.878098115,,,,,,,,,,
2025/8/13 16:29,,,0.864615312,2.754097461,,,,,,,,
2025/8/13 16:29,,,,,0.706434595,3.845663662,,,,,,
2025/8/13 16:29,,,,,,,0.882268509,2.707249094,,,,
2025/8/13 16:29,,,,,,,,,0.705884407,3.842992831,,
2025/8/13 16:29,,,,,,,,,,,0.882470868,2.705320441
2025/8/13 16:29,0.69566875,3.878098115,,,,,,,,,,
2025/8/13 16:29,,,0.86126075,2.776445605,,,,,,,,
2025/8/13 16:29,,,,,0.698281866,3.870623432,,,,,,
2025/8/13 16:29,,,,,,,0.878816855,2.729806319,,,,
2025/8/13 16:29,,,,,,,,,0.698669895,3.868468284,,
2025/8/13 16:29,,,,,,,,,,,0.879009108,2.727882314
2025/8/13 16:29,0.69566875,3.878098115,,,,,,,,,,
2025/8/13 16:29,,,0.858085437,2.798682627,,,,,,,,
2025/8/13 16:29,,,,,0.695376893,3.878891105,,,,,,
2025/8/13 16:29,,,,,,,0.875473322,2.752429531,,,,
2025/8/13 16:29,,,,,,,,,0.694512678,3.880813656,,
2025/8/13 16:29,,,,,,,,,,,0.875647831,2.750554148
2025/8/13 16:29,0.73546875,3.952149506,,,,,,,,,,
2025/8/13 16:29,,,0.855308125,2.821660163,,,,,,,,
2025/8/13 16:29,,,,,0.741487407,3.934005015,,,,,,
2025/8/13 16:29,,,,,,,0.872734622,2.775274278,,,,
2025/8/13 16:29,,,,,,,,,0.740869821,3.931407667,,
2025/8/13 16:29,,,,,,,,,,,0.87289138,2.773396727
2025/8/13 16:29,0.71476875,3.955945606,,,,,,,,,,
2025/8/13 16:29,,,0.8522505,2.844369053,,,,,,,,
2025/8/13 16:29,,,,,0.722209486,3.933426528,,,,,,
2025/8/13 16:29,,,,,,,0.869670804,2.797942302,,,,
2025/8/13 16:29,,,,,,,,,0.721258181,3.930645464,,
2025/8/13 16:29,,,,,,,,,,,0.869804492,2.79606544
2025/8/13 16:29,0.7605,4.03902708,,,,,,,,,,
2025/8/13 16:29,,,0.84974,2.867854689,,,,,,,,
2025/8/13 16:29,,,,,0.775752422,3.990400618,,,,,,
2025/8/13 16:29,,,,,,,0.86721172,2.821172307,,,,
2025/8/13 16:29,,,,,,,,,0.774722055,3.987968381,,
2025/8/13 16:29,,,,,,,,,,,0.867323037,2.819294631
2025/8/13 16:29,0.75013125,4.040965616,,,,,,,,,,
2025/8/13 16:29,,,0.847051375,2.891054895,,,,,,,,
2025/8/13 16:29,,,,,0.766068504,3.990149878,,,,,,
2025/8/13 16:29,,,,,,,0.86452373,2.84422873,,,,
2025/8/13 16:29,,,,,,,,,0.764228441,3.98728905,,
2025/8/13 16:29,,,,,,,,,,,0.86460515,2.842347834
2025/8/13 16:29,0.75013125,4.040965616,,,,,,,,,,
2025/8/13 16:29,,,0.84436275,2.914255101,,,,,,,,
2025/8/13 16:29,,,,,0.759702491,4.010995467,,,,,,
2025/8/13 16:29,,,,,,,0.861772079,2.86749361,,,,
2025/8/13 16:29,,,,,,,,,0.758762297,4.008257501,,
2025/8/13 16:29,,,,,,,,,,,0.861832603,2.865610721
2025/8/13 16:29,0.79163125,4.114537637,,,,,,,,,,
2025/8/13 16:29,,,0.842089125,2.938191028,,,,,,,,
2025/8/13 16:29,,,,,0.807889532,4.061424964,,,,,,
2025/8/13 16:29,,,,,,,0.859619835,2.890992404,,,,
2025/8/13 16:29,,,,,,,,,0.806377144,4.058924283,,
2025/8/13 16:29,,,,,,,,,,,0.859655996,2.889106496
2025/8/13 16:29,0.78125,4.1165214,,,,,,,,,,
2025/8/13 16:29,,,0.839585125,2.961641281,,,,,,,,
2025/8/13 16:29,,,,,0.798177278,4.061216592,,,,,,
2025/8/13 16:29,,,,,,,0.857149063,2.914204006,,,,
2025/8/13 16:29,,,,,,,,,0.796750495,4.058587454,,
2025/8/13 16:29,,,,,,,,,,,0.857161964,2.912317624
2025/8/13 16:29,0.78125,4.1165214,,,,,,,,,,
2025/8/13 16:29,,,0.837081125,2.985091534,,,,,,,,
2025/8/13 16:29,,,,,0.793210333,4.077944794,,,,,,
2025/8/13 16:29,,,,,,,0.854721472,2.937367923,,,,
2025/8/13 16:29,,,,,,,,,0.791778913,4.075018209,,
2025/8/13 16:29,,,,,,,,,,,0.854709867,2.935474346
2025/8/13 16:29,0.82889375,4.198968344,,,,,,,,,,
2025/8/13 16:29,,,0.834950062,3.008964,,,,,,,,
2025/8/13 16:29,,,,,0.848062259,4.134305061,,,,,,
2025/8/13 16:29,,,,,,,0.852664342,2.960867503,,,,
2025/8/13 16:29,,,,,,,,,0.845745504,4.13118792,,
2025/8/13 16:29,,,,,,,,,,,0.852616771,2.958969149
2025/8/13 16:29,0.80809375,4.203020877,,,,,,,,,,
2025/8/13 16:29,,,0.832700937,3.032825559,,,,,,,,
2025/8/13 16:29,,,,,0.828565398,4.134064068,,,,,,
2025/8/13 16:29,,,,,,,0.850483365,2.984355894,,,,
2025/8/13 16:29,,,,,,,,,0.826810623,4.131341893,,
2025/8/13 16:29,,,,,,,,,,,0.85041246,2.98245515
2025/8/13 16:29,0.80809375,4.203020877,,,,,,,,,,
2025/8/13 16:29,,,0.830632062,3.056585812,,,,,,,,
2025/8/13 16:29,,,,,0.822537727,4.154955517,,,,,,
2025/8/13 16:29,,,,,,,0.848383917,3.008038123,,,,
2025/8/13 16:29,,,,,,,,,0.82104161,4.151972737,,
2025/8/13 16:29,,,,,,,,,,,0.848282934,3.00613528
2025/8/13 16:29,0.85675,4.285193046,,,,,,,,,,
2025/8/13 16:29,,,0.82904975,3.081167786,,,,,,,,
2025/8/13 16:29,,,,,0.878091498,4.211156471,,,,,,
2025/8/13 16:29,,,,,,,0.846955244,3.032017081,,,,
2025/8/13 16:29,,,,,,,,,0.875442304,4.208214986,,
2025/8/13 16:29,,,,,,,,,,,0.84681984,3.030110369
2025/8/13 16:29,0.82545625,4.291331027,,,,,,,,,,
2025/8/13 16:29,,,0.827049,3.105412444,,,,,,,,
2025/8/13 16:29,,,,,0.848692463,4.210822559,,,,,,
2025/8/13 16:29,,,,,,,0.845054348,3.055763541,,,,
2025/8/13 16:29,,,,,,,,,0.845859442,4.207931014,,
2025/8/13 16:29,,,,,,,,,,,0.844882241,3.053853041
2025/8/13 16:29,0.82545625,4.291331027,,,,,,,,,,
2025/8/13 16:29,,,0.82504825,3.129657102,,,,,,,,
2025/8/13 16:29,,,,,0.842842851,4.231821037,,,,,,
2025/8/13 16:29,,,,,,,0.843185603,3.079509981,,,,
2025/8/13 16:29,,,,,,,,,0.840823899,4.229218806,,
2025/8/13 16:29,,,,,,,,,,,0.842985751,3.077602279
2025/8/13 16:29,0.8419,4.318704017,,,,,,,,,,
2025/8/13 16:29,,,0.823104437,3.153778411,,,,,,,,
2025/8/13 16:29,,,,,0.861526363,4.250483783,,,,,,
2025/8/13 16:29,,,,,,,0.841324583,3.103213795,,,,
2025/8/13 16:29,,,,,,,,,0.85939487,4.247792522,,
2025/8/13 16:29,,,,,,,,,,,0.841089396,3.101304311
2025/8/13 16:29,0.81049375,4.324708069,,,,,,,,,,
2025/8/13 16:29,,,0.820764625,3.177662971,,,,,,,,
2025/8/13 16:29,,,,,0.83199101,4.250064756,,,,,,
2025/8/13 16:29,,,,,,,0.839033449,3.126741901,,,,
2025/8/13 16:29,,,,,,,,,0.829599929,4.246933203,,
2025/8/13 16:29,,,,,,,,,,,0.838766445,3.124827799
2025/8/13 16:29,0.81049375,4.324708069,,,,,,,,,,
2025/8/13 16:29,,,0.818515125,3.201499085,,,,,,,,
2025/8/13 16:29,,,,,0.827346943,4.266754129,,,,,,
2025/8/13 16:29,,,,,,,0.836768418,3.150428605,,,,
2025/8/13 16:29,,,,,,,,,0.825073482,4.26405507,,
2025/8/13 16:29,,,,,,,,,,,0.836465872,3.1485105
2025/8/13 16:29,0.816,4.333848636,,,,,,,,,,
2025/8/13 16:29,,,0.816320687,3.225426605,,,,,,,,
2025/8/13 16:29,,,,,0.833602205,4.273039784,,,,,,
2025/8/13 16:29,,,,,,,0.834810328,3.173606805,,,,
2025/8/13 16:29,,,,,,,,,0.831690331,4.270126019,,
2025/8/13 16:29,,,,,,,,,,,0.83449887,3.17163276
2025/8/13 16:29,0.795,4.337749993,,,,,,,,,,
2025/8/13 16:29,,,0.81391625,3.249393138,,,,,,,,
2025/8/13 16:29,,,,,0.813837225,4.272627037,,,,,,
2025/8/13 16:29,,,,,,,0.832719752,3.196628164,,,,
2025/8/13 16:29,,,,,,,,,0.811168539,4.269537503,,
2025/8/13 16:29,,,,,,,,,,,0.832395091,3.194600181
2025/8/13 16:29,0.795,4.337749993,,,,,,,,,,
2025/8/13 16:29,,,0.811511813,3.273359672,,,,,,,,
2025/8/13 16:29,,,,,0.808030268,4.293440449,,,,,,
2025/8/13 16:29,,,,,,,0.830636311,3.219704613,,,,
2025/8/13 16:29,,,,,,,,,0.806081404,4.29048411,,
2025/8/13 16:29,,,,,,,,,,,0.830306084,3.217620906
2025/8/13 16:29,0.81159375,4.365193648,,,,,,,,,,
2025/8/13 16:29,,,0.809273313,3.297600642,,,,,,,,
2025/8/13 16:29,,,,,0.826891865,4.312312078,,,,,,
2025/8/13 16:29,,,,,,,0.828848641,3.242717653,,,,
2025/8/13 16:29,,,,,,,,,0.824631673,4.309638145,,
2025/8/13 16:29,,,,,,,,,,,0.828504326,3.240582278
2025/8/13 16:29,0.81159375,4.365193648,,,,,,,,,,
2025/8/13 16:29,,,0.80748825,3.321606454,,,,,,,,
2025/8/13 16:29,,,,,0.82109606,4.333070439,,,,,,
2025/8/13 16:29,,,,,,,0.827371595,3.265910461,,,,
2025/8/13 16:29,,,,,,,,,0.819540878,4.330494165,,
2025/8/13 16:29,,,,,,,,,,,0.827019043,3.263724841
2025/8/13 16:29,0.801075,4.367136229,,,,,,,,,,
2025/8/13 16:29,,,0.805689063,3.345586063,,,,,,,,
2025/8/13 16:29,,,,,0.811196074,4.332908559,,,,,,
2025/8/13 16:29,,,,,,,0.825869872,3.289096095,,,,
2025/8/13 16:29,,,,,,,,,0.809739359,4.32998167,,
2025/8/13 16:29,,,,,,,,,,,0.82551626,3.28686044
2025/8/13 16:29,0.801075,4.367136229,,,,,,,,,,
2025/8/13 16:29,,,0.803889875,3.369565673,,,,,,,,
2025/8/13 16:29,,,,,0.806480551,4.349393678,,,,,,
2025/8/13 16:29,,,,,,,0.823507939,3.314303665,,,,
2025/8/13 16:29,,,,,,,,,0.806083213,4.346731447,,
2025/8/13 16:29,,,,,,,,,,,0.823136024,3.312063674
2025/8/13 16:29,0.78,4.370949554,,,,,,,,,,
2025/8/13 16:29,,,0.802062438,3.39349355,,,,,,,,
2025/8/13 16:29,,,,,0.786661188,4.348962386,,,,,,
2025/8/13 16:29,,,,,,,0.821092953,3.339490941,,,,
2025/8/13 16:29,,,,,,,,,0.785408261,4.34661071,,
2025/8/13 16:29,,,,,,,,,,,0.820694312,3.337254524
2025/8/13 16:29,0.78,4.370949554,,,,,,,,,,
2025/8/13 16:29,,,0.800235,3.417421426,,,,,,,,
2025/8/13 16:29,,,,,0.78180775,4.365332023,,,,,,
2025/8/13 16:29,,,,,,,0.818794856,3.364470124,,,,
2025/8/13 16:29,,,,,,,,,0.782030219,4.363454815,,
2025/8/13 16:29,,,,,,,,,,,0.818384908,3.362236535
2025/8/13 16:29,0.74829375,4.376489057,,,,,,,,,,
2025/8/13 16:29,,,0.7980905,3.441404698,,,,,,,,
2025/8/13 16:29,,,,,0.752049792,4.364502792,,,,,,
2025/8/13 16:29,,,,,,,0.816338214,3.389127605,,,,
2025/8/13 16:29,,,,,,,,,0.751538131,4.361904608,,
2025/8/13 16:29,,,,,,,,,,,0.815912954,3.386895283
2025/8/13 16:29,0.74829375,4.376489057,,,,,,,,,,
2025/8/13 16:29,,,0.795946,3.46538797,,,,,,,,
2025/8/13 16:29,,,,,0.746872934,4.380826596,,,,,,
2025/8/13 16:29,,,,,,,0.813966202,3.413639757,,,,
2025/8/13 16:29,,,,,,,,,0.746323617,4.382766428,,
2025/8/13 16:29,,,,,,,,,,,0.813526504,3.411450349
2025/8/13 16:29,0.765,4.404052111,,,,,,,,,,
2025/8/13 16:29,,,0.794427,3.489430255,,,,,,,,
2025/8/13 16:29,,,,,0.765,4.404052111,,,,,,
2025/8/13 16:29,,,,,,,0.812147295,3.438353188,,,,
2025/8/13 16:29,,,,,,,,,0.765523165,4.402170901,,
2025/8/13 16:29,,,,,,,,,,,0.811697282,3.436169337
2025/8/13 16:29,0.75440625,4.405879164,,,,,,,,,,
2025/8/13 16:29,,,0.793078625,3.513366309,,,,,,,,
2025/8/13 16:29,,,,,0.75510445,4.403785665,,,,,,
2025/8/13 16:29,,,,,,,0.810454816,3.463046265,,,,
2025/8/13 16:29,,,,,,,,,0.75529884,4.401314213,,
2025/8/13 16:29,,,,,,,,,,,0.809993686,3.460864574
2025/8/13 16:29,0.75440625,4.405879164,,,,,,,,,,
2025/8/13 16:29,,,0.79173025,3.537302363,,,,,,,,
2025/8/13 16:29,,,,,0.75440625,4.405879164,,,,,,
2025/8/13 16:29,,,,,,,0.808846634,3.487559319,,,,
2025/8/13 16:29,,,,,,,,,0.75440625,4.405879164,,
2025/8/13 16:29,,,,,,,,,,,0.808370767,3.485400328
2025/8/13 16:29,0.7825,4.451751762,,,,,,,,,,
2025/8/13 16:29,,,0.791219313,3.56146031,,,,,,,,
2025/8/13 16:29,,,,,0.786189464,4.439738867,,,,,,
2025/8/13 16:29,,,,,,,0.808011998,3.512382847,,,,
2025/8/13 16:29,,,,,,,,,0.785354869,4.437317679,,
2025/8/13 16:29,,,,,,,,,,,0.807517151,3.510221919
2025/8/13 16:29,0.7825,4.451751762,,,,,,,,,,
2025/8/13 16:29,,,0.791081875,3.585469303,,,,,,,,
2025/8/13 16:29,,,,,0.783726604,4.447954991,,,,,,
2025/8/13 16:29,,,,,,,0.807460559,3.537271579,,,,
2025/8/13 16:29,,,,,,,,,0.783778108,4.445579613,,
2025/8/13 16:29,,,,,,,,,,,0.806948156,3.535107264
2025/8/13 16:29,0.793825,4.470060611,,,,,,,,,,
2025/8/13 16:29,,,0.791433188,3.609519524,,,,,,,,
2025/8/13 16:29,,,,,0.796725575,4.460689062,,,,,,
2025/8/13 16:29,,,,,,,0.807349554,3.562273604,,,,
2025/8/13 16:29,,,,,,,,,0.796671741,4.458582279,,
2025/8/13 16:29,,,,,,,,,,,0.806818395,3.5601143
2025/8/13 16:29,0.793825,4.470060611,,,,,,,,,,
2025/8/13 16:29,,,0.7917845,3.633569746,,,,,,,,
2025/8/13 16:29,,,,,0.795512202,4.464739089,,,,,,
2025/8/13 16:29,,,,,,,0.807341791,3.587073544,,,,
2025/8/13 16:29,,,,,,,,,0.795304958,4.462764944,,
2025/8/13 16:29,,,,,,,,,,,0.806794107,3.58491879
2025/8/13 16:29,0.8052,4.48834635,,,,,,,,,,
2025/8/13 16:29,,,0.792249563,3.657802825,,,,,,,,
2025/8/13 16:29,,,,,0.808533347,4.477428302,,,,,,
2025/8/13 16:29,,,,,,,0.807645473,3.611615961,,,,
2025/8/13 16:29,,,,,,,,,0.807930612,4.475183278,,
2025/8/13 16:29,,,,,,,,,,,0.807076517,3.609463794
2025/8/13 16:29,0.741375,4.499329184,,,,,,,,,,
2025/8/13 16:29,,,0.792359313,3.68204397,,,,,,,,
2025/8/13 16:29,,,,,0.748356577,4.475885698,,,,,,
2025/8/13 16:29,,,,,,,0.807583458,3.636137671,,,,
2025/8/13 16:29,,,,,,,,,0.74731317,4.473432193,,
2025/8/13 16:29,,,,,,,,,,,0.806989712,3.63398331
2025/8/13 16:29,0.70929375,4.504498016,,,,,,,,,,
2025/8/13 16:29,,,0.79214825,3.706336804,,,,,,,,
2025/8/13 16:29,,,,,0.71806451,4.474814106,,,,,,
2025/8/13 16:29,,,,,,,0.807396395,3.660270538,,,,
2025/8/13 16:29,,,,,,,,,0.716256741,4.471728161,,
2025/8/13 16:29,,,,,,,,,,,0.806770441,3.658109098
2025/8/13 16:29,0.698575,4.506172763,,,,,,,,,,
2025/8/13 16:29,,,0.79201925,3.730580743,,,,,,,,
2025/8/13 16:29,,,,,0.707935039,4.47446678,,,,,,
2025/8/13 16:29,,,,,,,0.80726662,3.684398991,,,,
2025/8/13 16:29,,,,,,,,,0.706059434,4.471319589,,
2025/8/13 16:29,,,,,,,,,,,0.806608531,3.682229504
2025/8/13 16:29,0.68784375,4.507823308,,,,,,,,,,
2025/8/13 16:29,,,0.791782938,3.754841187,,,,,,,,
2025/8/13 16:29,,,,,0.697793987,4.473992511,,,,,,
2025/8/13 16:29,,,,,,,0.807144866,3.708288786,,,,
2025/8/13 16:29,,,,,,,,,0.695313479,4.470852875,,
2025/8/13 16:29,,,,,,,,,,,0.806476795,3.706066265
2025/8/13 16:29,0.68784375,4.507823308,,,,,,,,,,
2025/8/13 16:29,,,0.792117375,3.778915228,,,,,,,,
2025/8/13 16:29,,,,,0.68784375,4.507823308,,,,,,
2025/8/13 16:29,,,,,,,0.807426916,3.732473616,,,,
2025/8/13 16:29,,,,,,,,,0.687916666,4.50843844,,
2025/8/13 16:29,,,,,,,,,,,0.806750462,3.73027982
2025/8/13 16:29,0.6771,4.509449588,,,,,,,,,,
2025/8/13 16:29,,,0.792344375,3.803005533,,,,,,,,
2025/8/13 16:29,,,,,0.6771,4.509449588,,,,,,
2025/8/13 16:29,,,,,,,0.80771008,3.756444944,,,,
2025/8/13 16:29,,,,,,,,,0.676914775,4.507791902,,
2025/8/13 16:29,,,,,,,,,,,0.807040343,3.754210691
2025/8/13 16:29,0.6771,4.509449588,,,,,,,,,,
2025/8/13 16:29,,,0.792571375,3.827095837,,,,,,,,
2025/8/13 16:29,,,,,0.671944887,4.526311349,,,,,,
2025/8/13 16:29,,,,,,,0.808069683,3.780312703,,,,
2025/8/13 16:29,,,,,,,,,0.672616693,4.528486171,,
2025/8/13 16:29,,,,,,,,,,,0.807420392,3.778076338
2025/8/13 16:29,0.66634375,4.511051541,,,,,,,,,,
2025/8/13 16:29,,,0.792690813,3.851202161,,,,,,,,
2025/8/13 16:29,,,,,0.661784186,4.52579669,,,,,,
2025/8/13 16:29,,,,,,,0.808453747,3.803904745,,,,
2025/8/13 16:29,,,,,,,,,0.663056681,4.52845015,,
2025/8/13 16:29,,,,,,,,,,,0.807828298,3.801671559
2025/8/13 16:29,0.73564375,4.621820883,,,,,,,,,,
2025/8/13 16:29,,,0.79350325,3.876416178,,,,,,,,
2025/8/13 16:29,,,,,0.739949298,4.607451675,,,,,,
2025/8/13 16:29,,,,,,,0.809722689,3.828089727,,,,
2025/8/13 16:29,,,,,,,,,0.739086064,4.604784698,,
2025/8/13 16:29,,,,,,,,,,,0.809093569,3.825808206
2025/8/13 16:29,0.724875,4.623522059,,,,,,,,,,
2025/8/13 16:29,,,0.79026075,3.890941878,,,,,,,,
2025/8/13 16:29,,,,,0.729761059,4.607153037,,,,,,
2025/8/13 16:29,,,,,,,0.805467961,3.845366751,,,,
2025/8/13 16:29,,,,,,,,,0.729062978,4.604972734,,
2025/8/13 16:29,,,,,,,,,,,0.804814959,3.84308482
2025/8/13 16:29,0.71409375,4.625199468,,,,,,,,,,
2025/8/13 16:29,,,0.786993687,3.905667479,,,,,,,,
2025/8/13 16:29,,,,,0.719561394,4.606810418,,,,,,
2025/8/13 16:29,,,,,,,0.801213895,3.862756164,,,,
2025/8/13 16:29,,,,,,,,,0.718711342,4.604541837,,
2025/8/13 16:29,,,,,,,,,,,0.800540478,3.860471334
2025/8/13 16:29,0.71409375,4.625199468,,,,,,,,,,
2025/8/13 16:29,,,0.783726625,3.920393079,,,,,,,,
2025/8/13 16:29,,,,,0.711074831,4.635027321,,,,,,
2025/8/13 16:29,,,,,,,0.797679534,3.878248201,,,,
2025/8/13 16:29,,,,,,,,,0.711403885,4.637438729,,
2025/8/13 16:29,,,,,,,,,,,0.797006152,3.87601113
2025/8/13 16:29,0.69249375,4.628482733,,,,,,,,,,
2025/8/13 16:29,,,0.780243562,3.935151512,,,,,,,,
2025/8/13 16:29,,,,,0.690674424,4.634211573,,,,,,
2025/8/13 16:29,,,,,,,0.793973328,3.893641777,,,,
2025/8/13 16:29,,,,,,,,,0.690868516,4.636391705,,
2025/8/13 16:29,,,,,,,,,,,0.793295098,3.891447305
2025/8/13 16:29,0.69249375,4.628482733,,,,,,,,,,
2025/8/13 16:29,,,0.778012563,3.949523822,,,,,,,,
2025/8/13 16:29,,,,,0.684948875,4.654403359,,,,,,
2025/8/13 16:29,,,,,,,0.791332501,3.90919457,,,,
2025/8/13 16:29,,,,,,,,,0.686965671,4.657334899,,
2025/8/13 16:29,,,,,,,,,,,0.790670573,3.907049044
2025/8/13 16:29,0.79375,4.784606665,,,,,,,,,,
2025/8/13 16:29,,,0.776794125,3.96545737,,,,,,,,
2025/8/13 16:29,,,,,0.798535834,4.767886964,,,,,,
2025/8/13 16:29,,,,,,,0.789908937,3.925658745,,,,
2025/8/13 16:29,,,,,,,,,0.797439556,4.765625072,,
2025/8/13 16:29,,,,,,,,,,,0.7892308,3.923516237
2025/8/13 16:29,0.78293125,4.786388895,,,,,,,,,,
2025/8/13 16:29,,,0.775857,3.981299554,,,,,,,,
2025/8/13 16:29,,,,,0.78827466,4.76764605,,,,,,
2025/8/13 16:29,,,,,,,0.78873338,3.942113625,,,,
2025/8/13 16:29,,,,,,,,,0.786813587,4.764920169,,
2025/8/13 16:29,,,,,,,,,,,0.788039069,3.939964822
2025/8/13 16:29,0.78293125,4.786388895,,,,,,,,,,
2025/8/13 16:29,,,0.774919875,3.997141739,,,,,,,,
2025/8/13 16:29,,,,,0.78293125,4.786388895,,,,,,
2025/8/13 16:29,,,,,,,0.787585285,3.958534185,,,,
2025/8/13 16:29,,,,,,,,,0.782830744,4.785920908,,
2025/8/13 16:29,,,,,,,,,,,0.786884086,3.956401239
2025/8/13 16:29,0.838,4.868403845,,,,,,,,,,
2025/8/13 16:29,,,0.774728938,4.013751192,,,,,,,,
2025/8/13 16:29,,,,,0.844373095,4.845090592,,,,,,
2025/8/13 16:29,,,,,,,0.787227881,3.97553989,,,,
2025/8/13 16:29,,,,,,,,,0.842633656,4.842316607,,
2025/8/13 16:29,,,,,,,,,,,0.786507991,3.973401368
2025/8/13 16:29,0.82716875,4.870255831,,,,,,,,,,
2025/8/13 16:29,,,0.774429688,4.030379165,,,,,,,,
2025/8/13 16:29,,,,,0.834076368,4.844964121,,,,,,
2025/8/13 16:29,,,,,,,0.786847517,3.992325004,,,,
2025/8/13 16:29,,,,,,,,,0.832411102,4.842511805,,
2025/8/13 16:29,,,,,,,,,,,0.786106345,3.990182006
2025/8/13 16:29,0.8582,4.915647746,,,,,,,,,,
2025/8/13 16:29,,,0.77410475,4.046723046,,,,,,,,
2025/8/13 16:29,,,,,0.86843004,4.876577829,,,,,,
2025/8/13 16:29,,,,,,,0.786388715,4.008938691,,,,
2025/8/13 16:29,,,,,,,,,0.86571602,4.873450462,,
2025/8/13 16:29,,,,,,,,,,,0.785618896,4.006790679
2025/8/13 16:29,0.84735625,4.917528585,,,,,,,,,,
2025/8/13 16:29,,,0.773671375,4.063085736,,,,,,,,
2025/8/13 16:29,,,,,0.858108105,4.876424415,,,,,,
2025/8/13 16:29,,,,,,,0.785858059,4.025463004,,,,
2025/8/13 16:29,,,,,,,,,0.855710097,4.873697285,,
2025/8/13 16:29,,,,,,,,,,,0.785061546,4.023312041
2025/8/13 16:29,0.866125,4.944717129,,,,,,,,,,
2025/8/13 16:29,,,0.773818188,4.07961628,,,,,,,,
2025/8/13 16:29,,,,,0.878777374,4.895338681,,,,,,
2025/8/13 16:29,,,,,,,0.785889581,4.042172202,,,,
2025/8/13 16:29,,,,,,,,,0.875871184,4.892521135,,
2025/8/13 16:29,,,,,,,,,,,0.785060974,4.040015827
2025/8/13 16:29,0.866125,4.944717129,,,,,,,,,,
2025/8/13 16:29,,,0.773965,4.096146824,,,,,,,,
2025/8/13 16:29,,,,,0.870737201,4.927894331,,,,,,
2025/8/13 16:29,,,,,,,0.785872075,4.059119499,,,,
2025/8/13 16:29,,,,,,,,,0.86919818,4.925311572,,
2025/8/13 16:29,,,,,,,,,,,0.785026761,4.056958403
2025/8/13 16:29,0.891325,4.980877407,,,,,,,,,,
2025/8/13 16:29,,,0.774758312,4.112939441,,,,,,,,
2025/8/13 16:29,,,,,0.898617525,4.95308197,,,,,,
2025/8/13 16:29,,,,,,,0.786491243,4.076317504,,,,
2025/8/13 16:29,,,,,,,,,0.896748536,4.950630248,,
2025/8/13 16:29,,,,,,,,,,,0.785629488,4.074159233
2025/8/13 16:29,0.88046875,4.982807921,,,,,,,,,,
2025/8/13 16:29,,,0.775443063,4.129751363,,,,,,,,
2025/8/13 16:29,,,,,0.888278756,4.953012106,,,,,,
2025/8/13 16:29,,,,,,,0.78708519,4.093297703,,,,
2025/8/13 16:29,,,,,,,,,0.886079268,4.950058261,,
2025/8/13 16:29,,,,,,,,,,,0.786204322,4.091134005
2025/8/13 16:29,0.8995,5.009890193,,,,,,,,,,
2025/8/13 16:29,,,0.776417063,4.146809933,,,,,,,,
2025/8/13 16:29,,,,,0.909222561,4.971873946,,,,,,
2025/8/13 16:29,,,,,,,0.787978454,4.110466843,,,,
2025/8/13 16:29,,,,,,,,,0.906430223,4.968864047,,
2025/8/13 16:29,,,,,,,,,,,0.787066395,4.108297294
2025/8/13 16:29,0.8995,5.009890193,,,,,,,,,,
2025/8/13 16:29,,,0.777391063,4.163868502,,,,,,,,
2025/8/13 16:29,,,,,0.909222561,4.971873946,,,,,,
2025/8/13 16:29,,,,,,,0.788902847,4.127549473,,,,
2025/8/13 16:29,,,,,,,,,0.906430223,4.968864047,,
2025/8/13 16:29,,,,,,,,,,,0.787963007,4.125375888
2025/8/13 16:29,0.9379,5.06387634,,,,,,,,,,
2025/8/13 16:29,,,0.779046625,4.181396112,,,,,,,,
2025/8/13 16:29,,,,,0.951261081,5.009377416,,,,,,
2025/8/13 16:29,,,,,,,0.790518239,4.145009116,,,,
2025/8/13 16:29,,,,,,,,,0.947867965,5.006021219,,
2025/8/13 16:29,,,,,,,,,,,0.789541151,4.142826843
2025/8/13 16:29,0.92703125,5.065877324,,,,,,,,,,
2025/8/13 16:29,,,0.7805935,4.198943731,,,,,,,,
2025/8/13 16:29,,,,,0.940883529,5.009318377,,,,,,
2025/8/13 16:29,,,,,,,0.792045426,4.162425027,,,,
2025/8/13 16:29,,,,,,,,,0.937300333,5.006558618,,
2025/8/13 16:29,,,,,,,,,,,0.791035497,4.160240605
2025/8/13 16:29,0.96588125,5.119684894,,,,,,,,,,
2025/8/13 16:29,,,0.782827563,4.216961172,,,,,,,,
2025/8/13 16:29,,,,,0.983114982,5.04655454,,,,,,
2025/8/13 16:29,,,,,,,0.794266823,4.180217204,,,,
2025/8/13 16:29,,,,,,,,,0.97854007,5.04320272,,
2025/8/13 16:29,,,,,,,,,,,0.793214997,4.178023786
2025/8/13 16:29,0.955,5.121725783,,,,,,,,,,
2025/8/13 16:29,,,0.784521562,4.234071492,,,,,,,,
2025/8/13 16:29,,,,,0.972734268,5.04662008,,,,,,
2025/8/13 16:29,,,,,,,0.795850045,4.197389659,,,,
2025/8/13 16:29,,,,,,,,,0.968345491,5.043577655,,
2025/8/13 16:29,,,,,,,,,,,0.794757952,4.195188215
2025/8/13 16:29,0.9943,5.175351921,,,,,,,,,,
2025/8/13 16:29,,,0.786608562,4.251718072,,,,,,,,
2025/8/13 16:29,,,,,1.015197542,5.083682459,,,,,,
2025/8/13 16:29,,,,,,,0.797888518,4.214845761,,,,
2025/8/13 16:29,,,,,,,,,1.010573717,5.080339568,,
2025/8/13 16:29,,,,,,,,,,,0.796751129,4.21263826
2025/8/13 16:29,0.98340625,5.177432969,,,,,,,,,,
2025/8/13 16:29,,,0.788277312,4.268738731,,,,,,,,
2025/8/13 16:29,,,,,1.00475557,5.083689974,,,,,,
2025/8/13 16:29,,,,,,,0.79944396,4.231869957,,,,
2025/8/13 16:29,,,,,,,,,0.999629988,5.080196256,,
2025/8/13 16:29,,,,,,,,,,,0.798260301,4.229651488
2025/8/13 16:29,1.029825,5.239757673,,,,,,,,,,
2025/8/13 16:29,,,0.790185562,4.285921993,,,,,,,,
2025/8/13 16:29,,,,,1.054661296,5.126825255,,,,,,
2025/8/13 16:29,,,,,,,0.801225945,4.24901774,,,,
2025/8/13 16:29,,,,,,,,,1.048951763,5.123554672,,
2025/8/13 16:29,,,,,,,,,,,0.799988776,4.24679188
2025/8/13 16:29,1.008,5.244,,,,,,,,,,
2025/8/13 16:29,,,0.791875562,4.30314768,,,,,,,,
2025/8/13 16:29,,,,,1.033698053,5.126926044,,,,,,
2025/8/13 16:29,,,,,,,0.802887366,4.265906482,,,,
2025/8/13 16:29,,,,,,,,,1.028381471,5.123972802,,
2025/8/13 16:29,,,,,,,,,,,0.801602111,4.263677811
2025/8/13 16:29,1.021375,5.261786114,,,,,,,,,,
2025/8/13 16:29,,,0.793563,4.320275373,,,,,,,,
2025/8/13 16:29,,,,,1.04803552,5.139260497,,,,,,
2025/8/13 16:29,,,,,,,0.804527321,4.28273404,,,,
2025/8/13 16:29,,,,,,,,,1.042192002,5.13605654,,
2025/8/13 16:29,,,,,,,,,,,0.803191576,4.28049719
2025/8/13 16:29,1.01044375,5.263896221,,,,,,,,,,
2025/8/13 16:29,,,0.795141125,4.337424168,,,,,,,,
2025/8/13 16:29,,,,,1.037526879,5.139305907,,,,,,
2025/8/13 16:29,,,,,,,0.806120677,4.299389535,,,,
2025/8/13 16:29,,,,,,,,,1.031270796,5.135795679,,
2025/8/13 16:29,,,,,,,,,,,0.804726383,4.297144511
2025/8/13 16:29,1.01044375,5.263896221,,,,,,,,,,
2025/8/13 16:29,,,0.796581812,4.354297512,,,,,,,,
2025/8/13 16:29,,,,,1.016862957,5.237623959,,,,,,
2025/8/13 16:29,,,,,,,0.807341607,4.316843668,,,,
2025/8/13 16:29,,,,,,,,,1.014590901,5.234885866,,
2025/8/13 16:29,,,,,,,,,,,0.805935841,4.314599047
2025/8/13 16:29,1.01715,5.272789193,,,,,,,,,,
2025/8/13 16:29,,,0.798089563,4.371259786,,,,,,,,
2025/8/13 16:29,,,,,1.024159192,5.243812921,,,,,,
2025/8/13 16:29,,,,,,,0.808693373,4.334186844,,,,
2025/8/13 16:29,,,,,,,,,1.022255069,5.241257922,,
2025/8/13 16:29,,,,,,,,,,,0.8072745,4.331939801
2025/8/13 16:29,1.01715,5.272789193,,,,,,,,,,
2025/8/13 16:29,,,0.800399313,4.388037255,,,,,,,,
2025/8/13 16:29,,,,,1.020429925,5.25991715,,,,,,
2025/8/13 16:29,,,,,,,0.810744343,4.351693338,,,,
2025/8/13 16:29,,,,,,,,,1.019428576,5.257766228,,
2025/8/13 16:29,,,,,,,,,,,0.809324091,4.349453267
2025/8/13 16:29,1.03734375,5.29942619,,,,,,,,,,
2025/8/13 16:29,,,0.802911,4.405081094,,,,,,,,
2025/8/13 16:29,,,,,1.042462146,5.278495618,,,,,,
2025/8/13 16:29,,,,,,,0.813073448,4.369214149,,,,
2025/8/13 16:29,,,,,,,,,1.040789341,5.275590861,,
2025/8/13 16:29,,,,,,,,,,,0.811642187,4.366970117
2025/8/13 16:29,0.99349375,5.307821603,,,,,,,,,,
2025/8/13 16:29,,,0.804984188,4.422208888,,,,,,,,
2025/8/13 16:29,,,,,1.000511063,5.278809472,,,,,,
2025/8/13 16:29,,,,,,,0.814983042,4.386738099,,,,
2025/8/13 16:29,,,,,,,,,0.998126554,5.27584235,,
2025/8/13 16:29,,,,,,,,,,,0.813533654,4.384489483
2025/8/13 16:29,0.99349375,5.307821603,,,,,,,,,,
2025/8/13 16:29,,,0.807259125,4.439293154,,,,,,,,
2025/8/13 16:29,,,,,0.996794383,5.294886757,,,,,,
2025/8/13 16:29,,,,,,,0.817041015,4.404426056,,,,
2025/8/13 16:29,,,,,,,,,0.995862684,5.292300957,,
2025/8/13 16:29,,,,,,,,,,,0.815588932,4.402178293
2025/8/13 16:29,1.00025,5.316728311,,,,,,,,,,
2025/8/13 16:29,,,0.809601625,4.456466488,,,,,,,,
2025/8/13 16:29,,,,,1.004168391,5.301156363,,,,,,
2025/8/13 16:29,,,,,,,0.819259106,4.421920134,,,,
2025/8/13 16:29,,,,,,,,,1.003380461,5.298649042,,
2025/8/13 16:29,,,,,,,,,,,0.817807158,4.419674299
2025/8/13 16:29,0.97825,5.320820138,,,,,,,,,,
2025/8/13 16:29,,,0.811724125,4.47368074,,,,,,,,
2025/8/13 16:29,,,,,0.983138464,5.301141066,,,,,,
2025/8/13 16:29,,,,,,,0.821324274,4.439244318,,,,
2025/8/13 16:29,,,,,,,,,0.981113062,5.298340612,,
2025/8/13 16:29,,,,,,,,,,,0.819854972,4.436997308
2025/8/13 16:29,0.97825,5.320820138,,,,,,,,,,
2025/8/13 16:29,,,0.814048875,4.490852543,,,,,,,,
2025/8/13 16:29,,,,,0.97812743,5.321242492,,,,,,
2025/8/13 16:29,,,,,,,0.823525514,4.456773552,,,,
2025/8/13 16:29,,,,,,,,,0.978061202,5.323121497,,
2025/8/13 16:29,,,,,,,,,,,0.822057658,4.454570155
2025/8/13 16:29,0.9918,5.338654583,,,,,,,,,,
2025/8/13 16:29,,,0.816509125,4.508202691,,,,,,,,
2025/8/13 16:29,,,,,0.992074279,5.337691879,,,,,,
2025/8/13 16:29,,,,,,,0.825895028,4.47438227,,,,
2025/8/13 16:29,,,,,,,,,0.992185156,5.335368145,,
2025/8/13 16:29,,,,,,,,,,,0.824431234,4.472182135
2025/8/13 16:29,0.96975,5.342703898,,,,,,,,,,
2025/8/13 16:29,,,0.818850188,4.525572514,,,,,,,,
2025/8/13 16:29,,,,,0.971106923,5.337676746,,,,,,
2025/8/13 16:29,,,,,,,0.828148313,4.491992455,,,,
2025/8/13 16:29,,,,,,,,,0.970745436,5.335640745,,
2025/8/13 16:29,,,,,,,,,,,0.826683462,4.489802248
2025/8/13 16:29,0.96975,5.342703898,,,,,,,,,,
2025/8/13 16:29,,,0.82119125,4.542942337,,,,,,,,
2025/8/13 16:29,,,,,0.968911113,5.345736886,,,,,,
2025/8/13 16:29,,,,,,,0.830422848,4.509557015,,,,
2025/8/13 16:29,,,,,,,,,0.969335876,5.347958424,,
2025/8/13 16:29,,,,,,,,,,,0.82895995,4.507410955
2025/8/13 16:29,0.95870625,5.344696654,,,,,,,,,,
2025/8/13 16:29,,,0.823421875,4.560332088,,,,,,,,
2025/8/13 16:29,,,,,0.95839896,5.345767838,,,,,,
2025/8/13 16:29,,,,,,,0.8326504,4.526957478,,,,
2025/8/13 16:29,,,,,,,,,0.957973835,5.347575255,,
2025/8/13 16:29,,,,,,,,,,,0.831180222,4.524849945
2025/8/13 16:29,0.95870625,5.344696654,,,,,,,,,,
2025/8/13 16:29,,,0.8256525,4.577721838,,,,,,,,
2025/8/13 16:29,,,,,0.950828153,5.377714829,,,,,,
2025/8/13 16:29,,,,,,,0.834802244,4.54467741,,,,
2025/8/13 16:29,,,,,,,,,0.953439195,5.380291451,,
2025/8/13 16:29,,,,,,,,,,,0.833355147,4.542616096
2025/8/13 16:29,0.97230625,5.362566602,,,,,,,,,,
2025/8/13 16:29,,,0.827267125,4.593813343,,,,,,,,
2025/8/13 16:29,,,,,0.96565247,5.390194628,,,,,,
2025/8/13 16:29,,,,,,,0.836195226,4.561515197,,,,
2025/8/13 16:29,,,,,,,,,0.968068755,5.392980164,,
2025/8/13 16:29,,,,,,,,,,,0.834781429,4.559507102
2025/8/13 16:29,0.9391,5.368481274,,,,,,,,,,
2025/8/13 16:29,,,0.828854375,4.609899466,,,,,,,,
2025/8/13 16:29,,,,,0.933768023,5.390027432,,,,,,
2025/8/13 16:29,,,,,,,0.837551173,4.578355463,,,,
2025/8/13 16:29,,,,,,,,,0.935366706,5.392662527,,
2025/8/13 16:29,,,,,,,,,,,0.836163784,4.576397482
2025/8/13 16:29,0.9391,5.368481274,,,,,,,,,,
2025/8/13 16:29,,,0.830645375,4.625943875,,,,,,,,
2025/8/13 16:29,,,,,0.931081395,5.402071669,,,,,,
2025/8/13 16:29,,,,,,,0.839068832,4.595320015,,,,
2025/8/13 16:29,,,,,,,,,0.933319759,5.404664166,,
2025/8/13 16:29,,,,,,,,,,,0.837712446,4.593412489
2025/8/13 16:29,0.96645,5.404264464,,,,,,,,,,
2025/8/13 16:29,,,0.832914125,4.642305452,,,,,,,,
2025/8/13 16:29,,,,,0.960881196,5.427146302,,,,,,
2025/8/13 16:29,,,,,,,0.841073649,4.612539997,,,,
2025/8/13 16:29,,,,,,,,,0.962453805,5.429586114,,
2025/8/13 16:29,,,,,,,,,,,0.839742409,4.610684503
2025/8/13 16:29,0.94425,5.408187491,,,,,,,,,,
2025/8/13 16:29,,,0.834960875,4.658706259,,,,,,,,
2025/8/13 16:29,,,,,0.939563719,5.427115457,,,,,,
2025/8/13 16:29,,,,,,,0.843016557,4.629296146,,,,
2025/8/13 16:29,,,,,,,,,0.941547807,5.429952625,,
2025/8/13 16:29,,,,,,,,,,,0.841709363,4.62749372
2025/8/13 16:29,0.94425,5.408187491,,,,,,,,,,
2025/8/13 16:29,,,0.837212375,4.675067456,,,,,,,,
2025/8/13 16:29,,,,,0.937764525,5.435133131,,,,,,
2025/8/13 16:29,,,,,,,0.845131182,4.646137284,,,,
2025/8/13 16:29,,,,,,,,,0.940454564,5.43786318,,
2025/8/13 16:29,,,,,,,,,,,0.843855313,4.644388329
2025/8/13 16:29,0.922,5.412025129,,,,,,,,,,
2025/8/13 16:29,,,0.838755125,4.690542917,,,,,,,,
2025/8/13 16:29,,,,,0.916383339,5.434872988,,,,,,
2025/8/13 16:29,,,,,,,0.846454066,4.662346328,,,,
2025/8/13 16:29,,,,,,,,,0.918187602,5.437383142,,
2025/8/13 16:29,,,,,,,,,,,0.845206368,4.660646759
2025/8/13 16:29,0.922,5.412025129,,,,,,,,,,
2025/8/13 16:29,,,0.840503125,4.705978168,,,,,,,,
2025/8/13 16:29,,,,,0.910351395,5.463058919,,,,,,
2025/8/13 16:29,,,,,,,0.847907393,4.678840786,,,,
2025/8/13 16:29,,,,,,,,,0.914240085,5.466018135,,
2025/8/13 16:29,,,,,,,,,,,0.846710755,4.67720123
2025/8/13 16:29,0.94264375,5.438917425,,,,,,,,,,
2025/8/13 16:29,,,0.842663312,4.721643169,,,,,,,,
2025/8/13 16:29,,,,,0.932759301,5.481919864,,,,,,
2025/8/13 16:29,,,,,,,0.849776055,4.695529267,,,,
2025/8/13 16:29,,,,,,,,,0.936472233,5.484824696,,
2025/8/13 16:29,,,,,,,,,,,0.84863012,4.693943777
2025/8/13 16:29,0.94264375,5.438917425,,,,,,,,,,
2025/8/13 16:29,,,0.8448235,4.73730817,,,,,,,,
2025/8/13 16:29,,,,,0.92789388,5.506092396,,,,,,
2025/8/13 16:29,,,,,,,0.851702906,4.712123711,,,,
2025/8/13 16:29,,,,,,,,,0.933093889,5.50961256,,
2025/8/13 16:29,,,,,,,,,,,0.850615148,4.710596107
2025/8/13 16:29,0.9634,5.465744271,,,,,,,,,,
2025/8/13 16:29,,,0.847500812,4.753184631,,,,,,,,
2025/8/13 16:29,,,,,0.950340808,5.524816356,,,,,,
2025/8/13 16:29,,,,,,,0.854141968,4.728915238,,,,
2025/8/13 16:29,,,,,,,,,0.955186044,5.527904543,,
2025/8/13 16:29,,,,,,,,,,,0.853108164,4.727445224
2025/8/13 16:29,0.9634,5.465744271,,,,,,,,,,
2025/8/13 16:29,,,0.850178125,4.769061093,,,,,,,,
2025/8/13 16:29,,,,,0.946503106,5.545082693,,,,,,
2025/8/13 16:29,,,,,,,0.856624181,4.74565983,,,,
2025/8/13 16:29,,,,,,,,,0.952238712,5.548784141,,
2025/8/13 16:29,,,,,,,,,,,0.855643852,4.744248383
2025/8/13 16:29,0.99125,5.501411041,,,,,,,,,,
2025/8/13 16:29,,,0.853133937,4.785294222,,,,,,,,
2025/8/13 16:29,,,,,0.976543053,5.569951322,,,,,,
2025/8/13 16:29,,,,,,,0.859435842,4.762570432,,,,
2025/8/13 16:29,,,,,,,,,0.982168577,5.573292362,,
2025/8/13 16:29,,,,,,,,,,,0.858520411,4.76117317
2025/8/13 16:29,0.99125,5.501411041,,,,,,,,,,
2025/8/13 16:29,,,0.85569175,4.800786838,,,,,,,,
2025/8/13 16:29,,,,,0.975019093,5.578013184,,,,,,
2025/8/13 16:29,,,,,,,0.861771159,4.779010514,,,,
2025/8/13 16:29,,,,,,,,,0.981082649,5.581189622,,
2025/8/13 16:29,,,,,,,,,,,0.86092254,4.777670989
2025/8/13 16:29,1.0193,5.536960133,,,,,,,,,,
2025/8/13 16:29,,,0.858737062,4.816596983,,,,,,,,
2025/8/13 16:29,,,,,1.005282807,5.602881641,,,,,,
2025/8/13 16:29,,,,,,,0.864601892,4.795705065,,,,
2025/8/13 16:29,,,,,,,,,1.010736432,5.606036144,,
2025/8/13 16:29,,,,,,,,,,,0.863817322,4.794424896
2025/8/13 16:29,1.0193,5.536960133,,,,,,,,,,
2025/8/13 16:29,,,0.861325062,4.831576313,,,,,,,,
2025/8/13 16:29,,,,,1.003768195,5.610934895,,,,,,
2025/8/13 16:29,,,,,,,0.86688205,4.811910408,,,,
2025/8/13 16:29,,,,,,,,,1.009658582,5.614304847,,
2025/8/13 16:29,,,,,,,,,,,0.866166687,4.810688261
2025/8/13 16:29,1.04755,5.572390779,,,,,,,,,,
2025/8/13 16:29,,,0.86429925,4.846890565,,,,,,,,
2025/8/13 16:29,,,,,1.034208789,5.635713826,,,,,,
2025/8/13 16:29,,,,,,,0.869563453,4.828366048,,,,
2025/8/13 16:29,,,,,,,,,1.038809844,5.638867644,,
2025/8/13 16:29,,,,,,,,,,,0.868912501,4.827204047
2025/8/13 16:29,1.04755,5.572390779,,,,,,,,,,
2025/8/13 16:29,,,0.867273437,4.862204817,,,,,,,,
2025/8/13 16:29,,,,,1.030536296,5.655907475,,,,,,
2025/8/13 16:29,,,,,,,0.872271791,4.844815168,,,,
2025/8/13 16:29,,,,,,,,,1.036587245,5.659510936,,
2025/8/13 16:29,,,,,,,,,,,0.871690751,4.843716581
2025/8/13 16:29,1.076,5.607702203,,,,,,,,,,
2025/8/13 16:29,,,0.870117125,4.877136462,,,,,,,,
2025/8/13 16:29,,,,,1.061071043,5.680462254,,,,,,
2025/8/13 16:29,,,,,,,0.874803606,4.861005541,,,,
2025/8/13 16:29,,,,,,,,,1.066889104,5.683686916,,
2025/8/13 16:29,,,,,,,,,,,0.87429587,4.859964208
2025/8/13 16:29,1.076,5.607702203,,,,,,,,,,
2025/8/13 16:29,,,0.873064625,4.89204827,,,,,,,,
2025/8/13 16:29,,,,,1.059671329,5.688620142,,,,,,
2025/8/13 16:29,,,,,,,0.877418547,4.877279576,,,,
2025/8/13 16:29,,,,,,,,,1.065599375,5.691686774,,
2025/8/13 16:29,,,,,,,,,,,0.876984359,4.876295201
2025/8/13 16:29,1.00895,5.620153014,,,,,,,,,,
2025/8/13 16:29,,,0.875341625,4.907084587,,,,,,,,
2025/8/13 16:29,,,,,0.994633483,5.688751684,,,,,,
2025/8/13 16:29,,,,,,,0.879432778,4.893387645,,,,
2025/8/13 16:29,,,,,,,,,0.999985705,5.691848244,,
2025/8/13 16:29,,,,,,,,,,,0.879066427,4.892463501
2025/8/13 16:29,1.00895,5.620153014,,,,,,,,,,
2025/8/13 16:29,,,0.877142187,4.921296433,,,,,,,,
2025/8/13 16:29,,,,,0.99246867,5.700862301,,,,,,
2025/8/13 16:29,,,,,,,0.880876842,4.909053217,,,,
2025/8/13 16:29,,,,,,,,,0.998562549,5.704116441,,
2025/8/13 16:29,,,,,,,,,,,0.880594598,4.908192786
2025/8/13 16:29,1.052,5.673287936,,,,,,,,,,
2025/8/13 16:29,,,0.87958125,4.935999104,,,,,,,,
2025/8/13 16:29,,,,,1.03865438,5.737980243,,,,,,
2025/8/13 16:29,,,,,,,0.882977732,4.925092379,,,,
2025/8/13 16:29,,,,,,,,,1.044103103,5.741328468,,
2025/8/13 16:29,,,,,,,,,,,0.882767522,4.924292652
2025/8/13 16:29,1.052,5.673287936,,,,,,,,,,
2025/8/13 16:29,,,0.882020312,4.950701774,,,,,,,,
2025/8/13 16:29,,,,,1.03723846,5.746098162,,,,,,
2025/8/13 16:29,,,,,,,0.885124739,4.941003806,,,,
2025/8/13 16:29,,,,,,,,,1.042391386,5.749035406,,
2025/8/13 16:29,,,,,,,,,,,0.88498102,4.940263279
2025/8/13 16:29,1.052,5.673287936,,,,,,,,,,
2025/8/13 16:29,,,0.883972812,4.964582723,,,,,,,,
2025/8/13 16:29,,,,,1.035821805,5.754144402,,,,,,
2025/8/13 16:29,,,,,,,0.886702042,4.956433685,,,,
2025/8/13 16:29,,,,,,,,,1.041866907,5.757471038,,
2025/8/13 16:29,,,,,,,,,,,0.886645266,4.955755839
2025/8/13 16:29,0.9619,5.689257279,,,,,,,,,,
2025/8/13 16:29,,,0.88533725,4.978561986,,,,,,,,
2025/8/13 16:29,,,,,0.948385346,5.753937781,,,,,,
2025/8/13 16:29,,,,,,,0.887698971,4.971864837,,,,
2025/8/13 16:29,,,,,,,,,0.954127745,5.757548353,,
2025/8/13 16:29,,,,,,,,,,,0.887727949,4.971252013
2025/8/13 16:29,0.9619,5.689257279,,,,,,,,,,
2025/8/13 16:29,,,0.886701687,4.992541248,,,,,,,,
2025/8/13 16:29,,,,,0.946921761,5.761939629,,,,,,
2025/8/13 16:29,,,,,,,0.88873976,4.987166023,,,,
2025/8/13 16:29,,,,,,,,,0.953124812,5.765276682,,
2025/8/13 16:29,,,,,,,,,,,0.888850958,4.986612591
2025/8/13 16:29,0.92790625,5.69490035,,,,,,,,,,
2025/8/13 16:29,,,0.88756175,5.006303212,,,,,,,,
2025/8/13 16:29,,,,,0.913946895,5.761607346,,,,,,
2025/8/13 16:29,,,,,,,0.889263966,5.002277259,,,,
2025/8/13 16:29,,,,,,,,,0.919561063,5.765134731,,
2025/8/13 16:29,,,,,,,,,,,0.88945262,5.001786014
2025/8/13 16:29,0.92790625,5.69490035,,,,,,,,,,
2025/8/13 16:29,,,0.888735875,5.020005134,,,,,,,,
2025/8/13 16:29,,,,,0.912540565,5.769693568,,,,,,
2025/8/13 16:29,,,,,,,0.890069461,5.017473547,,,,
2025/8/13 16:29,,,,,,,,,0.91948363,5.773365072,,
2025/8/13 16:29,,,,,,,,,,,0.890351457,5.017050332
2025/8/13 16:29,0.88240625,5.702127604,,,,,,,,,,
2025/8/13 16:29,,,0.889455,5.03377933,,,,,,,,
2025/8/13 16:29,,,,,0.868325789,5.768882403,,,,,,
2025/8/13 16:29,,,,,,,0.89047925,5.032494829,,,,
2025/8/13 16:29,,,,,,,,,0.874457024,5.77260945,,
2025/8/13 16:29,,,,,,,,,,,0.890845293,5.032135876
2025/8/13 16:29,0.88240625,5.702127604,,,,,,,,,,
2025/8/13 16:29,,,0.890119062,5.047462119,,,,,,,,
2025/8/13 16:29,,,,,0.865561369,5.78504853,,,,,,
2025/8/13 16:29,,,,,,,0.890798841,5.047614917,,,,
2025/8/13 16:29,,,,,,,,,0.872972966,5.788962618,,
2025/8/13 16:29,,,,,,,,,,,0.891258119,5.047324242
2025/8/13 16:29,0.88240625,5.702127604,,,,,,,,,,
2025/8/13 16:29,,,0.890993125,5.061105896,,,,,,,,
2025/8/13 16:29,,,,,0.86300366,5.801250552,,,,,,
2025/8/13 16:29,,,,,,,0.891290506,5.062901152,,,,
2025/8/13 16:29,,,,,,,,,0.871123652,5.804794225,,
2025/8/13 16:29,,,,,,,,,,,0.89185767,5.062676809
2025/8/13 16:29,0.88240625,5.702127604,,,,,,,,,,
2025/8/13 16:29,,,0.891867187,5.074749672,,,,,,,,
2025/8/13 16:29,,,,,0.860797921,5.817587468,,,,,,
2025/8/13 16:29,,,,,,,0.891818182,5.078142622,,,,
2025/8/13 16:29,,,,,,,,,0.869960735,5.821110003,,
2025/8/13 16:29,,,,,,,,,,,0.892496464,5.077983068
2025/8/13 16:29,0.88240625,5.702127604,,,,,,,,,,
2025/8/13 16:29,,,0.892575312,5.088119011,,,,,,,,
2025/8/13 16:29,,,,,0.858795708,5.833894283,,,,,,
2025/8/13 16:29,,,,,,,0.892137221,5.093358444,,,,
2025/8/13 16:29,,,,,,,,,0.867866996,5.837276359,,
2025/8/13 16:29,,,,,,,,,,,0.892928817,5.09325945
2025/8/13 16:29,0.88240625,5.702127604,,,,,,,,,,
2025/8/13 16:29,,,0.893283437,5.101488351,,,,,,,,
2025/8/13 16:29,,,,,0.856967561,5.850179836,,,,,,
2025/8/13 16:29,,,,,,,0.892495936,5.108529538,,,,
2025/8/13 16:29,,,,,,,,,0.866427285,5.853859622,,
2025/8/13 16:29,,,,,,,,,,,0.893397681,5.108493105
2025/8/13 16:29,0.88240625,5.702127604,,,,,,,,,,
2025/8/13 16:29,,,0.89409675,5.114838265,,,,,,,,
2025/8/13 16:29,,,,,0.85537904,5.866493201,,,,,,
2025/8/13 16:29,,,,,,,0.892937765,5.123865385,,,,
2025/8/13 16:29,,,,,,,,,0.864339426,5.869916326,,
2025/8/13 16:29,,,,,,,,,,,0.893943682,5.123892451
2025/8/13 16:29,1.10440625,5.968683844,,,,,,,,,,
2025/8/13 16:29,,,0.897130062,5.130853741,,,,,,,,
2025/8/13 16:29,,,,,1.088912443,6.052390202,,,,,,
2025/8/13 16:29,,,,,,,0.895762084,5.14089535,,,,
2025/8/13 16:29,,,,,,,,,1.096237347,6.055995427,,
2025/8/13 16:29,,,,,,,,,,,0.896845223,5.140985091
2025/8/13 16:29,1.10440625,5.968683844,,,,,,,,,,
2025/8/13 16:29,,,0.900374125,5.146831084,,,,,,,,
2025/8/13 16:29,,,,,1.085452186,6.076593617,,,,,,
2025/8/13 16:29,,,,,,,0.898749994,5.158171662,,,,
2025/8/13 16:29,,,,,,,,,1.093546719,6.080130593,,
2025/8/13 16:29,,,,,,,,,,,0.899926607,5.15832029
2025/8/13 16:29,0.8155,6.014969638,,,,,,,,,,
2025/8/13 16:29,,,0.900729125,5.163271284,,,,,,,,
2025/8/13 16:29,,,,,0.803510264,6.073557598,,,,,,
2025/8/13 16:29,,,,,,,0.898967019,5.175253918,,,,
2025/8/13 16:29,,,,,,,,,0.810001268,6.077334044,,
2025/8/13 16:29,,,,,,,,,,,0.900206318,5.175459082
2025/8/13 16:29,0.76855,6.021148636,,,,,,,,,,
2025/8/13 16:29,,,0.900931687,5.17971788,,,,,,,,
2025/8/13 16:29,,,,,0.757805872,6.072071769,,,,,,
2025/8/13 16:29,,,,,,,0.89902458,5.192329608,,,,
2025/8/13 16:29,,,,,,,,,0.764052328,6.075995849,,
2025/8/13 16:29,,,,,,,,,,,0.90033146,5.192599995
2025/8/13 16:29,0.76855,6.021148636,,,,,,,,,,
2025/8/13 16:29,,,0.90113425,5.196164476,,,,,,,,
2025/8/13 16:29,,,,,0.753294611,6.100126856,,,,,,
2025/8/13 16:29,,,,,,,0.899088797,5.20952261,,,,
2025/8/13 16:29,,,,,,,,,0.7620341,6.103995512,,
2025/8/13 16:29,,,,,,,,,,,0.900488565,5.209812286
2025/8/13 16:29,0.7214,6.026979512,,,,,,,,,,
2025/8/13 16:29,,,0.90069825,5.21239375,,,,,,,,
2025/8/13 16:29,,,,,0.707217989,6.098273561,,,,,,
2025/8/13 16:29,,,,,,,0.898510977,5.226464825,,,,
2025/8/13 16:29,,,,,,,,,0.715614189,6.102183441,,
2025/8/13 16:29,,,,,,,,,,,0.899989475,5.226812411
2025/8/13 16:29,0.69775,6.029763257,,,,,,,,,,
2025/8/13 16:29,,,0.900131687,5.228632591,,,,,,,,
2025/8/13 16:29,,,,,0.684124103,6.097242779,,,,,,
2025/8/13 16:29,,,,,,,0.897801173,5.243399396,,,,
2025/8/13 16:29,,,,,,,,,0.691953137,6.10127332,,
2025/8/13 16:29,,,,,,,,,,,0.899356018,5.243812002
2025/8/13 16:29,0.97096875,6.346149989,,,,,,,,,,
2025/8/13 16:29,,,0.902297312,5.248035299,,,,,,,,
2025/8/13 16:29,,,,,0.975037956,6.327301941,,,,,,
2025/8/13 16:29,,,,,,,0.90000749,5.262613624,,,,
2025/8/13 16:29,,,,,,,,,0.97225974,6.324629708,,
2025/8/13 16:29,,,,,,,,,,,0.901534553,5.262999508
2025/8/13 16:29,0.97096875,6.346149989,,,,,,,,,,
2025/8/13 16:29,,,0.904182,5.266979282,,,,,,,,
2025/8/13 16:29,,,,,0.965940064,6.369994057,,,,,,
2025/8/13 16:29,,,,,,,0.901804996,5.281916176,,,,
2025/8/13 16:29,,,,,,,,,0.96946938,6.373119456,,
2025/8/13 16:29,,,,,,,,,,,0.903375698,5.282357525
2025/8/13 16:29,0.8878,6.358318265,,,,,,,,,,
2025/8/13 16:29,,,0.905235,5.286044947,,,,,,,,
2025/8/13 16:29,,,,,0.885287455,6.369129687,,,,,,
2025/8/13 16:29,,,,,,,0.902820605,5.301127923,,,,
2025/8/13 16:29,,,,,,,,,0.88670281,6.371665323,,
2025/8/13 16:29,,,,,,,,,,,0.904404945,5.301618382
2025/8/13 16:29,1.07568125,6.562424083,,,,,,,,,,
2025/8/13 16:29,,,0.908053562,5.306968581,,,,,,,,
2025/8/13 16:29,,,,,1.083738136,6.518955321,,,,,,
2025/8/13 16:29,,,,,,,0.90569073,5.321710585,,,,
2025/8/13 16:29,,,,,,,,,1.078602274,6.515603969,,
2025/8/13 16:29,,,,,,,,,,,0.90722425,5.322188599
2025/8/13 16:29,1.03985,6.568197011,,,,,,,,,,
2025/8/13 16:29,,,0.910513813,5.327949945,,,,,,,,
2025/8/13 16:29,,,,,1.048877899,6.519088662,,,,,,
2025/8/13 16:29,,,,,,,0.908224387,5.342254081,,,,
2025/8/13 16:29,,,,,,,,,1.043183911,6.515941077,,
2025/8/13 16:29,,,,,,,,,,,0.90970304,5.342720361
2025/8/13 16:29,2.09830625,6.310278194,,,,,,,,,,
2025/8/13 16:29,,,0.923444875,5.346169264,,,,,,,,
2025/8/13 16:29,,,,,2.082134492,6.445219734,,,,,,
2025/8/13 16:29,,,,,,,0.920960399,5.361931995,,,,
2025/8/13 16:29,,,,,,,,,2.08771322,6.447585775,,
2025/8/13 16:29,,,,,,,,,,,0.922500866,5.362444386
2025/8/13 16:29,2.2928,6.486714743,,,,,,,,,,
2025/8/13 16:29,,,0.938959125,5.366043119,,,,,,,,
2025/8/13 16:29,,,,,2.284184511,6.563614757,,,,,,
2025/8/13 16:29,,,,,,,0.936318678,5.382809286,,,,
2025/8/13 16:29,,,,,,,,,2.287838377,6.56618283,,
2025/8/13 16:29,,,,,,,,,,,0.937906118,5.383371892
2025/8/13 16:29,2.33595625,6.524431653,,,,,,,,,,
2025/8/13 16:29,,,0.95522575,5.386242456,,,,,,,,
2025/8/13 16:29,,,,,2.328834211,6.588842347,,,,,,
2025/8/13 16:29,,,,,,,0.952426375,5.403949568,,,,
2025/8/13 16:29,,,,,,,,,2.332166595,6.591139483,,
2025/8/13 16:29,,,,,,,,,,,0.954065217,5.404566005
2025/8/13 16:29,2.46465625,6.476910496,,,,,,,,,,
2025/8/13 16:29,,,0.972886563,5.405949833,,,,,,,,
2025/8/13 16:29,,,,,2.455544177,6.56758484,,,,,,
2025/8/13 16:29,,,,,,,0.969902467,5.424880749,,,,
2025/8/13 16:29,,,,,,,,,2.459179014,6.570153211,,
2025/8/13 16:29,,,,,,,,,,,0.971596412,5.425554341
2025/8/13 16:29,2.3035,6.535961119,,,,,,,,,,
2025/8/13 16:29,,,0.989043125,5.426231211,,,,,,,,
2025/8/13 16:29,,,,,2.296935256,6.593892573,,,,,,
2025/8/13 16:29,,,,,,,0.985893879,5.44607975,,,,
2025/8/13 16:29,,,,,,,,,2.299382477,6.595944806,,
2025/8/13 16:29,,,,,,,,,,,0.987637102,5.446805261
2025/8/13 16:29,2.16155625,6.584267201,,,,,,,,,,
2025/8/13 16:29,,,1.00378025,5.44699565,,,,,,,,
2025/8/13 16:29,,,,,2.157692357,6.614384481,,,,,,
2025/8/13 16:29,,,,,,,1.000592365,5.467145361,,,,
2025/8/13 16:29,,,,,,,,,2.159365847,6.616736102,,
2025/8/13 16:29,,,,,,,,,,,1.002351594,5.467888237
2025/8/13 16:29,2.16155625,6.584267201,,,,,,,,,,
2025/8/13 16:29,,,1.018624813,5.467743826,,,,,,,,
2025/8/13 16:29,,,,,2.144371999,6.745847868,,,,,,
2025/8/13 16:29,,,,,,,1.015265085,5.489509344,,,,
2025/8/13 16:29,,,,,,,,,2.152417098,6.748419707,,
2025/8/13 16:29,,,,,,,,,,,1.017106617,5.490294515
2025/8/13 16:29,2.0398,6.622999016,,,,,,,,,,
2025/8/13 16:29,,,1.032251813,5.48887932,,,,,,,,
2025/8/13 16:29,,,,,2.024105841,6.761117068,,,,,,
2025/8/13 16:29,,,,,,,1.028786695,5.511857401,,,,
2025/8/13 16:29,,,,,,,,,2.032066217,6.763952456,,
2025/8/13 16:29,,,,,,,,,,,1.030701113,5.512649178
2025/8/13 16:29,2.1095,6.685066174,,,,,,,,,,
2025/8/13 16:29,,,1.046683375,5.510619467,,,,,,,,
2025/8/13 16:29,,,,,2.096279669,6.803174277,,,,,,
2025/8/13 16:29,,,,,,,1.04313165,5.534631177,,,,
2025/8/13 16:29,,,,,,,,,2.102777082,6.805618974,,
2025/8/13 16:29,,,,,,,,,,,1.045098317,5.535420866
2025/8/13 16:29,2.00875625,6.716025486,,,,,,,,,,
2025/8/13 16:29,,,1.0594145,5.531561513,,,,,,,,
2025/8/13 16:29,,,,,1.996969838,6.81523976,,,,,,
2025/8/13 16:29,,,,,,,1.055701855,5.556709058,,,,
2025/8/13 16:29,,,,,,,,,2.002898638,6.817884413,,
2025/8/13 16:29,,,,,,,,,,,1.057736442,5.557551864
2025/8/13 16:29,2.052725,6.754992233,,,,,,,,,,
2025/8/13 16:29,,,1.072693,5.552876215,,,,,,,,
2025/8/13 16:29,,,,,2.042483645,6.841781842,,,,,,
2025/8/13 16:29,,,,,,,1.068829081,5.579055346,,,,
2025/8/13 16:29,,,,,,,,,2.047641916,6.844607109,,
2025/8/13 16:29,,,,,,,,,,,1.070922232,5.579948207
2025/8/13 16:29,2.052725,6.754992233,,,,,,,,,,
2025/8/13 16:29,,,1.086079313,5.574174142,,,,,,,,
2025/8/13 16:29,,,,,2.033232354,6.948906693,,,,,,
2025/8/13 16:29,,,,,,,1.081965791,5.602476309,,,,
2025/8/13 16:29,,,,,,,,,2.043068243,6.951353834,,
2025/8/13 16:29,,,,,,,,,,,1.084165801,5.603416327
2025/8/13 16:29,1.962325,6.781805113,,,,,,,,,,
2025/8/13 16:29,,,1.098561625,5.595740199,,,,,,,,
2025/8/13 16:29,,,,,1.943757027,6.959014947,,,,,,
2025/8/13 16:29,,,,,,,1.094292613,5.625716185,,,,
2025/8/13 16:29,,,,,,,,,1.953211444,6.961639442,,
2025/8/13 16:29,,,,,,,,,,,1.096583876,5.626658334
2025/8/13 16:29,1.962325,6.781805113,,,,,,,,,,
2025/8/13 16:29,,,1.111259938,5.617273422,,,,,,,,
2025/8/13 16:29,,,,,1.942116136,6.986847618,,,,,,
2025/8/13 16:29,,,,,,,1.10680703,5.649242545,,,,
2025/8/13 16:29,,,,,,,,,1.952514001,6.989183162,,
2025/8/13 16:29,,,,,,,,,,,1.109200331,5.650186249
2025/8/13 16:29,1.88256875,6.804376158,,,,,,,,,,
2025/8/13 16:29,,,1.123160688,5.639032357,,,,,,,,
2025/8/13 16:29,,,,,1.863126058,6.994921438,,,,,,
2025/8/13 16:29,,,,,,,1.118588802,5.672647726,,,,
2025/8/13 16:29,,,,,,,,,1.873749224,6.997621157,,
2025/8/13 16:29,,,,,,,,,,,1.121068167,5.673589112
2025/8/13 16:29,1.88256875,6.804376158,,,,,,,,,,
2025/8/13 16:29,,,1.134048875,5.659230052,,,,,,,,
2025/8/13 16:29,,,,,1.862257361,7.01077338,,,,,,
2025/8/13 16:29,,,,,,,1.129226017,5.69507659,,,,
2025/8/13 16:29,,,,,,,,,1.872919156,7.013213367,,
2025/8/13 16:29,,,,,,,,,,,1.131822963,5.696064995
2025/8/13 16:29,1.81371875,6.823050952,,,,,,,,,,
2025/8/13 16:29,,,1.14435675,5.679596672,,,,,,,,
2025/8/13 16:29,,,,,1.794141546,7.01715496,,,,,,
2025/8/13 16:29,,,,,,,1.139284686,5.71757168,,,,
2025/8/13 16:29,,,,,,,,,1.804237304,7.019930477,,
2025/8/13 16:29,,,,,,,,,,,1.1419972,5.718615098
2025/8/13 16:29,1.93849375,6.934135994,,,,,,,,,,
2025/8/13 16:29,,,1.155912375,5.701074143,,,,,,,,
2025/8/13 16:29,,,,,1.9218512,7.093082051,,,,,,
2025/8/13 16:29,,,,,,,1.150673885,5.740638611,,,,
2025/8/13 16:29,,,,,,,,,1.931476235,7.095802251,,
2025/8/13 16:29,,,,,,,,,,,1.153483655,5.741713911
2025/8/13 16:29,1.93849375,6.934135994,,,,,,,,,,
2025/8/13 16:29,,,1.166917313,5.721731465,,,,,,,,
2025/8/13 16:29,,,,,1.919012176,7.148530199,,,,,,
2025/8/13 16:29,,,,,,,1.161420276,5.763673007,,,,
2025/8/13 16:29,,,,,,,,,1.92949708,7.150768641,,
2025/8/13 16:29,,,,,,,,,,,1.164352289,5.764798431
2025/8/13 16:29,1.926975,6.937345843,,,,,,,,,,
2025/8/13 16:29,,,1.177915375,5.742402365,,,,,,,,
2025/8/13 16:29,,,,,1.907611854,7.149698125,,,,,,
2025/8/13 16:29,,,,,,,1.172155631,5.786720347,,,,
2025/8/13 16:29,,,,,,,,,1.918206572,7.152357197,,
2025/8/13 16:29,,,,,,,,,,,1.175210244,5.787896885
2025/8/13 16:29,1.926975,6.937345843,,,,,,,,,,
2025/8/13 16:29,,,1.188603125,5.762619346,,,,,,,,
2025/8/13 16:29,,,,,1.906095256,7.193042982,,,,,,
2025/8/13 16:29,,,,,,,1.182532283,5.809884999,,,,
2025/8/13 16:29,,,,,,,,,1.916926325,7.195191228,,
2025/8/13 16:29,,,,,,,,,,,1.185722347,5.811114293
2025/8/13 16:29,1.880775,6.950013338,,,,,,,,,,
2025/8/13 16:29,,,1.198937312,5.782944193,,,,,,,,
2025/8/13 16:29,,,,,1.86022712,7.197527617,,,,,,
2025/8/13 16:29,,,,,,,1.192553473,5.833096031,,,,
2025/8/13 16:29,,,,,,,,,1.87155094,7.199859543,,
2025/8/13 16:29,,,,,,,,,,,1.195880755,5.834375916
2025/8/13 16:29,1.92593125,6.989512774,,,,,,,,,,
2025/8/13 16:29,,,1.209535375,5.80339215,,,,,,,,
2025/8/13 16:29,,,,,1.906158733,7.224567976,,,,,,
2025/8/13 16:29,,,,,,,1.202827287,5.856388324,,,,
2025/8/13 16:29,,,,,,,,,1.917449732,7.226834541,,
2025/8/13 16:29,,,,,,,,,,,1.206296541,5.85771905
2025/8/13 16:29,1.87953125,7.002132695,,,,,,,,,,
2025/8/13 16:29,,,1.219669438,5.823966305,,,,,,,,
2025/8/13 16:29,,,,,1.86020009,7.229070617,,,,,,
2025/8/13 16:29,,,,,,,1.212721916,5.879400087,,,,
2025/8/13 16:29,,,,,,,,,1.870863904,7.231553252,,
2025/8/13 16:29,,,,,,,,,,,1.216313198,5.880781466
2025/8/13 16:29,1.91588125,7.033740046,,,,,,,,,,
2025/8/13 16:29,,,1.229915,5.844494932,,,,,,,,
2025/8/13 16:29,,,,,1.897113407,7.2507172,,,,,,
2025/8/13 16:29,,,,,,,1.222706874,5.902376439,,,,
2025/8/13 16:29,,,,,,,,,1.908359745,7.253272547,,
2025/8/13 16:29,,,,,,,,,,,1.22642931,5.903807889
2025/8/13 16:29,1.9984,7.10428022,,,,,,,,,,
2025/8/13 16:29,,,1.241094313,5.865709655,,,,,,,,
2025/8/13 16:29,,,,,1.981007945,7.298928675,,,,,,
2025/8/13 16:29,,,,,,,1.233634166,5.925835605,,,,
2025/8/13 16:29,,,,,,,,,1.991755537,7.301233654,,
2025/8/13 16:29,,,,,,,,,,,1.237486073,5.927319643
2025/8/13 16:29,1.9984,7.10428022,,,,,,,,,,
2025/8/13 16:29,,,1.252083313,5.886653555,,,,,,,,
2025/8/13 16:29,,,,,1.980446347,7.314684266,,,,,,
2025/8/13 16:29,,,,,,,1.244346404,5.949263708,,,,
2025/8/13 16:29,,,,,,,,,1.99124302,7.317276817,,
2025/8/13 16:29,,,,,,,,,,,1.248334201,5.950803771
2025/8/13 16:29,2.016875,7.119846574,,,,,,,,,,
2025/8/13 16:29,,,1.263257063,5.907753119,,,,,,,,
2025/8/13 16:29,,,,,1.999248641,7.325316528,,,,,,
2025/8/13 16:29,,,,,,,1.255246665,5.972798134,,,,
2025/8/13 16:29,,,,,,,,,2.01059878,7.327851529,,
2025/8/13 16:29,,,,,,,,,,,1.259375886,5.974393646
2025/8/13 16:29,1.970275,7.132882757,,,,,,,,,,
2025/8/13 16:29,,,1.273580812,5.928443183,,,,,,,,
2025/8/13 16:29,,,,,1.95298783,7.330228376,,,,,,
2025/8/13 16:29,,,,,,,1.265263932,5.996006643,,,,
2025/8/13 16:29,,,,,,,,,1.963882007,7.332552511,,
2025/8/13 16:29,,,,,,,,,,,1.269536027,5.997658959
2025/8/13 16:29,1.9,7.151922818,,,,,,,,,,
2025/8/13 16:29,,,1.2833105,5.949303638,,,,,,,,
2025/8/13 16:29,,,,,1.88321965,7.337147252,,,,,,
2025/8/13 16:29,,,,,,,1.274687294,6.019284932,,,,
2025/8/13 16:29,,,,,,,,,1.894532053,7.339642013,,
2025/8/13 16:29,,,,,,,,,,,1.279108344,6.020989793
2025/8/13 16:29,1.9744,7.214717225,,,,,,,,,,
2025/8/13 16:29,,,1.293395688,5.970253961,,,,,,,,
2025/8/13 16:29,,,,,1.958903853,7.38016315,,,,,,
2025/8/13 16:29,,,,,,,1.284445182,6.042621018,,,,
2025/8/13 16:29,,,,,,,,,1.96968458,7.382709965,,
2025/8/13 16:29,,,,,,,,,,,1.289019789,6.044384865
2025/8/13 16:29,1.9273,7.227441782,,,,,,,,,,
2025/8/13 16:29,,,1.303118688,5.991311121,,,,,,,,
2025/8/13 16:29,,,,,1.912134923,7.384818381,,,,,,
2025/8/13 16:29,,,,,,,1.293839189,6.066003001,,,,
2025/8/13 16:29,,,,,,,,,1.922901948,7.387485153,,
2025/8/13 16:29,,,,,,,,,,,1.298565354,6.06782394
2025/8/13 16:29,1.95540625,7.250964515,,,,,,,,,,
2025/8/13 16:29,,,1.31272975,6.012067247,,,,,,,,
2025/8/13 16:29,,,,,1.940832851,7.400963103,,,,,,
2025/8/13 16:29,,,,,,,1.303095542,6.089175807,,,,
2025/8/13 16:29,,,,,,,,,1.951244753,7.403854427,,
2025/8/13 16:29,,,,,,,,,,,1.307972064,6.091059089
2025/8/13 16:29,1.13675,7.423469501,,,,,,,,,,
2025/8/13 16:29,,,1.314263188,6.034527613,,,,,,,,
2025/8/13 16:29,,,,,1.132976419,7.444669073,,,,,,
2025/8/13 16:29,,,,,,,1.304377751,6.112785598,,,,
2025/8/13 16:29,,,,,,,,,1.136637511,7.447552783,,
2025/8/13 16:29,,,,,,,,,,,1.309342139,6.114732654
2025/8/13 16:29,1.1933,7.475355183,,,,,,,,,,
2025/8/13 16:29,,,1.315897938,6.056883588,,,,,,,,
2025/8/13 16:29,,,,,1.191976857,7.482114684,,,,,,
2025/8/13 16:29,,,,,,,1.305750906,6.136338493,,,,
2025/8/13 16:29,,,,,,,,,1.193342393,7.484072925,,
2025/8/13 16:29,,,,,,,,,,,1.310786045,6.138337837
2025/8/13 16:29,1.1933,7.475355183,,,,,,,,,,
2025/8/13 16:29,,,1.317750938,6.079197139,,,,,,,,
2025/8/13 16:29,,,,,1.185341918,7.528070032,,,,,,
2025/8/13 16:29,,,,,,,1.307267345,6.160349933,,,,
2025/8/13 16:29,,,,,,,,,1.193407498,7.531775995,,
2025/8/13 16:29,,,,,,,,,,,1.312436306,6.162415868
2025/8/13 16:29,1.25984375,7.535409327,,,,,,,,,,
2025/8/13 16:29,,,1.320135625,6.101933372,,,,,,,,
2025/8/13 16:29,,,,,1.254228084,7.571030016,,,,,,
2025/8/13 16:29,,,,,,,1.30932927,6.184667628,,,,
2025/8/13 16:29,,,,,,,,,1.259467712,7.574219798,,
2025/8/13 16:29,,,,,,,,,,,1.314609063,6.186797501
2025/8/13 16:29,1.20919375,7.543702703,,,,,,,,,,
2025/8/13 16:29,,,1.322123125,6.124731436,,,,,,,,
2025/8/13 16:29,,,,,1.204506502,7.571982657,,,,,,
2025/8/13 16:29,,,,,,,1.310999067,6.208994395,,,,
2025/8/13 16:29,,,,,,,,,1.209650933,7.575241122,,
2025/8/13 16:29,,,,,,,,,,,1.316392864,6.211191955
2025/8/13 16:29,1.15834375,7.551677943,,,,,,,,,,
2025/8/13 16:29,,,1.323602125,6.147609254,,,,,,,,
2025/8/13 16:29,,,,,1.154668595,7.572779034,,,,,,
2025/8/13 16:29,,,,,,,1.312377123,6.232345946,,,,
2025/8/13 16:29,,,,,,,,,1.158710332,7.575598217,,
2025/8/13 16:29,,,,,,,,,,,1.317834058,6.234599079
2025/8/13 16:29,1.15834375,7.551677943,,,,,,,,,,
2025/8/13 16:29,,,1.325014063,6.170398141,,,,,,,,
2025/8/13 16:29,,,,,1.15145013,7.595711308,,,,,,
2025/8/13 16:29,,,,,,,1.313650032,6.25586493,,,,
2025/8/13 16:29,,,,,,,,,1.158453401,7.599100099,,
2025/8/13 16:29,,,,,,,,,,,1.319196042,6.258177501
2025/8/13 16:29,1.19664375,7.586200876,,,,,,,,,,
2025/8/13 16:29,,,1.326809,6.193532258,,,,,,,,
2025/8/13 16:29,,,,,1.191125901,7.620493284,,,,,,
2025/8/13 16:29,,,,,,,1.315356992,6.279470691,,,,
2025/8/13 16:29,,,,,,,,,1.197114603,7.623621378,,
2025/8/13 16:29,,,,,,,,,,,1.320972902,6.281836052
2025/8/13 16:29,1.14559375,7.594077624,,,,,,,,,,
2025/8/13 16:29,,,1.3278915,6.216478772,,,,,,,,
2025/8/13 16:29,,,,,1.141034919,7.621206307,,,,,,
2025/8/13 16:29,,,,,,,1.31634272,6.302897798,,,,
2025/8/13 16:29,,,,,,,,,1.145907981,7.624298801,,
2025/8/13 16:29,,,,,,,,,,,1.322024088,6.305323132
2025/8/13 16:29,1.19375,7.637267897,,,,,,,,,,
2025/8/13 16:29,,,1.329894063,6.239773235,,,,,,,,
2025/8/13 16:29,,,,,1.1910691,7.65236584,,,,,,
2025/8/13 16:29,,,,,,,1.3182483,6.326633362,,,,
2025/8/13 16:29,,,,,,,,,1.194270759,7.654925589,,
2025/8/13 16:29,,,,,,,,,,,1.323985531,6.329113964
2025/8/13 16:29,1.1425,7.645102599,,,,,,,,,,
2025/8/13 16:29,,,1.331384125,6.263146045,,,,,,,,
2025/8/13 16:29,,,,,1.140969664,7.653010481,,,,,,
2025/8/13 16:29,,,,,,,1.319690053,6.350214599,,,,
2025/8/13 16:29,,,,,,,,,1.142581403,7.655175964,,
2025/8/13 16:29,,,,,,,,,,,1.325452718,6.352742714
2025/8/13 16:29,1.1425,7.645102599,,,,,,,,,,
2025/8/13 16:29,,,1.332806625,6.286429788,,,,,,,,
2025/8/13 16:29,,,,,1.135900354,7.687275644,,,,,,
2025/8/13 16:29,,,,,,,1.321007373,6.374075792,,,,
2025/8/13 16:29,,,,,,,,,1.143314801,7.690729429,,
2025/8/13 16:29,,,,,,,,,,,1.326852061,6.376663518
2025/8/13 16:29,1.19096875,7.688302377,,,,,,,,,,
2025/8/13 16:29,,,1.334933813,6.31010461,,,,,,,,
2025/8/13 16:29,,,,,1.186103417,7.718435187,,,,,,
2025/8/13 16:29,,,,,,,1.323037022,6.398248733,,,,
2025/8/13 16:29,,,,,,,,,1.191205401,7.721527456,,
2025/8/13 16:29,,,,,,,,,,,1.328952984,6.400895386
2025/8/13 16:29,1.1524,7.694177944,,,,,,,,,,
2025/8/13 16:29,,,1.336675313,6.333838189,,,,,,,,
2025/8/13 16:29,,,,,1.148244696,7.718901282,,,,,,
2025/8/13 16:29,,,,,,,1.324738195,6.422225321,,,,
2025/8/13 16:29,,,,,,,,,1.152777077,7.721774543,,
2025/8/13 16:29,,,,,,,,,,,1.330700143,6.424881917
2025/8/13 16:29,1.18163125,7.720093755,,,,,,,,,,
2025/8/13 16:29,,,1.338573625,6.35765258,,,,,,,,
2025/8/13 16:29,,,,,1.178584776,7.737569924,,,,,,
2025/8/13 16:29,,,,,,,1.3266033,6.446224101,,,,
2025/8/13 16:29,,,,,,,,,1.182088824,7.740001098,,
2025/8/13 16:29,,,,,,,,,,,1.33259918,6.448928246
2025/8/13 16:29,1.13003125,7.727815304,,,,,,,,,,
2025/8/13 16:29,,,1.340176438,6.381503694,,,,,,,,
2025/8/13 16:29,,,,,1.128086684,7.738159419,,,,,,
2025/8/13 16:29,,,,,,,1.328173097,6.470228928,,,,
2025/8/13 16:29,,,,,,,,,1.130052427,7.740488492,,
2025/8/13 16:29,,,,,,,,,,,1.33419225,6.472976724
2025/8/13 16:29,1.13003125,7.727815304,,,,,,,,,,
2025/8/13 16:29,,,1.34177925,6.405354808,,,,,,,,
2025/8/13 16:29,,,,,1.119504451,7.811324235,,,,,,
2025/8/13 16:29,,,,,,,1.329679031,6.494884802,,,,
2025/8/13 16:29,,,,,,,,,1.131821181,7.815246938,,
2025/8/13 16:29,,,,,,,,,,,1.335817103,6.497649609
2025/8/13 16:29,1.159375,7.753802268,,,,,,,,,,
2025/8/13 16:29,,,1.343785938,6.429445865,,,,,,,,
2025/8/13 16:29,,,,,1.149424342,7.829831138,,,,,,
2025/8/13 16:29,,,,,,,1.331589285,6.519725435,,,,
2025/8/13 16:29,,,,,,,,,1.161354781,7.83380993,,
2025/8/13 16:29,,,,,,,,,,,1.337850912,6.522511956
2025/8/13 16:29,1.06859375,7.766833808,,,,,,,,,,
2025/8/13 16:29,,,1.344884812,6.453667236,,,,,,,,
2025/8/13 16:29,,,,,1.059619539,7.830095184,,,,,,
2025/8/13 16:29,,,,,,,1.332677199,6.544249238,,,,
2025/8/13 16:29,,,,,,,,,1.069879036,7.833723697,,
2025/8/13 16:29,,,,,,,,,,,1.339015311,6.547046278
2025/8/13 16:29,1.11775,7.81042476,,,,,,,,,,
2025/8/13 16:29,,,1.34633925,6.478145818,,,,,,,,
2025/8/13 16:29,,,,,1.110190986,7.861387131,,,,,,
2025/8/13 16:29,,,,,,,1.334122584,6.568961163,,,,
2025/8/13 16:29,,,,,,,,,1.118834824,7.865037367,,
2025/8/13 16:29,,,,,,,,,,,1.340522971,6.57176685
2025/8/13 16:29,1.0917,7.814108465,,,,,,,,,,
2025/8/13 16:29,,,1.34786525,6.50260209,,,,,,,,
2025/8/13 16:29,,,,,1.084512963,7.861462886,,,,,,
2025/8/13 16:29,,,,,,,1.335630033,6.593675518,,,,
2025/8/13 16:29,,,,,,,,,1.093089384,7.865071962,,
2025/8/13 16:29,,,,,,,,,,,1.342100198,6.596490945
2025/8/13 16:29,1.12134375,7.840216081,,,,,,,,,,
2025/8/13 16:29,,,1.349687687,6.527319438,,,,,,,,
2025/8/13 16:29,,,,,1.115137008,7.8803306,,,,,,
2025/8/13 16:29,,,,,,,1.337470589,6.618458107,,,,
2025/8/13 16:29,,,,,,,,,1.122262544,7.883828923,,
2025/8/13 16:29,,,,,,,,,,,1.343989626,6.621282592
2025/8/13 16:29,1.06909375,7.847511615,,,,,,,,,,
2025/8/13 16:29,,,1.350714125,6.551751909,,,,,,,,
2025/8/13 16:29,,,,,1.063748246,7.880519738,,,,,,
2025/8/13 16:29,,,,,,,1.33849926,6.642991841,,,,
2025/8/13 16:29,,,,,,,,,1.070033302,7.883752575,,
2025/8/13 16:29,,,,,,,,,,,1.345065421,6.645824257
2025/8/13 16:29,1.09885,7.873692188,,,,,,,,,,
2025/8/13 16:29,,,1.352260125,6.576406956,,,,,,,,
2025/8/13 16:29,,,,,1.094544741,7.899411063,,,,,,
2025/8/13 16:29,,,,,,,1.34004907,6.667714798,,,,
2025/8/13 16:29,,,,,,,,,1.099913229,7.902591919,,
2025/8/13 16:29,,,,,,,,,,,1.346649075,6.67055065
2025/8/13 16:29,1.0464,7.880834159,,,,,,,,,,
2025/8/13 16:29,,,1.353281625,6.601133423,,,,,,,,
2025/8/13 16:29,,,,,1.043085332,7.899499729,,,,,,
2025/8/13 16:29,,,,,,,1.341102278,6.692358464,,,,
2025/8/13 16:29,,,,,,,,,1.046838243,7.902066749,,
2025/8/13 16:29,,,,,,,,,,,1.347712912,6.695192685
2025/8/13 16:29,1.0464,7.880834159,,,,,,,,,,
2025/8/13 16:29,,,1.354525625,6.625821513,,,,,,,,
2025/8/13 16:29,,,,,1.03606477,7.976983166,,,,,,
2025/8/13 16:29,,,,,,,1.342299092,6.717779565,,,,
2025/8/13 16:29,,,,,,,,,1.049580246,7.980806403,,
2025/8/13 16:29,,,,,,,,,,,1.349026838,6.720626918
2025/8/13 16:29,1.10625,7.933240885,,,,,,,,,,
2025/8/13 16:29,,,1.356368125,6.651033671,,,,,,,,
2025/8/13 16:29,,,,,1.09624876,8.014239685,,,,,,
2025/8/13 16:29,,,,,,,1.344158066,6.743291373,,,,
2025/8/13 16:29,,,,,,,,,1.108658408,8.018268707,,
2025/8/13 16:29,,,,,,,,,,,1.350971022,6.746149424
2025/8/13 16:29,1.0536,7.940404715,,,,,,,,,,
2025/8/13 16:29,,,1.357477687,6.676048544,,,,,,,,
2025/8/13 16:29,,,,,1.044041991,8.014184519,,,,,,
2025/8/13 16:29,,,,,,,1.345270893,6.76861402,,,,
2025/8/13 16:29,,,,,,,,,1.056615457,8.01822377,,
2025/8/13 16:29,,,,,,,,,,,1.352172454,6.771483415
2025/8/13 16:29,1.0536,7.940404715,,,,,,,,,,
2025/8/13 16:29,,,1.35858725,6.701063416,,,,,,,,
2025/8/13 16:29,,,,,1.04346795,8.029952381,,,,,,
2025/8/13 16:29,,,,,,,1.346426634,6.793852619,,,,
2025/8/13 16:29,,,,,,,,,1.056775998,8.033820342,,
2025/8/13 16:29,,,,,,,,,,,1.353409275,6.796725492
2025/8/13 16:29,1.0272,7.94386305,,,,,,,,,,
2025/8/13 16:29,,,1.35922525,6.725844604,,,,,,,,
2025/8/13 16:29,,,,,1.017150005,8.029771524,,,,,,
2025/8/13 16:29,,,,,,,1.347094726,6.818902171,,,,
2025/8/13 16:29,,,,,,,,,1.030514791,8.033787851,,
2025/8/13 16:29,,,,,,,,,,,1.354162562,6.821784325
2025/8/13 16:29,1.0272,7.94386305,,,,,,,,,,
2025/8/13 16:29,,,1.35986325,6.750625792,,,,,,,,
2025/8/13 16:29,,,,,1.018242788,8.073201333,,,,,,
2025/8/13 16:29,,,,,,,1.347812122,6.844183357,,,,
2025/8/13 16:29,,,,,,,,,1.03176307,8.076828227,,
2025/8/13 16:29,,,,,,,,,,,1.354957806,6.847064766
2025/8/13 16:29,1.01398125,7.945561152,,,,,,,,,,
2025/8/13 16:29,,,1.360090562,6.775067293,,,,,,,,
2025/8/13 16:29,,,,,1.005042061,8.073111025,,,,,,
2025/8/13 16:29,,,,,,,1.348097112,6.869214954,,,,
2025/8/13 16:29,,,,,,,,,1.018861387,8.077064132,,
2025/8/13 16:29,,,,,,,,,,,1.355324734,6.872102484
2025/8/13 16:29,1.01398125,7.945561152,,,,,,,,,,
2025/8/13 16:29,,,1.360317875,6.799508794,,,,,,,,
2025/8/13 16:29,,,,,1.005411426,8.080981704,,,,,,
2025/8/13 16:29,,,,,,,1.348401036,6.89424464,,,,
2025/8/13 16:29,,,,,,,,,1.019512042,8.084921658,,
2025/8/13 16:29,,,,,,,,,,,1.355709028,6.897139804
2025/8/13 16:29,1.01398125,7.945561152,,,,,,,,,,
2025/8/13 16:29,,,1.360264687,6.823594804,,,,,,,,
2025/8/13 16:29,,,,,1.006100018,8.096686998,,,,,,
2025/8/13 16:29,,,,,,,1.348409208,6.919182693,,,,
2025/8/13 16:29,,,,,,,,,1.020349194,8.100780629,,
2025/8/13 16:29,,,,,,,,,,,1.355805156,6.922087249
2025/8/13 16:29,0.93440625,7.955311745,,,,,,,,,,
2025/8/13 16:29,,,1.35941575,6.847778321,,,,,,,,
2025/8/13 16:29,,,,,0.926641096,8.095788638,,,,,,
2025/8/13 16:29,,,,,,,1.347637937,6.944031231,,,,
2025/8/13 16:29,,,,,,,,,0.94079908,8.099684854,,
2025/8/13 16:29,,,,,,,,,,,1.355116561,6.946941049
2025/8/13 16:29,1.09620625,8.096124496,,,,,,,,,,
2025/8/13 16:29,,,1.359902313,6.873015658,,,,,,,,
2025/8/13 16:29,,,,,1.086529179,8.196225232,,,,,,
2025/8/13 16:29,,,,,,,1.348161141,6.969636345,,,,
2025/8/13 16:29,,,,,,,,,1.100789121,8.200081732,,
2025/8/13 16:29,,,,,,,,,,,1.355736353,6.97255319
2025/8/13 16:29,1.168,8.156799372,,,,,,,,,,
2025/8/13 16:29,,,1.361106813,6.898859744,,,,,,,,
2025/8/13 16:29,,,,,1.158426791,8.239386175,,,,,,
2025/8/13 16:29,,,,,,,1.349440046,6.995471132,,,,
2025/8/13 16:29,,,,,,,,,1.171616465,8.24351587,,
2025/8/13 16:29,,,,,,,,,,,1.357086646,6.998393239
2025/8/13 16:29,1.168,8.156799372,,,,,,,,,,
2025/8/13 16:29,,,1.362026813,6.924350715,,,,,,,,
2025/8/13 16:29,,,,,1.158213899,8.255106224,,,,,,
2025/8/13 16:29,,,,,,,1.350411474,7.021217571,,,,
2025/8/13 16:29,,,,,,,,,1.172689834,8.259044525,,
2025/8/13 16:29,,,,,,,,,,,1.358144653,7.024146816
2025/8/13 16:29,1.07459375,8.169629629,,,,,,,,,,
2025/8/13 16:29,,,1.36201275,6.94996999,,,,,,,,
2025/8/13 16:29,,,,,1.064999907,8.255254092,,,,,,
2025/8/13 16:29,,,,,,,1.35046476,7.046883911,,,,
2025/8/13 16:29,,,,,,,,,1.079006534,8.259585463,,
2025/8/13 16:29,,,,,,,,,,,1.358278725,7.049825802
2025/8/13 16:29,1.07459375,8.169629629,,,,,,,,,,
2025/8/13 16:29,,,1.362669188,6.975464756,,,,,,,,
2025/8/13 16:29,,,,,1.065758559,8.282862632,,,,,,
2025/8/13 16:29,,,,,,,1.351176011,7.07282502,,,,
2025/8/13 16:29,,,,,,,,,1.080156074,8.286770581,,
2025/8/13 16:29,,,,,,,,,,,1.359080428,7.075775026
2025/8/13 16:29,1.07459375,8.169629629,,,,,,,,,,
2025/8/13 16:29,,,1.363325625,7.000959522,,,,,,,,
2025/8/13 16:29,,,,,1.066537139,8.298541815,,,,,,
2025/8/13 16:29,,,,,,,1.351916696,7.098801816,,,,
2025/8/13 16:29,,,,,,,,,1.081334088,8.302259997,,
2025/8/13 16:29,,,,,,,,,,,1.359908144,7.101756461
2025/8/13 16:29,1.07459375,8.169629629,,,,,,,,,,
2025/8/13 16:29,,,1.363551562,7.025922939,,,,,,,,
2025/8/13 16:29,,,,,1.066965097,8.306373019,,,,,,
2025/8/13 16:29,,,,,,,1.352199803,7.124485743,,,,
2025/8/13 16:29,,,,,,,,,1.081308814,8.310054207,,
2025/8/13 16:29,,,,,,,,,,,1.360280201,7.127443719
2025/8/13 16:29,1.85534375,8.028405793,,,,,,,,,,
2025/8/13 16:29,,,1.371585,7.049474117,,,,,,,,
2025/8/13 16:29,,,,,1.845377653,8.274922798,,,,,,
2025/8/13 16:29,,,,,,,1.360281195,7.14977399,,,,
2025/8/13 16:29,,,,,,,,,1.858959558,8.277602203,,
2025/8/13 16:29,,,,,,,,,,,1.368445882,7.152729387
2025/8/13 16:29,1.85534375,8.028405793,,,,,,,,,,
2025/8/13 16:29,,,1.379618437,7.073025296,,,,,,,,
2025/8/13 16:29,,,,,1.845944066,8.301809172,,,,,,
2025/8/13 16:29,,,,,,,1.368382417,7.175250637,,,,
2025/8/13 16:29,,,,,,,,,1.859434966,8.304336644,,
2025/8/13 16:29,,,,,,,,,,,1.376621563,7.178198043
2025/8/13 16:29,2.01125,8.145365151,,,,,,,,,,
2025/8/13 16:29,,,1.390111937,7.097586375,,,,,,,,
2025/8/13 16:29,,,,,2.001186217,8.382928146,,,,,,
2025/8/13 16:29,,,,,,,1.378910426,7.201540541,,,,
2025/8/13 16:29,,,,,,,,,2.014698992,8.385402339,,
2025/8/13 16:29,,,,,,,,,,,1.387227276,7.204476583
2025/8/13 16:29,2.01125,8.145365151,,,,,,,,,,
2025/8/13 16:29,,,1.400605437,7.122147453,,,,,,,,
2025/8/13 16:29,,,,,2.001285236,8.390574387,,,,,,
2025/8/13 16:29,,,,,,,1.389454061,7.227826889,,,,
2025/8/13 16:29,,,,,,,,,2.015047655,8.393134151,,
2025/8/13 16:29,,,,,,,,,,,1.397846504,7.230755157
2025/8/13 16:29,1.94790625,8.16074514,,,,,,,,,,
2025/8/13 16:29,,,1.410805437,7.146805901,,,,,,,,
2025/8/13 16:29,,,,,1.938207497,8.396479204,,,,,,
2025/8/13 16:29,,,,,,,1.399696667,7.254175607,,,,
2025/8/13 16:29,,,,,,,,,1.952431006,8.399176849,,
2025/8/13 16:29,,,,,,,,,,,1.408175203,7.257095579
2025/8/13 16:29,1.94790625,8.16074514,,,,,,,,,,
2025/8/13 16:29,,,1.421005437,7.171464349,,,,,,,,
2025/8/13 16:29,,,,,1.938710021,8.415637686,,,,,,
2025/8/13 16:29,,,,,,,1.409958361,7.280635048,,,,
2025/8/13 16:29,,,,,,,,,1.952877701,8.418314409,,
2025/8/13 16:29,,,,,,,,,,,1.418509144,7.283545072
2025/8/13 16:29,1.88425,8.17567746,,,,,,,,,,
2025/8/13 16:29,,,1.431023875,7.196199848,,,,,,,,
2025/8/13 16:29,,,,,1.875327861,8.421158562,,,,,,
2025/8/13 16:29,,,,,,,1.420028382,7.30715781,,,,
2025/8/13 16:29,,,,,,,,,1.889587417,8.424017293,,
2025/8/13 16:29,,,,,,,,,,,1.428660448,7.31005915
2025/8/13 16:29,1.88425,8.17567746,,,,,,,,,,
2025/8/13 16:29,,,1.441042312,7.220935346,,,,,,,,
2025/8/13 16:29,,,,,1.875652028,8.432655131,,,,,,
2025/8/13 16:29,,,,,,,1.430129289,7.333633876,,,,
2025/8/13 16:29,,,,,,,,,1.889962335,8.435298269,,
2025/8/13 16:29,,,,,,,,,,,1.438830342,7.336522507
2025/8/13 16:29,1.82028125,8.190157274,,,,,,,,,,
2025/8/13 16:29,,,1.450421062,7.245815643,,,,,,,,
2025/8/13 16:29,,,,,1.811969054,8.437785085,,,,,,
2025/8/13 16:29,,,,,,,1.439618943,7.359999221,,,,
2025/8/13 16:29,,,,,,,,,1.826685292,8.440727652,,
2025/8/13 16:29,,,,,,,,,,,1.448385958,7.362881841
2025/8/13 16:29,1.82028125,8.190157274,,,,,,,,,,
2025/8/13 16:29,,,1.459799812,7.27069594,,,,,,,,
2025/8/13 16:29,,,,,1.812137323,8.445441083,,,,,,
2025/8/13 16:29,,,,,,,1.449132337,7.386277757,,,,
2025/8/13 16:29,,,,,,,,,1.825925492,8.448072162,,
2025/8/13 16:29,,,,,,,,,,,1.457945606,7.389151463
2025/8/13 16:29,2.01108125,8.330693381,,,,,,,,,,
2025/8/13 16:29,,,1.471086562,7.296981598,,,,,,,,
2025/8/13 16:29,,,,,2.00168633,8.543212897,,,,,,
2025/8/13 16:29,,,,,,,1.460561243,7.413370944,,,,
2025/8/13 16:29,,,,,,,,,2.01593779,8.545863125,,
2025/8/13 16:29,,,,,,,,,,,1.469426314,7.41623733
2025/8/13 16:29,2.01108125,8.330693381,,,,,,,,,,
2025/8/13 16:29,,,1.482373312,7.323267255,,,,,,,,
2025/8/13 16:29,,,,,2.002291286,8.566124523,,,,,,
2025/8/13 16:29,,,,,,,1.47201448,7.44053039,,,,
2025/8/13 16:29,,,,,,,,,2.016212582,8.568514153,,
2025/8/13 16:29,,,,,,,,,,,1.480924167,7.443383876
2025/8/13 16:29,1.9468,8.345949303,,,,,,,,,,
2025/8/13 16:29,,,1.49301725,7.349705472,,,,,,,,
2025/8/13 16:29,,,,,1.938255446,8.571996399,,,,,,
2025/8/13 16:29,,,,,,,1.482843244,7.467585422,,,,
2025/8/13 16:29,,,,,,,,,1.952843354,8.574498596,,
2025/8/13 16:29,,,,,,,,,,,1.491809206,7.470429698
2025/8/13 16:29,2.05455,8.42304721,,,,,,,,,,
2025/8/13 16:29,,,1.502518687,7.374249106,,,,,,,,
2025/8/13 16:29,,,,,2.045287808,8.625578424,,,,,,
2025/8/13 16:29,,,,,,,1.492406998,7.493317305,,,,
2025/8/13 16:29,,,,,,,,,2.05963872,8.627952211,,
2025/8/13 16:29,,,,,,,,,,,1.50144322,7.496149266
2025/8/13 16:29,2.05455,8.42304721,,,,,,,,,,
2025/8/13 16:29,,,1.512020125,7.39879274,,,,,,,,
2025/8/13 16:29,,,,,2.045455561,8.633201254,,,,,,
2025/8/13 16:29,,,,,,,1.502007031,7.518883381,,,,
2025/8/13 16:29,,,,,,,,,2.059794197,8.635590903,,
2025/8/13 16:29,,,,,,,,,,,1.511105694,7.521703869
2025/8/13 16:29,1.977,8.441585811,,,,,,,,,,
2025/8/13 16:29,,,1.523635125,7.423058901,,,,,,,,
2025/8/13 16:29,,,,,1.96810836,8.640470178,,,,,,
2025/8/13 16:29,,,,,,,1.513653012,7.544552507,,,,
2025/8/13 16:29,,,,,,,,,1.982935599,8.642988152,,
2025/8/13 16:29,,,,,,,,,,,1.522835038,7.54736041
2025/8/13 16:29,2.09696875,8.52590887,,,,,,,,,,
2025/8/13 16:29,,,1.536919312,7.448106504,,,,,,,,
2025/8/13 16:29,,,,,2.087277392,8.699028168,,,,,,
2025/8/13 16:29,,,,,,,1.526947728,7.570822071,,,,
2025/8/13 16:29,,,,,,,,,2.101698528,8.701805068,,
2025/8/13 16:29,,,,,,,,,,,1.5362115,7.573618503
2025/8/13 16:29,2.09696875,8.52590887,,,,,,,,,,
2025/8/13 16:29,,,1.5502035,7.473154106,,,,,,,,
2025/8/13 16:29,,,,,2.087456798,8.706678775,,,,,,
2025/8/13 16:29,,,,,,,1.54028935,7.59688759,,,,
2025/8/13 16:29,,,,,,,,,2.102037065,8.709428253,,
2025/8/13 16:29,,,,,,,,,,,1.549611529,7.59967283
2025/8/13 16:29,2.19625,8.593799273,,,,,,,,,,
2025/8/13 16:29,,,1.564952,7.498822304,,,,,,,,
2025/8/13 16:29,,,,,2.186406013,8.753571377,,,,,,
2025/8/13 16:29,,,,,,,1.55508123,7.623440568,,,,
2025/8/13 16:29,,,,,,,,,2.200860737,8.756369262,,
2025/8/13 16:29,,,,,,,,,,,1.564463995,7.626214688
2025/8/13 16:29,2.19625,8.593799273,,,,,,,,,,
2025/8/13 16:29,,,1.579937,7.524462664,,,,,,,,
2025/8/13 16:29,,,,,2.186426713,8.761227057,,,,,,
2025/8/13 16:29,,,,,,,1.570104256,7.650080411,,,,
2025/8/13 16:29,,,,,,,,,2.200970308,8.763979095,,
2025/8/13 16:29,,,,,,,,,,,1.579554167,7.652841746
2025/8/13 16:29,2.1703,8.600389405,,,,,,,,,,
2025/8/13 16:29,,,1.591930312,7.547005058,,,,,,,,
2025/8/13 16:29,,,,,2.160495509,8.764018886,,,,,,
2025/8/13 16:29,,,,,,,1.581958831,7.67444758,,,,
2025/8/13 16:29,,,,,,,,,2.174799022,8.766580118,,
2025/8/13 16:29,,,,,,,,,,,1.591579559,7.67726125
2025/8/13 16:29,2.2818,8.674922983,,,,,,,,,,
2025/8/13 16:29,,,1.605038625,7.570292788,,,,,,,,
2025/8/13 16:29,,,,,2.272573415,8.815444885,,,,,,
2025/8/13 16:29,,,,,,,1.595025165,7.698902089,,,,
2025/8/13 16:29,,,,,,,,,2.285320595,8.818185094,,
2025/8/13 16:29,,,,,,,,,,,1.604738072,7.701711906
2025/8/13 16:29,2.2818,8.674922983,,,,,,,,,,
2025/8/13 16:29,,,1.618978625,7.593458835,,,,,,,,
2025/8/13 16:29,,,,,2.272229441,8.830689292,,,,,,
2025/8/13 16:29,,,,,,,1.608894585,7.723517685,,,,
2025/8/13 16:29,,,,,,,,,2.286251417,8.833302104,,
2025/8/13 16:29,,,,,,,,,,,1.618733558,7.726328274
2025/8/13 16:29,2.21670625,8.691784247,,,,,,,,,,
2025/8/13 16:29,,,1.630388875,7.614752437,,,,,,,,
2025/8/13 16:29,,,,,2.207257716,8.83805943,,,,,,
2025/8/13 16:29,,,,,,,1.620129781,7.746708726,,,,
2025/8/13 16:29,,,,,,,,,2.220938524,8.840784676,,
2025/8/13 16:29,,,,,,,,,,,1.63015692,7.749580081
2025/8/13 16:29,2.28420625,8.736320839,,,,,,,,,,
2025/8/13 16:29,,,1.642832437,7.636433675,,,,,,,,
2025/8/13 16:29,,,,,2.275363732,8.868841301,,,,,,
2025/8/13 16:29,,,,,,,1.632394639,7.770206252,,,,
2025/8/13 16:29,,,,,,,,,2.287785703,8.871426149,,
2025/8/13 16:29,,,,,,,,,,,1.642602938,7.773134932
2025/8/13 16:29,2.28420625,8.736320839,,,,,,,,,,
2025/8/13 16:29,,,1.644691437,7.660694101,,,,,,,,
2025/8/13 16:29,,,,,2.274896531,8.884029579,,,,,,
2025/8/13 16:29,,,,,,,1.634322259,7.794594351,,,,
2025/8/13 16:29,,,,,,,,,2.2883642,8.886714068,,
2025/8/13 16:29,,,,,,,,,,,1.644609448,7.797526215
2025/8/13 16:29,2.318125,8.758418606,,,,,,,,,,
2025/8/13 16:29,,,1.644944687,7.68341114,,,,,,,,
2025/8/13 16:29,,,,,2.309107238,8.899265602,,,,,,
2025/8/13 16:29,,,,,,,1.634571487,7.817950859,,,,
2025/8/13 16:29,,,,,,,,,2.322110275,8.901907451,,
2025/8/13 16:29,,,,,,,,,,,1.644952167,7.820883461
2025/8/13 16:29,2.318125,8.758418606,,,,,,,,,,
2025/8/13 16:29,,,1.644766375,7.70575101,,,,,,,,
2025/8/13 16:29,,,,,2.308740402,8.91830566,,,,,,
2025/8/13 16:29,,,,,,,1.634370548,7.841245492,,,,
2025/8/13 16:29,,,,,,,,,2.322764893,8.921028053,,
2025/8/13 16:29,,,,,,,,,,,1.64485815,7.844182347
2025/8/13 16:29,2.27891875,8.76870169,,,,,,,,,,
2025/8/13 16:29,,,1.642909,7.728668922,,,,,,,,
2025/8/13 16:29,,,,,2.269600891,8.922903454,,,,,,
2025/8/13 16:29,,,,,,,1.632511116,7.864798678,,,,
2025/8/13 16:29,,,,,,,,,2.283647163,8.925440247,,
2025/8/13 16:29,,,,,,,,,,,1.643102831,7.867735217
2025/8/13 16:29,2.31295,8.790811242,,,,,,,,,,
2025/8/13 16:29,,,1.6430035,7.751217423,,,,,,,,
2025/8/13 16:29,,,,,2.303812099,8.938119402,,,,,,
2025/8/13 16:29,,,,,,,1.632579884,7.888240947,,,,
2025/8/13 16:29,,,,,,,,,2.317345869,8.940756058,,
2025/8/13 16:29,,,,,,,,,,,1.643282465,7.89118333
2025/8/13 16:29,2.31295,8.790811242,,,,,,,,,,
2025/8/13 16:29,,,1.644517438,7.773282863,,,,,,,,
2025/8/13 16:29,,,,,2.303630191,8.953362318,,,,,,
2025/8/13 16:29,,,,,,,1.634039262,7.911630725,,,,
2025/8/13 16:29,,,,,,,,,2.318260003,8.956239287,,
2025/8/13 16:29,,,,,,,,,,,1.644871407,7.914578362
2025/8/13 16:29,2.3357,8.805487239,,,,,,,,,,
2025/8/13 16:29,,,1.646258875,7.795495064,,,,,,,,
2025/8/13 16:29,,,,,2.326421585,8.963428313,,,,,,
2025/8/13 16:29,,,,,,,1.635859758,7.93380653,,,,
2025/8/13 16:29,,,,,,,,,2.340852702,8.966106685,,
2025/8/13 16:29,,,,,,,,,,,1.646755763,7.936755231
2025/8/13 16:29,2.3357,8.805487239,,,,,,,,,,
2025/8/13 16:29,,,1.649217875,7.817319946,,,,,,,,
2025/8/13 16:29,,,,,2.32640651,8.978678495,,,,,,
2025/8/13 16:29,,,,,,,1.638882765,7.955982144,,,,
2025/8/13 16:29,,,,,,,,,2.340720753,8.981205751,,
2025/8/13 16:29,,,,,,,,,,,1.649842308,7.958927764
2025/8/13 16:29,2.36991875,8.827405345,,,,,,,,,,
2025/8/13 16:29,,,1.651822063,7.838743337,,,,,,,,
2025/8/13 16:29,,,,,2.36065609,8.993713337,,,,,,
2025/8/13 16:29,,,,,,,1.641526529,7.977887534,,,,
2025/8/13 16:29,,,,,,,,,2.374367259,8.99604957,,
2025/8/13 16:29,,,,,,,,,,,1.65255821,7.98083207
2025/8/13 16:29,2.3306,8.837867596,,,,,,,,,,
2025/8/13 16:29,,,1.6550405,7.859961759,,,,,,,,
2025/8/13 16:29,,,,,2.321381297,8.998485923,,,,,,
2025/8/13 16:29,,,,,,,1.644770644,7.999719996,,,,
2025/8/13 16:29,,,,,,,,,2.335583056,9.000973394,,
2025/8/13 16:29,,,,,,,,,,,1.655885054,8.00266296
2025/8/13 16:29,2.399375,8.881610192,,,,,,,,,,
2025/8/13 16:29,,,1.658507,7.881227938,,,,,,,,
2025/8/13 16:29,,,,,2.39066311,9.028609624,,,,,,
2025/8/13 16:29,,,,,,,1.648252438,8.021588274,,,,
2025/8/13 16:29,,,,,,,,,2.403929878,9.031207992,,
2025/8/13 16:29,,,,,,,,,,,1.659447934,8.024528969
2025/8/13 16:29,2.2675,8.916189979,,,,,,,,,,
2025/8/13 16:29,,,1.66065475,7.902839916,,,,,,,,
2025/8/13 16:29,,,,,2.259049708,9.044273252,,,,,,
2025/8/13 16:29,,,,,,,1.650510612,8.042541939,,,,
2025/8/13 16:29,,,,,,,,,2.272354248,9.047198457,,
2025/8/13 16:29,,,,,,,,,,,1.661740794,8.045487415
2025/8/13 16:29,2.336725,8.960318983,,,,,,,,,,
2025/8/13 16:29,,,1.66439875,7.924625054,,,,,,,,
2025/8/13 16:29,,,,,2.329072508,9.074873554,,,,,,
2025/8/13 16:29,,,,,,,1.654363767,8.063700526,,,,
2025/8/13 16:29,,,,,,,,,2.341137939,9.077732134,,
2025/8/13 16:29,,,,,,,,,,,1.665620059,8.066648342
2025/8/13 16:29,2.21696875,8.990697946,,,,,,,,,,
2025/8/13 16:29,,,1.666945188,7.946713983,,,,,,,,
2025/8/13 16:29,,,,,2.209766025,9.088361508,,,,,,
2025/8/13 16:29,,,,,,,1.657040266,8.084715664,,,,
2025/8/13 16:29,,,,,,,,,2.221242477,9.091313591,,
2025/8/13 16:29,,,,,,,,,,,1.668307343,8.087669646
2025/8/13 16:29,2.21696875,8.990697946,,,,,,,,,,
2025/8/13 16:29,,,1.670289188,7.968577201,,,,,,,,
2025/8/13 16:29,,,,,2.208931459,9.107236277,,,,,,
2025/8/13 16:29,,,,,,,1.66049832,8.105838813,,,,
2025/8/13 16:29,,,,,,,,,2.222128049,9.110146262,,
2025/8/13 16:29,,,,,,,,,,,1.671791132,8.108794897
2025/8/13 16:29,2.13656875,9.010142839,,,,,,,,,,
2025/8/13 16:29,,,1.672829188,7.990634867,,,,,,,,
2025/8/13 16:29,,,,,2.128797346,9.115481232,,,,,,
2025/8/13 16:29,,,,,,,1.663163719,8.126885891,,,,
2025/8/13 16:29,,,,,,,,,2.14157473,9.118581214,,
2025/8/13 16:29,,,,,,,,,,,1.674477687,8.129848576
2025/8/13 16:29,2.13656875,9.010142839,,,,,,,,,,
2025/8/13 16:29,,,1.676057688,8.012505786,,,,,,,,
2025/8/13 16:29,,,,,2.128101061,9.134390268,,,,,,
2025/8/13 16:29,,,,,,,1.666503315,8.148058244,,,,
2025/8/13 16:29,,,,,,,,,2.141777722,9.137039243,,
2025/8/13 16:29,,,,,,,,,,,1.677853092,8.151019664
2025/8/13 16:29,2.02866875,9.035048594,,,,,,,,,,
2025/8/13 16:29,,,1.676959438,8.033514912,,,,,,,,
2025/8/13 16:29,,,,,2.020447272,9.144410493,,,,,,
2025/8/13 16:29,,,,,,,1.667489275,8.168571529,,,,
2025/8/13 16:29,,,,,,,,,2.033934672,9.147638971,,
2025/8/13 16:29,,,,,,,,,,,1.678877676,8.171538031
2025/8/13 16:29,2.02866875,9.035048594,,,,,,,,,,
2025/8/13 16:29,,,1.677861188,8.054524038,,,,,,,,
2025/8/13 16:29,,,,,2.020039246,9.159602326,,,,,,
2025/8/13 16:29,,,,,,,1.668499546,8.18868225,,,,
2025/8/13 16:29,,,,,,,,,2.034786568,9.162611943,,
2025/8/13 16:29,,,,,,,,,,,1.679930571,8.191656464
2025/8/13 16:29,1.9336,9.055870529,,,,,,,,,,
2025/8/13 16:29,,,1.677927438,8.075709285,,,,,,,,
2025/8/13 16:29,,,,,1.925212041,9.167535896,,,,,,
2025/8/13 16:29,,,,,,,1.668675548,8.208860628,,,,
2025/8/13 16:29,,,,,,,,,1.939970659,9.170925321,,
2025/8/13 16:29,,,,,,,,,,,1.680148212,8.211842145
2025/8/13 16:29,1.007125,9.205069214,,,,,,,,,,
2025/8/13 16:29,,,1.668728938,8.098386519,,,,,,,,
2025/8/13 16:29,,,,,1.007271371,9.20435759,,,,,,
2025/8/13 16:29,,,,,,,1.659687309,8.228973774,,,,
2025/8/13 16:29,,,,,,,,,1.006389761,9.202260602,,
2025/8/13 16:29,,,,,,,,,,,1.671042846,8.231912839
2025/8/13 16:29,1.08845625,9.266291761,,,,,,,,,,
2025/8/13 16:29,,,1.66080575,8.121549303,,,,,,,,
2025/8/13 16:29,,,,,1.09106486,9.24971946,,,,,,
2025/8/13 16:29,,,,,,,1.651995686,8.249495692,,,,
2025/8/13 16:29,,,,,,,,,1.086169613,9.24679772,,
2025/8/13 16:29,,,,,,,,,,,1.663189033,8.252382221
2025/8/13 16:29,1.04505,9.271287424,,,,,,,,,,
2025/8/13 16:29,,,1.651996938,8.14436705,,,,,,,,
2025/8/13 16:29,,,,,1.048360686,9.249667466,,,,,,
2025/8/13 16:29,,,,,,,1.643417706,8.269746687,,,,
2025/8/13 16:29,,,,,,,,,1.042091895,9.24611537,,
2025/8/13 16:29,,,,,,,,,,,1.654435454,8.272575029
2025/8/13 16:29,1.04505,9.271287424,,,,,,,,,,
2025/8/13 16:29,,,1.643652125,8.167058597,,,,,,,,
2025/8/13 16:29,,,,,1.043157334,9.282607837,,,,,,
2025/8/13 16:29,,,,,,,1.635247278,8.290282059,,,,
2025/8/13 16:29,,,,,,,,,1.046510559,9.285086655,,
2025/8/13 16:29,,,,,,,,,,,1.646191921,8.293110363
2025/8/13 16:29,0.97245625,9.279182552,,,,,,,,,,
2025/8/13 16:29,,,1.634217875,8.189513022,,,,,,,,
2025/8/13 16:29,,,,,0.971862803,9.282248393,,,,,,
2025/8/13 16:29,,,,,,,1.625994772,8.310597371,,,,
2025/8/13 16:29,,,,,,,,,0.973483156,9.284637236,,
2025/8/13 16:29,,,,,,,,,,,1.636843155,8.31342401
2025/8/13 16:29,0.97245625,9.279182552,,,,,,,,,,
2025/8/13 16:29,,,1.623958438,8.211262045,,,,,,,,
2025/8/13 16:29,,,,,0.968632629,9.304261114,,,,,,
2025/8/13 16:29,,,,,,,1.615871019,8.330650696,,,,
2025/8/13 16:29,,,,,,,,,0.975251483,9.307798357,,
2025/8/13 16:29,,,,,,,,,,,1.626678115,8.333489657
2025/8/13 16:29,0.88493125,9.287938236,,,,,,,,,,
2025/8/13 16:29,,,1.61282375,8.233098625,,,,,,,,
2025/8/13 16:29,,,,,0.88237638,9.303072285,,,,,,
2025/8/13 16:29,,,,,,,1.60489032,8.350534576,,,,
2025/8/13 16:29,,,,,,,,,0.88731802,9.306086963,,
2025/8/13 16:29,,,,,,,,,,,1.615638865,8.353377758
2025/8/13 16:29,0.88493125,9.287938236,,,,,,,,,,
2025/8/13 16:29,,,1.601504313,8.254779542,,,,,,,,
2025/8/13 16:29,,,,,0.879549071,9.325302401,,,,,,
2025/8/13 16:29,,,,,,,1.593693324,8.370534435,,,,
2025/8/13 16:29,,,,,,,,,0.890020376,9.329311401,,
2025/8/13 16:29,,,,,,,,,,,1.604433081,8.373392357
2025/8/13 16:29,0.81165,9.294628786,,,,,,,,,,
2025/8/13 16:29,,,1.589918063,8.276397002,,,,,,,,
2025/8/13 16:29,,,,,0.80714059,9.323629106,,,,,,
2025/8/13 16:29,,,,,,,1.582234851,8.390468442,,,,
2025/8/13 16:29,,,,,,,,,0.816056748,9.327460544,,
2025/8/13 16:29,,,,,,,,,,,1.592954828,8.393341437
2025/8/13 16:29,0.81165,9.294628786,,,,,,,,,,
2025/8/13 16:29,,,1.579034563,8.297824062,,,,,,,,
2025/8/13 16:29,,,,,0.805099973,9.342363203,,,,,,
2025/8/13 16:29,,,,,,,1.571453655,8.410520601,,,,
2025/8/13 16:29,,,,,,,,,0.818499282,9.347065297,,
2025/8/13 16:29,,,,,,,,,,,1.5821945,8.41341567
2025/8/13 16:29,0.78225,9.297149291,,,,,,,,,,
2025/8/13 16:29,,,1.567113063,8.318648383,,,,,,,,
2025/8/13 16:29,,,,,0.775985179,9.341544364,,,,,,
2025/8/13 16:29,,,,,,,1.559624468,8.430134414,,,,
2025/8/13 16:29,,,,,,,,,0.788226523,9.346045504,,
2025/8/13 16:29,,,,,,,,,,,1.57037992,8.433049025
2025/8/13 16:29,0.78225,9.297149291,,,,,,,,,,
2025/8/13 16:29,,,1.555662563,8.339345458,,,,,,,,
2025/8/13 16:29,,,,,0.774689823,9.360651951,,,,,,
2025/8/13 16:29,,,,,,,1.548250017,8.449892749,,,,
2025/8/13 16:29,,,,,,,,,0.790743308,9.365530471,,
2025/8/13 16:29,,,,,,,,,,,1.559058333,8.452829479
2025/8/13 16:29,0.70853125,9.303057748,,,,,,,,,,
2025/8/13 16:29,,,1.543193813,8.35986639,,,,,,,,
2025/8/13 16:29,,,,,0.701322955,9.358079779,,,,,,
2025/8/13 16:29,,,,,,,1.535854918,8.469463916,,,,
2025/8/13 16:29,,,,,,,,,0.716656527,9.363222844,,
2025/8/13 16:29,,,,,,,,,,,1.546712451,8.472423163
2025/8/13 16:29,0.70853125,9.303057748,,,,,,,,,,
2025/8/13 16:29,,,1.538911625,8.378662273,,,,,,,,
2025/8/13 16:29,,,,,0.701573684,9.381562748,,,,,,
2025/8/13 16:29,,,,,,,1.531540891,8.488832853,,,,
2025/8/13 16:29,,,,,,,,,0.71988999,9.38682122,,
2025/8/13 16:29,,,,,,,,,,,1.542544976,8.491815847
2025/8/13 16:29,0.84938125,9.411750713,,,,,,,,,,
2025/8/13 16:29,,,1.535472438,8.398026228,,,,,,,,
2025/8/13 16:29,,,,,0.842857867,9.460854674,,,,,,
2025/8/13 16:29,,,,,,,1.528049701,8.508620253,,,,
2025/8/13 16:29,,,,,,,,,0.856543452,9.465574616,,
2025/8/13 16:29,,,,,,,,,,,1.539176986,8.511630864
2025/8/13 16:29,0.77535,9.418138477,,,,,,,,,,
2025/8/13 16:29,,,1.531292938,8.417454061,,,,,,,,
2025/8/13 16:29,,,,,0.769490825,9.458827561,,,,,,
2025/8/13 16:29,,,,,,,1.52389119,8.527927828,,,,
2025/8/13 16:29,,,,,,,,,0.781608908,9.463576677,,
2025/8/13 16:29,,,,,,,,,,,1.535059,8.530948871
2025/8/13 16:29,0.87025,9.490182556,,,,,,,,,,
2025/8/13 16:29,,,1.527397,8.437001793,,,,,,,,
2025/8/13 16:29,,,,,0.866763631,9.51236299,,,,,,
2025/8/13 16:29,,,,,,,1.520016545,8.547341158,,,,
2025/8/13 16:29,,,,,,,,,0.873711447,9.515647544,,
2025/8/13 16:29,,,,,,,,,,,1.531201438,8.550363148
2025/8/13 16:29,0.99,9.578976981,,,,,,,,,,
2025/8/13 16:29,,,1.525205063,8.457354536,,,,,,,,
2025/8/13 16:29,,,,,0.99,9.578976981,,,,,,
2025/8/13 16:29,,,,,,,1.51787148,8.567411101,,,,
2025/8/13 16:29,,,,,,,,,0.989884078,9.580403089,,
2025/8/13 16:29,,,,,,,,,,,1.529003769,8.570414768
2025/8/13 16:29,0.90075,9.587781257,,,,,,,,,,
2025/8/13 16:29,,,1.522629125,8.477715569,,,,,,,,
2025/8/13 16:29,,,,,0.901958752,9.581112038,,,,,,
2025/8/13 16:29,,,,,,,1.515344382,8.587494431,,,,
2025/8/13 16:29,,,,,,,,,0.89931962,9.578716378,,
2025/8/13 16:29,,,,,,,,,,,1.526409862,8.59044595
2025/8/13 16:29,0.90075,9.587781257,,,,,,,,,,
2025/8/13 16:29,,,1.520053188,8.498076602,,,,,,,,
2025/8/13 16:29,,,,,0.895933897,9.621326905,,,,,,
2025/8/13 16:29,,,,,,,1.512789219,8.607750587,,,,
2025/8/13 16:29,,,,,,,,,0.905866209,9.625536367,,
2025/8/13 16:29,,,,,,,,,,,1.52388399,8.610710312
2025/8/13 16:29,0.99745,9.658633107,,,,,,,,,,
2025/8/13 16:29,,,1.51806125,8.518800924,,,,,,,,
2025/8/13 16:29,,,,,0.995029743,9.673927656,,,,,,
2025/8/13 16:29,,,,,,,1.510828258,8.628284931,,,,
2025/8/13 16:29,,,,,,,,,0.999541759,9.676731112,,
2025/8/13 16:29,,,,,,,,,,,1.521908262,8.63124141
2025/8/13 16:29,0.92273125,9.666057471,,,,,,,,,,
2025/8/13 16:29,,,1.515832625,8.539520723,,,,,,,,
2025/8/13 16:29,,,,,0.921467401,9.673170788,,,,,,
2025/8/13 16:29,,,,,,,1.508632583,8.648804576,,,,
2025/8/13 16:29,,,,,,,,,0.924051643,9.675382271,,
2025/8/13 16:29,,,,,,,,,,,1.519689698,8.651752244
2025/8/13 16:29,0.92273125,9.666057471,,,,,,,,,,
2025/8/13 16:29,,,1.513122438,8.559808619,,,,,,,,
2025/8/13 16:29,,,,,0.918052053,9.698776589,,,,,,
2025/8/13 16:29,,,,,,,1.505902412,8.669268683,,,,
2025/8/13 16:29,,,,,,,,,0.928056591,9.702925456,,
2025/8/13 16:29,,,,,,,,,,,1.517027557,8.672232243
2025/8/13 16:29,1.04473125,9.754211225,,,,,,,,,,
2025/8/13 16:29,,,1.51214475,8.580899705,,,,,,,,
2025/8/13 16:29,,,,,1.043086326,9.764269231,,,,,,
2025/8/13 16:29,,,,,,,1.504923579,8.69038127,,,,
2025/8/13 16:29,,,,,,,,,1.04661704,9.766941217,,
2025/8/13 16:29,,,,,,,,,,,1.516067913,8.693349896
2025/8/13 16:29,0.9697,9.761955845,,,,,,,,,,
2025/8/13 16:29,,,1.51041675,8.602068237,,,,,,,,
2025/8/13 16:29,,,,,0.969333042,9.76385868,,,,,,
2025/8/13 16:29,,,,,,,1.503257906,8.711147101,,,,
2025/8/13 16:29,,,,,,,,,0.970402869,9.766042164,,
2025/8/13 16:29,,,,,,,,,,,1.514338794,8.714103023
2025/8/13 16:29,0.9697,9.761955845,,,,,,,,,,
2025/8/13 16:29,,,1.508204063,8.622804772,,,,,,,,
2025/8/13 16:29,,,,,0.96618545,9.785735449,,,,,,
2025/8/13 16:29,,,,,,,1.501058726,8.731820103,,,,
2025/8/13 16:29,,,,,,,,,0.97306134,9.789209545,,
2025/8/13 16:29,,,,,,,,,,,1.512157353,8.734779844
2025/8/13 16:29,1.0682,9.83214365,,,,,,,,,,
2025/8/13 16:29,,,1.507362062,8.644184429,,,,,,,,
2025/8/13 16:29,,,,,1.067212694,9.837915874,,,,,,
2025/8/13 16:29,,,,,,,1.500248406,8.753010249,,,,
2025/8/13 16:29,,,,,,,,,1.069604139,9.840346015,,
2025/8/13 16:29,,,,,,,,,,,1.511325624,8.755965559
2025/8/13 16:29,1.0381,9.835367222,,,,,,,,,,
2025/8/13 16:29,,,1.50592675,8.665337164,,,,,,,,
2025/8/13 16:29,,,,,1.037634617,9.837892371,,,,,,
2025/8/13 16:29,,,,,,,1.498838904,8.774013474,,,,
2025/8/13 16:29,,,,,,,,,1.038694511,9.839848275,,
2025/8/13 16:29,,,,,,,,,,,1.509891681,8.77696403
2025/8/13 16:29,1.14986875,9.913536294,,,,,,,,,,
2025/8/13 16:29,,,1.506125125,8.687194374,,,,,,,,
2025/8/13 16:29,,,,,1.151959349,9.899603716,,,,,,
2025/8/13 16:29,,,,,,,1.499077631,8.795627917,,,,
2025/8/13 16:29,,,,,,,,,1.147666326,9.896994819,,
2025/8/13 16:29,,,,,,,,,,,1.51006782,8.798529094
2025/8/13 16:29,1.104625,9.91867953,,,,,,,,,,
2025/8/13 16:29,,,1.505871062,8.709103016,,,,,,,,
2025/8/13 16:29,,,,,1.107381848,9.899808568,,,,,,
2025/8/13 16:29,,,,,,,1.498956405,8.81651276,,,,
2025/8/13 16:29,,,,,,,,,1.101723705,9.89683181,,
2025/8/13 16:29,,,,,,,,,,,1.509766845,8.819344942
2025/8/13 16:29,1.204825,9.987592138,,,,,,,,,,
2025/8/13 16:29,,,1.506325562,8.731440915,,,,,,,,
2025/8/13 16:29,,,,,1.209428263,9.950728514,,,,,,
2025/8/13 16:29,,,,,,,1.499556444,8.837721734,,,,
2025/8/13 16:29,,,,,,,,,1.199774511,9.947172259,,
2025/8/13 16:29,,,,,,,,,,,1.510151042,8.840478566
2025/8/13 16:29,1.144325,9.994704613,,,,,,,,,,
2025/8/13 16:29,,,1.507082875,8.753719623,,,,,,,,
2025/8/13 16:29,,,,,1.149660021,9.951127928,,,,,,
2025/8/13 16:29,,,,,,,1.500456849,8.858932061,,,,
2025/8/13 16:29,,,,,,,,,1.137853177,9.947080352,,
2025/8/13 16:29,,,,,,,,,,,1.510830784,8.861612132
2025/8/13 16:29,1.245325,10.06323833,,,,,,,,,,
2025/8/13 16:29,,,1.508358625,8.776247758,,,,,,,,
2025/8/13 16:29,,,,,1.251870085,10.00150918,,,,,,
2025/8/13 16:29,,,,,,,1.50187364,8.880333282,,,,
2025/8/13 16:29,,,,,,,,,1.236265825,9.997080415,,
2025/8/13 16:29,,,,,,,,,,,1.512005094,8.882932563
2025/8/13 16:29,1.16941875,10.07234133,,,,,,,,,,
2025/8/13 16:29,,,1.509135812,8.798830087,,,,,,,,
2025/8/13 16:29,,,,,1.176481952,10.001974,,,,,,
2025/8/13 16:29,,,,,,,1.50279333,8.901738393,,,,
2025/8/13 16:29,,,,,,,,,1.158909736,9.997040546,,
2025/8/13 16:29,,,,,,,,,,,1.512663297,8.904252248
2025/8/13 16:29,1.29679375,10.15755512,,,,,,,,,,
2025/8/13 16:29,,,1.510890313,8.822003477,,,,,,,,
2025/8/13 16:29,,,,,1.303528326,10.0640783,,,,,,
2025/8/13 16:29,,,,,,,1.504677243,8.92357587,,,,
2025/8/13 16:29,,,,,,,,,1.283571406,10.059473,,
2025/8/13 16:29,,,,,,,,,,,1.514276386,8.926008689
2025/8/13 16:29,1.26634375,10.16139624,,,,,,,,,,
2025/8/13 16:29,,,1.512862813,8.845142324,,,,,,,,
2025/8/13 16:29,,,,,1.272615306,10.06430125,,,,,,
2025/8/13 16:29,,,,,,,1.506765914,8.945413685,,,,
2025/8/13 16:29,,,,,,,,,1.25254504,10.05995111,,
2025/8/13 16:29,,,,,,,,,,,1.516101503,8.947770675
2025/8/13 16:29,1.26634375,10.16139624,,,,,,,,,,
2025/8/13 16:29,,,1.51453775,8.868019364,,,,,,,,
2025/8/13 16:29,,,,,1.271121327,10.12096509,,,,,,
2025/8/13 16:29,,,,,,,1.50853168,8.967629225,,,,
2025/8/13 16:29,,,,,,,,,1.260387298,10.1172644,,
2025/8/13 16:29,,,,,,,,,,,1.517706244,8.969917399
2025/8/13 16:29,1.27915,10.16987096,,,,,,,,,,
2025/8/13 16:29,,,1.51686525,8.890909732,,,,,,,,
2025/8/13 16:29,,,,,1.284114174,10.12722345,,,,,,
2025/8/13 16:29,,,,,,,1.510941968,8.989906463,,,,
2025/8/13 16:29,,,,,,,,,1.273552514,10.12360694,,
2025/8/13 16:29,,,,,,,,,,,1.519973387,8.992132801
2025/8/13 16:29,1.27915,10.16987096,,,,,,,,,,
2025/8/13 16:29,,,1.51919275,8.9138001,,,,,,,,
2025/8/13 16:29,,,,,1.281481096,10.15289244,,,,,,
2025/8/13 16:29,,,,,,,1.513396131,9.011665555,,,,
2025/8/13 16:29,,,,,,,,,1.276198465,10.15001456,,
2025/8/13 16:29,,,,,,,,,,,1.522239569,9.013824883
2025/8/13 16:29,1.17218125,10.18275459,,,,,,,,,,
2025/8/13 16:29,,,1.519852063,8.936295237,,,,,,,,
2025/8/13 16:29,,,,,1.17591444,10.15409706,,,,,,
2025/8/13 16:29,,,,,,,1.514192788,9.033064129,,,,
2025/8/13 16:29,,,,,,,,,1.167756117,10.15058416,,
2025/8/13 16:29,,,,,,,,,,,1.522830546,9.035148037
2025/8/13 16:29,1.17218125,10.18275459,,,,,,,,,,
2025/8/13 16:29,,,1.521037875,8.958718736,,,,,,,,
2025/8/13 16:29,,,,,1.174230028,10.1687182,,,,,,
2025/8/13 16:29,,,,,,,1.515494668,9.054609466,,,,
2025/8/13 16:29,,,,,,,,,1.169145595,10.16571608,,
2025/8/13 16:29,,,,,,,,,,,1.523955847,9.05662296
2025/8/13 16:29,1.17218125,10.18275459,,,,,,,,,,
2025/8/13 16:29,,,1.522223688,8.981142235,,,,,,,,
2025/8/13 16:29,,,,,1.171511043,10.18677743,,,,,,
2025/8/13 16:29,,,,,,,1.516775099,9.076177716,,,,
2025/8/13 16:29,,,,,,,,,1.173016025,10.18882238,,
2025/8/13 16:29,,,,,,,,,,,1.525118247,9.078172981
2025/8/13 16:29,1.210675,10.20846051,,,,,,,,,,
2025/8/13 16:29,,,1.524058438,9.003788209,,,,,,,,
2025/8/13 16:29,,,,,1.210675,10.20846051,,,,,,
2025/8/13 16:29,,,,,,,1.518710349,9.097964606,,,,
2025/8/13 16:29,,,,,,,,,1.211050422,10.20773253,,
2025/8/13 16:29,,,,,,,,,,,1.526923604,9.099912428
2025/8/13 16:29,1.10309375,10.220645,,,,,,,,,,
2025/8/13 16:29,,,1.524817375,9.026556029,,,,,,,,
2025/8/13 16:29,,,,,1.104703596,10.21026359,,,,,,
2025/8/13 16:29,,,,,,,1.519574957,9.119335229,,,,
2025/8/13 16:29,,,,,,,,,1.101574052,10.20780015,,
2025/8/13 16:29,,,,,,,,,,,1.527621714,9.121222147
2025/8/13 16:29,1.025875,10.2286842,,,,,,,,,,
2025/8/13 16:29,,,1.524936312,9.049387259,,,,,,,,
2025/8/13 16:29,,,,,1.028596118,10.21009877,,,,,,
2025/8/13 16:29,,,,,,,1.519810498,9.140705106,,,,
2025/8/13 16:29,,,,,,,,,1.022248586,10.20683412,,
2025/8/13 16:29,,,,,,,,,,,1.527655586,9.142519847
2025/8/13 16:29,1.025875,10.2286842,,,,,,,,,,
2025/8/13 16:29,,,1.52505525,9.07221849,,,,,,,,
2025/8/13 16:29,,,,,1.026586236,10.22460961,,,,,,
2025/8/13 16:29,,,,,,,1.520022246,9.162141385,,,,
2025/8/13 16:29,,,,,,,,,1.024493127,10.22229334,,
2025/8/13 16:29,,,,,,,,,,,1.527705396,9.163893564
2025/8/13 16:29,1.129075,10.29829062,,,,,,,,,,
2025/8/13 16:29,,,1.526206188,9.095745784,,,,,,,,
2025/8/13 16:29,,,,,1.132073195,10.27642524,,,,,,
2025/8/13 16:29,,,,,,,1.521281978,9.183938768,,,,
2025/8/13 16:29,,,,,,,,,1.125365424,10.27315206,,
2025/8/13 16:29,,,,,,,,,,,1.528755559,9.185617278
2025/8/13 16:29,1.05154375,10.3064958,,,,,,,,,,
2025/8/13 16:29,,,1.527377563,9.119257625,,,,,,,,
2025/8/13 16:29,,,,,1.055542006,10.27642795,,,,,,
2025/8/13 16:29,,,,,,,1.522570987,9.205745161,,,,
2025/8/13 16:29,,,,,,,,,1.047042155,10.27267329,,
2025/8/13 16:29,,,,,,,,,,,1.52981799,9.207347162
2025/8/13 16:29,1.05154375,10.3064958,,,,,,,,,,
2025/8/13 16:29,,,1.526930938,9.141361338,,,,,,,,
2025/8/13 16:29,,,,,1.052335001,10.30183818,,,,,,
2025/8/13 16:29,,,,,,,1.522229045,9.22680129,,,,
2025/8/13 16:29,,,,,,,,,1.050017814,10.29954872,,
2025/8/13 16:29,,,,,,,,,,,1.529310276,9.228341832
2025/8/13 16:29,1.09045,10.33261916,,,,,,,,,,
2025/8/13 16:29,,,1.526155438,9.163119536,,,,,,,,
2025/8/13 16:29,,,,,1.092169139,10.32131558,,,,,,
2025/8/13 16:29,,,,,,,1.521566469,9.247620584,,,,
2025/8/13 16:29,,,,,,,,,1.088579954,10.31884525,,
2025/8/13 16:29,,,,,,,,,,,1.528479911,9.249095126
2025/8/13 16:29,1.01260625,10.34053812,,,,,,,,,,
2025/8/13 16:29,,,1.5246015,9.184956923,,,,,,,,
2025/8/13 16:29,,,,,1.015415232,10.32110658,,,,,,
2025/8/13 16:29,,,,,,,1.520138482,9.268280588,,,,
2025/8/13 16:29,,,,,,,,,1.009328031,10.31794946,,
2025/8/13 16:29,,,,,,,,,,,1.526846293,9.269684175
2025/8/13 16:29,0.96575,10.34501943,,,,,,,,,,
2025/8/13 16:29,,,1.523513063,9.206710821,,,,,,,,
2025/8/13 16:29,,,,,0.969187214,10.32072241,,,,,,
2025/8/13 16:29,,,,,,,1.519180355,9.288935271,,,,
2025/8/13 16:29,,,,,,,,,0.961057685,10.31714614,,
2025/8/13 16:29,,,,,,,,,,,1.525666805,9.290259782
2025/8/13 16:29,0.96575,10.34501943,,,,,,,,,,
2025/8/13 16:29,,,1.522424625,9.228464719,,,,,,,,
2025/8/13 16:29,,,,,0.964940073,10.34966646,,,,,,
2025/8/13 16:29,,,,,,,1.51817217,9.309603309,,,,
2025/8/13 16:29,,,,,,,,,0.967177949,10.35214214,,
2025/8/13 16:29,,,,,,,,,,,1.524537024,9.310913498
2025/8/13 16:29,1.00476875,10.37144348,,,,,,,,,,
2025/8/13 16:29,,,1.521726375,9.250482858,,,,,,,,
2025/8/13 16:29,,,,,1.00476875,10.37144348,,,,,,
2025/8/13 16:29,,,,,,,1.517554486,9.330332326,,,,
2025/8/13 16:29,,,,,,,,,1.004383927,10.37116979,,
2025/8/13 16:29,,,,,,,,,,,1.523767522,9.331602596
2025/8/13 16:29,0.926425,10.37873483,,,,,,,,,,
2025/8/13 16:29,,,1.520244688,9.27257391,,,,,,,,
2025/8/13 16:29,,,,,0.927520685,10.37233668,,,,,,
2025/8/13 16:29,,,,,,,1.516160042,9.350991963,,,,
2025/8/13 16:29,,,,,,,,,0.925378241,10.37000241,,
2025/8/13 16:29,,,,,,,,,,,1.522208216,9.352202078
2025/8/13 16:29,0.96555625,10.40529678,,,,,,,,,,
2025/8/13 16:29,,,1.511346813,9.29634282,,,,,,,,
2025/8/13 16:29,,,,,0.967583435,10.39222456,,,,,,
2025/8/13 16:29,,,,,,,1.5073821,9.37216498,,,,
2025/8/13 16:29,,,,,,,,,0.962952335,10.38947928,,
2025/8/13 16:29,,,,,,,,,,,1.513248144,9.373320849
2025/8/13 16:29,0.8869,10.41229602,,,,,,,,,,
2025/8/13 16:29,,,1.501662375,9.320181722,,,,,,,,
2025/8/13 16:29,,,,,0.890028548,10.39119521,,,,,,
2025/8/13 16:29,,,,,,,1.497822945,9.393058841,,,,
2025/8/13 16:29,,,,,,,,,0.882342934,10.38775147,,
2025/8/13 16:29,,,,,,,,,,,1.503477224,9.394154997
2025/8/13 16:29,0.9655,10.46555826,,,,,,,,,,
2025/8/13 16:29,,,1.491204875,9.343383653,,,,,,,,
2025/8/13 16:29,,,,,0.970035181,10.43096241,,,,,,
2025/8/13 16:29,,,,,,,1.487511435,9.413539183,,,,
2025/8/13 16:29,,,,,,,,,0.959241124,10.42683505,,
2025/8/13 16:29,,,,,,,,,,,1.492922645,9.414569324
2025/8/13 16:29,0.9655,10.46555826,,,,,,,,,,
2025/8/13 16:29,,,1.480747375,9.366585584,,,,,,,,
2025/8/13 16:29,,,,,0.962639337,10.48523332,,,,,,
2025/8/13 16:29,,,,,,,1.477124976,9.434485773,,,,
2025/8/13 16:29,,,,,,,,,0.969167714,10.48834251,,
2025/8/13 16:29,,,,,,,,,,,1.482463846,9.435521408
2025/8/13 16:29,1.04455,10.51826104,,,,,,,,,,
2025/8/13 16:29,,,1.471713813,9.390160743,,,,,,,,
2025/8/13 16:29,,,,,1.043507425,10.52464742,,,,,,
2025/8/13 16:29,,,,,,,1.468177975,9.455767455,,,,
2025/8/13 16:29,,,,,,,,,1.046047466,10.52675453,,
2025/8/13 16:29,,,,,,,,,,,1.47340001,9.456797184
2025/8/13 16:29,0.91805,10.53005623,,,,,,,,,,
2025/8/13 16:29,,,1.46141525,9.413853854,,,,,,,,
2025/8/13 16:29,,,,,0.918567266,10.52721133,,,,,,
2025/8/13 16:29,,,,,,,1.457976547,9.476883191,,,,
2025/8/13 16:29,,,,,,,,,0.917007267,10.52508706,,
2025/8/13 16:29,,,,,,,,,,,1.463041306,9.477864911
2025/8/13 16:29,0.91805,10.53005623,,,,,,,,,,
2025/8/13 16:29,,,1.45175325,9.437397642,,,,,,,,
2025/8/13 16:29,,,,,0.916736107,10.53795934,,,,,,
2025/8/13 16:29,,,,,,,1.44839063,9.498051199,,,,
2025/8/13 16:29,,,,,,,,,0.919977925,10.54069779,,
2025/8/13 16:29,,,,,,,,,,,1.453345211,9.499031716
2025/8/13 16:29,0.8863,10.5327761,,,,,,,,,,
2025/8/13 16:29,,,1.44177375,9.460968628,,,,,,,,
2025/8/13 16:29,,,,,0.885465203,10.53750419,,,,,,
2025/8/13 16:29,,,,,,,1.438488761,9.51909969,,,,
2025/8/13 16:29,,,,,,,,,0.887421973,10.53965342,,
2025/8/13 16:29,,,,,,,,,,,1.443319807,9.520075267
2025/8/13 16:29,0.8863,10.5327761,,,,,,,,,,
2025/8/13 16:29,,,1.432433938,9.484394816,,,,,,,,
2025/8/13 16:29,,,,,0.883440359,10.55188391,,,,,,
2025/8/13 16:29,,,,,,,1.429203475,9.540240678,,,,
2025/8/13 16:29,,,,,,,,,0.890314106,10.55536918,,
2025/8/13 16:29,,,,,,,,,,,1.433956095,9.541221683
2025/8/13 16:29,0.80670625,10.53917098,,,,,,,,,,
2025/8/13 16:29,,,1.422298187,9.507884954,,,,,,,,
2025/8/13 16:29,,,,,0.804866398,10.55038322,,,,,,
2025/8/13 16:29,,,,,,,1.419130765,9.561290099,,,,
2025/8/13 16:29,,,,,,,,,0.808997133,10.55310909,,
2025/8/13 16:29,,,,,,,,,,,1.423786812,9.562272052
2025/8/13 16:29,0.80670625,10.53917098,,,,,,,,,,
2025/8/13 16:29,,,1.410254437,9.52996973,,,,,,,,
2025/8/13 16:29,,,,,0.801796179,10.57581878,,,,,,
2025/8/13 16:29,,,,,,,1.407131864,9.581616158,,,,
2025/8/13 16:29,,,,,,,,,0.814174416,10.58017121,,
2025/8/13 16:29,,,,,,,,,,,1.411769178,9.582615133
2025/8/13 16:29,0.9528,10.63741379,,,,,,,,,,
2025/8/13 16:29,,,1.399671625,9.553036934,,,,,,,,
2025/8/13 16:29,,,,,0.950938259,10.64946459,,,,,,
2025/8/13 16:29,,,,,,,1.396618333,9.602449559,,,,
2025/8/13 16:29,,,,,,,,,0.955821094,10.65248387,,
2025/8/13 16:29,,,,,,,,,,,1.401165263,9.60345483
2025/8/13 16:29,1.04655625,10.69893546,,,,,,,,,,
2025/8/13 16:29,,,1.390669187,9.576566795,,,,,,,,
2025/8/13 16:29,,,,,1.04655625,10.69893546,,,,,,
2025/8/13 16:29,,,,,,,1.387701342,9.623718949,,,,
2025/8/13 16:29,,,,,,,,,1.046884963,10.69720338,,
2025/8/13 16:29,,,,,,,,,,,1.392105679,9.624681878
2025/8/13 16:29,1.04655625,10.69893546,,,,,,,,,,
2025/8/13 16:29,,,1.38058925,9.599325678,,,,,,,,
2025/8/13 16:29,,,,,1.041347145,10.74263487,,,,,,
2025/8/13 16:29,,,,,,,1.377661935,9.644889514,,,,
2025/8/13 16:29,,,,,,,,,1.055040404,10.74711675,,
2025/8/13 16:29,,,,,,,,,,,1.382059696,9.645873523
2025/8/13 16:29,1.140925,10.75967891,,,,,,,,,,
2025/8/13 16:29,,,1.371453,9.622691995,,,,,,,,
2025/8/13 16:29,,,,,1.13734788,10.7877998,,,,,,
2025/8/13 16:29,,,,,,,1.368580858,9.666435499,,,,
2025/8/13 16:29,,,,,,,,,1.146027534,10.79124763,,
2025/8/13 16:29,,,,,,,,,,,1.37292203,9.667430091
2025/8/13 16:29,1.23590625,10.8196412,,,,,,,,,,
2025/8/13 16:29,,,1.364042062,9.646472549,,,,,,,,
2025/8/13 16:29,,,,,1.234134741,10.83251257,,,,,,
2025/8/13 16:29,,,,,,,1.361241122,9.688355923,,,,
2025/8/13 16:29,,,,,,,,,1.238523163,10.83496624,,
2025/8/13 16:29,,,,,,,,,,,1.365477905,9.689349871
2025/8/13 16:29,1.34520625,10.88720902,,,,,,,,,,
2025/8/13 16:29,,,1.356524438,9.67008555,,,,,,,,
2025/8/13 16:29,,,,,1.345363968,10.88623175,,,,,,
2025/8/13 16:29,,,,,,,1.353821988,9.710227959,,,,
2025/8/13 16:29,,,,,,,,,1.34482123,10.88427851,,
2025/8/13 16:29,,,,,,,,,,,1.357909132,9.711174606
2025/8/13 16:29,1.34520625,10.88720902,,,,,,,,,,
2025/8/13 16:29,,,1.349006812,9.693698552,,,,,,,,
2025/8/13 16:29,,,,,1.343857448,10.89704839,,,,,,
2025/8/13 16:29,,,,,,,1.346385994,9.732131655,,,,
2025/8/13 16:29,,,,,,,,,1.347320195,10.89967872,,
2025/8/13 16:29,,,,,,,,,,,1.350361963,9.733077111
2025/8/13 16:29,1.34520625,10.88720902,,,,,,,,,,
2025/8/13 16:29,,,1.340496375,9.716632649,,,,,,,,
2025/8/13 16:29,,,,,1.342276411,10.91148301,,,,,,
2025/8/13 16:29,,,,,,,1.337944698,9.753710771,,,,
2025/8/13 16:29,,,,,,,,,1.349052638,10.91441627,,
2025/8/13 16:29,,,,,,,,,,,1.341843882,9.754657581
2025/8/13 16:29,0.99128125,10.92512066,,,,,,,,,,
2025/8/13 16:29,,,1.328446688,9.739945863,,,,,,,,
2025/8/13 16:29,,,,,0.992518817,10.91729896,,,,,,
2025/8/13 16:29,,,,,,,1.326005619,9.77527149,,,,
2025/8/13 16:29,,,,,,,,,0.989398778,10.91479224,,
2025/8/13 16:29,,,,,,,,,,,1.329728167,9.776165712
2025/8/13 16:29,0.8774,10.9348557,,,,,,,,,,
2025/8/13 16:29,,,1.315517688,9.763290526,,,,,,,,
2025/8/13 16:29,,,,,0.880168226,10.91589679,,,,,,
2025/8/13 16:29,,,,,,,1.313202346,9.796790269,,,,
2025/8/13 16:29,,,,,,,,,0.872683138,10.91231489,,
2025/8/13 16:29,,,,,,,,,,,1.316707008,9.79762306
2025/8/13 16:29,1.02899375,11.03211548,,,,,,,,,,
2025/8/13 16:29,,,1.302989625,9.786862451,,,,,,,,
2025/8/13 16:29,,,,,1.034068851,10.98873238,,,,,,
2025/8/13 16:29,,,,,,,1.300817301,9.818523144,,,,
2025/8/13 16:29,,,,,,,,,1.020108602,10.98407564,,
2025/8/13 16:29,,,,,,,,,,,1.304054888,9.819281965
2025/8/13 16:29,1.14019375,11.10160161,,,,,,,,,,
2025/8/13 16:29,,,1.291573563,9.811129237,,,,,,,,
2025/8/13 16:29,,,,,1.146331936,11.04041624,,,,,,
2025/8/13 16:29,,,,,,,1.289558326,9.840620414,,,,
2025/8/13 16:29,,,,,,,,,1.128398006,11.03558989,,
2025/8/13 16:29,,,,,,,,,,,1.292476354,9.841304843
2025/8/13 16:29,1.19609375,11.13594898,,,,,,,,,,
2025/8/13 16:29,,,1.281367438,9.835570884,,,,,,,,
2025/8/13 16:29,,,,,1.202572529,11.06587097,,,,,,
2025/8/13 16:29,,,,,,,1.279511474,9.862898529,,,,
2025/8/13 16:29,,,,,,,,,1.182244742,11.06078641,,
2025/8/13 16:29,,,,,,,,,,,1.282089416,9.86350486
2025/8/13 16:29,1.2944,11.19541998,,,,,,,,,,
2025/8/13 16:29,,,1.271469375,9.860161876,,,,,,,,
2025/8/13 16:29,,,,,1.300825569,11.10962174,,,,,,
2025/8/13 16:29,,,,,,,1.269766092,9.885306334,,,,
2025/8/13 16:29,,,,,,,,,1.278250602,11.10454738,,
2025/8/13 16:29,,,,,,,,,,,1.271994065,9.885836073
2025/8/13 16:29,1.01528125,11.22417498,,,,,,,,,,
2025/8/13 16:29,,,1.258780125,9.885040417,,,,,,,,
2025/8/13 16:29,,,,,1.015172555,11.10830233,,,,,,
2025/8/13 16:29,,,,,,,1.257168852,9.907549061,,,,
2025/8/13 16:29,,,,,,,,,0.991119034,11.10313868,,
2025/8/13 16:29,,,,,,,,,,,1.259021614,9.908000319
2025/8/13 16:29,0.84940625,11.23794505,,,,,,,,,,
2025/8/13 16:29,,,1.244092938,9.909835682,,,,,,,,
2025/8/13 16:29,,,,,0.845932691,11.10483599,,,,,,
2025/8/13 16:29,,,,,,,1.242537107,9.929604765,,,,
2025/8/13 16:29,,,,,,,,,0.820278704,11.09895303,,
2025/8/13 16:29,,,,,,,,,,,1.244003298,9.929970774
2025/8/13 16:29,0.69905,11.24829894,,,,,,,,,,
2025/8/13 16:29,,,1.227902188,9.934734485,,,,,,,,
2025/8/13 16:29,,,,,0.69487227,11.10027551,,,,,,
2025/8/13 16:29,,,,,,,1.226398426,9.951424464,,,,
2025/8/13 16:29,,,,,,,,,0.663485184,11.09251048,,
2025/8/13 16:29,,,,,,,,,,,1.227410501,9.951685599
2025/8/13 16:29,0.54768125,11.25668447,,,,,,,,,,
2025/8/13 16:29,,,1.210589813,9.959614313,,,,,,,,
2025/8/13 16:29,,,,,0.542725239,11.09380716,,,,,,
2025/8/13 16:29,,,,,,,1.209129669,9.973133501,,,,
2025/8/13 16:29,,,,,,,,,0.506850583,11.08462293,,
2025/8/13 16:29,,,,,,,,,,,1.209642535,9.973277425
2025/8/13 16:29,0.41228125,11.2624564,,,,,,,,,,
2025/8/13 16:29,,,1.191583125,9.984330764,,,,,,,,
2025/8/13 16:29,,,,,0.406569025,11.08642178,,,,,,
2025/8/13 16:29,,,,,,,1.190157238,9.994616525,,,,
2025/8/13 16:29,,,,,,,,,0.365391273,11.07557513,,
2025/8/13 16:29,,,,,,,,,,,1.190122989,9.994625616
2025/8/13 16:29,0.259,11.26702352,,,,,,,,,,
2025/8/13 16:29,,,1.171043625,10.00909289,,,,,,,,
2025/8/13 16:29,,,,,0.252362293,11.07623343,,,,,,
2025/8/13 16:29,,,,,,,1.169644559,10.01584524,,,,
2025/8/13 16:29,,,,,,,,,0.204660142,11.06292116,,
2025/8/13 16:29,,,,,,,,,,,1.168986991,10.01569243
2025/8/13 16:29,0.0875,11.26966032,,,,,,,,,,
2025/8/13 16:29,,,1.148561625,10.03373462,,,,,,,,
2025/8/13 16:29,,,,,0.079738497,11.06252593,,,,,,
2025/8/13 16:29,,,,,,,1.147177728,10.03683621,,,,
2025/8/13 16:29,,,,,,,,,0.024247303,11.04631519,,
2025/8/13 16:29,,,,,,,,,,,1.145820937,10.03649452
2025/8/13 16:29,0.01855,11.26998473,,,,,,,,,,
2025/8/13 16:29,,,1.125390125,10.05837959,,,,,,,,
2025/8/13 16:29,,,,,0.010310234,11.05632573,,,,,,
2025/8/13 16:29,,,,,,,1.124016766,10.05761268,,,,
2025/8/13 16:29,,,,,,,,,-0.047864911,11.03906016,,
2025/8/13 16:29,,,,,,,,,,,1.12193508,10.05707306
2025/8/13 16:29,-0.016,11.26998864,,,,,,,,,,
2025/8/13 16:29,,,1.101530938,10.08280543,,,,,,,,
2025/8/13 16:29,,,,,-0.024485139,11.05306987,,,,,,
2025/8/13 16:29,,,,,,,1.100165353,10.07820625,,,,
2025/8/13 16:29,,,,,,,,,-0.084801254,11.0350455,,
2025/8/13 16:29,,,,,,,,,,,1.097343395,10.07746302
2025/8/13 16:29,-0.03329375,11.26995082,,,,,,,,,,
2025/8/13 16:29,,,1.077892,10.10712626,,,,,,,,
2025/8/13 16:29,,,,,-0.041903144,11.05140277,,,,,,
2025/8/13 16:29,,,,,,,1.076532509,10.09873542,,,,
2025/8/13 16:29,,,,,,,,,-0.102374638,11.03316329,,
2025/8/13 16:29,,,,,,,,,,,1.072963818,10.09778492
2025/8/13 16:29,0.51105625,11.63878522,,,,,,,,,,
2025/8/13 16:29,,,1.059008813,10.13469801,,,,,,,,
2025/8/13 16:29,,,,,0.500627676,11.33521212,,,,,,
2025/8/13 16:29,,,,,,,1.057632155,10.12180144,,,,
2025/8/13 16:29,,,,,,,,,0.426264265,11.31621867,,
2025/8/13 16:29,,,,,,,,,,,1.053187162,10.12063503
2025/8/13 16:29,0.51105625,11.63878522,,,,,,,,,,
2025/8/13 16:29,,,1.041444375,10.16192396,,,,,,,,
2025/8/13 16:29,,,,,0.514555598,11.6154088,,,,,,
2025/8/13 16:29,,,,,,,1.040187214,10.1475128,,,,
2025/8/13 16:29,,,,,,,,,0.503613022,11.61102491,,
2025/8/13 16:29,,,,,,,,,,,1.03549975,10.14627329
2025/8/13 16:29,0.47643125,11.640254,,,,,,,,,,
2025/8/13 16:29,,,1.022841438,10.18872331,,,,,,,,
2025/8/13 16:29,,,,,0.480345659,11.61383827,,,,,,
2025/8/13 16:29,,,,,,,1.021699945,10.17290245,,,,
2025/8/13 16:29,,,,,,,,,0.468217586,11.60921865,,
2025/8/13 16:29,,,,,,,,,,,1.016770546,10.17158816
2025/8/13 16:29,0.47643125,11.640254,,,,,,,,,,
2025/8/13 16:29,,,1.005436063,10.21521887,,,,,,,,
2025/8/13 16:29,,,,,0.471796048,11.71606224,,,,,,
2025/8/13 16:29,,,,,,,1.004320245,10.19917945,,,,
2025/8/13 16:29,,,,,,,,,0.49817628,11.72269167,,
2025/8/13 16:29,,,,,,,,,,,0.999539884,10.19790194
2025/8/13 16:29,0.44175625,11.64162151,,,,,,,,,,
2025/8/13 16:29,,,0.987683938,10.24172811,,,,,,,,
2025/8/13 16:29,,,,,0.436527877,11.71411084,,,,,,
2025/8/13 16:29,,,,,,,0.98659621,10.2252482,,,,
2025/8/13 16:29,,,,,,,,,0.462728261,11.72095466,,
2025/8/13 16:29,,,,,,,,,,,0.981945886,10.22401002
2025/8/13 16:29,0.44175625,11.64162151,,,,,,,,,,
2025/8/13 16:29,,,0.970735813,10.26804289,,,,,,,,
2025/8/13 16:29,,,,,0.448063103,11.83040134,,,,,,
2025/8/13 16:29,,,,,,,0.969788867,10.2523974,,,,
2025/8/13 16:29,,,,,,,,,0.49411285,11.8417976,,
2025/8/13 16:29,,,,,,,,,,,0.965471267,10.25124219
2025/8/13 16:29,0.44175625,11.64162151,,,,,,,,,,
2025/8/13 16:29,,,0.953787688,10.29435768,,,,,,,,
2025/8/13 16:29,,,,,0.448422279,11.84143637,,,,,,
2025/8/13 16:29,,,,,,,0.952992079,10.27946786,,,,
2025/8/13 16:29,,,,,,,,,0.49675135,11.85345187,,
2025/8/13 16:29,,,,,,,,,,,0.949021004,10.27840631
2025/8/13 16:29,0.44175625,11.64162151,,,,,,,,,,
2025/8/13 16:29,,,0.937918563,10.32042341,,,,,,,,
2025/8/13 16:29,,,,,0.448780301,11.85246906,,,,,,
2025/8/13 16:29,,,,,,,0.93727541,10.30654845,,,,
2025/8/13 16:29,,,,,,,,,0.50011354,11.86520456,,
2025/8/13 16:29,,,,,,,,,,,0.933682792,10.30558197
2025/8/13 16:29,0.30255625,11.64607057,,,,,,,,,,
2025/8/13 16:29,,,0.920657438,10.34653363,,,,,,,,
2025/8/13 16:29,,,,,0.309556671,11.84490063,,,,,,
2025/8/13 16:29,,,,,,,0.920170584,10.33340143,,,,
2025/8/13 16:29,,,,,,,,,0.360350331,11.85776942,,
2025/8/13 16:29,,,,,,,,,,,0.91693843,10.33253354
2025/8/13 16:29,0.23265625,11.64767664,,,,,,,,,,
2025/8/13 16:29,,,0.903648,10.37245169,,,,,,,,
2025/8/13 16:29,,,,,0.239631884,11.84053564,,,,,,
2025/8/13 16:29,,,,,,,0.903314782,10.36013143,,,,
2025/8/13 16:29,,,,,,,,,0.290589126,11.85382367,,
2025/8/13 16:29,,,,,,,,,,,0.900444615,10.35936253
2025/8/13 16:29,0.23265625,11.64767664,,,,,,,,,,
2025/8/13 16:29,,,0.895903313,10.39687777,,,,,,,,
2025/8/13 16:29,,,,,0.240150854,11.85530117,,,,,,
2025/8/13 16:29,,,,,,,0.895643577,10.38664086,,,,
2025/8/13 16:29,,,,,,,,,0.294809013,11.86940239,,
2025/8/13 16:29,,,,,,,,,,,0.893328807,10.38603395
2025/8/13 16:29,1.578225,12.44028962,,,,,,,,,,
2025/8/13 16:29,,,0.900801,10.42861774,,,,,,,,
2025/8/13 16:29,,,,,1.577488902,12.44642427,,,,,,
2025/8/13 16:29,,,,,,,0.900507818,10.41860791,,,,
2025/8/13 16:29,,,,,,,,,1.580124247,12.44843715,,
2025/8/13 16:29,,,,,,,,,,,0.898268354,10.41805034
2025/8/13 16:29,1.578225,12.44028962,,,,,,,,,,
2025/8/13 16:29,,,0.90613275,10.46030777,,,,,,,,
2025/8/13 16:29,,,,,1.576119317,12.46058777,,,,,,
2025/8/13 16:29,,,,,,,0.905785404,10.45071711,,,,
2025/8/13 16:29,,,,,,,,,1.582970257,12.463399,,
2025/8/13 16:29,,,,,,,,,,,0.903677137,10.45022318
2025/8/13 16:29,1.7989,12.55174724,,,,,,,,,,
2025/8/13 16:29,,,0.91367125,10.49311236,,,,,,,,
2025/8/13 16:29,,,,,1.799459988,12.5466546,,,,,,
2025/8/13 16:29,,,,,,,0.91334843,10.48335758,,,,
2025/8/13 16:29,,,,,,,,,1.797451625,12.54453425,,
2025/8/13 16:29,,,,,,,,,,,0.911186548,10.48281765
2025/8/13 16:29,1.588,12.58016916,,,,,,,,,,
2025/8/13 16:29,,,0.919826688,10.52612223,,,,,,,,
2025/8/13 16:29,,,,,1.590448156,12.55538166,,,,,,
2025/8/13 16:29,,,,,,,0.919534284,10.51608891,,,,
2025/8/13 16:29,,,,,,,,,1.5828692,12.55249159,,
2025/8/13 16:29,,,,,,,,,,,0.917280408,10.5154962
2025/8/13 16:29,1.46414375,12.59518492,,,,,,,,,,
2025/8/13 16:29,,,0.924743563,10.55928225,,,,,,,,
2025/8/13 16:29,,,,,1.467646311,12.55897087,,,,,,
2025/8/13 16:29,,,,,,,0.924524421,10.54863601,,,,
2025/8/13 16:29,,,,,,,,,1.456174133,12.5553092,,
2025/8/13 16:29,,,,,,,,,,,0.922089635,10.5479713
2025/8/13 16:29,1.3753,12.60519535,,,,,,,,,,
2025/8/13 16:29,,,0.92964725,10.59245482,,,,,,,,
2025/8/13 16:29,,,,,1.379548592,12.56086598,,,,,,
2025/8/13 16:29,,,,,,,0.929496143,10.58121395,,,,
2025/8/13 16:29,,,,,,,,,1.364828718,12.55677035,,
2025/8/13 16:29,,,,,,,,,,,0.926864742,10.58047814
2025/8/13 16:29,1.3753,12.60519535,,,,,,,,,,
2025/8/13 16:29,,,0.934550938,10.6256274,,,,,,,,
2025/8/13 16:29,,,,,1.377460219,12.58577941,,,,,,
2025/8/13 16:29,,,,,,,0.934475254,10.61381872,,,,
2025/8/13 16:29,,,,,,,,,1.370417776,12.58297232,,
2025/8/13 16:29,,,,,,,,,,,0.931668716,10.61301475
2025/8/13 16:29,1.25039375,12.61819779,,,,,,,,,,
2025/8/13 16:29,,,0.938938375,10.65886309,,,,,,,,
2025/8/13 16:29,,,,,1.253699263,12.58753868,,,,,,
2025/8/13 16:29,,,,,,,0.938940841,10.64645781,,,,
2025/8/13 16:29,,,,,,,,,1.242532775,12.58381148,,
2025/8/13 16:29,,,,,,,,,,,0.935933476,10.64557826
2025/8/13 16:29,1.4255,12.71031273,,,,,,,,,,
2025/8/13 16:29,,,0.945076875,10.69301993,,,,,,,,
2025/8/13 16:29,,,,,1.430267234,12.65640028,,,,,,
2025/8/13 16:29,,,,,,,0.945192514,10.67959819,,,,
2025/8/13 16:29,,,,,,,,,1.412639027,12.65209387,,
2025/8/13 16:29,,,,,,,,,,,0.941874873,10.67862854
2025/8/13 16:29,1.282,12.72558745,,,,,,,,,,
2025/8/13 16:29,,,0.950074375,10.72730431,,,,,,,,
2025/8/13 16:29,,,,,1.287742611,12.6585638,,,,,,
2025/8/13 16:29,,,,,,,0.950310088,10.71276838,,,,
2025/8/13 16:29,,,,,,,,,1.265346003,12.65349362,,
2025/8/13 16:29,,,,,,,,,,,0.946646068,10.71170302
2025/8/13 16:29,1.11960625,12.74090192,,,,,,,,,,
2025/8/13 16:29,,,0.953447938,10.76174183,,,,,,,,
2025/8/13 16:29,,,,,1.125751658,12.65887781,,,,,,
2025/8/13 16:29,,,,,,,0.953820706,10.74575064,,,,
2025/8/13 16:29,,,,,,,,,1.097623647,12.6528705,,
2025/8/13 16:29,,,,,,,,,,,0.949714872,10.74457642
2025/8/13 16:29,0.97440625,12.75282841,,,,,,,,,,
2025/8/13 16:29,,,0.956106688,10.79623954,,,,,,,,
2025/8/13 16:29,,,,,0.97763293,12.65683698,,,,,,
2025/8/13 16:29,,,,,,,0.956583806,10.77873821,,,,
2025/8/13 16:29,,,,,,,,,0.947881556,12.65087119,,
2025/8/13 16:29,,,,,,,,,,,0.952027122,10.77745291
2025/8/13 16:29,0.82840625,12.76314393,,,,,,,,,,
2025/8/13 16:29,,,0.957305438,10.8308404,,,,,,,,
2025/8/13 16:29,,,,,0.826547192,12.65322091,,,,,,
2025/8/13 16:29,,,,,,,0.957833541,10.81145479,,,,
2025/8/13 16:29,,,,,,,,,0.796210892,12.64670294,,
2025/8/13 16:29,,,,,,,,,,,0.952790331,10.81005172
2025/8/13 16:29,0.82840625,12.76314393,,,,,,,,,,
2025/8/13 16:29,,,0.957095688,10.86435433,,,,,,,,
2025/8/13 16:29,,,,,0.833631398,12.68016866,,,,,,
2025/8/13 16:29,,,,,,,0.957741276,10.84364793,,,,
2025/8/13 16:29,,,,,,,,,0.803607444,12.67345534,,
2025/8/13 16:29,,,,,,,,,,,0.952260971,10.84213053
2025/8/13 16:29,1.264625,12.99862776,,,,,,,,,,
2025/8/13 16:29,,,0.961988438,10.90015923,,,,,,,,
2025/8/13 16:29,,,,,1.260310433,12.85631145,,,,,,
2025/8/13 16:29,,,,,,,0.962649473,10.87762277,,,,
2025/8/13 16:29,,,,,,,,,1.228984103,12.85067114,,
2025/8/13 16:29,,,,,,,,,,,0.956734723,10.87600148
2025/8/13 16:29,1.09941875,13.01364201,,,,,,,,,,
2025/8/13 16:29,,,0.964280125,10.93539382,,,,,,,,
2025/8/13 16:29,,,,,1.094318623,12.85645868,,,,,,
2025/8/13 16:29,,,,,,,0.964925022,10.91106373,,,,
2025/8/13 16:29,,,,,,,,,1.056421534,12.84913825,,
2025/8/13 16:29,,,,,,,,,,,0.958561824,10.90933638
2025/8/13 16:29,1.09941875,13.01364201,,,,,,,,,,
2025/8/13 16:29,,,0.965374313,10.96974047,,,,,,,,
2025/8/13 16:29,,,,,1.104096074,12.91947712,,,,,,
2025/8/13 16:29,,,,,,,0.966065983,10.94446873,,,,
2025/8/13 16:29,,,,,,,,,1.073155803,12.91329085,,
2025/8/13 16:29,,,,,,,,,,,0.959394541,10.94266526
2025/8/13 16:29,1.09941875,13.01364201,,,,,,,,,,
2025/8/13 16:29,,,0.967361,11.00399908,,,,,,,,
2025/8/13 16:29,,,,,1.102302107,12.98871277,,,,,,
2025/8/13 16:29,,,,,,,0.968069417,10.97854474,,,,
2025/8/13 16:29,,,,,,,,,1.091941569,12.98503383,,
2025/8/13 16:29,,,,,,,,,,,0.96132076,10.97672844
2025/8/13 16:29,1.09941875,13.01364201,,,,,,,,,,
2025/8/13 16:29,,,0.969347687,11.03825769,,,,,,,,
2025/8/13 16:29,,,,,1.096930337,13.03455391,,,,,,
2025/8/13 16:29,,,,,,,0.970079381,11.01267701,,,,
2025/8/13 16:29,,,,,,,,,1.105666061,13.03800247,,
2025/8/13 16:29,,,,,,,,,,,0.963318759,11.0108531
2025/8/13 16:29,0.9332,13.02661651,,,,,,,,,,
2025/8/13 16:29,,,0.968705188,11.07193752,,,,,,,,
2025/8/13 16:29,,,,,0.932209047,13.03346264,,,,,,
2025/8/13 16:29,,,,,,,0.969451174,11.04627236,,,,
2025/8/13 16:29,,,,,,,,,0.935999157,13.03574725,,
2025/8/13 16:29,,,,,,,,,,,0.962683333,11.04444326
2025/8/13 16:29,0.9332,13.02661651,,,,,,,,,,
2025/8/13 16:29,,,0.968809875,11.10554311,,,,,,,,
2025/8/13 16:29,,,,,0.930573796,13.04752251,,,,,,
2025/8/13 16:29,,,,,,,0.969542238,11.08001587,,,,
2025/8/13 16:29,,,,,,,,,0.939755969,13.05098043,,
2025/8/13 16:29,,,,,,,,,,,0.962840376,11.07819924
2025/8/13 16:29,0.7846,13.03641066,,,,,,,,,,
2025/8/13 16:29,,,0.967428563,11.13924664,,,,,,,,
2025/8/13 16:29,,,,,0.783336977,13.04493299,,,,,,
2025/8/13 16:29,,,,,,,0.968195087,11.11347744,,,,
2025/8/13 16:29,,,,,,,,,0.787932209,13.04752001,,
2025/8/13 16:29,,,,,,,,,,,0.961439132,11.11164519
2025/8/13 16:29,0.747325,13.03860059,,,,,,,,,,
2025/8/13 16:29,,,0.9644545,11.17209054,,,,,,,,
2025/8/13 16:29,,,,,0.746466673,13.04407733,,,,,,
2025/8/13 16:29,,,,,,,0.965228891,11.14627552,,,,
2025/8/13 16:29,,,,,,,,,0.749547596,13.046514,,
2025/8/13 16:29,,,,,,,,,,,0.958468438,11.14444091
2025/8/13 16:29,0.747325,13.03860059,,,,,,,,,,
2025/8/13 16:29,,,0.96223075,11.20485698,,,,,,,,
2025/8/13 16:29,,,,,0.744313323,13.06167228,,,,,,
2025/8/13 16:29,,,,,,,0.962978694,11.17925365,,,,
2025/8/13 16:29,,,,,,,,,0.754762816,13.0655782,,
2025/8/13 16:29,,,,,,,,,,,0.956312037,11.17743627
2025/8/13 16:29,0.944125,13.14614118,,,,,,,,,,
2025/8/13 16:29,,,0.961975,11.23869884,,,,,,,,
2025/8/13 16:29,,,,,0.944125,13.14614118,,,,,,
2025/8/13 16:29,,,,,,,0.962758089,11.21285771,,,,
2025/8/13 16:29,,,,,,,,,0.943958472,13.14565603,,
2025/8/13 16:29,,,,,,,,,,,0.956021009,11.21100074
2025/8/13 16:29,0.944125,13.14614118,,,,,,,,,,
2025/8/13 16:29,,,0.96073425,11.27183881,,,,,,,,
2025/8/13 16:29,,,,,0.940015144,13.18259217,,,,,,
2025/8/13 16:29,,,,,,,0.961486114,11.24630447,,,,
2025/8/13 16:29,,,,,,,,,0.955541247,13.18712027,,
2025/8/13 16:29,,,,,,,,,,,0.95488038,11.24446848
2025/8/13 16:29,1.1095,13.23357132,,,,,,,,,,
2025/8/13 16:29,,,0.96144825,11.30582085,,,,,,,,
2025/8/13 16:29,,,,,1.107612203,13.24896905,,,,,,
2025/8/13 16:29,,,,,,,0.96218589,11.28041524,,,,
2025/8/13 16:29,,,,,,,,,1.114164662,13.25191369,,
2025/8/13 16:29,,,,,,,,,,,0.955635081,11.27858913
2025/8/13 16:29,1.1095,13.23357132,,,,,,,,,,
2025/8/13 16:29,,,0.961044562,11.3390212,,,,,,,,
2025/8/13 16:29,,,,,1.106233556,13.26308225,,,,,,
2025/8/13 16:29,,,,,,,0.961728632,11.31405003,,,,
2025/8/13 16:29,,,,,,,,,1.117817446,13.2668015,,
2025/8/13 16:29,,,,,,,,,,,0.955336593,11.3122872
2025/8/13 16:29,1.3767,13.36930429,,,,,,,,,,
2025/8/13 16:29,,,0.963765312,11.37352745,,,,,,,,
2025/8/13 16:29,,,,,1.376745034,13.368986,,,,,,
2025/8/13 16:29,,,,,,,0.964422263,11.3487418,,,,
2025/8/13 16:29,,,,,,,,,1.376284843,13.36728204,,
2025/8/13 16:29,,,,,,,,,,,0.958082204,11.3469917
2025/8/13 16:29,1.3767,13.36930429,,,,,,,,,,
2025/8/13 16:29,,,0.965484062,11.40734457,,,,,,,,
2025/8/13 16:29,,,,,1.373879187,13.39726565,,,,,,
2025/8/13 16:29,,,,,,,0.966066773,11.38320717,,,,
2025/8/13 16:29,,,,,,,,,1.384524255,13.40064215,,
2025/8/13 16:29,,,,,,,,,,,0.959929701,11.3815264
2025/8/13 16:29,1.24584375,13.38213262,,,,,,,,,,
2025/8/13 16:29,,,0.96649925,11.44121885,,,,,,,,
2025/8/13 16:29,,,,,1.243917854,13.39888237,,,,,,
2025/8/13 16:29,,,,,,,0.967009351,11.41768472,,,,
2025/8/13 16:29,,,,,,,,,1.250711889,13.40165187,,
2025/8/13 16:29,,,,,,,,,,,0.961058288,11.41607212
2025/8/13 16:29,1.34686875,13.43264473,,,,,,,,,,
2025/8/13 16:29,,,0.967514687,11.47491292,,,,,,,,
2025/8/13 16:29,,,,,1.346306479,13.43703851,,,,,,
2025/8/13 16:29,,,,,,,0.967953715,11.45204001,,,,
2025/8/13 16:29,,,,,,,,,1.348681198,13.43921248,,
2025/8/13 16:29,,,,,,,,,,,0.962182442,11.45049344
2025/8/13 16:29,1.34686875,13.43264473,,,,,,,,,,
2025/8/13 16:29,,,0.969289187,11.50851595,,,,,,,,
2025/8/13 16:29,,,,,1.34519556,13.44752487,,,,,,
2025/8/13 16:29,,,,,,,0.969640851,11.48649552,,,,
2025/8/13 16:29,,,,,,,,,1.351094046,13.45009255,,
2025/8/13 16:29,,,,,,,,,,,0.964104285,11.48502396
2025/8/13 16:29,1.2906,13.43816772,,,,,,,,,,
2025/8/13 16:29,,,0.96922725,11.54132208,,,,,,,,
2025/8/13 16:29,,,,,1.289382032,13.44826951,,,,,,
2025/8/13 16:29,,,,,,,0.969499388,11.52033743,,,,
2025/8/13 16:29,,,,,,,,,1.29411142,13.45092941,,
2025/8/13 16:29,,,,,,,,,,,0.964209685,11.51893852
2025/8/13 16:29,1.51103125,13.54598408,,,,,,,,,,
2025/8/13 16:29,,,0.971674125,11.57516796,,,,,,,,
2025/8/13 16:29,,,,,1.512427215,13.5329015,,,,,,
2025/8/13 16:29,,,,,,,0.971897507,11.55502343,,,,
2025/8/13 16:29,,,,,,,,,1.507454551,13.53048528,,
2025/8/13 16:29,,,,,,,,,,,0.966758781,11.55364386
2025/8/13 16:29,1.51103125,13.54598408,,,,,,,,,,
2025/8/13 16:29,,,0.974121,11.60901383,,,,,,,,
2025/8/13 16:29,,,,,1.51135371,13.54338379,,,,,,
2025/8/13 16:29,,,,,,,0.974299831,11.58924762,,,,
2025/8/13 16:29,,,,,,,,,1.509633385,13.54141537,,
2025/8/13 16:29,,,,,,,,,,,0.969251241,11.58788537
2025/8/13 16:29,1.39815625,13.55809939,,,,,,,,,,
2025/8/13 16:29,,,0.975311062,11.64289612,,,,,,,,
2025/8/13 16:29,,,,,1.399522043,13.5459439,,,,,,
2025/8/13 16:29,,,,,,,0.97545391,11.62343482,,,,
2025/8/13 16:29,,,,,,,,,1.394687233,13.54334647,,
2025/8/13 16:29,,,,,,,,,,,0.970462589,11.62208277
2025/8/13 16:29,1.39815625,13.55809939,,,,,,,,,,
2025/8/13 16:29,,,0.976501125,11.6767784,,,,,,,,
2025/8/13 16:29,,,,,1.398791095,13.55293819,,,,,,
2025/8/13 16:29,,,,,,,0.97662701,11.65743528,,,,
2025/8/13 16:29,,,,,,,,,1.396652055,13.55086462,,
2025/8/13 16:29,,,,,,,,,,,0.971667125,11.65609127
2025/8/13 16:29,1.30375,13.56750294,,,,,,,,,,
2025/8/13 16:29,,,0.977816812,11.71062589,,,,,,,,
2025/8/13 16:29,,,,,1.305257494,13.55443881,,,,,,
2025/8/13 16:29,,,,,,,0.97792044,11.6914387,,,,
2025/8/13 16:29,,,,,,,,,1.300045547,13.55179444,,
2025/8/13 16:29,,,,,,,,,,,0.972990019,11.69010337
2025/8/13 16:29,1.38909375,13.60929163,,,,,,,,,,
2025/8/13 16:29,,,0.979985937,11.74489126,,,,,,,,
2025/8/13 16:29,,,,,1.391485827,13.58585665,,,,,,
2025/8/13 16:29,,,,,,,0.980092998,11.72561008,,,,
2025/8/13 16:29,,,,,,,,,1.382671193,13.582826,,
2025/8/13 16:29,,,,,,,,,,,0.975125275,11.72427447
2025/8/13 16:29,1.27539375,13.62041742,,,,,,,,,,
2025/8/13 16:29,,,0.981018062,11.77926788,,,,,,,,
2025/8/13 16:29,,,,,1.278703818,13.5874279,,,,,,
2025/8/13 16:29,,,,,,,0.981164926,11.75961659,,,,
2025/8/13 16:29,,,,,,,,,1.266158647,13.58374698,,
2025/8/13 16:29,,,,,,,,,,,0.976056701,11.75822372
2025/8/13 16:29,1.34389375,13.6540232,,,,,,,,,,
2025/8/13 16:29,,,0.98235025,11.81372351,,,,,,,,
2025/8/13 16:29,,,,,1.347760836,13.61275704,,,,,,
2025/8/13 16:29,,,,,,,0.982535784,11.79365955,,,,
2025/8/13 16:29,,,,,,,,,1.332729402,13.60859521,,
2025/8/13 16:29,,,,,,,,,,,0.977273491,11.79223235
2025/8/13 16:29,1.34389375,13.6540232,,,,,,,,,,
2025/8/13 16:29,,,0.98475825,11.84805729,,,,,,,,
2025/8/13 16:29,,,,,1.345369656,13.64098402,,,,,,
2025/8/13 16:29,,,,,,,0.984942445,11.82796676,,,,
2025/8/13 16:29,,,,,,,,,1.339994998,13.63852072,,
2025/8/13 16:29,,,,,,,,,,,0.9796577,11.82653955
2025/8/13 16:29,1.2488,13.66304866,,,,,,,,,,
2025/8/13 16:29,,,0.9869875,11.88240094,,,,,,,,
2025/8/13 16:29,,,,,1.251093538,13.64205055,,,,,,
2025/8/13 16:29,,,,,,,0.987167419,11.86228628,,,,
2025/8/13 16:29,,,,,,,,,1.242226687,13.63904061,,
2025/8/13 16:29,,,,,,,,,,,0.981857481,11.86086162
2025/8/13 16:29,1.43820625,13.75501591,,,,,,,,,,
2025/8/13 16:29,,,0.991110812,11.91766426,,,,,,,,
2025/8/13 16:29,,,,,1.442097993,13.71130027,,,,,,
2025/8/13 16:29,,,,,,,0.991322537,11.89715318,,,,
2025/8/13 16:29,,,,,,,,,1.426565022,13.70732571,,
2025/8/13 16:29,,,,,,,,,,,0.9858782,11.89571194
2025/8/13 16:29,1.43820625,13.75501591,,,,,,,,,,
2025/8/13 16:29,,,0.994202125,11.95223151,,,,,,,,
2025/8/13 16:29,,,,,1.441314699,13.7218728,,,,,,
2025/8/13 16:29,,,,,,,0.994414952,11.93160766,,,,
2025/8/13 16:29,,,,,,,,,1.429343005,13.71823804,,
2025/8/13 16:29,,,,,,,,,,,0.988917976,11.9301628
2025/8/13 16:29,1.3428,13.76465721,,,,,,,,,,
2025/8/13 16:29,,,0.997114687,11.98681312,,,,,,,,
2025/8/13 16:29,,,,,1.346635514,13.72352211,,,,,,
2025/8/13 16:29,,,,,,,0.997325887,11.9660786,,,,
2025/8/13 16:29,,,,,,,,,1.331417282,13.71958463,,
2025/8/13 16:29,,,,,,,,,,,0.991761727,11.96463191
2025/8/13 16:29,1.39471875,13.78964683,,,,,,,,,,
2025/8/13 16:29,,,1.000546437,12.02164463,,,,,,,,
2025/8/13 16:29,,,,,1.398906212,13.74228809,,,,,,
2025/8/13 16:29,,,,,,,1.000791599,12.0004831,,,,
2025/8/13 16:29,,,,,,,,,1.381766071,13.73813043,,
2025/8/13 16:29,,,,,,,,,,,0.99507921,11.99901773
2025/8/13 16:29,1.39471875,13.78964683,,,,,,,,,,
2025/8/13 16:29,,,1.003589125,12.05621491,,,,,,,,
2025/8/13 16:29,,,,,1.398146573,13.75289508,,,,,,
2025/8/13 16:29,,,,,,,1.003851373,12.03479889,,,,
2025/8/13 16:29,,,,,,,,,1.38489567,13.74918408,,
2025/8/13 16:29,,,,,,,,,,,0.998042367,12.03332112
2025/8/13 16:29,1.46411875,13.82267544,,,,,,,,,,
2025/8/13 16:29,,,1.00810425,12.09103628,,,,,,,,
2025/8/13 16:29,,,,,1.468029558,13.77767322,,,,,,
2025/8/13 16:29,,,,,,,1.008377517,12.06936456,,,,
2025/8/13 16:29,,,,,,,,,1.45223142,13.77367154,,
2025/8/13 16:29,,,,,,,,,,,1.002471401,12.06787834
2025/8/13 16:29,1.46411875,13.82267544,,,,,,,,,,
2025/8/13 16:29,,,1.013087937,12.12581284,,,,,,,,
2025/8/13 16:29,,,,,1.467295243,13.78835096,,,,,,
2025/8/13 16:29,,,,,,,1.013358597,12.10404085,,,,
2025/8/13 16:29,,,,,,,,,1.454425875,13.78485574,,
2025/8/13 16:29,,,,,,,,,,,1.007405083,12.10255543
2025/8/13 16:29,1.330025,13.83622179,,,,,,,,,,
2025/8/13 16:29,,,1.016730687,12.16072487,,,,,,,,
2025/8/13 16:29,,,,,1.334190154,13.79063844,,,,,,
2025/8/13 16:29,,,,,,,1.017051098,12.13845057,,,,
2025/8/13 16:29,,,,,,,,,1.316554638,13.78623326,,
2025/8/13 16:29,,,,,,,,,,,1.01089885,12.13689635
2025/8/13 16:29,1.38220625,13.86125557,,,,,,,,,,
2025/8/13 16:29,,,1.020505062,12.19562299,,,,,,,,
2025/8/13 16:29,,,,,1.386693338,13.80943228,,,,,,
2025/8/13 16:29,,,,,,,1.020870344,12.17283045,,,,
2025/8/13 16:29,,,,,,,,,1.367984759,13.80497055,,
2025/8/13 16:29,,,,,,,,,,,1.014534858,12.17123435
2025/8/13 16:29,1.38220625,13.86125557,,,,,,,,,,
2025/8/13 16:29,,,1.025062875,12.23044819,,,,,,,,
2025/8/13 16:29,,,,,1.385972375,13.82007246,,,,,,
2025/8/13 16:29,,,,,,,1.02545486,12.20730781,,,,
2025/8/13 16:29,,,,,,,,,1.370942483,13.81607244,,
2025/8/13 16:29,,,,,,,,,,,1.0189905,12.20569505
2025/8/13 16:29,1.41705625,13.87784031,,,,,,,,,,
2025/8/13 16:29,,,1.029577875,12.26517363,,,,,,,,
2025/8/13 16:29,,,,,1.421056042,13.83252144,,,,,,
2025/8/13 16:29,,,,,,,1.029989587,12.24171078,,,,
2025/8/13 16:29,,,,,,,,,1.404206459,13.82839312,,
2025/8/13 16:29,,,,,,,,,,,1.023403042,12.24008419
2025/8/13 16:29,1.41705625,13.87784031,,,,,,,,,,
2025/8/13 16:29,,,1.034879437,12.29982907,,,,,,,,
2025/8/13 16:29,,,,,1.41945958,13.85372442,,,,,,
2025/8/13 16:29,,,,,,,1.035283897,12.27633607,,,,
2025/8/13 16:29,,,,,,,,,1.410089896,13.85065507,,
2025/8/13 16:29,,,,,,,,,,,1.028680511,12.27471323
2025/8/13 16:29,1.539425,13.93522769,,,,,,,,,,
2025/8/13 16:29,,,1.040618687,12.33452577,,,,,,,,
2025/8/13 16:29,,,,,1.542788542,13.89679881,,,,,,
2025/8/13 16:29,,,,,,,1.04101143,12.31099444,,,,
2025/8/13 16:29,,,,,,,,,1.528866378,13.89309842,,
2025/8/13 16:29,,,,,,,,,,,1.034376764,12.30937586
2025/8/13 16:29,1.539425,13.93522769,,,,,,,,,,
2025/8/13 16:29,,,1.046357937,12.36922246,,,,,,,,
2025/8/13 16:29,,,,,1.542262712,13.90378007,,,,,,
2025/8/13 16:29,,,,,,,1.046807664,12.3451799,,,,
2025/8/13 16:29,,,,,,,,,1.530788908,13.9005371,,
2025/8/13 16:29,,,,,,,,,,,1.039992976,12.34349781
2025/8/13 16:29,1.59205625,13.95950776,,,,,,,,,,
2025/8/13 16:29,,,1.051833,12.40363493,,,,,,,,
2025/8/13 16:29,,,,,1.595269454,13.92195887,,,,,,
2025/8/13 16:29,,,,,,,1.052325284,12.37915302,,,,
2025/8/13 16:29,,,,,,,,,1.58257042,13.91837752,,
2025/8/13 16:29,,,,,,,,,,,1.045358205,12.37741404
2025/8/13 16:29,1.59205625,13.95950776,,,,,,,,,,
2025/8/13 16:29,,,1.058573062,12.43792944,,,,,,,,
2025/8/13 16:29,,,,,1.593664888,13.94305202,,,,,,
2025/8/13 16:29,,,,,,,1.059076261,12.41331143,,,,
2025/8/13 16:29,,,,,,,,,1.587981017,13.9405738,,
2025/8/13 16:29,,,,,,,,,,,1.052067943,12.4115689
2025/8/13 16:29,1.62720625,13.97558943,,,,,,,,,,
2025/8/13 16:29,,,1.065664625,12.47238478,,,,,,,,
2025/8/13 16:29,,,,,1.629123905,13.95513118,,,,,,
2025/8/13 16:29,,,,,,,1.066200139,12.44748314,,,,
2025/8/13 16:29,,,,,,,,,1.621222521,13.95228749,,
2025/8/13 16:29,,,,,,,,,,,1.059080389,12.4456848
2025/8/13 16:29,1.43458125,13.99667377,,,,,,,,,,
2025/8/13 16:29,,,1.071147437,12.50702375,,,,,,,,
2025/8/13 16:29,,,,,1.437937181,13.96015147,,,,,,
2025/8/13 16:29,,,,,,,1.071724858,12.48170962,,,,
2025/8/13 16:29,,,,,,,,,1.424456325,13.95636022,,
2025/8/13 16:29,,,,,,,,,,,1.064450732,12.47985187
2025/8/13 16:29,1.4874,14.02132808,,,,,,,,,,
2025/8/13 16:29,,,1.077158437,12.54190927,,,,,,,,
2025/8/13 16:29,,,,,1.491119478,13.97864714,,,,,,
2025/8/13 16:29,,,,,,,1.07780165,12.51597725,,,,
2025/8/13 16:29,,,,,,,,,1.475932551,13.9747013,,
2025/8/13 16:29,,,,,,,,,,,1.070306917,12.51404519
2025/8/13 16:29,1.42936875,14.02736272,,,,,,,,,,
2025/8/13 16:29,,,1.083385062,12.57679119,,,,,,,,
2025/8/13 16:29,,,,,1.433473524,13.9797842,,,,,,
2025/8/13 16:29,,,,,,,1.084087721,12.55027126,,,,
2025/8/13 16:29,,,,,,,,,1.416399459,13.97567057,,
2025/8/13 16:29,,,,,,,,,,,1.07638094,12.54827081
2025/8/13 16:29,1.447,14.03560797,,,,,,,,,,
2025/8/13 16:29,,,1.089788,12.61175556,,,,,,,,
2025/8/13 16:29,,,,,1.451205824,13.98596152,,,,,,
2025/8/13 16:29,,,,,,,1.090581817,12.58437269,,,,
2025/8/13 16:29,,,,,,,,,1.433412003,13.98167506,,
2025/8/13 16:29,,,,,,,,,,,1.082573316,12.58228584
2025/8/13 16:29,1.3306,14.04712083,,,,,,,,,,
2025/8/13 16:29,,,1.093566,12.64585263,,,,,,,,
2025/8/13 16:29,,,,,1.335610404,13.98785369,,,,,,
2025/8/13 16:29,,,,,,,1.094428539,12.61775658,,,,
2025/8/13 16:29,,,,,,,,,1.31331134,13.98290731,,
2025/8/13 16:29,,,,,,,,,,,1.086148218,12.61559008
2025/8/13 16:29,1.21375,14.05769935,,,,,,,,,,
2025/8/13 16:29,,,1.095237937,12.67944027,,,,,,,,
2025/8/13 16:29,,,,,1.219407718,13.98868092,,,,,,
2025/8/13 16:29,,,,,,,1.096157053,12.65065403,,,,
2025/8/13 16:29,,,,,,,,,1.193480311,13.98321219,,
2025/8/13 16:29,,,,,,,,,,,1.087614172,12.64845017
2025/8/13 16:29,1.2844,14.09158673,,,,,,,,,,
2025/8/13 16:29,,,1.097616375,12.71336678,,,,,,,,
2025/8/13 16:29,,,,,1.290268195,14.01418657,,,,,,
2025/8/13 16:29,,,,,,,1.098646264,12.68336955,,,,
2025/8/13 16:29,,,,,,,,,1.261945566,14.00853872,,
2025/8/13 16:29,,,,,,,,,,,1.089683223,12.68106439
2025/8/13 16:29,1.18668125,14.10015204,,,,,,,,,,
2025/8/13 16:29,,,1.098073937,12.74677151,,,,,,,,
2025/8/13 16:29,,,,,1.192783653,14.0145327,,,,,,
2025/8/13 16:29,,,,,,,1.099200622,12.71563688,,,,
2025/8/13 16:29,,,,,,,,,1.16077868,14.00826549,,
2025/8/13 16:29,,,,,,,,,,,1.089830735,12.71323457
2025/8/13 16:29,1.29303125,14.15104838,,,,,,,,,,
2025/8/13 16:29,,,1.098645187,12.78008558,,,,,,,,
2025/8/13 16:29,,,,,1.29862381,14.05262755,,,,,,
2025/8/13 16:29,,,,,,,1.099845512,12.74783803,,,,
2025/8/13 16:29,,,,,,,,,1.264571519,14.04658037,,
2025/8/13 16:29,,,,,,,,,,,1.090091218,12.74535071
2025/8/13 16:29,1.382,14.19287413,,,,,,,,,,
2025/8/13 16:29,,,1.099013125,12.81314224,,,,,,,,
2025/8/13 16:29,,,,,1.386497177,14.08378847,,,,,,
2025/8/13 16:29,,,,,,,1.100256844,12.77981359,,,,
2025/8/13 16:29,,,,,,,,,1.351273851,14.07784431,,
2025/8/13 16:29,,,,,,,,,,,1.090155745,12.77728636
2025/8/13 16:29,1.3036,14.20028968,,,,,,,,,,
2025/8/13 16:29,,,1.098597062,12.84627304,,,,,,,,
2025/8/13 16:29,,,,,1.305542112,14.08418885,,,,,,
2025/8/13 16:29,,,,,,,1.099873691,12.811685,,,,
2025/8/13 16:29,,,,,,,,,1.269644515,14.07818188,,
2025/8/13 16:29,,,,,,,,,,,1.089378988,12.8090714
2025/8/13 16:29,1.410775,14.25033733,,,,,,,,,,
2025/8/13 16:29,,,1.09925275,12.87990433,,,,,,,,
2025/8/13 16:29,,,,,1.410699444,14.12162901,,,,,,
2025/8/13 16:29,,,,,,,1.100557921,12.84378646,,,,
2025/8/13 16:29,,,,,,,,,1.37480805,14.11602357,,
2025/8/13 16:29,,,,,,,,,,,1.089636542,12.84108747
2025/8/13 16:29,1.31249375,14.25972511,,,,,,,,,,
2025/8/13 16:29,,,1.102464875,12.91325037,,,,,,,,
2025/8/13 16:29,,,,,1.308669484,14.12228653,,,,,,
2025/8/13 16:29,,,,,,,1.103719428,12.87583634,,,,
2025/8/13 16:29,,,,,,,,,1.272444605,14.1163467,,
2025/8/13 16:29,,,,,,,,,,,1.092467,12.87310301
2025/8/13 16:29,1.42011875,14.30970519,,,,,,,,,,
2025/8/13 16:29,,,1.107892062,12.94699886,,,,,,,,
2025/8/13 16:29,,,,,1.415599322,14.15996699,,,,,,
2025/8/13 16:29,,,,,,,1.109073739,12.90827704,,,,
2025/8/13 16:29,,,,,,,,,1.378185841,14.15404886,,
2025/8/13 16:29,,,,,,,,,,,1.097522027,12.90552035
2025/8/13 16:29,1.42011875,14.30970519,,,,,,,,,,
2025/8/13 16:29,,,1.111803312,12.97977476,,,,,,,,
2025/8/13 16:29,,,,,1.424892666,14.25127654,,,,,,
2025/8/13 16:29,,,,,,,1.112981977,12.94090248,,,,
2025/8/13 16:29,,,,,,,,,1.403580391,14.24661983,,
2025/8/13 16:29,,,,,,,,,,,1.101356745,12.9381458
2025/8/13 16:29,1.45609375,14.32619248,,,,,,,,,,
2025/8/13 16:29,,,1.114962312,13.01202067,,,,,,,,
2025/8/13 16:29,,,,,1.461016312,14.26362016,,,,,,
2025/8/13 16:29,,,,,,,1.116128821,12.97313452,,,,
2025/8/13 16:29,,,,,,,,,1.438261543,14.25880725,,
2025/8/13 16:29,,,,,,,,,,,1.104455381,12.97037797
2025/8/13 16:29,1.2784,14.34314099,,,,,,,,,,
2025/8/13 16:29,,,1.115785375,13.04409259,,,,,,,,
2025/8/13 16:29,,,,,1.284275395,14.26595547,,,,,,
2025/8/13 16:29,,,,,,,1.11694585,13.00513536,,,,
2025/8/13 16:29,,,,,,,,,1.255323324,14.26007595,,
2025/8/13 16:29,,,,,,,,,,,1.105186166,13.00237086
2025/8/13 16:29,1.386625,14.39336205,,,,,,,,,,
2025/8/13 16:29,,,1.116707625,13.07607201,,,,,,,,
2025/8/13 16:29,,,,,1.392662052,14.30368934,,,,,,
2025/8/13 16:29,,,,,,,1.117864214,13.03707604,,,,
2025/8/13 16:29,,,,,,,,,1.360841326,14.29782543,,
2025/8/13 16:29,,,,,,,,,,,1.106012074,13.03430364
2025/8/13 16:29,1.2676,14.40433234,,,,,,,,,,
2025/8/13 16:29,,,1.119230812,13.10787359,,,,,,,,
2025/8/13 16:29,,,,,1.273073303,14.30447302,,,,,,
2025/8/13 16:29,,,,,,,1.120443222,13.06903775,,,,
2025/8/13 16:29,,,,,,,,,1.237688364,14.29828838,,
2025/8/13 16:29,,,,,,,,,,,1.108477767,13.06625514
2025/8/13 16:29,1.303775,14.42118479,,,,,,,,,,
2025/8/13 16:29,,,1.1237745,13.13970598,,,,,,,,
2025/8/13 16:29,,,,,1.308820353,14.31705488,,,,,,
2025/8/13 16:29,,,,,,,1.125072099,13.10115993,,,,
2025/8/13 16:29,,,,,,,,,1.272767114,14.31087226,,
2025/8/13 16:29,,,,,,,,,,,1.113002651,13.09837433
2025/8/13 16:29,1.16434375,14.43311136,,,,,,,,,,
2025/8/13 16:29,,,1.128427437,13.17155411,,,,,,,,
2025/8/13 16:29,,,,,1.164745313,14.3167425,,,,,,
2025/8/13 16:29,,,,,,,1.129770829,13.1333246,,,,
2025/8/13 16:29,,,,,,,,,1.128041989,14.31051064,,
2025/8/13 16:29,,,,,,,,,,,1.117648219,13.13055434
2025/8/13 16:29,1.255,14.47569946,,,,,,,,,,
2025/8/13 16:29,,,1.135500625,13.20374426,,,,,,,,
2025/8/13 16:29,,,,,1.253496223,14.34875786,,,,,,
2025/8/13 16:29,,,,,,,1.136878539,13.16587411,,,,
2025/8/13 16:29,,,,,,,,,1.216598995,14.34259015,,
2025/8/13 16:29,,,,,,,,,,,1.124745703,13.16313401
2025/8/13 16:29,1.135,14.48560233,,,,,,,,,,
2025/8/13 16:29,,,1.142727812,13.23597572,,,,,,,,
2025/8/13 16:29,,,,,1.130416082,14.34847808,,,,,,
2025/8/13 16:29,,,,,,,1.144117009,13.19849467,,,,
2025/8/13 16:29,,,,,,,,,1.091107578,14.34154247,,
2025/8/13 16:29,,,,,,,,,,,1.132002866,13.19579368
2025/8/13 16:29,1.22596875,14.52836538,,,,,,,,,,
2025/8/13 16:29,,,1.1523975,13.26858913,,,,,,,,
2025/8/13 16:29,,,,,1.22119017,14.38099906,,,,,,
2025/8/13 16:29,,,,,,,1.153805288,13.23154233,,,,
2025/8/13 16:29,,,,,,,,,1.180318935,14.37407327,,
2025/8/13 16:29,,,,,,,,,,,1.141759454,13.2289052
2025/8/13 16:29,1.22596875,14.52836538,,,,,,,,,,
2025/8/13 16:29,,,1.163782187,13.30117619,,,,,,,,
2025/8/13 16:29,,,,,1.231430904,14.46170476,,,,,,
2025/8/13 16:29,,,,,,,1.165322212,13.26553412,,,,
2025/8/13 16:29,,,,,,,,,1.20505928,14.45623496,,
2025/8/13 16:29,,,,,,,,,,,1.153567574,13.2630044
2025/8/13 16:29,1.29896875,14.56217979,,,,,,,,,,
2025/8/13 16:29,,,1.176586375,13.33409814,,,,,,,,
2025/8/13 16:29,,,,,1.304721054,14.48726498,,,,,,
2025/8/13 16:29,,,,,,,1.17826632,13.29984351,,,,
2025/8/13 16:29,,,,,,,,,1.275941448,14.48146042,,
2025/8/13 16:29,,,,,,,,,,,1.166805638,13.2974284
2025/8/13 16:29,1.29896875,14.56217979,,,,,,,,,,
2025/8/13 16:29,,,1.189736062,13.36702005,,,,,,,,
2025/8/13 16:29,,,,,1.302086004,14.5297484,,,,,,
2025/8/13 16:29,,,,,,,1.191532032,13.3346103,,,,
2025/8/13 16:29,,,,,,,,,1.288815884,14.52606314,,
2025/8/13 16:29,,,,,,,,,,,1.180541809,13.33233858
2025/8/13 16:29,1.3905,14.60395185,,,,,,,,,,
2025/8/13 16:29,,,1.203974,13.40036006,,,,,,,,
2025/8/13 16:29,,,,,1.394256504,14.56130863,,,,,,
2025/8/13 16:29,,,,,,,1.205893628,13.36970936,,,,
2025/8/13 16:29,,,,,,,,,1.377198379,14.55711407,,
2025/8/13 16:29,,,,,,,,,,,1.195337539,13.36757809
2025/8/13 16:29,1.3905,14.60395185,,,,,,,,,,
2025/8/13 16:29,,,1.212768437,13.43001172,,,,,,,,
2025/8/13 16:29,,,,,1.390995838,14.59979948,,,,,,
2025/8/13 16:29,,,,,,,1.21479731,13.40235523,,,,
2025/8/13 16:29,,,,,,,,,1.388410482,14.59767693,,
2025/8/13 16:29,,,,,,,,,,,1.204959001,13.40039267
2025/8/13 16:29,1.48234375,14.6451718,,,,,,,,,,
2025/8/13 16:29,,,1.222481312,13.46007559,,,,,,,,
2025/8/13 16:29,,,,,1.483787527,14.63093936,,,,,,
2025/8/13 16:29,,,,,,,1.224489629,13.43251054,,,,
2025/8/13 16:29,,,,,,,,,1.477628441,14.62818289,,
2025/8/13 16:29,,,,,,,,,,,1.214699155,13.43056425
2025/8/13 16:29,1.1399,14.67579735,,,,,,,,,,
2025/8/13 16:29,,,1.229116,13.49043102,,,,,,,,
2025/8/13 16:29,,,,,1.143857707,14.63463953,,,,,,
2025/8/13 16:29,,,,,,,1.23112475,13.46271855,,,,
2025/8/13 16:29,,,,,,,,,1.125999743,14.63004936,,
2025/8/13 16:29,,,,,,,,,,,1.221276977,13.46077256
2025/8/13 16:29,1.23205625,14.71852361,,,,,,,,,,
2025/8/13 16:29,,,1.23667225,13.52121372,,,,,,,,
2025/8/13 16:29,,,,,1.236588368,14.66702825,,,,,,
2025/8/13 16:29,,,,,,,1.238772673,13.49222821,,,,
2025/8/13 16:29,,,,,,,,,1.215822959,14.6621219,,
2025/8/13 16:29,,,,,,,,,,,1.228453444,13.49016686
2025/8/13 16:29,1.15095625,14.72508743,,,,,,,,,,
2025/8/13 16:29,,,1.24376425,13.55204838,,,,,,,,
2025/8/13 16:29,,,,,1.156016677,14.66724861,,,,,,
2025/8/13 16:29,,,,,,,1.245967561,13.52175959,,,,
2025/8/13 16:29,,,,,,,,,1.13174922,14.66196269,,
2025/8/13 16:29,,,,,,,,,,,1.235143653,13.51957694
2025/8/13 16:29,1.243425,14.76774506,,,,,,,,,,
2025/8/13 16:29,,,1.251780937,13.58330961,,,,,,,,
2025/8/13 16:29,,,,,1.248919482,14.69958713,,,,,,
2025/8/13 16:29,,,,,,,1.253976125,13.55045144,,,,
2025/8/13 16:29,,,,,,,,,1.2212786,14.6940062,,
2025/8/13 16:29,,,,,,,,,,,1.242415311,13.54809902
2025/8/13 16:29,1.162125,14.77436515,,,,,,,,,,
2025/8/13 16:29,,,1.258984625,13.61463705,,,,,,,,
2025/8/13 16:29,,,,,1.168012415,14.69975501,,,,,,
2025/8/13 16:29,,,,,,,1.261172026,13.57903463,,,,
2025/8/13 16:29,,,,,,,,,1.137312826,14.69365141,,
2025/8/13 16:29,,,,,,,,,,,1.248820926,13.57650102
2025/8/13 16:29,1.2735,14.8254038,,,,,,,,,,
2025/8/13 16:29,,,1.267302062,13.64647487,,,,,,,,
2025/8/13 16:29,,,,,1.279588833,14.73831822,,,,,,
2025/8/13 16:29,,,,,,,1.269480111,13.60789312,,,,
2025/8/13 16:29,,,,,,,,,1.245354721,14.73200082,,
2025/8/13 16:29,,,,,,,,,,,1.256273337,13.60516898
2025/8/13 16:29,1.21239375,14.830526,,,,,,,,,,
2025/8/13 16:29,,,1.276400437,13.67831943,,,,,,,,
2025/8/13 16:29,,,,,1.218433489,14.73843758,,,,,,
2025/8/13 16:29,,,,,,,1.27856888,13.63682849,,,,
2025/8/13 16:29,,,,,,,,,1.182797371,14.73201909,,
2025/8/13 16:29,,,,,,,,,,,1.264497808,13.63391148
2025/8/13 16:29,1.3429,14.88956412,,,,,,,,,,
2025/8/13 16:29,,,1.287502875,13.7107383,,,,,,,,
2025/8/13 16:29,,,,,1.348104007,14.78272452,,,,,,
2025/8/13 16:29,,,,,,,1.289653601,13.66625038,,,,
2025/8/13 16:29,,,,,,,,,1.309710385,14.77640675,,
2025/8/13 16:29,,,,,,,,,,,1.27468902,13.66313731
2025/8/13 16:29,1.28168125,14.89495865,,,,,,,,,,
2025/8/13 16:29,,,1.297993125,13.74321112,,,,,,,,
2025/8/13 16:29,,,,,1.285245978,14.7828577,,,,,,
2025/8/13 16:29,,,,,,,1.300104552,13.69552594,,,,
2025/8/13 16:29,,,,,,,,,1.246368543,14.77664493,,
2025/8/13 16:29,,,,,,,,,,,1.284204616,13.69220974
2025/8/13 16:29,1.375275,14.9368209,,,,,,,,,,
2025/8/13 16:29,,,1.295963625,13.76817644,,,,,,,,
2025/8/13 16:29,,,,,1.37710743,14.81424138,,,,,,
2025/8/13 16:29,,,,,,,1.298100737,13.71920412,,,,
2025/8/13 16:29,,,,,,,,,1.337706639,14.80810582,,
2025/8/13 16:29,,,,,,,,,,,1.28178044,13.71580642
2025/8/13 16:29,1.2525,14.94761666,,,,,,,,,,
2025/8/13 16:29,,,1.292706375,13.79324971,,,,,,,,
2025/8/13 16:29,,,,,1.249523836,14.81459294,,,,,,
2025/8/13 16:29,,,,,,,1.294834783,13.74274417,,,,
2025/8/13 16:29,,,,,,,,,1.209943759,14.80810928,,
2025/8/13 16:29,,,,,,,,,,,1.278050175,13.73925353
2025/8/13 16:29,1.34640625,14.98965277,,,,,,,,,,
2025/8/13 16:29,,,1.288181437,13.81762876,,,,,,,,
2025/8/13 16:29,,,,,1.341992578,14.8463009,,,,,,
2025/8/13 16:29,,,,,,,1.290260108,13.76574063,,,,
2025/8/13 16:29,,,,,,,,,1.302241317,14.84013025,,
2025/8/13 16:29,,,,,,,,,,,1.273098072,13.76220949
2025/8/13 16:29,1.24375,14.99851946,,,,,,,,,,
2025/8/13 16:29,,,1.284738938,13.84181226,,,,,,,,
2025/8/13 16:29,,,,,1.238903398,14.84702159,,,,,,
2025/8/13 16:29,,,,,,,1.286744661,13.78865703,,,,
2025/8/13 16:29,,,,,,,,,1.195279103,14.83985206,,
2025/8/13 16:29,,,,,,,,,,,1.269222171,13.78508309
2025/8/13 16:29,1.26256875,15.00698238,,,,,,,,,,
2025/8/13 16:29,,,1.282723188,13.86593024,,,,,,,,
2025/8/13 16:29,,,,,1.257689222,14.85345973,,,,,,
2025/8/13 16:29,,,,,,,1.28464509,13.81160192,,,,
2025/8/13 16:29,,,,,,,,,1.213637421,14.84646547,,
2025/8/13 16:29,,,,,,,,,,,1.266796804,13.80799465
2025/8/13 16:29,1.077,15.02144038,,,,,,,,,,
2025/8/13 16:29,,,1.279740188,13.89009269,,,,,,,,
2025/8/13 16:29,,,,,1.071291175,14.85329513,,,,,,
2025/8/13 16:29,,,,,,,1.281562516,13.83452621,,,,
2025/8/13 16:29,,,,,,,,,1.019200406,14.84437721,,
2025/8/13 16:29,,,,,,,,,,,1.26334052,13.83087072
2025/8/13 16:29,1.13353125,15.04736545,,,,,,,,,,
2025/8/13 16:29,,,1.2773225,13.91451439,,,,,,,,
2025/8/13 16:29,,,,,1.127723657,14.87312073,,,,,,
2025/8/13 16:29,,,,,,,1.27906515,13.85739962,,,,
2025/8/13 16:29,,,,,,,,,1.07521036,14.86422573,,
2025/8/13 16:29,,,,,,,,,,,1.260388446,13.85368326
2025/8/13 16:29,0.9885,15.05758838,,,,,,,,,,
2025/8/13 16:29,,,1.274703563,13.9389083,,,,,,,,
2025/8/13 16:29,,,,,0.982000084,14.87198424,,,,,,
2025/8/13 16:29,,,,,,,1.276348158,13.88024408,,,,
2025/8/13 16:29,,,,,,,,,0.922415044,14.86160179,,
2025/8/13 16:29,,,,,,,,,,,1.257187269,13.87646116
2025/8/13 16:29,0.94695,15.06025849,,,,,,,,,,
2025/8/13 16:29,,,1.269918063,13.96240775,,,,,,,,
2025/8/13 16:29,,,,,0.940245445,14.87141565,,,,,,
2025/8/13 16:29,,,,,,,1.27144794,13.90239423,,,,
2025/8/13 16:29,,,,,,,,,0.878357228,14.86033044,,
2025/8/13 16:29,,,,,,,,,,,1.251844451,13.89854352
2025/8/13 16:29,0.84285625,15.06644262,,,,,,,,,,
2025/8/13 16:29,,,1.265526625,13.9858163,,,,,,,,
2025/8/13 16:29,,,,,0.835626891,14.86951579,,,,,,
2025/8/13 16:29,,,,,,,1.266926783,13.92450375,,,,
2025/8/13 16:29,,,,,,,,,0.768696707,14.85703861,,
2025/8/13 16:29,,,,,,,,,,,1.246877958,13.92057897
2025/8/13 16:29,0.99415625,15.13738925,,,,,,,,,,
2025/8/13 16:29,,,1.264272125,14.00978118,,,,,,,,
2025/8/13 16:29,,,,,0.986681693,14.92414413,,,,,,
2025/8/13 16:29,,,,,,,1.265536084,13.94715642,,,,
2025/8/13 16:29,,,,,,,,,0.917264283,14.91192658,,
2025/8/13 16:29,,,,,,,,,,,1.245074364,13.94316953
2025/8/13 16:29,0.99415625,15.13738925,,,,,,,,,,
2025/8/13 16:29,,,1.264469625,14.03362679,,,,,,,,
2025/8/13 16:29,,,,,0.995262369,15.12854126,,,,,,
2025/8/13 16:29,,,,,,,1.265712378,13.97187346,,,,
2025/8/13 16:29,,,,,,,,,0.990314016,15.12588673,,
2025/8/13 16:29,,,,,,,,,,,1.245498689,13.96791969
2025/8/13 16:29,1.089125,15.18098174,,,,,,,,,,
2025/8/13 16:29,,,1.267076813,14.05780516,,,,,,,,
2025/8/13 16:29,,,,,1.091216092,15.16190171,,,,,,
2025/8/13 16:29,,,,,,,1.268359067,13.99696027,,,,
2025/8/13 16:29,,,,,,,,,1.081832304,15.15876809,,
2025/8/13 16:29,,,,,,,,,,,1.248354903,13.99304034
2025/8/13 16:29,1.005625,15.18674153,,,,,,,,,,
2025/8/13 16:29,,,1.268849,14.08204114,,,,,,,,
2025/8/13 16:29,,,,,1.008349485,15.16143959,,,,,,
2025/8/13 16:29,,,,,,,1.270106248,14.02177298,,,,
2025/8/13 16:29,,,,,,,,,0.996329445,15.1579424,,
2025/8/13 16:29,,,,,,,,,,,1.250282123,14.01788521
2025/8/13 16:29,1.005625,15.18674153,,,,,,,,,,
2025/8/13 16:29,,,1.266259,14.10392228,,,,,,,,
2025/8/13 16:29,,,,,1.001858326,15.22418202,,,,,,
2025/8/13 16:29,,,,,,,1.267521727,14.04545168,,,,
2025/8/13 16:29,,,,,,,,,1.019599927,15.22874302,,
2025/8/13 16:29,,,,,,,,,,,1.248188281,14.04166593
2025/8/13 16:29,1.005625,15.18674153,,,,,,,,,,
2025/8/13 16:29,,,1.265321063,14.12565327,,,,,,,,
2025/8/13 16:29,,,,,1.000141995,15.24885985,,,,,,
2025/8/13 16:29,,,,,,,1.266579961,14.06937569,,,,
2025/8/13 16:29,,,,,,,,,1.028498228,15.25494054,,
2025/8/13 16:29,,,,,,,,,,,1.247909048,14.06572395
2025/8/13 16:29,0.88,15.19453849,,,,,,,,,,
2025/8/13 16:29,,,1.263126875,14.14746224,,,,,,,,
2025/8/13 16:29,,,,,0.87492486,15.24729942,,,,,,
2025/8/13 16:29,,,,,,,1.264288248,14.09265392,,,,
2025/8/13 16:29,,,,,,,,,0.900339319,15.25318154,,
2025/8/13 16:29,,,,,,,,,,,1.246180883,14.08912286
2025/8/13 16:29,0.88,15.19453849,,,,,,,,,,
2025/8/13 16:29,,,1.260932688,14.1692712,,,,,,,,
2025/8/13 16:29,,,,,0.873657906,15.27586883,,,,,,
2025/8/13 16:29,,,,,,,1.262001806,14.11552548,,,,
2025/8/13 16:29,,,,,,,,,0.910538959,15.28329148,,
2025/8/13 16:29,,,,,,,,,,,1.244366857,14.11210544
2025/8/13 16:29,1.070875,15.28252684,,,,,,,,,,
2025/8/13 16:29,,,1.26064725,14.19196005,,,,,,,,
2025/8/13 16:29,,,,,1.065581209,15.34264803,,,,,,
2025/8/13 16:29,,,,,,,1.261688315,14.13860642,,,,
2025/8/13 16:29,,,,,,,,,1.092064477,15.34830881,,
2025/8/13 16:29,,,,,,,,,,,1.244230841,14.1352085
2025/8/13 16:29,1.070875,15.28252684,,,,,,,,,,
2025/8/13 16:29,,,1.262024,14.21451915,,,,,,,,
2025/8/13 16:29,,,,,1.064920508,15.35692641,,,,,,
2025/8/13 16:29,,,,,,,1.26301543,14.16184106,,,,
2025/8/13 16:29,,,,,,,,,1.097427203,15.36330852,,
2025/8/13 16:29,,,,,,,,,,,1.245845122,14.15848411
2025/8/13 16:29,1.16678125,15.32564914,,,,,,,,,,
2025/8/13 16:29,,,1.264359813,14.23750948,,,,,,,,
2025/8/13 16:29,,,,,1.161465354,15.38960456,,,,,,
2025/8/13 16:29,,,,,,,1.265324345,14.18526188,,,,
2025/8/13 16:29,,,,,,,,,1.188373371,15.39502808,,
2025/8/13 16:29,,,,,,,,,,,1.248331296,14.18192459
2025/8/13 16:29,1.16678125,15.32564914,,,,,,,,,,
2025/8/13 16:29,,,1.268181625,14.26040187,,,,,,,,
2025/8/13 16:29,,,,,1.160813413,15.40380847,,,,,,
2025/8/13 16:29,,,,,,,1.26909911,14.20885063,,,,
2025/8/13 16:29,,,,,,,,,1.193591556,15.41017022,,
2025/8/13 16:29,,,,,,,,,,,1.252387889,14.20555109
2025/8/13 16:29,1.263,15.36818893,,,,,,,,,,
2025/8/13 16:29,,,1.273338375,14.28369775,,,,,,,,
2025/8/13 16:29,,,,,1.25763011,15.43593895,,,,,,
2025/8/13 16:29,,,,,,,1.274210744,14.23276925,,,,
2025/8/13 16:29,,,,,,,,,1.285569358,15.44154994,,
2025/8/13 16:29,,,,,,,,,,,1.257748107,14.22950145
2025/8/13 16:29,1.0104,15.38686101,,,,,,,,,,
2025/8/13 16:29,,,1.275969125,14.30718035,,,,,,,,
2025/8/13 16:29,,,,,1.005781805,15.43569557,,,,,,
2025/8/13 16:29,,,,,,,1.276825429,14.25650948,,,,
2025/8/13 16:29,,,,,,,,,1.028172428,15.44085806,,
2025/8/13 16:29,,,,,,,,,,,1.260482203,14.25325425
2025/8/13 16:29,1.0104,15.38686101,,,,,,,,,,
2025/8/13 16:29,,,1.276631875,14.32958755,,,,,,,,
2025/8/13 16:29,,,,,1.004129199,15.47130142,,,,,,
2025/8/13 16:29,,,,,,,1.277425471,14.27976108,,,,
2025/8/13 16:29,,,,,,,,,1.041078903,15.47830887,,
2025/8/13 16:29,,,,,,,,,,,1.261453407,14.27658078
2025/8/13 16:29,1.10693125,15.43034683,,,,,,,,,,
2025/8/13 16:29,,,1.278259938,14.35242961,,,,,,,,
2025/8/13 16:29,,,,,1.10105111,15.50420641,,,,,,
2025/8/13 16:29,,,,,,,1.279035831,14.30297722,,,,
2025/8/13 16:29,,,,,,,,,1.132653882,15.51044064,,
2025/8/13 16:29,,,,,,,,,,,1.263224534,14.29981398
2025/8/13 16:29,1.10693125,15.43034683,,,,,,,,,,
2025/8/13 16:29,,,1.27823425,14.37439736,,,,,,,,
2025/8/13 16:29,,,,,1.102618065,15.537013,,,,,,
2025/8/13 16:29,,,,,,,1.278985889,14.32585766,,,,
2025/8/13 16:29,,,,,,,,,1.143441244,15.54366869,,
2025/8/13 16:29,,,,,,,,,,,1.2635173,14.32273153
2025/8/13 16:29,1.203775,15.47324548,,,,,,,,,,
2025/8/13 16:29,,,1.279177,14.3967941,,,,,,,,
2025/8/13 16:29,,,,,1.197598877,15.56881632,,,,,,
2025/8/13 16:29,,,,,,,1.279899542,14.34891501,,,,
2025/8/13 16:29,,,,,,,,,1.235930601,15.57544752,,
2025/8/13 16:29,,,,,,,,,,,1.264698431,14.34581799
2025/8/13 16:29,1.203775,15.47324548,,,,,,,,,,
2025/8/13 16:29,,,1.27744775,14.41783352,,,,,,,,
2025/8/13 16:29,,,,,1.207199673,15.60955349,,,,,,
2025/8/13 16:29,,,,,,,1.278204089,14.37132068,,,,
2025/8/13 16:29,,,,,,,,,1.248281663,15.61589713,,
2025/8/13 16:29,,,,,,,,,,,1.263418399,14.36830414
2025/8/13 16:29,1.119175,15.47959455,,,,,,,,,,
2025/8/13 16:29,,,1.2748725,14.43893642,,,,,,,,
2025/8/13 16:29,,,,,1.121855413,15.60958792,,,,,,
2025/8/13 16:29,,,,,,,1.275683851,14.3934439,,,,
2025/8/13 16:29,,,,,,,,,1.163018998,15.61606801,,
2025/8/13 16:29,,,,,,,,,,,1.261203347,14.3904584
2025/8/13 16:29,1.29428125,15.55625071,,,,,,,,,,
2025/8/13 16:29,,,1.275356875,14.4606776,,,,,,,,
2025/8/13 16:29,,,,,1.288988053,15.66617351,,,,,,
2025/8/13 16:29,,,,,,,1.276134553,14.41611681,,,,
2025/8/13 16:29,,,,,,,,,1.329695436,15.67271645,,
2025/8/13 16:29,,,,,,,,,,,1.261993182,14.41316905
2025/8/13 16:29,1.12448125,15.56944578,,,,,,,,,,
2025/8/13 16:29,,,1.273133,14.48204561,,,,,,,,
2025/8/13 16:29,,,,,1.11842478,15.66649139,,,,,,
2025/8/13 16:29,,,,,,,1.273855736,14.43841134,,,,
2025/8/13 16:29,,,,,,,,,1.157974413,15.6733043,,
2025/8/13 16:29,,,,,,,,,,,1.260086114,14.43550997
2025/8/13 16:29,2.64425,15.38440905,,,,,,,,,,
2025/8/13 16:29,,,1.286106813,14.50156325,,,,,,,,
2025/8/13 16:29,,,,,2.639261136,15.59986511,,,,,,
2025/8/13 16:29,,,,,,,1.286796392,14.45993475,,,,
2025/8/13 16:29,,,,,,,,,2.677557367,15.60326598,,
2025/8/13 16:29,,,,,,,,,,,1.273350748,14.4570417
2025/8/13 16:29,2.6035,15.39135757,,,,,,,,,,
2025/8/13 16:29,,,1.299235813,14.52109515,,,,,,,,
2025/8/13 16:29,,,,,2.598634349,15.60352133,,,,,,
2025/8/13 16:29,,,,,,,1.299888915,14.48148726,,,,
2025/8/13 16:29,,,,,,,,,2.637070246,15.60693434,,
2025/8/13 16:29,,,,,,,,,,,1.286780336,14.47860175
2025/8/13 16:29,2.399,15.42455507,,,,,,,,,,
2025/8/13 16:29,,,1.3081155,14.53988086,,,,,,,,
2025/8/13 16:29,,,,,2.395163769,15.62035166,,,,,,
2025/8/13 16:29,,,,,,,1.30871628,14.50236177,,,,
2025/8/13 16:29,,,,,,,,,2.434406274,15.6239172,,
2025/8/13 16:29,,,,,,,,,,,1.296049853,14.49953607
2025/8/13 16:29,2.25510625,15.4462486,,,,,,,,,,
2025/8/13 16:29,,,1.31555625,14.55888351,,,,,,,,
2025/8/13 16:29,,,,,2.251977405,15.63061578,,,,,,
2025/8/13 16:29,,,,,,,1.316122517,14.52323409,,,,
2025/8/13 16:29,,,,,,,,,2.291527069,15.63449076,,
2025/8/13 16:29,,,,,,,,,,,1.30386879,14.52046682
2025/8/13 16:29,2.1106,15.46665664,,,,,,,,,,
2025/8/13 16:29,,,1.322680688,14.57796908,,,,,,,,
2025/8/13 16:29,,,,,2.108027515,15.63963805,,,,,,
2025/8/13 16:29,,,,,,,1.323207572,14.54417103,,,,
2025/8/13 16:29,,,,,,,,,2.148209068,15.64396804,,
2025/8/13 16:29,,,,,,,,,,,1.311404008,14.54147304
2025/8/13 16:29,1.98625,15.48311696,,,,,,,,,,
2025/8/13 16:29,,,1.328561625,14.59721926,,,,,,,,
2025/8/13 16:29,,,,,1.983866847,15.64636158,,,,,,
2025/8/13 16:29,,,,,,,1.32905833,14.56510526,,,,
2025/8/13 16:29,,,,,,,,,2.02388447,15.65077476,,
2025/8/13 16:29,,,,,,,,,,,1.317676333,14.56247214
2025/8/13 16:29,1.86145,15.49861619,,,,,,,,,,
2025/8/13 16:29,,,1.334138625,14.61653039,,,,,,,,
2025/8/13 16:29,,,,,1.858975992,15.65214313,,,,,,
2025/8/13 16:29,,,,,,,1.334595515,14.5860823,,,,
2025/8/13 16:29,,,,,,,,,1.899177772,15.65699513,,
2025/8/13 16:29,,,,,,,,,,,1.323667655,14.58352415
2025/8/13 16:29,1.75710625,15.5107923,,,,,,,,,,
2025/8/13 16:29,,,1.33781875,14.6355454,,,,,,,,
2025/8/13 16:29,,,,,1.75445476,15.6562493,,,,,,
2025/8/13 16:29,,,,,,,1.338225204,14.60678623,,,,
2025/8/13 16:29,,,,,,,,,1.794855561,15.661208,,
2025/8/13 16:29,,,,,,,,,,,1.327789498,14.60430797
2025/8/13 16:29,2.368,15.7429024,,,,,,,,,,
2025/8/13 16:29,,,1.348744813,14.65677024,,,,,,,,
2025/8/13 16:29,,,,,2.3641294,15.82572258,,,,,,
2025/8/13 16:29,,,,,,,1.34907946,14.62916918,,,,
2025/8/13 16:29,,,,,,,,,2.384336553,15.82910376,,
2025/8/13 16:29,,,,,,,,,,,1.338971277,14.62676153
2025/8/13 16:29,2.2004,15.7672014,,,,,,,,,,
2025/8/13 16:29,,,1.357309875,14.67790203,,,,,,,,
2025/8/13 16:29,,,,,2.196693784,15.83678755,,,,,,
2025/8/13 16:29,,,,,,,1.357568789,14.65140948,,,,
2025/8/13 16:29,,,,,,,,,2.215713784,15.84023326,,
2025/8/13 16:29,,,,,,,,,,,1.347801121,14.64907791
2025/8/13 16:29,2.42005625,15.84626857,,,,,,,,,,
2025/8/13 16:29,,,1.3680715,14.69982448,,,,,,,,
2025/8/13 16:29,,,,,2.417627047,15.89457912,,,,,,
2025/8/13 16:29,,,,,,,1.368291363,14.67394543,,,,
2025/8/13 16:29,,,,,,,,,2.429507565,15.89710674,,
2025/8/13 16:29,,,,,,,,,,,1.358696247,14.67166378
2025/8/13 16:29,2.29383125,15.86503193,,,,,,,,,,
2025/8/13 16:29,,,1.378521813,14.72184431,,,,,,,,
2025/8/13 16:29,,,,,2.291665347,15.90337774,,,,,,
2025/8/13 16:29,,,,,,,1.378697081,14.6965587,,,,
2025/8/13 16:29,,,,,,,,,2.301792748,15.90599577,,
2025/8/13 16:29,,,,,,,,,,,1.369291908,14.69433333
2025/8/13 16:29,2.41428125,15.90783914,,,,,,,,,,
2025/8/13 16:29,,,1.388282563,14.74337255,,,,,,,,
2025/8/13 16:29,,,,,2.412793892,15.93464397,,,,,,
2025/8/13 16:29,,,,,,,1.38840404,14.71879214,,,,
2025/8/13 16:29,,,,,,,,,2.419776921,15.93685161,,
2025/8/13 16:29,,,,,,,,,,,1.379224027,14.71662859
2025/8/13 16:29,2.41428125,15.90783914,,,,,,,,,,
2025/8/13 16:29,,,1.398043313,14.76490078,,,,,,,,
2025/8/13 16:29,,,,,2.410919483,15.97982475,,,,,,
2025/8/13 16:29,,,,,,,1.398100088,14.74137166,,,,
2025/8/13 16:29,,,,,,,,,2.428066676,15.98284659,,
2025/8/13 16:29,,,,,,,,,,,1.389211263,14.73927467
2025/8/13 16:29,2.41428125,15.90783914,,,,,,,,,,
2025/8/13 16:29,,,1.408758125,14.7863326,,,,,,,,
2025/8/13 16:29,,,,,2.409393079,16.02869189,,,,,,
2025/8/13 16:29,,,,,,,1.408727664,14.76442336,,,,
2025/8/13 16:29,,,,,,,,,2.437033515,16.03229559,,
2025/8/13 16:29,,,,,,,,,,,1.400267426,14.76240178
2025/8/13 16:29,2.30875,15.92349753,,,,,,,,,,
2025/8/13 16:29,,,1.417898438,14.8076711,,,,,,,,
2025/8/13 16:29,,,,,2.303835138,16.03607521,,,,,,
2025/8/13 16:29,,,,,,,1.417776953,14.78736123,,,,
2025/8/13 16:29,,,,,,,,,2.33156048,16.03992151,,
2025/8/13 16:29,,,,,,,,,,,1.40976537,14.78541969
2025/8/13 16:29,2.47005,15.98023007,,,,,,,,,,
2025/8/13 16:29,,,1.42865175,14.82957694,,,,,,,,
2025/8/13 16:29,,,,,2.465981831,16.07724508,,,,,,
2025/8/13 16:29,,,,,,,1.428455306,14.81060473,,,,
2025/8/13 16:29,,,,,,,,,2.488457396,16.08065323,,
2025/8/13 16:29,,,,,,,,,,,1.420800987,14.80873438
2025/8/13 16:29,2.47005,15.98023007,,,,,,,,,,
2025/8/13 16:29,,,1.438711063,14.85115248,,,,,,,,
2025/8/13 16:29,,,,,2.464858094,16.1227005,,,,,,
2025/8/13 16:29,,,,,,,1.438423591,14.834055,,,,
2025/8/13 16:29,,,,,,,,,2.496036678,16.12644381,,
2025/8/13 16:29,,,,,,,,,,,1.43123904,14.83226211
2025/8/13 16:29,2.30055,16.0055106,,,,,,,,,,
2025/8/13 16:29,,,1.447075375,14.87298083,,,,,,,,
2025/8/13 16:29,,,,,2.295185295,16.13468283,,,,,,
2025/8/13 16:29,,,,,,,1.446702491,14.85751832,,,,
2025/8/13 16:29,,,,,,,,,2.327429222,16.13879726,,
2025/8/13 16:29,,,,,,,,,,,1.439969073,14.85580152
2025/8/13 16:29,2.5033,16.07626788,,,,,,,,,,
2025/8/13 16:29,,,1.458808125,14.8953813,,,,,,,,
2025/8/13 16:29,,,,,2.498973518,16.18601403,,,,,,
2025/8/13 16:29,,,,,,,1.458350325,14.88147208,,,,
2025/8/13 16:29,,,,,,,,,2.523451491,16.18926223,,
2025/8/13 16:29,,,,,,,,,,,1.452038042,14.87983181
2025/8/13 16:29,2.5033,16.07626788,,,,,,,,,,
2025/8/13 16:29,,,1.470019063,14.91753142,,,,,,,,
2025/8/13 16:29,,,,,2.497890733,16.23491342,,,,,,
2025/8/13 16:29,,,,,,,1.469462299,14.90572689,,,,
2025/8/13 16:29,,,,,,,,,2.532359991,16.23875752,,
2025/8/13 16:29,,,,,,,,,,,1.463681794,14.90416968
2025/8/13 16:29,2.72776875,16.1512748,,,,,,,,,,
2025/8/13 16:29,,,1.483474688,14.94043161,,,,,,,,
2025/8/13 16:29,,,,,2.723399779,16.28868392,,,,,,
2025/8/13 16:29,,,,,,,1.482836573,14.930413,,,,
2025/8/13 16:29,,,,,,,,,2.749304444,16.29182536,,
2025/8/13 16:29,,,,,,,,,,,1.477465413,14.92892721
2025/8/13 16:29,2.5788,16.17572844,,,,,,,,,,
2025/8/13 16:29,,,1.495092125,14.96341049,,,,,,,,
2025/8/13 16:29,,,,,2.574283151,16.30142374,,,,,,
2025/8/13 16:29,,,,,,,1.494368844,14.95510203,,,,
2025/8/13 16:29,,,,,,,,,2.600495188,16.30472067,,
2025/8/13 16:29,,,,,,,,,,,1.489428301,14.95369049
2025/8/13 16:29,2.42921875,16.19886713,,,,,,,,,,
2025/8/13 16:29,,,1.50521375,14.98662076,,,,,,,,
2025/8/13 16:29,,,,,2.424580444,16.31286358,,,,,,
2025/8/13 16:29,,,,,,,1.504420053,14.97969342,,,,
2025/8/13 16:29,,,,,,,,,2.451613985,16.31656015,,
2025/8/13 16:29,,,,,,,,,,,1.499843542,14.97834954
2025/8/13 16:29,2.279025,16.22067955,,,,,,,,,,
2025/8/13 16:29,,,1.51260975,15.00947528,,,,,,,,
2025/8/13 16:29,,,,,2.274351283,16.32307724,,,,,,
2025/8/13 16:29,,,,,,,1.51173568,15.0039562,,,,
2025/8/13 16:29,,,,,,,,,2.301145942,16.32696739,,
2025/8/13 16:29,,,,,,,,,,,1.507566337,15.00268823
2025/8/13 16:29,2.279025,16.22067955,,,,,,,,,,
2025/8/13 16:29,,,1.52000575,15.0323298,,,,,,,,
2025/8/13 16:29,,,,,2.283335774,16.46421429,,,,,,
2025/8/13 16:29,,,,,,,1.519146411,15.02956054,,,,
2025/8/13 16:29,,,,,,,,,2.330159281,16.468541,,
2025/8/13 16:29,,,,,,,,,,,1.515560041,15.02836826
2025/8/13 16:29,2.17136875,16.23544141,,,,,,,,,,
2025/8/13 16:29,,,1.525798875,15.05508913,,,,,,,,
2025/8/13 16:29,,,,,2.175794229,16.47087979,,,,,,
2025/8/13 16:29,,,,,,,1.524951659,15.05504975,,,,
2025/8/13 16:29,,,,,,,,,2.223081276,16.47545781,,
2025/8/13 16:29,,,,,,,,,,,1.52196515,15.05393907
2025/8/13 16:29,2.17136875,16.23544141,,,,,,,,,,
2025/8/13 16:29,,,1.531592,15.07784847,,,,,,,,
2025/8/13 16:29,,,,,2.175980055,16.48131865,,,,,,
2025/8/13 16:29,,,,,,,1.53077481,15.08043242,,,,
2025/8/13 16:29,,,,,,,,,2.225320855,16.48610243,,
2025/8/13 16:29,,,,,,,,,,,1.528338548,15.07939435
2025/8/13 16:29,2.04176875,16.25224847,,,,,,,,,,
2025/8/13 16:29,,,1.535737625,15.10061506,,,,,,,,
2025/8/13 16:29,,,,,2.046509083,16.48847765,,,,,,
2025/8/13 16:29,,,,,,,1.534948662,15.10576588,,,,
2025/8/13 16:29,,,,,,,,,2.097743683,16.49367226,,
2025/8/13 16:29,,,,,,,,,,,1.53310376,15.1048082
2025/8/13 16:29,2.59915,16.44587849,,,,,,,,,,
2025/8/13 16:29,,,1.547383313,15.12510711,,,,,,,,
2025/8/13 16:29,,,,,2.593727169,16.62782633,,,,,,
2025/8/13 16:29,,,,,,,1.546506562,15.13244263,,,,
2025/8/13 16:29,,,,,,,,,2.630923766,16.6314714,,
2025/8/13 16:29,,,,,,,,,,,1.545168434,15.13155931
2025/8/13 16:29,2.5125,16.4593391,,,,,,,,,,
2025/8/13 16:29,,,1.557634313,15.14948722,,,,,,,,
2025/8/13 16:29,,,,,2.506955487,16.63465448,,,,,,
2025/8/13 16:29,,,,,,,1.556664922,15.15900271,,,,
2025/8/13 16:29,,,,,,,,,2.544288569,16.63853188,,
2025/8/13 16:29,,,,,,,,,,,1.555851994,15.15819762
2025/8/13 16:29,2.5125,16.4593391,,,,,,,,,,
2025/8/13 16:29,,,1.568465625,15.17380698,,,,,,,,
2025/8/13 16:29,,,,,2.506938932,16.65219168,,,,,,
2025/8/13 16:29,,,,,,,1.567399576,15.18572678,,,,
2025/8/13 16:29,,,,,,,,,2.547543173,16.65605393,,
2025/8/13 16:29,,,,,,,,,,,1.567163431,15.18500145
2025/8/13 16:29,2.59585,16.48689367,,,,,,,,,,
2025/8/13 16:29,,,1.579954125,15.19831984,,,,,,,,
2025/8/13 16:29,,,,,2.590330109,16.67185758,,,,,,
2025/8/13 16:29,,,,,,,1.578790819,15.21258574,,,,
2025/8/13 16:29,,,,,,,,,2.628175104,16.67548496,,
2025/8/13 16:29,,,,,,,,,,,1.579111062,15.21193955
2025/8/13 16:29,1.24965625,16.64315052,,,,,,,,,,
2025/8/13 16:29,,,1.579144687,15.22428014,,,,,,,,
2025/8/13 16:29,,,,,1.243610592,16.72946006,,,,,,
2025/8/13 16:29,,,,,,,1.577870821,15.24000181,,,,
2025/8/13 16:29,,,,,,,,,1.281110714,16.73595501,,
2025/8/13 16:29,,,,,,,,,,,1.578789056,15.23947003
2025/8/13 16:29,1.24965625,16.64315052,,,,,,,,,,
2025/8/13 16:29,,,1.57950375,15.25013465,,,,,,,,
2025/8/13 16:29,,,,,1.243312887,16.7436499,,,,,,
2025/8/13 16:29,,,,,,,1.578109873,15.2675515,,,,
2025/8/13 16:29,,,,,,,,,1.285128926,16.75050454,,
2025/8/13 16:29,,,,,,,,,,,1.579705542,15.26714295
2025/8/13 16:29,1.33320625,16.67679409,,,,,,,,,,
2025/8/13 16:29,,,1.579991812,15.27598672,,,,,,,,
2025/8/13 16:29,,,,,1.327101496,16.7690365,,,,,,
2025/8/13 16:29,,,,,,,1.578478206,15.2951,,,,
2025/8/13 16:29,,,,,,,,,1.365694613,16.77539156,,
2025/8/13 16:29,,,,,,,,,,,1.580743033,15.29481148
2025/8/13 16:29,1.19828125,16.68703155,,,,,,,,,,
2025/8/13 16:29,,,1.580107812,15.30185552,,,,,,,,
2025/8/13 16:29,,,,,1.19224148,16.76974879,,,,,,
2025/8/13 16:29,,,,,,,1.578472784,15.32265216,,,,
2025/8/13 16:29,,,,,,,,,1.229057238,16.77622489,,
2025/8/13 16:29,,,,,,,,,,,1.581425818,15.32249107
2025/8/13 16:29,1.19828125,16.68703155,,,,,,,,,,
2025/8/13 16:29,,,1.579160312,15.32721535,,,,,,,,
2025/8/13 16:29,,,,,1.191887665,16.78395014,,,,,,
2025/8/13 16:29,,,,,,,1.577405422,15.34996538,,,,
2025/8/13 16:29,,,,,,,,,1.233837069,16.79077853,,
2025/8/13 16:29,,,,,,,,,,,1.581118474,15.34993306
2025/8/13 16:29,1.28203125,16.72092389,,,,,,,,,,
2025/8/13 16:29,,,1.578160625,15.35249585,,,,,,,,
2025/8/13 16:29,,,,,1.275909644,16.80956059,,,,,,
2025/8/13 16:29,,,,,,,1.576299547,15.3772231,,,,
2025/8/13 16:29,,,,,,,,,1.313538198,16.81599711,,
2025/8/13 16:29,,,,,,,,,,,1.580741117,15.37731458
2025/8/13 16:29,1.2144,16.7259718,,,,,,,,,,
2025/8/13 16:29,,,1.577268625,15.37775267,,,,,,,,
2025/8/13 16:29,,,,,1.208386242,16.8099224,,,,,,
2025/8/13 16:29,,,,,,,1.575327988,15.40448044,,,,
2025/8/13 16:29,,,,,,,,,1.245233162,16.81637188,,
2025/8/13 16:29,,,,,,,,,,,1.580497004,15.40469648
2025/8/13 16:29,1.2144,16.7259718,,,,,,,,,,
2025/8/13 16:29,,,1.575304875,15.40250901,,,,,,,,
2025/8/13 16:29,,,,,1.208089046,16.8277036,,,,,,
2025/8/13 16:29,,,,,,,1.573301884,15.43154118,,,,
2025/8/13 16:29,,,,,,,,,1.251582421,16.83458564,,
2025/8/13 16:29,,,,,,,,,,,1.579264747,15.4318821
2025/8/13 16:29,1.10143125,16.73379064,,,,,,,,,,
2025/8/13 16:29,,,1.57319425,15.42724967,,,,,,,,
2025/8/13 16:29,,,,,1.095037858,16.82761506,,,,,,
2025/8/13 16:29,,,,,,,1.571165568,15.45859447,,,,
2025/8/13 16:29,,,,,,,,,1.137497439,16.83471413,,
2025/8/13 16:29,,,,,,,,,,,1.577915276,15.45906578
2025/8/13 16:29,1.10143125,16.73379064,,,,,,,,,,
2025/8/13 16:29,,,1.570007375,15.45149052,,,,,,,,
2025/8/13 16:29,,,,,1.095338245,16.83845084,,,,,,
2025/8/13 16:29,,,,,,,1.567962957,15.48537931,,,,
2025/8/13 16:29,,,,,,,,,1.141525816,16.8457997,,
2025/8/13 16:29,,,,,,,,,,,1.575548676,15.48598329
2025/8/13 16:29,1.18538125,16.76815348,,,,,,,,,,
2025/8/13 16:29,,,1.56766,15.476075,,,,,,,,
2025/8/13 16:29,,,,,1.179022993,16.8643189,,,,,,
2025/8/13 16:29,,,,,,,1.565504261,15.51150973,,,,
2025/8/13 16:29,,,,,,,,,1.221342648,16.87130457,,
2025/8/13 16:29,,,,,,,,,,,1.573726298,15.51223013
2025/8/13 16:29,1.18538125,16.76815348,,,,,,,,,,
2025/8/13 16:29,,,1.564952875,15.50049461,,,,,,,,
2025/8/13 16:29,,,,,1.179245068,16.8751155,,,,,,
2025/8/13 16:29,,,,,,,1.562686548,15.53762469,,,,
2025/8/13 16:29,,,,,,,,,1.224885308,16.88233032,,
2025/8/13 16:29,,,,,,,,,,,1.571592536,15.53846537
2025/8/13 16:29,1.2906,16.81053097,,,,,,,,,,
2025/8/13 16:29,,,1.565074875,15.52516851,,,,,,,,
2025/8/13 16:29,,,,,1.284304723,16.90697139,,,,,,
2025/8/13 16:29,,,,,,,1.562686841,15.56403484,,,,
2025/8/13 16:29,,,,,,,,,1.324831913,16.9135904,,
2025/8/13 16:29,,,,,,,,,,,1.572287622,15.56500051
2025/8/13 16:29,1.2906,16.81053097,,,,,,,,,,
2025/8/13 16:29,,,1.564114625,15.5493402,,,,,,,,
2025/8/13 16:29,,,,,1.284326857,16.91770127,,,,,,
2025/8/13 16:29,,,,,,,1.561603489,15.59017496,,,,
2025/8/13 16:29,,,,,,,,,1.328919666,16.9246452,,
2025/8/13 16:29,,,,,,,,,,,1.571968405,15.59126871
2025/8/13 16:29,1.04096875,16.82783361,,,,,,,,,,
2025/8/13 16:29,,,1.561848312,15.57357522,,,,,,,,
2025/8/13 16:29,,,,,1.034572636,16.91764757,,,,,,
2025/8/13 16:29,,,,,,,1.559218483,15.61630671,,,,
2025/8/13 16:29,,,,,,,,,1.076508673,16.92493257,,
2025/8/13 16:29,,,,,,,,,,,1.570356608,15.61753515
2025/8/13 16:29,1.04096875,16.82783361,,,,,,,,,,
2025/8/13 16:29,,,1.55922025,15.5976417,,,,,,,,
2025/8/13 16:29,,,,,1.03451068,16.92478143,,,,,,
2025/8/13 16:29,,,,,,,1.556475386,15.64238397,,,,
2025/8/13 16:29,,,,,,,,,1.079535879,16.93236809,,
2025/8/13 16:29,,,,,,,,,,,1.568424296,15.64375011
2025/8/13 16:29,0.81271875,16.84040048,,,,,,,,,,
2025/8/13 16:29,,,1.555704,15.6217146,,,,,,,,
2025/8/13 16:29,,,,,0.80624394,16.92171806,,,,,,
2025/8/13 16:29,,,,,,,1.552890372,15.66843373,,,,
2025/8/13 16:29,,,,,,,,,0.847240497,16.92935444,,
2025/8/13 16:29,,,,,,,,,,,1.565616281,15.66993855
2025/8/13 16:29,0.81271875,16.84040048,,,,,,,,,,
2025/8/13 16:29,,,1.551281187,15.64536161,,,,,,,,
2025/8/13 16:29,,,,,0.806294659,16.93254873,,,,,,
2025/8/13 16:29,,,,,,,1.548418357,15.69427164,,,,
2025/8/13 16:29,,,,,,,,,0.851549877,16.94067561,,
2025/8/13 16:29,,,,,,,,,,,1.56196579,15.6959194
2025/8/13 16:29,0.67516875,16.84647581,,,,,,,,,,
2025/8/13 16:29,,,1.546682875,15.66897034,,,,,,,,
2025/8/13 16:29,,,,,0.668554935,16.92923716,,,,,,
2025/8/13 16:29,,,,,,,1.543799745,15.72007923,,,,
2025/8/13 16:29,,,,,,,,,0.71211045,16.9375591,,
2025/8/13 16:29,,,,,,,,,,,1.558175818,15.72187957
2025/8/13 16:29,0.67516875,16.84647581,,,,,,,,,,
2025/8/13 16:29,,,1.541174875,15.69215144,,,,,,,,
2025/8/13 16:29,,,,,0.669958593,16.944042,,,,,,
2025/8/13 16:29,,,,,,,1.538287429,15.74570966,,,,
2025/8/13 16:29,,,,,,,,,0.718281321,16.95262858,,
2025/8/13 16:29,,,,,,,,,,,1.553555442,15.74766512
2025/8/13 16:29,0.606225,16.84909764,,,,,,,,,,
2025/8/13 16:29,,,1.534977437,15.71535877,,,,,,,,
2025/8/13 16:29,,,,,0.600403911,16.94191312,,,,,,
2025/8/13 16:29,,,,,,,1.53197716,15.77051174,,,,
2025/8/13 16:29,,,,,,,,,0.647855431,16.9505992,,
2025/8/13 16:29,,,,,,,,,,,1.547983404,15.77260876
2025/8/13 16:29,0.606225,16.84909764,,,,,,,,,,
2025/8/13 16:29,,,1.52805,15.73822795,,,,,,,,
2025/8/13 16:29,,,,,0.608878506,16.9646974,,,,,,
2025/8/13 16:29,,,,,,,1.525018734,15.79528607,,,,
2025/8/13 16:29,,,,,,,,,0.657685033,16.97329502,,
2025/8/13 16:29,,,,,,,,,,,1.54180084,15.79752711
2025/8/13 16:29,0.49106875,16.85284698,,,,,,,,,,
2025/8/13 16:29,,,1.519971,15.76113462,,,,,,,,
2025/8/13 16:29,,,,,0.4919828,16.96065346,,,,,,
2025/8/13 16:29,,,,,,,1.516917702,15.81959512,,,,
2025/8/13 16:29,,,,,,,,,0.541039957,16.96953455,,
2025/8/13 16:29,,,,,,,,,,,1.53432308,15.82196182
2025/8/13 16:29,0.87244375,17.01765089,,,,,,,,,,
2025/8/13 16:29,,,1.514790437,15.78527161,,,,,,,,
2025/8/13 16:29,,,,,0.866620148,17.08578805,,,,,,
2025/8/13 16:29,,,,,,,1.511641338,15.84483991,,,,
2025/8/13 16:29,,,,,,,,,0.9018363,17.09272341,,
2025/8/13 16:29,,,,,,,,,,,1.52956946,15.84731792
2025/8/13 16:29,0.87244375,17.01765089,,,,,,,,,,
2025/8/13 16:29,,,1.509609875,15.8094086,,,,,,,,
2025/8/13 16:29,,,,,0.865927647,17.11068994,,,,,,
2025/8/13 16:29,,,,,,,1.506390657,15.86994882,,,,
2025/8/13 16:29,,,,,,,,,0.911990463,17.11871874,,
2025/8/13 16:29,,,,,,,,,,,1.524805259,15.87252833
2025/8/13 16:29,0.9791,17.06193023,,,,,,,,,,
2025/8/13 16:29,,,1.504577437,15.83357618,,,,,,,,
2025/8/13 16:29,,,,,0.972831721,17.14447393,,,,,,
2025/8/13 16:29,,,,,,,1.501281098,15.89508416,,,,
2025/8/13 16:29,,,,,,,,,1.012919435,17.15174361,,
2025/8/13 16:29,,,,,,,,,,,1.520158169,15.89776394
2025/8/13 16:29,0.9791,17.06193023,,,,,,,,,,
2025/8/13 16:29,,,1.502969437,15.85743751,,,,,,,,
2025/8/13 16:29,,,,,0.973783941,17.16976662,,,,,,
2025/8/13 16:29,,,,,,,1.499580361,15.92043543,,,,
2025/8/13 16:29,,,,,,,,,1.022605653,17.17748778,,
2025/8/13 16:29,,,,,,,,,,,1.519124228,15.92323833
2025/8/13 16:29,0.81735625,17.07044313,,,,,,,,,,
2025/8/13 16:29,,,1.498822437,15.88095671,,,,,,,,
2025/8/13 16:29,,,,,0.811037364,17.16715216,,,,,,
2025/8/13 16:29,,,,,,,1.495324851,15.94543667,,,,
2025/8/13 16:29,,,,,,,,,0.858299281,17.17524385,,
2025/8/13 16:29,,,,,,,,,,,1.515548992,15.94836954
2025/8/13 16:29,1.0531,17.16773079,,,,,,,,,,
2025/8/13 16:29,,,1.497843875,15.90538314,,,,,,,,
2025/8/13 16:29,,,,,1.047325992,17.24140447,,,,,,
2025/8/13 16:29,,,,,,,1.494237944,15.97117823,,,,
2025/8/13 16:29,,,,,,,,,1.082784208,17.24799622,,
2025/8/13 16:29,,,,,,,,,,,1.515059341,15.97422988
2025/8/13 16:29,1.0531,17.16773079,,,,,,,,,,
2025/8/13 16:29,,,1.495940625,15.929383,,,,,,,,
2025/8/13 16:29,,,,,1.046625856,17.26617532,,,,,,
2025/8/13 16:29,,,,,,,1.492215008,15.99684411,,,,
2025/8/13 16:29,,,,,,,,,1.092532509,17.27380519,,
2025/8/13 16:29,,,,,,,,,,,1.513771881,16.00002787
2025/8/13 16:29,0.93719375,17.17444811,,,,,,,,,,
2025/8/13 16:29,,,1.493691313,15.95338383,,,,,,,,
2025/8/13 16:29,,,,,0.930664429,17.2650593,,,,,,
2025/8/13 16:29,,,,,,,1.489841528,16.02249716,,,,
2025/8/13 16:29,,,,,,,,,0.975233469,17.27283345,,
2025/8/13 16:29,,,,,,,,,,,1.512151087,16.02581969
2025/8/13 16:29,0.93719375,17.17444811,,,,,,,,,,
2025/8/13 16:29,,,1.49032825,15.97687427,,,,,,,,
2025/8/13 16:29,,,,,0.930922721,17.27588463,,,,,,
2025/8/13 16:29,,,,,,,1.486354867,16.04787282,,,,
2025/8/13 16:29,,,,,,,,,0.97916729,17.28378724,,
2025/8/13 16:29,,,,,,,,,,,1.509489213,16.05133755
2025/8/13 16:29,1.2611,17.30410722,,,,,,,,,,
2025/8/13 16:29,,,1.490815313,16.00161008,,,,,,,,
2025/8/13 16:29,,,,,1.255815452,17.37451294,,,,,,
2025/8/13 16:29,,,,,,,1.486728686,16.07423357,,,,
2025/8/13 16:29,,,,,,,,,1.287558108,17.38031041,,
2025/8/13 16:29,,,,,,,,,,,1.51053682,16.07782047
2025/8/13 16:29,1.2611,17.30410722,,,,,,,,,,
2025/8/13 16:29,,,1.489997312,16.02575551,,,,,,,,
2025/8/13 16:29,,,,,1.255481803,17.38153122,,,,,,
2025/8/13 16:29,,,,,,,1.485802464,16.10022164,,,,
2025/8/13 16:29,,,,,,,,,1.290112299,17.38760432,,
2025/8/13 16:29,,,,,,,,,,,1.510340839,16.10393244
2025/8/13 16:29,1.14488125,17.31218493,,,,,,,,,,
2025/8/13 16:29,,,1.488629313,16.04992778,,,,,,,,
2025/8/13 16:29,,,,,1.139441237,17.3817406,,,,,,
2025/8/13 16:29,,,,,,,1.484344417,16.12621047,,,,
2025/8/13 16:29,,,,,,,,,1.172548074,17.38778116,,
2025/8/13 16:29,,,,,,,,,,,1.509602635,16.13004381
2025/8/13 16:29,1.23173125,17.34632348,,,,,,,,,,
2025/8/13 16:29,,,1.487193875,16.0740228,,,,,,,,
2025/8/13 16:29,,,,,1.22691492,17.40785816,,,,,,
2025/8/13 16:29,,,,,,,1.482842492,16.15214664,,,,
2025/8/13 16:29,,,,,,,,,1.255314617,17.41337916,,
2025/8/13 16:29,,,,,,,,,,,1.508778714,16.15609654
2025/8/13 16:29,1.23173125,17.34632348,,,,,,,,,,
2025/8/13 16:29,,,1.486986188,16.09800987,,,,,,,,
2025/8/13 16:29,,,,,1.226336859,17.41832397,,,,,,
2025/8/13 16:29,,,,,,,1.482610622,16.17818395,,,,
2025/8/13 16:29,,,,,,,,,1.259475618,17.42417573,,
2025/8/13 16:29,,,,,,,,,,,1.509274033,16.1822572
2025/8/13 16:29,1.09185625,17.35568927,,,,,,,,,,
2025/8/13 16:29,,,1.484440688,16.12167024,,,,,,,,
2025/8/13 16:29,,,,,1.086762865,17.41833407,,,,,,
2025/8/13 16:29,,,,,,,1.480058325,16.20390428,,,,
2025/8/13 16:29,,,,,,,,,1.11774692,17.42426111,,
2025/8/13 16:29,,,,,,,,,,,1.507429089,16.20809851
2025/8/13 16:29,1.17890625,17.39008568,,,,,,,,,,
2025/8/13 16:29,,,1.48379225,16.1455859,,,,,,,,
2025/8/13 16:29,,,,,1.174423209,17.4446281,,,,,,
2025/8/13 16:29,,,,,,,1.479413523,16.22988034,,,,
2025/8/13 16:29,,,,,,,,,1.200221166,17.44978379,,
2025/8/13 16:29,,,,,,,,,,,1.50747851,16.23419783
2025/8/13 16:29,1.17890625,17.39008568,,,,,,,,,,
2025/8/13 16:29,,,1.482955625,16.16941693,,,,,,,,
2025/8/13 16:29,,,,,1.173417224,17.46207908,,,,,,
2025/8/13 16:29,,,,,,,1.478570803,16.25596654,,,,
2025/8/13 16:29,,,,,,,,,1.207480253,17.46832398,,
2025/8/13 16:29,,,,,,,,,,,1.507416938,16.26041641
2025/8/13 16:29,1.062,17.39761639,,,,,,,,,,
2025/8/13 16:29,,,1.482805625,16.19317869,,,,,,,,
2025/8/13 16:29,,,,,1.05673626,17.46178467,,,,,,
2025/8/13 16:29,,,,,,,1.478425254,16.28205143,,,,
2025/8/13 16:29,,,,,,,,,1.088501102,17.46778137,,
2025/8/13 16:29,,,,,,,,,,,1.508109945,16.28665046
2025/8/13 16:29,1.12741875,17.42356241,,,,,,,,,,
2025/8/13 16:29,,,1.4827445,16.21694066,,,,,,,,
2025/8/13 16:29,,,,,1.122656505,17.48173023,,,,,,
2025/8/13 16:29,,,,,,,1.478374582,16.30813753,,,,
2025/8/13 16:29,,,,,,,,,1.151059807,17.48716851,,
2025/8/13 16:29,,,,,,,,,,,1.508868439,16.31287988
2025/8/13 16:29,1.12741875,17.42356241,,,,,,,,,,
2025/8/13 16:29,,,1.484133688,16.2406004,,,,,,,,
2025/8/13 16:29,,,,,1.121367562,17.50620646,,,,,,
2025/8/13 16:29,,,,,,,1.479768257,16.33447975,,,,
2025/8/13 16:29,,,,,,,,,1.160717931,17.51291375,,
2025/8/13 16:29,,,,,,,,,,,1.511251468,16.339393
2025/8/13 16:29,1.0102,17.43075145,,,,,,,,,,
2025/8/13 16:29,,,1.484766188,16.26430533,,,,,,,,
2025/8/13 16:29,,,,,1.004297294,17.50558091,,,,,,
2025/8/13 16:29,,,,,,,1.480408776,16.3608214,,,,
2025/8/13 16:29,,,,,,,,,1.041493333,17.51242595,,
2025/8/13 16:29,,,,,,,,,,,1.512882829,16.36591396
2025/8/13 16:29,1.07573125,17.45688696,,,,,,,,,,
2025/8/13 16:29,,,1.487094937,16.28820977,,,,,,,,
2025/8/13 16:29,,,,,1.070251859,17.52560384,,,,,,
2025/8/13 16:29,,,,,,,1.482755025,16.38738228,,,,
2025/8/13 16:29,,,,,,,,,1.103808904,17.53194473,,
2025/8/13 16:29,,,,,,,,,,,1.516233951,16.39266302
2025/8/13 16:29,0.93465625,17.46500838,,,,,,,,,,
2025/8/13 16:29,,,1.486499937,16.31148597,,,,,,,,
2025/8/13 16:29,,,,,0.929525487,17.5244559,,,,,,
2025/8/13 16:29,,,,,,,1.482183463,16.4133854,,,,
2025/8/13 16:29,,,,,,,,,0.960733889,17.53061577,,
2025/8/13 16:29,,,,,,,,,,,1.516668647,16.41884991
2025/8/13 16:29,1.088,17.52626189,,,,,,,,,,
2025/8/13 16:29,,,1.487438375,16.33537469,,,,,,,,
2025/8/13 16:29,,,,,1.084051677,17.57161792,,,,,,
2025/8/13 16:29,,,,,,,1.483071356,16.43781617,,,,
2025/8/13 16:29,,,,,,,,,1.107211007,17.57645612,,
2025/8/13 16:29,,,,,,,,,,,1.517837617,16.44335561
2025/8/13 16:29,0.97009375,17.53318334,,,,,,,,,,
2025/8/13 16:29,,,1.486248062,16.35889671,,,,,,,,
2025/8/13 16:29,,,,,0.966556177,17.57076655,,,,,,
2025/8/13 16:29,,,,,,,1.481824757,16.46190482,,,,
2025/8/13 16:29,,,,,,,,,0.986742794,17.57517552,,
2025/8/13 16:29,,,,,,,,,,,1.516886722,16.46751968
2025/8/13 16:29,1.14609375,17.60272902,,,,,,,,,,
2025/8/13 16:29,,,1.48765275,16.38305658,,,,,,,,
2025/8/13 16:29,,,,,1.144006538,17.62430954,,,,,,
2025/8/13 16:29,,,,,,,1.483181328,16.48653352,,,,
2025/8/13 16:29,,,,,,,,,1.155625586,17.62766037,,
2025/8/13 16:29,,,,,,,,,,,1.518479683,16.49221686
2025/8/13 16:29,1.00419375,17.61139389,,,,,,,,,,
2025/8/13 16:29,,,1.487638437,16.40730311,,,,,,,,
2025/8/13 16:29,,,,,1.00285111,17.62380722,,,,,,
2025/8/13 16:29,,,,,,,1.483191256,16.51052977,,,,
2025/8/13 16:29,,,,,,,,,1.01017417,17.62670261,,
2025/8/13 16:29,,,,,,,,,,,1.518385426,16.51619646
2025/8/13 16:29,1.15885,17.67204478,,,,,,,,,,
2025/8/13 16:29,,,1.489170687,16.43215614,,,,,,,,
2025/8/13 16:29,,,,,1.15885,17.67204478,,,,,,
2025/8/13 16:29,,,,,,,1.484778336,16.53476162,,,,
2025/8/13 16:29,,,,,,,,,1.158752236,17.67234788,,
2025/8/13 16:29,,,,,,,,,,,1.519687966,16.54037053
2025/8/13 16:29,1.15885,17.67204478,,,,,,,,,,
2025/8/13 16:29,,,1.491959187,16.4569312,,,,,,,,
2025/8/13 16:29,,,,,1.155380518,17.71190948,,,,,,
2025/8/13 16:29,,,,,,,1.487582892,16.55940772,,,,
2025/8/13 16:29,,,,,,,,,1.175070257,17.71625985,,
2025/8/13 16:29,,,,,,,,,,,1.522435275,16.56500131
2025/8/13 16:29,1.33635,17.739737,,,,,,,,,,
2025/8/13 16:29,,,1.496522688,16.48238319,,,,,,,,
2025/8/13 16:29,,,,,1.334228414,17.76375717,,,,,,
2025/8/13 16:29,,,,,,,1.492188597,16.5842866,,,,
2025/8/13 16:29,,,,,,,,,1.346111827,17.76708985,,
2025/8/13 16:29,,,,,,,,,,,1.526791004,16.5898393
2025/8/13 16:29,1.33635,17.739737,,,,,,,,,,
2025/8/13 16:29,,,1.499177438,16.50695529,,,,,,,,
2025/8/13 16:29,,,,,1.332991366,17.78098611,,,,,,
2025/8/13 16:29,,,,,,,1.494862699,16.60866998,,,,
2025/8/13 16:29,,,,,,,,,1.352107386,17.78518921,,
2025/8/13 16:29,,,,,,,,,,,1.529391433,16.6142081
2025/8/13 16:29,1.07503125,17.75748878,,,,,,,,,,
2025/8/13 16:29,,,1.499219,16.53170491,,,,,,,,
2025/8/13 16:29,,,,,1.072689322,17.78165607,,,,,,
2025/8/13 16:29,,,,,,,1.494940387,16.63291728,,,,
2025/8/13 16:29,,,,,,,,,1.086295521,17.78523559,,
2025/8/13 16:29,,,,,,,,,,,1.529280116,16.63842737
2025/8/13 16:29,1.20868125,17.80903113,,,,,,,,,,
2025/8/13 16:29,,,1.499638,16.55653873,,,,,,,,
2025/8/13 16:29,,,,,1.207445229,17.82138735,,,,,,
2025/8/13 16:29,,,,,,,1.495400186,16.65723511,,,,
2025/8/13 16:29,,,,,,,,,1.214540145,17.82408124,,
2025/8/13 16:29,,,,,,,,,,,1.529541784,16.6627179
2025/8/13 16:29,1.13715,17.8137416,,,,,,,,,,
2025/8/13 16:29,,,1.499341688,16.58141965,,,,,,,,
2025/8/13 16:29,,,,,1.136319119,17.82144637,,,,,,
2025/8/13 16:29,,,,,,,1.495155243,16.68141149,,,,
2025/8/13 16:29,,,,,,,,,1.140649681,17.82378267,,
2025/8/13 16:29,,,,,,,,,,,1.529012365,16.68685403
2025/8/13 16:29,1.27125,17.86482643,,,,,,,,,,
2025/8/13 16:29,,,1.499424188,16.60638603,,,,,,,,
2025/8/13 16:29,,,,,1.271335292,17.86409623,,,,,,
2025/8/13 16:29,,,,,,,1.495292295,16.70569306,,,,
2025/8/13 16:29,,,,,,,,,1.270234483,17.86231732,,
2025/8/13 16:29,,,,,,,,,,,1.528859017,16.7110617
2025/8/13 16:29,1.2235,17.86816017,,,,,,,,,,
2025/8/13 16:29,,,1.501555188,16.63119902,,,,,,,,
2025/8/13 16:29,,,,,1.223924572,17.86431753,,,,,,
2025/8/13 16:29,,,,,,,1.497473722,16.72997928,,,,
2025/8/13 16:29,,,,,,,,,1.221649423,17.8622731,,
2025/8/13 16:29,,,,,,,,,,,1.530793787,16.73527585
2025/8/13 16:29,1.29071875,17.89350846,,,,,,,,,,
2025/8/13 16:29,,,1.504358375,16.65626549,,,,,,,,
2025/8/13 16:29,,,,,1.291686615,17.88379513,,,,,,
2025/8/13 16:29,,,,,,,1.500349296,16.75410421,,,,
2025/8/13 16:29,,,,,,,,,1.286239353,17.88122555,,
2025/8/13 16:29,,,,,,,,,,,1.533245391,16.75930502
2025/8/13 16:29,1.171125,17.90173361,,,,,,,,,,
2025/8/13 16:29,,,1.505000313,16.68097936,,,,,,,,
2025/8/13 16:29,,,,,1.172822299,17.88426482,,,,,,
2025/8/13 16:29,,,,,,,1.501067008,16.7779048,,,,
2025/8/13 16:29,,,,,,,,,1.163278424,17.88132951,,
2025/8/13 16:29,,,,,,,,,,,1.533551636,16.78301391
2025/8/13 16:29,1.23845625,17.92727325,,,,,,,,,,
2025/8/13 16:29,,,1.506315563,16.70594862,,,,,,,,
2025/8/13 16:29,,,,,1.240586088,17.90384794,,,,,,
2025/8/13 16:29,,,,,,,1.502446689,16.80157315,,,,
2025/8/13 16:29,,,,,,,,,1.228832861,17.90051824,,
2025/8/13 16:29,,,,,,,,,,,1.534405553,16.8065824
2025/8/13 16:29,1.23845625,17.92727325,,,,,,,,,,
2025/8/13 16:29,,,1.506662375,16.7304889,,,,,,,,
2025/8/13 16:29,,,,,1.234962598,17.96932472,,,,,,
2025/8/13 16:29,,,,,,,1.502820326,16.82557823,,,,
2025/8/13 16:29,,,,,,,,,1.255189435,17.97369211,,
2025/8/13 16:29,,,,,,,,,,,1.534598141,16.83056485
2025/8/13 16:29,1.28340625,17.94416252,,,,,,,,,,
2025/8/13 16:29,,,1.507458688,16.75519807,,,,,,,,
2025/8/13 16:29,,,,,1.28023594,17.98224503,,,,,,
2025/8/13 16:29,,,,,,,1.503550688,16.84930515,,,,
2025/8/13 16:29,,,,,,,,,1.29836454,17.98624025,,
2025/8/13 16:29,,,,,,,,,,,1.53509897,16.85426828
2025/8/13 16:29,1.28340625,17.94416252,,,,,,,,,,
2025/8/13 16:29,,,1.509101,16.77984375,,,,,,,,
2025/8/13 16:29,,,,,1.278706852,18.00649997,,,,,,
2025/8/13 16:29,,,,,,,1.505119203,16.87327427,,,,
2025/8/13 16:29,,,,,,,,,1.307963063,18.01185305,,
2025/8/13 16:29,,,,,,,,,,,1.53654841,16.87822613
2025/8/13 16:29,1.32840625,17.96094198,,,,,,,,,,
2025/8/13 16:29,,,1.50944225,16.80389067,,,,,,,,
2025/8/13 16:29,,,,,1.323993386,18.01926938,,,,,,
2025/8/13 16:29,,,,,,,1.505469256,16.89680523,,,,
2025/8/13 16:29,,,,,,,,,1.350897563,18.02436068,,
2025/8/13 16:29,,,,,,,,,,,1.536760432,16.90174257
2025/8/13 16:29,1.0642,17.97853104,,,,,,,,,,
2025/8/13 16:29,,,1.508839438,16.82798152,,,,,,,,
2025/8/13 16:29,,,,,1.060562795,18.01978874,,,,,,
2025/8/13 16:29,,,,,,,1.504890636,16.9203382,,,,
2025/8/13 16:29,,,,,,,,,1.081800747,18.02431534,,
2025/8/13 16:29,,,,,,,,,,,1.535998695,16.92525268
2025/8/13 16:29,1.1995,18.0301442,,,,,,,,,,
2025/8/13 16:29,,,1.494391938,16.85443887,,,,,,,,
2025/8/13 16:29,,,,,1.196879101,18.05941577,,,,,,
2025/8/13 16:29,,,,,,,1.490466816,16.94493371,,,,
2025/8/13 16:29,,,,,,,,,1.212182864,18.06317005,,
2025/8/13 16:29,,,,,,,,,,,1.52134495,16.94985172
2025/8/13 16:29,1.03058125,18.04058764,,,,,,,,,,
2025/8/13 16:29,,,1.47866275,16.88093117,,,,,,,,
2025/8/13 16:29,,,,,1.02871734,18.05910372,,,,,,
2025/8/13 16:29,,,,,,,1.474767646,16.96948953,,,,
2025/8/13 16:29,,,,,,,,,1.038697543,18.06215157,,
2025/8/13 16:29,,,,,,,,,,,1.505361223,16.9744039
2025/8/13 16:29,1.143675,18.08387147,,,,,,,,,,
2025/8/13 16:29,,,1.4661095,16.90752433,,,,,,,,
2025/8/13 16:29,,,,,1.142763261,18.09255396,,,,,,
2025/8/13 16:29,,,,,,,1.462243641,16.99421155,,,,
2025/8/13 16:29,,,,,,,,,1.148555376,18.09503006,,
2025/8/13 16:29,,,,,,,,,,,1.492502714,16.99911502
2025/8/13 16:29,1.07109375,18.08831552,,,,,,,,,,
2025/8/13 16:29,,,1.454269375,16.933945,,,,,,,,
2025/8/13 16:29,,,,,1.070626243,18.09238697,,,,,,
2025/8/13 16:29,,,,,,,1.450430129,17.01882927,,,,
2025/8/13 16:29,,,,,,,,,1.073500077,18.09425952,,
2025/8/13 16:29,,,,,,,,,,,1.480322444,17.02371271
2025/8/13 16:29,1.1845,18.13135019,,,,,,,,,,
2025/8/13 16:29,,,1.445008375,16.96059194,,,,,,,,
2025/8/13 16:29,,,,,1.184778649,18.12890567,,,,,,
2025/8/13 16:29,,,,,,,1.441197641,17.04372194,,,,
2025/8/13 16:29,,,,,,,,,1.183208966,18.12692804,,
2025/8/13 16:29,,,,,,,,,,,1.470672443,17.04854231
2025/8/13 16:29,1.22995,18.14836971,,,,,,,,,,
2025/8/13 16:29,,,1.437445375,16.98724447,,,,,,,,
2025/8/13 16:29,,,,,1.230616858,18.14202103,,,,,,
2025/8/13 16:29,,,,,,,1.433665141,17.06867854,,,,
2025/8/13 16:29,,,,,,,,,1.227592451,18.13982298,,
2025/8/13 16:29,,,,,,,,,,,1.462709523,17.07343279
2025/8/13 16:29,1.34379375,18.19043206,,,,,,,,,,
2025/8/13 16:29,,,1.432268812,17.01416262,,,,,,,,
2025/8/13 16:29,,,,,1.345268261,18.17422841,,,,,,
2025/8/13 16:29,,,,,,,1.428528063,17.09389939,,,,
2025/8/13 16:29,,,,,,,,,1.336921211,18.17156586,,
2025/8/13 16:29,,,,,,,,,,,1.457086957,17.0985785
2025/8/13 16:29,1.34379375,18.19043206,,,,,,,,,,
2025/8/13 16:29,,,1.428135687,17.04095902,,,,,,,,
2025/8/13 16:29,,,,,1.338102172,18.27435033,,,,,,
2025/8/13 16:29,,,,,,,1.424364537,17.1200804,,,,
2025/8/13 16:29,,,,,,,,,1.37564139,18.28034856,,
2025/8/13 16:29,,,,,,,,,,,1.452894815,17.12476991
2025/8/13 16:29,1.45795,18.23179864,,,,,,,,,,
2025/8/13 16:29,,,1.419035187,17.06584798,,,,,,,,
2025/8/13 16:29,,,,,1.452936575,18.3057889,,,,,,
2025/8/13 16:29,,,,,,,1.415252609,17.14488106,,,,
2025/8/13 16:29,,,,,,,,,1.484988471,18.31119094,,
2025/8/13 16:29,,,,,,,,,,,1.443901335,17.14959078
2025/8/13 16:29,1.45795,18.23179864,,,,,,,,,,
2025/8/13 16:29,,,1.411610687,17.09049396,,,,,,,,
2025/8/13 16:29,,,,,1.451484721,18.34414769,,,,,,
2025/8/13 16:29,,,,,,,1.407800519,17.16995466,,,,
2025/8/13 16:29,,,,,,,,,1.49838683,18.35075176,,
2025/8/13 16:29,,,,,,,,,,,1.436728065,17.17469596
2025/8/13 16:29,1.57241875,18.27246834,,,,,,,,,,
2025/8/13 16:29,,,1.403134312,17.11475596,,,,,,,,
2025/8/13 16:29,,,,,1.566441611,18.37484831,,,,,,
2025/8/13 16:29,,,,,,,1.399288664,17.19475736,,,,
2025/8/13 16:29,,,,,,,,,1.607447849,18.38087975,,
2025/8/13 16:29,,,,,,,,,,,1.428507468,17.19953369
2025/8/13 16:29,1.13456875,18.3048724,,,,,,,,,,
2025/8/13 16:29,,,1.391541687,17.13915436,,,,,,,,
2025/8/13 16:29,,,,,1.128986365,18.37893139,,,,,,
2025/8/13 16:29,,,,,,,1.387661874,17.21951289,,,,
2025/8/13 16:29,,,,,,,,,1.165369476,18.38525792,,
2025/8/13 16:29,,,,,,,,,,,1.417143235,17.22432631
2025/8/13 16:29,1.24935,18.34751276,,,,,,,,,,
2025/8/13 16:29,,,1.379892375,17.1635511,,,,,,,,
2025/8/13 16:29,,,,,1.244517422,18.41159939,,,,,,
2025/8/13 16:29,,,,,,,1.37597911,17.24428245,,,,
2025/8/13 16:29,,,,,,,,,1.275193369,18.41719646,,
2025/8/13 16:29,,,,,,,,,,,1.4056974,17.24912976
2025/8/13 16:29,1.3875,18.39775377,,,,,,,,,,
2025/8/13 16:29,,,1.369624562,17.18845024,,,,,,,,
2025/8/13 16:29,,,,,1.383605374,18.45005019,,,,,,
2025/8/13 16:29,,,,,,,1.365705969,17.2689847,,,,
2025/8/13 16:29,,,,,,,,,1.407724304,18.45477376,,
2025/8/13 16:29,,,,,,,,,,,1.395493976,17.27384904
2025/8/13 16:29,1.09335,18.41757546,,,,,,,,,,
2025/8/13 16:29,,,1.35641525,17.21354761,,,,,,,,
2025/8/13 16:29,,,,,1.090349169,18.45118398,,,,,,
2025/8/13 16:29,,,,,,,1.35251553,17.29320962,,,,
2025/8/13 16:29,,,,,,,,,1.107958662,18.45525599,,
2025/8/13 16:29,,,,,,,,,,,1.382203227,17.29807864
2025/8/13 16:29,1.20881875,18.46046471,,,,,,,,,,
2025/8/13 16:29,,,1.345415937,17.23891728,,,,,,,,
2025/8/13 16:29,,,,,1.206676824,18.48420765,,,,,,
2025/8/13 16:29,,,,,,,1.341543946,17.31769095,,,,
2025/8/13 16:29,,,,,,,,,1.218376231,18.48733335,,
2025/8/13 16:29,,,,,,,,,,,1.371071385,17.32255276
2025/8/13 16:29,0.987025,18.47365101,,,,,,,,,,
2025/8/13 16:29,,,1.330585687,17.26385149,,,,,,,,
2025/8/13 16:29,,,,,0.985958646,18.48349151,,,,,,
2025/8/13 16:29,,,,,,,1.326743715,17.34175341,,,,
2025/8/13 16:29,,,,,,,,,0.992534397,18.48624711,,
2025/8/13 16:29,,,,,,,,,,,1.356112155,17.3466087
2025/8/13 16:29,1.126,18.52581237,,,,,,,,,,
2025/8/13 16:29,,,1.317145187,17.28930731,,,,,,,,
2025/8/13 16:29,,,,,1.126,18.52581237,,,,,,
2025/8/13 16:29,,,,,,,1.313355134,17.36578453,,,,
2025/8/13 16:29,,,,,,,,,1.12673017,18.52575273,,
2025/8/13 16:29,,,,,,,,,,,1.34241909,17.37060179
2025/8/13 16:29,1.126,18.52581237,,,,,,,,,,
2025/8/13 16:29,,,1.305399687,17.31451033,,,,,,,,
2025/8/13 16:29,,,,,1.12044792,18.59970921,,,,,,
2025/8/13 16:29,,,,,,,1.30160776,17.39043479,,,,
2025/8/13 16:29,,,,,,,,,1.157960606,18.60621602,,
2025/8/13 16:29,,,,,,,,,,,1.330724404,17.39527597
2025/8/13 16:29,1.126,18.52581237,,,,,,,,,,
2025/8/13 16:29,,,1.291626687,17.33900577,,,,,,,,
2025/8/13 16:29,,,,,1.120500534,18.64925265,,,,,,
2025/8/13 16:29,,,,,,,1.28782303,17.41506718,,,,
2025/8/13 16:29,,,,,,,,,1.176892479,18.65724898,,
2025/8/13 16:29,,,,,,,,,,,1.317258814,17.41995584
2025/8/13 16:29,0.878375,18.53920326,,,,,,,,,,
2025/8/13 16:29,,,1.275377437,17.36363513,,,,,,,,
2025/8/13 16:29,,,,,0.871858251,18.6469287,,,,,,
2025/8/13 16:29,,,,,,,1.271562705,17.43918733,,,,
2025/8/13 16:29,,,,,,,,,0.92686964,18.65555312,,
2025/8/13 16:29,,,,,,,,,,,1.30120391,17.4441238
2025/8/13 16:29,0.65444375,18.54845825,,,,,,,,,,
2025/8/13 16:29,,,1.254644187,17.38760696,,,,,,,,
2025/8/13 16:29,,,,,0.647575032,18.64222979,,,,,,
2025/8/13 16:29,,,,,,,1.250804458,17.46272279,,,,
2025/8/13 16:29,,,,,,,,,0.700499581,18.65134555,,
2025/8/13 16:29,,,,,,,,,,,1.280715862,17.467719
2025/8/13 16:29,0.84044375,18.62104332,,,,,,,,,,
2025/8/13 16:29,,,1.237260625,17.41206011,,,,,,,,
2025/8/13 16:29,,,,,0.83428864,18.69826689,,,,,,
2025/8/13 16:29,,,,,,,1.233404513,17.48669122,,,,
2025/8/13 16:29,,,,,,,,,0.877419128,18.70597045,,
2025/8/13 16:29,,,,,,,,,,,1.263485101,17.4917315
2025/8/13 16:29,0.6155,18.6298352,,,,,,,,,,
2025/8/13 16:29,,,1.219123437,17.43636979,,,,,,,,
2025/8/13 16:29,,,,,0.609782506,18.69330622,,,,,,
2025/8/13 16:29,,,,,,,1.215256533,17.51049565,,,,
2025/8/13 16:29,,,,,,,,,0.647995934,18.70076092,,
2025/8/13 16:29,,,,,,,,,,,1.24544892,17.5155735
2025/8/13 16:29,0.755525,18.68473125,,,,,,,,,,
2025/8/13 16:29,,,1.203888437,17.46101031,,,,,,,,
2025/8/13 16:29,,,,,0.750826807,18.73600093,,,,,,
2025/8/13 16:29,,,,,,,1.200021288,17.53462489,,,,
2025/8/13 16:29,,,,,,,,,0.781254256,18.74207372,,
2025/8/13 16:29,,,,,,,,,,,1.230250004,17.53972457
2025/8/13 16:29,0.554725,18.69177039,,,,,,,,,,
2025/8/13 16:29,,,1.186645437,17.48572122,,,,,,,,
2025/8/13 16:29,,,,,0.550728646,18.73094356,,,,,,
2025/8/13 16:29,,,,,,,1.182695217,17.55729218,,,,
2025/8/13 16:29,,,,,,,,,0.576037885,18.73656845,,
2025/8/13 16:29,,,,,,,,,,,1.21270879,17.56240484
2025/8/13 16:29,0.554725,18.69177039,,,,,,,,,,
2025/8/13 16:29,,,1.170479,17.51028451,,,,,,,,
2025/8/13 16:29,,,,,0.548670938,18.79437682,,,,,,
2025/8/13 16:29,,,,,,,1.166423984,17.58052715,,,,
2025/8/13 16:29,,,,,,,,,0.6067616,18.80422348,,
2025/8/13 16:29,,,,,,,,,,,1.196545593,17.5856925
2025/8/13 16:29,0.3026,18.69755153,,,,,,,,,,
2025/8/13 16:29,,,1.151791312,17.53490561,,,,,,,,
2025/8/13 16:29,,,,,0.295569806,18.78468298,,,,,,
2025/8/13 16:29,,,,,,,1.147619882,17.60356079,,,,
2025/8/13 16:29,,,,,,,,,0.350505874,18.79492259,,
2025/8/13 16:29,,,,,,,,,,,1.177797443,17.6087807
2025/8/13 16:29,0.51348125,18.78298264,,,,,,,,,,
2025/8/13 16:29,,,1.136508437,17.56021295,,,,,,,,
2025/8/13 16:29,,,,,0.507308498,18.8512188,,,,,,
2025/8/13 16:29,,,,,,,1.132227876,17.6271882,,,,
2025/8/13 16:29,,,,,,,,,0.549661587,18.85948332,,
2025/8/13 16:29,,,,,,,,,,,1.162316622,17.63243881
2025/8/13 16:29,0.4376,18.78490368,,,,,,,,,,
2025/8/13 16:29,,,1.114892937,17.5836032,,,,,,,,
2025/8/13 16:29,,,,,0.431588363,18.84859037,,,,,,
2025/8/13 16:29,,,,,,,1.110606488,17.64939584,,,,
2025/8/13 16:29,,,,,,,,,0.472497332,18.85666307,,
2025/8/13 16:29,,,,,,,,,,,1.140732358,17.65469073
2025/8/13 16:29,0.4376,18.78490368,,,,,,,,,,
2025/8/13 16:29,,,1.094143937,17.60685885,,,,,,,,
2025/8/13 16:29,,,,,0.439560929,18.90329728,,,,,,
2025/8/13 16:29,,,,,,,1.089932542,17.67208227,,,,
2025/8/13 16:29,,,,,,,,,0.498739197,18.91327903,,
2025/8/13 16:29,,,,,,,,,,,1.120276864,17.6774382
2025/8/13 16:29,0.4376,18.78490368,,,,,,,,,,
2025/8/13 16:29,,,1.073394937,17.63011449,,,,,,,,
2025/8/13 16:29,,,,,0.442236308,18.95237162,,,,,,
2025/8/13 16:29,,,,,,,1.069285516,17.69508407,,,,
2025/8/13 16:29,,,,,,,,,0.52384487,18.96600257,,
2025/8/13 16:29,,,,,,,,,,,1.100039881,17.70053769
2025/8/13 16:29,0.2347,18.78853416,,,,,,,,,,
2025/8/13 16:29,,,1.049783437,17.6531309,,,,,,,,
2025/8/13 16:29,,,,,0.239224673,18.94427544,,,,,,
2025/8/13 16:29,,,,,,,1.045774462,17.71780825,,,,
2025/8/13 16:29,,,,,,,,,0.319515703,18.95841872,,
2025/8/13 16:29,,,,,,,,,,,1.076953287,17.72336702
2025/8/13 16:29,0.2347,18.78853416,,,,,,,,,,
2025/8/13 16:29,,,1.039633875,17.67458473,,,,,,,,
2025/8/13 16:29,,,,,0.222203252,18.41180661,,,,,,
2025/8/13 16:29,,,,,,,1.035560388,17.73463172,,,,
2025/8/13 16:29,,,,,,,,,0.008730931,18.37142246,,
2025/8/13 16:29,,,,,,,,,,,1.064229489,17.7397217
2025/8/13 16:29,0.68321875,18.96769918,,,,,,,,,,
2025/8/13 16:29,,,1.0339695,17.69783022,,,,,,,,
2025/8/13 16:29,,,,,0.671036743,18.5540272,,,,,,
2025/8/13 16:29,,,,,,,1.029837627,17.75273549,,,,
2025/8/13 16:29,,,,,,,,,0.462633455,18.51953682,,
2025/8/13 16:29,,,,,,,,,,,1.056004534,17.75741202
2025/8/13 16:29,0.300625,18.97761904,,,,,,,,,,
2025/8/13 16:29,,,1.023643687,17.72083847,,,,,,,,
2025/8/13 16:29,,,,,0.286411882,18.53957287,,,,,,
2025/8/13 16:29,,,,,,,1.019430731,17.77044085,,,,
2025/8/13 16:29,,,,,,,,,0.037169954,18.49326853,,
2025/8/13 16:29,,,,,,,,,,,1.042719288,17.77459079
2025/8/13 16:29,0.80160625,19.17325031,,,,,,,,,,
2025/8/13 16:29,,,1.019676937,17.74570066,,,,,,,,
2025/8/13 16:29,,,,,0.788077136,18.69491007,,,,,,
2025/8/13 16:29,,,,,,,1.015389087,17.78969246,,,,
2025/8/13 16:29,,,,,,,,,0.550774422,18.65703517,,
2025/8/13 16:29,,,,,,,,,,,1.03593646,17.79339889
2025/8/13 16:29,0.80160625,19.17325031,,,,,,,,,,
2025/8/13 16:29,,,1.015710187,17.77056284,,,,,,,,
2025/8/13 16:29,,,,,0.788077136,18.69491007,,,,,,
2025/8/13 16:29,,,,,,,1.011350982,17.80880206,,,,
2025/8/13 16:29,,,,,,,,,0.550774422,18.65703517,,
2025/8/13 16:29,,,,,,,,,,,1.029105833,17.81206146
2025/8/13 16:29,1.33235625,19.36421769,,,,,,,,,,
2025/8/13 16:29,,,1.016213437,17.79699578,,,,,,,,
2025/8/13 16:29,,,,,1.320018404,18.84459554,,,,,,
2025/8/13 16:29,,,,,,,1.01179207,17.82915241,,,,
2025/8/13 16:29,,,,,,,,,1.102336794,18.81559208,,
2025/8/13 16:29,,,,,,,,,,,1.026993819,17.83205741
2025/8/13 16:29,0.89535,19.38933852,,,,,,,,,,
2025/8/13 16:29,,,1.013022937,17.82362945,,,,,,,,
2025/8/13 16:29,,,,,0.880390921,18.84140932,,,,,,
2025/8/13 16:29,,,,,,,1.008512116,17.84946728,,,,
2025/8/13 16:29,,,,,,,,,0.609333281,18.79936784,,
2025/8/13 16:29,,,,,,,,,,,1.02063482,17.85188737
2025/8/13 16:29,0.89535,19.38933852,,,,,,,,,,
2025/8/13 16:29,,,1.009832437,17.85026312,,,,,,,,
2025/8/13 16:29,,,,,0.879633564,18.81702336,,,,,,
2025/8/13 16:29,,,,,,,1.005227562,17.86936048,,,,
2025/8/13 16:29,,,,,,,,,0.595581472,18.77272108,,
2025/8/13 16:29,,,,,,,,,,,1.014074811,17.87126872
2025/8/13 16:29,0.48075,19.40404544,,,,,,,,,,
2025/8/13 16:29,,,1.003625625,17.87696566,,,,,,,,
2025/8/13 16:29,,,,,0.462343233,18.80504988,,,,,,
2025/8/13 16:29,,,,,,,0.998900615,17.88913483,,,,
2025/8/13 16:29,,,,,,,,,0.120457099,18.74442579,,
2025/8/13 16:29,,,,,,,,,,,1.003904407,17.89036584
2025/8/13 16:29,-0.042,19.40995456,,,,,,,,,,
2025/8/13 16:29,,,0.992191312,17.9037273,,,,,,,,
2025/8/13 16:29,,,,,-0.063910857,18.77762774,,,,,,
2025/8/13 16:29,,,,,,,0.987308124,17.9085266,,,,
2025/8/13 16:29,,,,,,,,,-0.485606399,18.6912409,,
2025/8/13 16:29,,,,,,,,,,,0.987633085,17.90882025
2025/8/13 16:29,-0.70246875,19.39728429,,,,,,,,,,
2025/8/13 16:29,,,0.973312812,17.93001861,,,,,,,,
2025/8/13 16:29,,,,,-0.728922484,18.72324798,,,,,,
2025/8/13 16:29,,,,,,,0.968228669,17.92711589,,,,
2025/8/13 16:29,,,,,,,,,-1.263576606,18.59474273,,
2025/8/13 16:29,,,,,,,,,,,0.962783893,17.92605463
2025/8/13 16:29,0.601,19.93094075,,,,,,,,,,
2025/8/13 16:29,,,0.967469,17.96164648,,,,,,,,
2025/8/13 16:29,,,,,0.578475819,19.15785686,,,,,,
2025/8/13 16:29,,,,,,,0.962220977,17.9499433,,,,
2025/8/13 16:29,,,,,,,,,0.123769333,19.0797471,,
2025/8/13 16:29,,,,,,,,,,,0.951772733,17.9480288
2025/8/13 16:29,0.09381875,19.93977929,,,,,,,,,,
2025/8/13 16:29,,,0.955501187,17.99293897,,,,,,,,
2025/8/13 16:29,,,,,0.067320076,19.13418606,,,,,,
2025/8/13 16:29,,,,,,,0.950051131,17.97221545,,,,
2025/8/13 16:29,,,,,,,,,-0.486630919,19.02428843,,
2025/8/13 16:29,,,,,,,,,,,0.933658105,17.96913578
2025/8/13 16:29,0.09381875,19.93977929,,,,,,,,,,
2025/8/13 16:29,,,0.943533375,18.02423145,,,,,,,,
2025/8/13 16:29,,,,,0.097445949,20.08126518,,,,,,
2025/8/13 16:29,,,,,,,0.938182321,18.00385109,,,,
2025/8/13 16:29,,,,,,,,,0.178455124,20.09533956,,
2025/8/13 16:29,,,,,,,,,,,0.922153459,18.00084273
2025/8/13 16:29,0.79661875,20.20430149,,,,,,,,,,
2025/8/13 16:29,,,0.941089875,18.05799613,,,,,,,,
2025/8/13 16:29,,,,,0.790270094,20.28604904,,,,,,
2025/8/13 16:29,,,,,,,0.935739296,18.0375351,,,,
2025/8/13 16:29,,,,,,,,,0.838256583,20.29403303,,
2025/8/13 16:29,,,,,,,,,,,0.919770938,18.03453373
2025/8/13 16:29,0.31196875,20.21759322,,,,,,,,,,
2025/8/13 16:29,,,0.933799875,18.09189373,,,,,,,,
2025/8/13 16:29,,,,,0.306590908,20.27207158,,,,,,
2025/8/13 16:29,,,,,,,0.928460098,18.071008,,,,
2025/8/13 16:29,,,,,,,,,0.344853653,20.27972668,,
2025/8/13 16:29,,,,,,,,,,,0.912424116,18.06800732
2025/8/13 16:29,0.31196875,20.21759322,,,,,,,,,,
2025/8/13 16:29,,,0.928792375,18.12566565,,,,,,,,
2025/8/13 16:29,,,,,0.304802593,20.31773291,,,,,,
2025/8/13 16:29,,,,,,,0.923445685,18.10496815,,,,
2025/8/13 16:29,,,,,,,,,0.370668447,20.32884676,,
2025/8/13 16:29,,,,,,,,,,,0.907658396,18.10200224
2025/8/13 16:29,0.09526875,20.21977556,,,,,,,,,,
2025/8/13 16:29,,,0.921617875,18.1594594,,,,,,,,
2025/8/13 16:29,,,,,0.087814664,20.30778694,,,,,,
2025/8/13 16:29,,,,,,,0.916260885,18.13872053,,,,
2025/8/13 16:29,,,,,,,,,0.150171283,20.31922356,,
2025/8/13 16:29,,,,,,,,,,,0.90064461,18.13578772
2025/8/13 16:29,-0.040575,20.21995929,,,,,,,,,,
2025/8/13 16:29,,,0.914460437,18.19319424,,,,,,,,
2025/8/13 16:29,,,,,-0.048043145,20.30045117,,,,,,
2025/8/13 16:29,,,,,,,0.909094904,18.17243267,,,,
2025/8/13 16:29,,,,,,,,,0.011509989,20.31192893,,
2025/8/13 16:29,,,,,,,,,,,0.893638605,18.16953142
2025/8/13 16:29,0.64640625,20.47980124,,,,,,,,,,
2025/8/13 16:29,,,0.914172812,18.22952749,,,,,,,,
2025/8/13 16:29,,,,,0.643816134,20.50554893,,,,,,
2025/8/13 16:29,,,,,,,0.90883348,18.20804774,,,,
2025/8/13 16:29,,,,,,,,,0.660709544,20.50963814,,
2025/8/13 16:29,,,,,,,,,,,0.893062887,18.20510151
2025/8/13 16:29,0.51025,20.48364579,,,,,,,,,,
2025/8/13 16:29,,,0.913213062,18.26587297,,,,,,,,
2025/8/13 16:29,,,,,0.508259186,20.50194544,,,,,,
2025/8/13 16:29,,,,,,,0.907912032,18.24364807,,,,
2025/8/13 16:29,,,,,,,,,0.521681421,20.50556545,,
2025/8/13 16:29,,,,,,,,,,,0.891801147,18.24065117
2025/8/13 16:29,0.84426875,20.60270881,,,,,,,,,,
2025/8/13 16:29,,,0.9155935,18.30340909,,,,,,,,
2025/8/13 16:29,,,,,0.844710976,20.59879418,,,,,,
2025/8/13 16:29,,,,,,,0.910270357,18.27998904,,,,
2025/8/13 16:29,,,,,,,,,0.841697692,20.59669686,,
2025/8/13 16:29,,,,,,,,,,,0.893641274,18.27688519
2025/8/13 16:29,0.7078,20.60784848,,,,,,,,,,
2025/8/13 16:29,,,0.917760812,18.3409591,,,,,,,,
2025/8/13 16:29,,,,,0.709036082,20.59642414,,,,,,
2025/8/13 16:29,,,,,,,0.91244089,18.31634674,,,,
2025/8/13 16:29,,,,,,,,,0.700536858,20.59348091,,
2025/8/13 16:29,,,,,,,,,,,0.895236243,18.31312466
2025/8/13 16:29,0.88853125,20.67091223,,,,,,,,,,
2025/8/13 16:29,,,0.917921687,18.37749171,,,,,,,,
2025/8/13 16:29,,,,,0.890871318,20.64568507,,,,,,
2025/8/13 16:29,,,,,,,0.912683401,18.35194571,,,,
2025/8/13 16:29,,,,,,,,,0.875440062,20.6419439,,
2025/8/13 16:29,,,,,,,,,,,0.89497228,18.34861686
2025/8/13 16:29,0.77913125,20.67532477,,,,,,,,,,
2025/8/13 16:29,,,0.916988562,18.41406845,,,,,,,,
2025/8/13 16:29,,,,,0.782058019,20.64408878,,,,,,
2025/8/13 16:29,,,,,,,0.911844705,18.3872797,,,,
2025/8/13 16:29,,,,,,,,,0.762135234,20.63960376,,
2025/8/13 16:29,,,,,,,,,,,0.893473728,18.38382571
2025/8/13 16:29,1.325,20.85795711,,,,,,,,,,
2025/8/13 16:29,,,0.920447563,18.45202872,,,,,,,,
2025/8/13 16:29,,,,,1.3298817,20.78580683,,,,,,
2025/8/13 16:29,,,,,,,0.915415205,18.42369303,,,,
2025/8/13 16:29,,,,,,,,,1.292543667,20.77999063,,
2025/8/13 16:29,,,,,,,,,,,0.89626997,18.42010818
2025/8/13 16:29,1.40343125,20.88289445,,,,,,,,,,
2025/8/13 16:29,,,0.924690875,18.49023836,,,,,,,,
2025/8/13 16:29,,,,,1.408449259,20.80491738,,,,,,
2025/8/13 16:29,,,,,,,0.919761858,18.46004454,,,,
2025/8/13 16:29,,,,,,,,,1.369723304,20.79896881,,
2025/8/13 16:29,,,,,,,,,,,0.899741147,18.45632299
2025/8/13 16:29,1.481975,20.9075429,,,,,,,,,,
2025/8/13 16:29,,,0.931337063,18.52860936,,,,,,,,
2025/8/13 16:29,,,,,1.487143155,20.82383849,,,,,,
2025/8/13 16:29,,,,,,,0.926522916,18.4966114,,,,
2025/8/13 16:29,,,,,,,,,1.446429915,20.81799804,,
2025/8/13 16:29,,,,,,,,,,,0.905622453,18.49275053
2025/8/13 16:29,1.18009375,20.9267527,,,,,,,,,,
2025/8/13 16:29,,,0.932607,18.56619958,,,,,,,,
2025/8/13 16:29,,,,,1.186585979,20.82566816,,,,,,
2025/8/13 16:29,,,,,,,0.927915516,18.53245404,,,,
2025/8/13 16:29,,,,,,,,,1.131751219,20.81760078,,
2025/8/13 16:29,,,,,,,,,,,0.906112123,18.52844658
2025/8/13 16:29,1.28499375,20.96064863,,,,,,,,,,
2025/8/13 16:29,,,0.934925938,18.60412876,,,,,,,,
2025/8/13 16:29,,,,,1.291572934,20.85179315,,,,,,
2025/8/13 16:29,,,,,,,0.930364987,18.56831022,,,,
2025/8/13 16:29,,,,,,,,,1.235303937,20.84390531,,
2025/8/13 16:29,,,,,,,,,,,0.907539838,18.56414758
2025/8/13 16:29,1.28499375,20.96064863,,,,,,,,,,
2025/8/13 16:29,,,0.938403938,18.64199076,,,,,,,,
2025/8/13 16:29,,,,,1.281206514,21.01284904,,,,,,
2025/8/13 16:29,,,,,,,0.933870408,18.60578811,,,,
2025/8/13 16:29,,,,,,,,,1.308696409,21.01765963,,
2025/8/13 16:29,,,,,,,,,,,0.910874467,18.60159584
2025/8/13 16:29,1.17484375,20.96711096,,,,,,,,,,
2025/8/13 16:29,,,0.940780438,18.67991739,,,,,,,,
2025/8/13 16:29,,,,,1.171307961,21.01312973,,,,,,
2025/8/13 16:29,,,,,,,0.93627426,18.64316056,,,,
2025/8/13 16:29,,,,,,,,,1.196514014,21.01761553,,
2025/8/13 16:29,,,,,,,,,,,0.913047934,18.63893413
2025/8/13 16:29,1.30625,21.00943148,,,,,,,,,,
2025/8/13 16:29,,,0.941231938,18.71697064,,,,,,,,
2025/8/13 16:29,,,,,1.303478614,21.04572074,,,,,,
2025/8/13 16:29,,,,,,,0.936750892,18.67987264,,,,
2025/8/13 16:29,,,,,,,,,1.322663124,21.04956799,,
2025/8/13 16:29,,,,,,,,,,,0.913398984,18.6756267
2025/8/13 16:29,1.4116,21.04270623,,,,,,,,,,
2025/8/13 16:29,,,0.942736938,18.75435663,,,,,,,,
2025/8/13 16:29,,,,,1.409442916,21.07141827,,,,,,
2025/8/13 16:29,,,,,,,0.938290503,18.71677151,,,,
2025/8/13 16:29,,,,,,,,,1.424221878,21.07459544,,
2025/8/13 16:29,,,,,,,,,,,0.91474008,18.71249661
2025/8/13 16:29,1.49074375,21.06732264,,,,,,,,,,
2025/8/13 16:29,,,0.946195562,18.791908,,,,,,,,
2025/8/13 16:29,,,,,1.489020923,21.09026509,,,,,,
2025/8/13 16:29,,,,,,,0.9417863,18.75385676,,,,
2025/8/13 16:29,,,,,,,,,1.500650924,21.09304706,,
2025/8/13 16:29,,,,,,,,,,,0.918021109,18.74954927
2025/8/13 16:30,1.04814375,21.09397532,,,,,,,,,,
2025/8/13 16:30,,,0.944359688,18.82938452,,,,,,,,
2025/8/13 16:30,,,,,1.04814375,21.09397532,,,,,,
2025/8/13 16:30,,,,,,,0.939998588,18.79071793,,,,
2025/8/13 16:30,,,,,,,,,1.047484037,21.09370439,,
2025/8/13 16:30,,,,,,,,,,,0.915942803,18.78635252
2025/8/13 16:30,0.93699375,21.09920479,,,,,,,,,,
2025/8/13 16:30,,,0.941412313,18.86691333,,,,,,,,
2025/8/13 16:30,,,,,0.937480727,21.09463365,,,,,,
2025/8/13 16:30,,,,,,,0.937110027,18.82748103,,,,
2025/8/13 16:30,,,,,,,,,0.934084107,21.09242883,,
2025/8/13 16:30,,,,,,,,,,,0.912688888,18.82303505
2025/8/13 16:30,0.98981875,21.1168146,,,,,,,,,,
2025/8/13 16:30,,,0.940391938,18.90452459,,,,,,,,
2025/8/13 16:30,,,,,0.990661159,21.10837403,,,,,,
2025/8/13 16:30,,,,,,,0.936149009,18.86438143,,,,
2025/8/13 16:30,,,,,,,,,0.985198187,21.10599877,,
2025/8/13 16:30,,,,,,,,,,,0.9113634,18.85985243
2025/8/13 16:30,0.76691875,21.12608425,,,,,,,,,,
2025/8/13 16:30,,,0.936272063,18.94188457,,,,,,,,
2025/8/13 16:30,,,,,0.768932422,21.10553809,,,,,,
2025/8/13 16:30,,,,,,,0.932094102,18.90099053,,,,
2025/8/13 16:30,,,,,,,,,0.755259855,21.1019646,,
2025/8/13 16:30,,,,,,,,,,,0.906913787,18.89637424
2025/8/13 16:30,0.683125,21.12895975,,,,,,,,,,
2025/8/13 16:30,,,0.93131425,18.97927331,,,,,,,,
2025/8/13 16:30,,,,,0.685577196,21.10381052,,,,,,
2025/8/13 16:30,,,,,,,0.927215701,18.93740784,,,,
2025/8/13 16:30,,,,,,,,,0.66820078,21.09979433,,
2025/8/13 16:30,,,,,,,,,,,0.901520993,18.93268894
2025/8/13 16:30,0.59921875,21.13150579,,,,,,,,,,
2025/8/13 16:30,,,0.926686438,19.01661221,,,,,,,,
2025/8/13 16:30,,,,,0.602129529,21.10192105,,,,,,
2025/8/13 16:30,,,,,,,0.922669634,18.9738092,,,,
2025/8/13 16:30,,,,,,,,,0.581356152,21.09729085,,
2025/8/13 16:30,,,,,,,,,,,0.896449543,18.96898404
2025/8/13 16:30,0.83755,21.21347237,,,,,,,,,,
2025/8/13 16:30,,,0.92378775,19.05451131,,,,,,,,
2025/8/13 16:30,,,,,0.841582953,21.16621698,,,,,,
2025/8/13 16:30,,,,,,,0.919858899,19.01065407,,,,
2025/8/13 16:30,,,,,,,,,0.811867676,21.16051882,,
2025/8/13 16:30,,,,,,,,,,,0.893057622,19.00571754
2025/8/13 16:30,0.75353125,21.21662298,,,,,,,,,,
2025/8/13 16:30,,,0.920048875,19.09244191,,,,,,,,
2025/8/13 16:30,,,,,0.757992235,21.16478641,,,,,,
2025/8/13 16:30,,,,,,,0.916225145,19.04723987,,,,
2025/8/13 16:30,,,,,,,,,0.724570859,21.15851652,,
2025/8/13 16:30,,,,,,,,,,,0.888696151,19.04217357
2025/8/13 16:30,0.75353125,21.21662298,,,,,,,,,,
2025/8/13 16:30,,,0.917482188,19.13030063,,,,,,,,
2025/8/13 16:30,,,,,0.75353125,21.21662298,,,,,,
2025/8/13 16:30,,,,,,,0.913717485,19.08435029,,,,
2025/8/13 16:30,,,,,,,,,0.754342611,21.21780674,,
2025/8/13 16:30,,,,,,,,,,,0.885824644,19.07922738
2025/8/13 16:30,0.55705,21.22269058,,,,,,,,,,
2025/8/13 16:30,,,0.912295375,19.16795867,,,,,,,,
2025/8/13 16:30,,,,,0.557939461,21.21491828,,,,,,
2025/8/13 16:30,,,,,,,0.908594361,19.12124344,,,,
2025/8/13 16:30,,,,,,,,,0.551988924,21.21240394,,
2025/8/13 16:30,,,,,,,,,,,0.880306444,19.11603197
2025/8/13 16:30,0.74311875,21.28703301,,,,,,,,,,
2025/8/13 16:30,,,0.91038,19.20617891,,,,,,,,
2025/8/13 16:30,,,,,0.745212827,21.26555619,,,,,,
2025/8/13 16:30,,,,,,,0.906751234,19.15865444,,,,
2025/8/13 16:30,,,,,,,,,0.730313825,21.26187829,,
2025/8/13 16:30,,,,,,,,,,,0.878002243,19.15334459
2025/8/13 16:30,0.658725,21.28981168,,,,,,,,,,
2025/8/13 16:30,,,0.90608725,19.24381441,,,,,,,,
2025/8/13 16:30,,,,,0.661265178,21.26382458,,,,,,
2025/8/13 16:30,,,,,,,0.902523369,19.1955765,,,,
2025/8/13 16:30,,,,,,,,,0.64287679,21.25961293,,
2025/8/13 16:30,,,,,,,,,,,0.873358901,19.19017616
2025/8/13 16:30,0.73865625,21.31720636,,,,,,,,,,
2025/8/13 16:30,,,0.903772875,19.28165464,,,,,,,,
2025/8/13 16:30,,,,,0.741619626,21.28537274,,,,,,
2025/8/13 16:30,,,,,,,0.900274004,19.23272257,,,,
2025/8/13 16:30,,,,,,,,,0.720169294,21.28069606,,
2025/8/13 16:30,,,,,,,,,,,0.870693166,19.22723137
2025/8/13 16:30,0.56953125,21.32239513,,,,,,,,,,
2025/8/13 16:30,,,0.89800725,19.3188513,,,,,,,,
2025/8/13 16:30,,,,,0.573375369,21.28146208,,,,,,
2025/8/13 16:30,,,,,,,0.894567692,19.26929409,,,,
2025/8/13 16:30,,,,,,,,,0.544979406,21.27563232,,
2025/8/13 16:30,,,,,,,,,,,0.864586704,19.26371109
2025/8/13 16:30,0.67628125,21.35929642,,,,,,,,,,
2025/8/13 16:30,,,0.894728125,19.35633033,,,,,,,,
2025/8/13 16:30,,,,,0.680602722,21.31049737,,,,,,
2025/8/13 16:30,,,,,,,0.891345208,19.30616099,,,,
2025/8/13 16:30,,,,,,,,,0.647914652,21.30431966,,
2025/8/13 16:30,,,,,,,,,,,0.860964109,19.30048726
2025/8/13 16:30,0.50670625,21.36399187,,,,,,,,,,
2025/8/13 16:30,,,0.888206688,19.3932498,,,,,,,,
2025/8/13 16:30,,,,,0.511902426,21.30609956,,,,,,
2025/8/13 16:30,,,,,,,0.884875732,19.34250154,,,,
2025/8/13 16:30,,,,,,,,,0.472058976,21.29867878,,
2025/8/13 16:30,,,,,,,,,,,0.854097177,19.33675057
2025/8/13 16:30,0.66720625,21.41961101,,,,,,,,,,
2025/8/13 16:30,,,0.88329025,19.43072546,,,,,,,,
2025/8/13 16:30,,,,,0.672951333,21.34983784,,,,,,
2025/8/13 16:30,,,,,,,0.880051441,19.37888083,,,,
2025/8/13 16:30,,,,,,,,,0.627450788,21.34200722,,
2025/8/13 16:30,,,,,,,,,,,0.848620982,19.37300804
2025/8/13 16:30,0.4688,21.42487168,,,,,,,,,,
2025/8/13 16:30,,,0.87461475,19.46757681,,,,,,,,
2025/8/13 16:30,,,,,0.475479786,21.3444067,,,,,,
2025/8/13 16:30,,,,,,,0.871463954,19.41468732,,,,
2025/8/13 16:30,,,,,,,,,0.419535705,21.33484761,,
2025/8/13 16:30,,,,,,,,,,,0.839355221,19.40868562
2025/8/13 16:30,0.29825,21.42792447,,,,,,,,,,
2025/8/13 16:30,,,0.86423375,19.50445868,,,,,,,,
2025/8/13 16:30,,,,,0.30565033,21.33831994,,,,,,
2025/8/13 16:30,,,,,,,0.861190544,19.45026066,,,,
2025/8/13 16:30,,,,,,,,,0.24078972,21.32702818,,
2025/8/13 16:30,,,,,,,,,,,0.828242044,19.44410401
2025/8/13 16:30,0.15578125,21.42943378,,,,,,,,,,
2025/8/13 16:30,,,0.85504125,19.54117813,,,,,,,,
2025/8/13 16:30,,,,,0.163415905,21.33206027,,,,,,
2025/8/13 16:30,,,,,,,0.85209781,19.4857647,,,,
2025/8/13 16:30,,,,,,,,,0.09080839,21.31941516,,
2025/8/13 16:30,,,,,,,,,,,0.818287173,19.4794458
2025/8/13 16:30,0.47813125,21.54469518,,,,,,,,,,
2025/8/13 16:30,,,0.84773575,19.57853477,,,,,,,,
2025/8/13 16:30,,,,,0.482846959,21.42241687,,,,,,
2025/8/13 16:30,,,,,,,0.844851827,19.521775,,,,
2025/8/13 16:30,,,,,,,,,0.404487036,21.41054133,,
2025/8/13 16:30,,,,,,,,,,,0.810186642,19.5153104
2025/8/13 16:30,0.721075,21.62798305,,,,,,,,,,
2025/8/13 16:30,,,0.843575,19.61667719,,,,,,,,
2025/8/13 16:30,,,,,0.721198891,21.48732729,,,,,,
2025/8/13 16:30,,,,,,,0.840700625,19.55843381,,,,
2025/8/13 16:30,,,,,,,,,0.641884826,21.47602076,,
2025/8/13 16:30,,,,,,,,,,,0.805198993,19.55183278
2025/8/13 16:30,0.91073125,21.69088907,,,,,,,,,,
2025/8/13 16:30,,,0.839969813,19.65493781,,,,,,,,
2025/8/13 16:30,,,,,0.908335242,21.53632438,,,,,,
2025/8/13 16:30,,,,,,,0.837070624,19.59515609,,,,
2025/8/13 16:30,,,,,,,,,0.829153973,21.52584409,,
2025/8/13 16:30,,,,,,,,,,,0.800788188,19.58846805
2025/8/13 16:30,0.62485625,21.70100584,,,,,,,,,,
2025/8/13 16:30,,,0.833983375,19.69326627,,,,,,,,
2025/8/13 16:30,,,,,0.621654315,21.53079575,,,,,,
2025/8/13 16:30,,,,,,,0.831047922,19.63182087,,,,
2025/8/13 16:30,,,,,,,,,0.52581493,21.51688642,,
2025/8/13 16:30,,,,,,,,,,,0.793829843,19.62501419
2025/8/13 16:30,0.924125,21.80042185,,,,,,,,,,
2025/8/13 16:30,,,0.830317438,19.7323354,,,,,,,,
2025/8/13 16:30,,,,,0.920827697,21.6089469,,,,,,
2025/8/13 16:30,,,,,,,0.827339332,19.66907239,,,,
2025/8/13 16:30,,,,,,,,,0.822294491,21.59586026,,
2025/8/13 16:30,,,,,,,,,,,0.789190395,19.66216053
2025/8/13 16:30,1.11535625,21.86156629,,,,,,,,,,
2025/8/13 16:30,,,0.82975975,19.77193373,,,,,,,,
2025/8/13 16:30,,,,,1.11203982,21.65670789,,,,,,
2025/8/13 16:30,,,,,,,0.826731508,19.70679682,,,,
2025/8/13 16:30,,,,,,,,,1.012995987,21.64430701,,
2025/8/13 16:30,,,,,,,,,,,0.78768757,19.69979031
2025/8/13 16:30,1.362125,21.9377532,,,,,,,,,,
2025/8/13 16:30,,,0.830996437,19.81203853,,,,,,,,
2025/8/13 16:30,,,,,1.358831381,21.71584999,,,,,,
2025/8/13 16:30,,,,,,,0.827913961,19.74491684,,,,
2025/8/13 16:30,,,,,,,,,1.260157483,21.70471205,,
2025/8/13 16:30,,,,,,,,,,,0.788000816,19.73783225
2025/8/13 16:30,1.472125,21.97073617,,,,,,,,,,
2025/8/13 16:30,,,0.833333125,19.85247316,,,,,,,,
2025/8/13 16:30,,,,,1.468858582,21.74131418,,,,,,
2025/8/13 16:30,,,,,,,0.83025292,19.78263673,,,,
2025/8/13 16:30,,,,,,,,,1.370758339,21.73070139,,
2025/8/13 16:30,,,,,,,,,,,0.789156505,19.77540234
2025/8/13 16:30,1.692725,22.03507844,,,,,,,,,,
2025/8/13 16:30,,,0.837426312,19.89338232,,,,,,,,
2025/8/13 16:30,,,,,1.689544339,21.79071982,,,,,,
2025/8/13 16:30,,,,,,,0.834346004,19.82072148,,,,
2025/8/13 16:30,,,,,,,,,1.593332888,21.78120214,,
2025/8/13 16:30,,,,,,,,,,,0.792106189,19.81335196
2025/8/13 16:30,1.803325,22.06643648,,,,,,,,,,
2025/8/13 16:30,,,0.8426255,19.93460506,,,,,,,,
2025/8/13 16:30,,,,,1.800202821,21.81465861,,,,,,
2025/8/13 16:30,,,,,,,0.839560964,19.85880307,,,,
2025/8/13 16:30,,,,,,,,,1.706062397,21.80577289,,
2025/8/13 16:30,,,,,,,,,,,0.796087182,19.85129116
2025/8/13 16:30,1.88640625,22.08959872,,,,,,,,,,
2025/8/13 16:30,,,0.8482055,19.97589162,,,,,,,,
2025/8/13 16:30,,,,,1.883334724,21.83227731,,,,,,
2025/8/13 16:30,,,,,,,0.845154378,19.89693315,,,,
2025/8/13 16:30,,,,,,,,,1.790642605,21.82389997,,
2025/8/13 16:30,,,,,,,,,,,0.800484633,19.88928655
2025/8/13 16:30,2.10850625,22.14986911,,,,,,,,,,
2025/8/13 16:30,,,0.858648562,20.01760501,,,,,,,,
2025/8/13 16:30,,,,,2.105598093,21.87785022,,,,,,
2025/8/13 16:30,,,,,,,0.855604731,19.93551376,,,,
2025/8/13 16:30,,,,,,,,,2.017513336,21.87068477,,
2025/8/13 16:30,,,,,,,,,,,0.809841759,19.92775024
2025/8/13 16:30,2.192,22.17190871,,,,,,,,,,
2025/8/13 16:30,,,0.868573562,20.05902265,,,,,,,,
2025/8/13 16:30,,,,,2.189163649,21.89440944,,,,,,
2025/8/13 16:30,,,,,,,0.865527576,19.9738637,,,,
2025/8/13 16:30,,,,,,,,,2.10343429,21.88784718,,
2025/8/13 16:30,,,,,,,,,,,0.818754273,19.96599701
2025/8/13 16:30,2.27560625,22.19364135,,,,,,,,,,
2025/8/13 16:30,,,0.881023812,20.10055319,,,,,,,,
2025/8/13 16:30,,,,,2.272847418,21.91067825,,,,,,
2025/8/13 16:30,,,,,,,0.877968877,20.01237944,,,,
2025/8/13 16:30,,,,,,,,,2.18844206,21.9044413,,
2025/8/13 16:30,,,,,,,,,,,0.830251718,20.00441991
2025/8/13 16:30,2.49910625,22.25009141,,,,,,,,,,
2025/8/13 16:30,,,0.894578125,20.14221539,,,,,,,,
2025/8/13 16:30,,,,,2.502716966,21.95309807,,,,,,
2025/8/13 16:30,,,,,,,0.891568414,20.05098488,,,,
2025/8/13 16:30,,,,,,,,,2.419542258,21.94772485,,
2025/8/13 16:30,,,,,,,,,,,0.842961587,20.04294686
2025/8/13 16:30,2.49910625,22.25009141,,,,,,,,,,
2025/8/13 16:30,,,0.90885825,20.18383315,,,,,,,,
2025/8/13 16:30,,,,,2.497400924,22.56650494,,,,,,
2025/8/13 16:30,,,,,,,0.905836161,20.09572606,,,,
2025/8/13 16:30,,,,,,,,,2.574887104,22.57114951,,
2025/8/13 16:30,,,,,,,,,,,0.857975457,20.08771576
2025/8/13 16:30,2.695325,22.2976865,,,,,,,,,,
2025/8/13 16:30,,,0.9239665,20.22549651,,,,,,,,
2025/8/13 16:30,,,,,2.688754183,22.60025083,,,,,,
2025/8/13 16:30,,,,,,,0.920875916,20.14043952,,,,
2025/8/13 16:30,,,,,,,,,2.758343897,22.60445877,,
2025/8/13 16:30,,,,,,,,,,,0.873726806,20.13249107
2025/8/13 16:30,1.45181875,22.41302796,,,,,,,,,,
2025/8/13 16:30,,,0.926185187,20.26814309,,,,,,,,
2025/8/13 16:30,,,,,1.454466108,22.64879122,,,,,,
2025/8/13 16:30,,,,,,,0.923114408,20.18550722,,,,
2025/8/13 16:30,,,,,,,,,1.549601424,22.65840438,,
2025/8/13 16:30,,,,,,,,,,,0.876946896,20.17767688
2025/8/13 16:30,1.45181875,22.41302796,,,,,,,,,,
2025/8/13 16:30,,,0.927265437,20.31036905,,,,,,,,
2025/8/13 16:30,,,,,1.45453599,22.65563367,,,,,,
2025/8/13 16:30,,,,,,,0.924207086,20.23032127,,,,
2025/8/13 16:30,,,,,,,,,1.55257606,22.66556162,,
2025/8/13 16:30,,,,,,,,,,,0.879103445,20.22261684
2025/8/13 16:30,1.7614,22.50116375,,,,,,,,,,
2025/8/13 16:30,,,0.9314415,20.35347637,,,,,,,,
2025/8/13 16:30,,,,,1.762005997,22.72243686,,,,,,
2025/8/13 16:30,,,,,,,0.928446124,20.27480213,,,,
2025/8/13 16:30,,,,,,,,,1.842446502,22.72961889,,
2025/8/13 16:30,,,,,,,,,,,0.883771496,20.26710954
2025/8/13 16:30,1.84609375,22.5244742,,,,,,,,,,
2025/8/13 16:30,,,0.935322937,20.39640312,,,,,,,,
2025/8/13 16:30,,,,,1.841751915,22.73954876,,,,,,
2025/8/13 16:30,,,,,,,0.932334277,20.31913973,,,,
2025/8/13 16:30,,,,,,,,,1.922020411,22.74656165,,
2025/8/13 16:30,,,,,,,,,,,0.888141815,20.31146325
2025/8/13 16:30,1.84609375,22.5244742,,,,,,,,,,
2025/8/13 16:30,,,0.939204375,20.43932988,,,,,,,,
2025/8/13 16:30,,,,,1.848378093,22.76749023,,,,,,
2025/8/13 16:30,,,,,,,0.936303211,20.36337316,,,,
2025/8/13 16:30,,,,,,,,,1.930979672,22.77459778,,
2025/8/13 16:30,,,,,,,,,,,0.892467744,20.35570171
2025/8/13 16:30,1.9309,22.5474727,,,,,,,,,,
2025/8/13 16:30,,,0.942789187,20.48207992,,,,,,,,
2025/8/13 16:30,,,,,1.930591016,22.78457413,,,,,,
2025/8/13 16:30,,,,,,,0.939944705,20.40747042,,,,
2025/8/13 16:30,,,,,,,,,2.010774393,22.79114772,,
2025/8/13 16:30,,,,,,,,,,,0.896501009,20.39980439
2025/8/13 16:30,2.12921875,22.59992096,,,,,,,,,,
2025/8/13 16:30,,,0.952735687,20.52503041,,,,,,,,
2025/8/13 16:30,,,,,2.122127294,22.82275326,,,,,,
2025/8/13 16:30,,,,,,,0.949876114,20.45190864,,,,
2025/8/13 16:30,,,,,,,,,2.197425339,22.82887939,,
2025/8/13 16:30,,,,,,,,,,,0.906821568,20.4442406
2025/8/13 16:30,2.29969375,22.64352024,,,,,,,,,,
2025/8/13 16:30,,,0.963239125,20.56799048,,,,,,,,
2025/8/13 16:30,,,,,2.29287096,22.85484732,,,,,,
2025/8/13 16:30,,,,,,,0.96035965,20.49634112,,,,
2025/8/13 16:30,,,,,,,,,2.359292895,22.86028276,,
2025/8/13 16:30,,,,,,,,,,,0.917662563,20.48867147
2025/8/13 16:30,2.49915,22.6927995,,,,,,,,,,
2025/8/13 16:30,,,0.974355625,20.61094094,,,,,,,,
2025/8/13 16:30,,,,,2.493177982,22.89102072,,,,,,
2025/8/13 16:30,,,,,,,0.971455376,20.54075082,,,,
2025/8/13 16:30,,,,,,,,,2.54845717,22.89548745,,
2025/8/13 16:30,,,,,,,,,,,0.929069891,20.5330786
2025/8/13 16:30,2.49915,22.6927995,,,,,,,,,,
2025/8/13 16:30,,,0.988413625,20.65369318,,,,,,,,
2025/8/13 16:30,,,,,2.492722705,22.91843454,,,,,,
2025/8/13 16:30,,,,,,,0.985479111,20.58542333,,,,
2025/8/13 16:30,,,,,,,,,2.555397256,22.92318719,,
2025/8/13 16:30,,,,,,,,,,,0.943544277,20.57775792
2025/8/13 16:30,2.58481875,22.71339499,,,,,,,,,,
2025/8/13 16:30,,,1.002173625,20.69622248,,,,,,,,
2025/8/13 16:30,,,,,2.578773321,22.93345018,,,,,,
2025/8/13 16:30,,,,,,,0.999200076,20.62991575,,,,
2025/8/13 16:30,,,,,,,,,2.6363855,22.93769979,,
2025/8/13 16:30,,,,,,,,,,,0.95772437,20.62226158
2025/8/13 16:30,2.58481875,22.71339499,,,,,,,,,,
2025/8/13 16:30,,,1.018151562,20.73861992,,,,,,,,
2025/8/13 16:30,,,,,2.578237375,22.96418171,,,,,,
2025/8/13 16:30,,,,,,,1.015122864,20.67472265,,,,
2025/8/13 16:30,,,,,,,,,2.643451714,22.96874065,,
2025/8/13 16:30,,,,,,,,,,,0.974233543,20.66708652
2025/8/13 16:30,2.58481875,22.71339499,,,,,,,,,,
2025/8/13 16:30,,,1.03273975,20.78049575,,,,,,,,
2025/8/13 16:30,,,,,2.578032041,22.9847496,,,,,,
2025/8/13 16:30,,,,,,,1.029643184,20.71931203,,,,
2025/8/13 16:30,,,,,,,,,2.647552916,22.98955221,,
2025/8/13 16:30,,,,,,,,,,,0.989441771,20.71172451
2025/8/13 16:30,-0.426875,22.85601404,,,,,,,,,,
2025/8/13 16:30,,,1.017211,20.82379777,,,,,,,,
2025/8/13 16:30,,,,,-0.424929643,22.97514132,,,,,,
2025/8/13 16:30,,,,,,,1.014189408,20.76306635,,,,
2025/8/13 16:30,,,,,,,,,-0.337007696,22.99054158,,
2025/8/13 16:30,,,,,,,,,,,0.974492088,20.75556777
2025/8/13 16:30,0.23365625,23.08881774,,,,,,,,,,
2025/8/13 16:30,,,1.008287562,20.86942782,,,,,,,,
2025/8/13 16:30,,,,,0.227399283,23.15860882,,,,,,
2025/8/13 16:30,,,,,,,1.005258396,20.80815991,,,,
2025/8/13 16:30,,,,,,,,,0.28088251,23.16791944,,
2025/8/13 16:30,,,,,,,,,,,0.965531988,20.80067447
2025/8/13 16:30,0.52290625,23.1841038,,,,,,,,,,
2025/8/13 16:30,,,1.004732875,20.91587682,,,,,,,,
2025/8/13 16:30,,,,,0.518481548,23.23413143,,,,,,
2025/8/13 16:30,,,,,,,1.001724629,20.85403194,,,,
2025/8/13 16:30,,,,,,,,,0.55421723,23.24061919,,
2025/8/13 16:30,,,,,,,,,,,0.961805464,20.84652513
2025/8/13 16:30,0.52290625,23.1841038,,,,,,,,,,
2025/8/13 16:30,,,1.0034175,20.96223328,,,,,,,,
2025/8/13 16:30,,,,,0.516846807,23.25813906,,,,,,
2025/8/13 16:30,,,,,,,1.000417347,20.90019103,,,,
2025/8/13 16:30,,,,,,,,,0.568502886,23.26656357,,
2025/8/13 16:30,,,,,,,,,,,0.960485497,20.89267731
2025/8/13 16:30,0.52290625,23.1841038,,,,,,,,,,
2025/8/13 16:30,,,1.000242125,21.00786389,,,,,,,,
2025/8/13 16:30,,,,,0.51564934,23.27876073,,,,,,
2025/8/13 16:30,,,,,,,0.997230954,20.94599597,,,,
2025/8/13 16:30,,,,,,,,,0.580326277,23.28863922,,
2025/8/13 16:30,,,,,,,,,,,0.957514568,20.938504
2025/8/13 16:30,0.52290625,23.1841038,,,,,,,,,,
2025/8/13 16:30,,,0.999316187,21.05340657,,,,,,,,
2025/8/13 16:30,,,,,0.525062651,23.35652942,,,,,,
2025/8/13 16:30,,,,,,,0.996383755,20.9926282,,,,
2025/8/13 16:30,,,,,,,,,0.624241207,23.3699683,,
2025/8/13 16:30,,,,,,,,,,,0.957277021,20.98519607
2025/8/13 16:30,0.52290625,23.1841038,,,,,,,,,,
2025/8/13 16:30,,,0.99699,21.0984003,,,,,,,,
2025/8/13 16:30,,,,,0.525337963,23.3805516,,,,,,
2025/8/13 16:30,,,,,,,0.994128867,21.03907371,,,,
2025/8/13 16:30,,,,,,,,,0.63776726,23.39560991,,
2025/8/13 16:30,,,,,,,,,,,0.955842151,21.03173143
2025/8/13 16:30,0.52290625,23.1841038,,,,,,,,,,
2025/8/13 16:30,,,0.996671813,21.14332363,,,,,,,,
2025/8/13 16:30,,,,,0.525833064,23.42515739,,,,,,
2025/8/13 16:30,,,,,,,0.993879911,21.08601584,,,,
2025/8/13 16:30,,,,,,,,,0.66201698,23.44329009,,
2025/8/13 16:30,,,,,,,,,,,0.956701942,21.07879865
2025/8/13 16:30,1.84,23.56828377,,,,,,,,,,
2025/8/13 16:30,,,1.009524563,21.19208876,,,,,,,,
2025/8/13 16:30,,,,,1.833311037,23.71998142,,,,,,
2025/8/13 16:30,,,,,,,1.006726312,21.13527189,,,,
2025/8/13 16:30,,,,,,,,,1.896556447,23.72640475,,
2025/8/13 16:30,,,,,,,,,,,0.969599891,21.12802046
2025/8/13 16:30,2.58265625,23.74998919,,,,,,,,,,
2025/8/13 16:30,,,1.032325125,21.24261314,,,,,,,,
2025/8/13 16:30,,,,,2.579276265,23.85541059,,,,,,
2025/8/13 16:30,,,,,,,1.029563376,21.18597917,,,,
2025/8/13 16:30,,,,,,,,,2.609072875,23.85861246,,
2025/8/13 16:30,,,,,,,,,,,0.992185561,21.17865736
2025/8/13 16:30,2.58265625,23.74998919,,,,,,,,,,
2025/8/13 16:30,,,1.053016875,21.29228321,,,,,,,,
2025/8/13 16:30,,,,,2.578122136,23.89956978,,,,,,
2025/8/13 16:30,,,,,,,1.050271513,21.23646268,,,,
2025/8/13 16:30,,,,,,,,,2.619213173,23.90327674,,
2025/8/13 16:30,,,,,,,,,,,1.012881077,21.2290953
2025/8/13 16:30,0.45185,23.88572652,,,,,,,,,,
2025/8/13 16:30,,,1.053159375,21.34329144,,,,,,,,
2025/8/13 16:30,,,,,0.448081826,23.9272149,,,,,,
2025/8/13 16:30,,,,,,,1.050436447,21.28724892,,,,
2025/8/13 16:30,,,,,,,,,0.479270693,23.93296871,,
2025/8/13 16:30,,,,,,,,,,,1.01294881,21.27985835
2025/8/13 16:30,0.45185,23.88572652,,,,,,,,,,
2025/8/13 16:30,,,1.053301875,21.39429966,,,,,,,,
2025/8/13 16:30,,,,,0.446788215,23.94420711,,,,,,
2025/8/13 16:30,,,,,,,1.05050872,21.33765802,,,,
2025/8/13 16:30,,,,,,,,,0.489567898,23.95152174,,
2025/8/13 16:30,,,,,,,,,,,1.012857097,21.33024078
2025/8/13 16:30,0.45185,23.88572652,,,,,,,,,,
2025/8/13 16:30,,,1.053444375,21.44530789,,,,,,,,
2025/8/13 16:30,,,,,0.445408693,23.96474704,,,,,,
2025/8/13 16:30,,,,,,,1.050540444,21.38778177,,,,
2025/8/13 16:30,,,,,,,,,0.502754679,23.97377522,,
2025/8/13 16:30,,,,,,,,,,,1.012646195,21.38031851
2025/8/13 16:30,0.45185,23.88572652,,,,,,,,,,
2025/8/13 16:30,,,1.055615875,21.49627982,,,,,,,,
2025/8/13 16:30,,,,,0.443671811,23.99920661,,,,,,
2025/8/13 16:30,,,,,,,1.052584915,21.43833109,,,,
2025/8/13 16:30,,,,,,,,,0.523073454,24.01076122,,
2025/8/13 16:30,,,,,,,,,,,1.014681773,21.43084193
2025/8/13 16:30,1.56531875,24.2094481,,,,,,,,,,
2025/8/13 16:30,,,1.068922063,21.55048896,,,,,,,,
2025/8/13 16:30,,,,,1.562694058,24.25158508,,,,,,
2025/8/13 16:30,,,,,,,1.065989823,21.49672887,,,,
2025/8/13 16:30,,,,,,,,,1.58473111,24.25517185,,
2025/8/13 16:30,,,,,,,,,,,1.030441775,21.48967943
2025/8/13 16:30,1.56531875,24.2094481,,,,,,,,,,
2025/8/13 16:30,,,1.077743063,21.60290644,,,,,,,,
2025/8/13 16:30,,,,,1.560976249,24.28564111,,,,,,
2025/8/13 16:30,,,,,,,1.074889219,21.55404501,,,,
2025/8/13 16:30,,,,,,,,,1.598709122,24.29062169,,
2025/8/13 16:30,,,,,,,,,,,1.041802531,21.54739027
2025/8/13 16:30,1.56531875,24.2094481,,,,,,,,,,
2025/8/13 16:30,,,1.09039,21.65522473,,,,,,,,
2025/8/13 16:30,,,,,1.560187511,24.30266672,,,,,,
2025/8/13 16:30,,,,,,,1.087626975,21.61167595,,,,
2025/8/13 16:30,,,,,,,,,1.606564903,24.30834373,,
2025/8/13 16:30,,,,,,,,,,,1.057496481,21.60554103
2025/8/13 16:30,2.63435,24.46859825,,,,,,,,,,
2025/8/13 16:30,,,1.108717438,21.70817821,,,,,,,,
2025/8/13 16:30,,,,,2.633305844,24.4973853,,,,,,
2025/8/13 16:30,,,,,,,1.106079262,21.6697007,,,,
2025/8/13 16:30,,,,,,,,,2.64203484,24.49948225,,
2025/8/13 16:30,,,,,,,,,,,1.078409085,21.6639655
2025/8/13 16:30,2.63435,24.46859825,,,,,,,,,,
2025/8/13 16:30,,,1.127044875,21.76113169,,,,,,,,
2025/8/13 16:30,,,,,2.632288071,24.53136055,,,,,,
2025/8/13 16:30,,,,,,,1.124521371,21.7280652,,,,
2025/8/13 16:30,,,,,,,,,2.650521115,24.53398655,,
2025/8/13 16:30,,,,,,,,,,,1.099406552,21.72273501
2025/8/13 16:30,2.63435,24.46859825,,,,,,,,,,
2025/8/13 16:30,,,1.140064813,21.8121755,,,,,,,,
2025/8/13 16:30,,,,,2.631355562,24.56527418,,,,,,
2025/8/13 16:30,,,,,,,1.137634743,21.78527199,,,,
2025/8/13 16:30,,,,,,,,,2.657996731,24.56817298,,
2025/8/13 16:30,,,,,,,,,,,1.114963151,21.78026082
2025/8/13 16:30,2.63435,24.46859825,,,,,,,,,,
2025/8/13 16:30,,,1.157454813,21.8629681,,,,,,,,
2025/8/13 16:30,,,,,2.630995157,24.57882598,,,,,,
2025/8/13 16:30,,,,,,,1.155140785,21.84264616,,,,
2025/8/13 16:30,,,,,,,,,2.661507535,24.58197379,,
2025/8/13 16:30,,,,,,,,,,,1.135484894,21.83808688
2025/8/13 16:30,2.97349375,24.54051212,,,,,,,,,,
2025/8/13 16:30,,,1.17823625,21.91447983,,,,,,,,
2025/8/13 16:30,,,,,2.971370746,24.63105717,,,,,,
2025/8/13 16:30,,,,,,,1.176058157,21.9007865,,,,
2025/8/13 16:30,,,,,,,,,2.990219843,24.63329148,,
2025/8/13 16:30,,,,,,,,,,,1.159431277,21.89669258
2025/8/13 16:30,2.97349375,24.54051212,,,,,,,,,,
2025/8/13 16:30,,,1.203163688,21.9658445,,,,,,,,
2025/8/13 16:30,,,,,2.970776757,24.66160326,,,,,,
2025/8/13 16:30,,,,,,,1.201142492,21.95935203,,,,
2025/8/13 16:30,,,,,,,,,2.995328206,24.66406576,,
2025/8/13 16:30,,,,,,,,,,,1.188179988,21.95588898
2025/8/13 16:30,2.97349375,24.54051212,,,,,,,,,,
2025/8/13 16:30,,,1.233318625,22.01715007,,,,,,,,
2025/8/13 16:30,,,,,2.970500917,24.6750964,,,,,,
2025/8/13 16:30,,,,,,,1.23148661,22.01832672,,,,
2025/8/13 16:30,,,,,,,,,2.99792625,24.67770435,,
2025/8/13 16:30,,,,,,,,,,,1.223015315,22.01575362
2025/8/13 16:30,2.97349375,24.54051212,,,,,,,,,,
2025/8/13 16:30,,,1.27007825,22.06858235,,,,,,,,
2025/8/13 16:30,,,,,2.970068209,24.69886675,,,,,,
2025/8/13 16:30,,,,,,,1.268476517,22.0780829,,,,
2025/8/13 16:30,,,,,,,,,3.002585445,24.7016693,,
2025/8/13 16:30,,,,,,,,,,,1.265676935,22.07682288
2025/8/13 16:30,3.28311875,24.60190097,,,,,,,,,,
2025/8/13 16:30,,,1.296899438,22.11529196,,,,,,,,
2025/8/13 16:30,,,,,3.280957196,24.74253643,,,,,,
2025/8/13 16:30,,,,,,,1.295501331,22.1339297,,,,
2025/8/13 16:30,,,,,,,,,3.301548648,24.74464103,,
2025/8/13 16:30,,,,,,,,,,,1.297454729,22.13347182
2025/8/13 16:30,3.84359375,24.70276881,,,,,,,,,,
2025/8/13 16:30,,,1.334397188,22.16292185,,,,,,,,
2025/8/13 16:30,,,,,3.843211814,24.81191375,,,,,,
2025/8/13 16:30,,,,,,,1.333260248,22.19070698,,,,
2025/8/13 16:30,,,,,,,,,3.846709614,24.81357737,,
2025/8/13 16:30,,,,,,,,,,,1.340788134,22.19136471
2025/8/13 16:30,3.84359375,24.70276881,,,,,,,,,,
2025/8/13 16:30,,,1.371894938,22.21055175,,,,,,,,
2025/8/13 16:30,,,,,3.843122051,24.84242616,,,,,,
2025/8/13 16:30,,,,,,,1.370717009,22.23831859,,,,
2025/8/13 16:30,,,,,,,,,3.846678235,24.84403548,,
2025/8/13 16:30,,,,,,,,,,,1.377470365,22.23885167
2025/8/13 16:30,3.84359375,24.70276881,,,,,,,,,,
2025/8/13 16:30,,,1.402364688,22.25553642,,,,,,,,
2025/8/13 16:30,,,,,3.842915651,24.91700755,,,,,,
2025/8/13 16:30,,,,,,,1.401243465,22.28462817,,,,
2025/8/13 16:30,,,,,,,,,3.849593931,24.91877446,,
2025/8/13 16:30,,,,,,,,,,,1.407583739,22.28509909
2025/8/13 16:30,3.84359375,24.70276881,,,,,,,,,,
2025/8/13 16:30,,,1.437680938,22.30038817,,,,,,,,
2025/8/13 16:30,,,,,3.842820309,24.95433067,,,,,,
2025/8/13 16:30,,,,,,,1.436605759,22.33145076,,,,
2025/8/13 16:30,,,,,,,,,3.850679099,24.95599381,,
2025/8/13 16:30,,,,,,,,,,,1.442641993,22.33186176
2025/8/13 16:30,3.84359375,24.70276881,,,,,,,,,,
2025/8/13 16:30,,,1.472997187,22.34523993,,,,,,,,
2025/8/13 16:30,,,,,3.842680965,25.0085396,,,,,,
2025/8/13 16:30,,,,,,,1.471984542,22.37835883,,,,
2025/8/13 16:30,,,,,,,,,3.851516075,25.01024589,,
2025/8/13 16:30,,,,,,,,,,,1.477450469,22.37867575
2025/8/13 16:30,3.84359375,24.70276881,,,,,,,,,,
2025/8/13 16:30,,,1.510480437,22.39006986,,,,,,,,
2025/8/13 16:30,,,,,3.84258005,25.04920255,,,,,,
2025/8/13 16:30,,,,,,,1.509532196,22.42577299,,,,
2025/8/13 16:30,,,,,,,,,3.852457777,25.0509174,,
2025/8/13 16:30,,,,,,,,,,,1.514473334,22.42599269
2025/8/13 16:30,3.84359375,24.70276881,,,,,,,,,,
2025/8/13 16:30,,,1.549322125,22.43489796,,,,,,,,
2025/8/13 16:30,,,,,3.842531346,25.06954163,,,,,,
2025/8/13 16:30,,,,,,,1.548437941,22.47346389,,,,
2025/8/13 16:30,,,,,,,,,3.853566174,25.07124524,,
2025/8/13 16:30,,,,,,,,,,,1.552893896,22.47358585
2025/8/13 16:30,3.84359375,24.70276881,,,,,,,,,,
2025/8/13 16:30,,,1.581294,22.47712763,,,,,,,,
2025/8/13 16:30,,,,,3.842401816,25.1272058,,,,,,
2025/8/13 16:30,,,,,,,1.580423798,22.51968046,,,,
2025/8/13 16:30,,,,,,,,,3.854965,25.12884733,,
2025/8/13 16:30,,,,,,,,,,,1.584836451,22.51977794
2025/8/13 16:30,3.84359375,24.70276881,,,,,,,,,,
2025/8/13 16:30,,,1.614627437,22.51931886,,,,,,,,
2025/8/13 16:30,,,,,3.842291231,25.17119127,,,,,,
2025/8/13 16:30,,,,,,,1.613764118,22.56637292,,,,
2025/8/13 16:30,,,,,,,,,3.85572238,25.17295517,,
2025/8/13 16:30,,,,,,,,,,,1.61817686,22.56645184
2025/8/13 16:30,3.84359375,24.70276881,,,,,,,,,,
2025/8/13 16:30,,,1.644620687,22.56031946,,,,,,,,
2025/8/13 16:30,,,,,3.842207707,25.21190819,,,,,,
2025/8/13 16:30,,,,,,,1.643739086,22.61250406,,,,
2025/8/13 16:30,,,,,,,,,3.856472716,25.21354547,,
2025/8/13 16:30,,,,,,,,,,,1.64832461,22.61262032
2025/8/13 16:30,3.84359375,24.70276881,,,,,,,,,,
2025/8/13 16:30,,,1.675978625,22.60126867,,,,,,,,
2025/8/13 16:30,,,,,3.842161098,25.22879432,,,,,,
2025/8/13 16:30,,,,,,,1.675070336,22.65882776,,,,
2025/8/13 16:30,,,,,,,,,3.856716091,25.23050807,,
2025/8/13 16:30,,,,,,,,,,,1.679886403,22.6589906
2025/8/13 16:30,3.84359375,24.70276881,,,,,,,,,,
2025/8/13 16:30,,,1.70552925,22.64158723,,,,,,,,
2025/8/13 16:30,,,,,3.842133114,25.23892575,,,,,,
2025/8/13 16:30,,,,,,,1.704582954,22.70476017,,,,
2025/8/13 16:30,,,,,,,,,3.857554192,25.2406409,,
2025/8/13 16:30,,,,,,,,,,,1.709707544,22.70497757
2025/8/13 16:30,3.84359375,24.70276881,,,,,,,,,,
2025/8/13 16:30,,,1.736173875,22.68186167,,,,,,,,
2025/8/13 16:30,,,,,3.842121516,25.24915693,,,,,,
2025/8/13 16:30,,,,,,,1.735183589,22.75081085,,,,
2025/8/13 16:30,,,,,,,,,3.857745286,25.25087587,,
2025/8/13 16:30,,,,,,,,,,,1.740663645,22.75109029
2025/8/13 16:30,3.84359375,24.70276881,,,,,,,,,,
2025/8/13 16:30,,,1.761359812,22.72030979,,,,,,,,
2025/8/13 16:30,,,,,3.842055636,25.27965432,,,,,,
2025/8/13 16:30,,,,,,,1.760305328,22.79574932,,,,
2025/8/13 16:30,,,,,,,,,3.857902659,25.28134687,,
2025/8/13 16:30,,,,,,,,,,,1.766317235,22.79610385
2025/8/13 16:30,3.84359375,24.70276881,,,,,,,,,,
2025/8/13 16:30,,,1.785761437,22.75850853,,,,,,,,
2025/8/13 16:30,,,,,3.842028175,25.2897884,,,,,,
2025/8/13 16:30,,,,,,,1.784641117,22.84059803,,,,
2025/8/13 16:30,,,,,,,,,3.858797327,25.29150552,,
2025/8/13 16:30,,,,,,,,,,,1.791207975,22.84102922
2025/8/13 16:30,3.84359375,24.70276881,,,,,,,,,,
2025/8/13 16:30,,,1.809377625,22.79646079,,,,,,,,
2025/8/13 16:30,,,,,3.84200986,25.29654434,,,,,,
2025/8/13 16:30,,,,,,,1.808189784,22.88532509,,,,
2025/8/13 16:30,,,,,,,,,3.858772505,25.29829588,,
2025/8/13 16:30,,,,,,,,,,,1.815331401,22.8858322
2025/8/13 16:30,-4.78930625,24.53696284,,,,,,,,,,
2025/8/13 16:30,,,1.749683625,22.8325629,,,,,,,,
2025/8/13 16:30,,,,,-4.788311712,24.76614422,,,,,,
2025/8/13 16:30,,,,,,,1.748440807,22.92472985,,,,
2025/8/13 16:30,,,,,,,,,-4.430958616,24.88107709,,
2025/8/13 16:30,,,,,,,,,,,1.759704302,22.92646696
2025/8/13 16:30,-4.78930625,24.53696284,,,,,,,,,,
2025/8/13 16:30,,,1.688940625,22.86832604,,,,,,,,
2025/8/13 16:30,,,,,-4.78825986,24.79461386,,,,,,
2025/8/13 16:30,,,,,,,1.68764248,22.96415806,,,,
2025/8/13 16:30,,,,,,,,,-4.388272543,24.9227678,,
2025/8/13 16:30,,,,,,,,,,,1.703468538,22.96725558
2025/8/13 16:30,-4.78930625,24.53696284,,,,,,,,,,
2025/8/13 16:30,,,1.628197625,22.90408918,,,,,,,,
2025/8/13 16:30,,,,,-4.78822371,24.82307439,,,,,,
2025/8/13 16:30,,,,,,,1.626948177,23.00226031,,,,
2025/8/13 16:30,,,,,,,,,-4.346965901,24.96396936,,
2025/8/13 16:30,,,,,,,,,,,1.646911914,23.00671868
2025/8/13 16:30,-4.78930625,24.53696284,,,,,,,,,,
2025/8/13 16:30,,,1.568556125,22.9397877,,,,,,,,
2025/8/13 16:30,,,,,-4.788201736,24.85508166,,,,,,
2025/8/13 16:30,,,,,,,1.56735308,23.04067983,,,,
2025/8/13 16:30,,,,,,,,,-4.301148815,25.0099144,,
2025/8/13 16:30,,,,,,,,,,,1.591935286,23.04664167
2025/8/13 16:30,-4.78930625,24.53696284,,,,,,,,,,
2025/8/13 16:30,,,1.507600562,22.97506301,,,,,,,,
2025/8/13 16:30,,,,,-4.788201638,24.89418617,,,,,,
2025/8/13 16:30,,,,,,,1.506436278,23.07916449,,,,
2025/8/13 16:30,,,,,,,,,-4.245550614,25.06580821,,
2025/8/13 16:30,,,,,,,,,,,1.536253149,23.08680407
2025/8/13 16:30,-5.83255625,24.3101067,,,,,,,,,,
2025/8/13 16:30,,,1.435159,23.00773702,,,,,,,,
2025/8/13 16:30,,,,,-5.832488938,24.63611207,,,,,,
2025/8/13 16:30,,,,,,,1.434016959,23.11481142,,,,
2025/8/13 16:30,,,,,,,,,-5.27218766,24.83679066,,
2025/8/13 16:30,,,,,,,,,,,1.469289053,23.12442602
2025/8/13 16:30,-5.83255625,24.3101067,,,,,,,,,,
2025/8/13 16:30,,,1.361926,23.04016486,,,,,,,,
2025/8/13 16:30,,,,,-5.832645095,24.67925198,,,,,,
2025/8/13 16:30,,,,,,,1.360800299,23.15070129,,,,
2025/8/13 16:30,,,,,,,,,-5.204415638,24.90306157,,
2025/8/13 16:30,,,,,,,,,,,1.402238388,23.16252617
2025/8/13 16:30,-5.83255625,24.3101067,,,,,,,,,,
2025/8/13 16:30,,,1.293119,23.07232617,,,,,,,,
2025/8/13 16:30,,,,,-5.832839232,24.72236767,,,,,,
2025/8/13 16:30,,,,,,,1.291990469,23.18698522,,,,
2025/8/13 16:30,,,,,,,,,-5.137339776,24.96870174,,
2025/8/13 16:30,,,,,,,,,,,1.34039015,23.20127614
2025/8/13 16:30,-5.83255625,24.3101067,,,,,,,,,,
2025/8/13 16:30,,,1.2254235,23.10443519,,,,,,,,
2025/8/13 16:30,,,,,-5.83315679,24.77981792,,,,,,
2025/8/13 16:30,,,,,,,1.224284094,23.22383706,,,,
2025/8/13 16:30,,,,,,,,,-5.049393918,25.05538467,,
2025/8/13 16:30,,,,,,,,,,,1.280555369,23.2409057
2025/8/13 16:30,-5.83255625,24.3101067,,,,,,,,,,
2025/8/13 16:30,,,1.15719975,23.13636811,,,,,,,,
2025/8/13 16:30,,,,,-5.833843523,24.8766696,,,,,,
2025/8/13 16:30,,,,,,,1.156039047,23.26152001,,,,
2025/8/13 16:30,,,,,,,,,-4.906854072,25.19887141,,
2025/8/13 16:30,,,,,,,,,,,1.221634847,23.28183443
2025/8/13 16:30,-7.81005625,23.74874779,,,,,,,,,,
2025/8/13 16:30,,,1.07143,23.16259475,,,,,,,,
2025/8/13 16:30,,,,,-7.815714007,24.26880958,,,,,,
2025/8/13 16:30,,,,,,,1.070192583,23.29315273,,,,
2025/8/13 16:30,,,,,,,,,-6.777796012,24.71283968,,
2025/8/13 16:30,,,,,,,,,,,1.146304288,23.31794318
2025/8/13 16:30,-7.81005625,23.74874779,,,,,,,,,,
2025/8/13 16:30,,,0.986498187,23.18879263,,,,,,,,
2025/8/13 16:30,,,,,-7.816536039,24.31652776,,,,,,
2025/8/13 16:30,,,,,,,0.985171451,23.3252799,,,,
2025/8/13 16:30,,,,,,,,,-6.694353426,24.79368459,,
2025/8/13 16:30,,,,,,,,,,,1.072678746,23.35488208
2025/8/13 16:30,-7.81005625,23.74874779,,,,,,,,,,
2025/8/13 16:30,,,0.902405437,23.21496505,,,,,,,,
2025/8/13 16:30,,,,,-7.817545965,24.37154041,,,,,,
2025/8/13 16:30,,,,,,,0.900974696,23.3579761,,,,
2025/8/13 16:30,,,,,,,,,-6.600145845,24.8855966,,
2025/8/13 16:30,,,,,,,,,,,1.000863726,23.39276514
2025/8/13 16:30,-7.81005625,23.74874779,,,,,,,,,,
2025/8/13 16:30,,,0.815929375,23.2403178,,,,,,,,
2025/8/13 16:30,,,,,-7.818474143,24.41917787,,,,,,
2025/8/13 16:30,,,,,,,0.814374125,23.3905057,,,,
2025/8/13 16:30,,,,,,,,,-6.520592816,24.96402507,,
2025/8/13 16:30,,,,,,,,,,,0.927539121,23.4308002
2025/8/13 16:30,-8.66955625,23.44864163,,,,,,,,,,
2025/8/13 16:30,,,0.7216985,23.26263799,,,,,,,,
2025/8/13 16:30,,,,,-8.681103132,24.1037374,,,,,,
2025/8/13 16:30,,,,,,,0.719983171,23.41989521,,,,
2025/8/13 16:30,,,,,,,,,-7.313397366,24.7270707,,
2025/8/13 16:30,,,,,,,,,,,0.847159439,23.46648574
2025/8/13 16:30,-8.66955625,23.44864163,,,,,,,,,,
2025/8/13 16:30,,,0.627467625,23.28495817,,,,,,,,
2025/8/13 16:30,,,,,-8.682629211,24.16297405,,,,,,
2025/8/13 16:30,,,,,,,0.625621566,23.44935872,,,,
2025/8/13 16:30,,,,,,,,,-7.209018467,24.82963069,,
2025/8/13 16:30,,,,,,,,,,,0.767525828,23.50260398
2025/8/13 16:30,-10.0816,22.87709207,,,,,,,,,,
2025/8/13 16:30,,,0.521081125,23.30150219,,,,,,,,
2025/8/13 16:30,,,,,-10.10141744,23.57207875,,,,,,
2025/8/13 16:30,,,,,,,0.519027997,23.47293033,,,,
2025/8/13 16:30,,,,,,,,,-8.497636109,24.39623349,,
2025/8/13 16:30,,,,,,,,,,,0.677029578,23.53444228
2025/8/13 16:30,-10.0816,22.87709207,,,,,,,,,,
2025/8/13 16:30,,,0.412833937,23.31740278,,,,,,,,
2025/8/13 16:30,,,,,-10.10497265,23.66630977,,,,,,
2025/8/13 16:30,,,,,,,0.410526143,23.49693787,,,,
2025/8/13 16:30,,,,,,,,,-8.317584907,24.57401213,,
2025/8/13 16:30,,,,,,,,,,,0.58655059,23.56756362
2025/8/13 16:30,-10.0816,22.87709207,,,,,,,,,,
2025/8/13 16:30,,,0.305430687,23.33327558,,,,,,,,
2025/8/13 16:30,,,,,-10.10735139,23.726521,,,,,,
2025/8/13 16:30,,,,,,,0.302839977,23.52156483,,,,
2025/8/13 16:30,,,,,,,,,-8.205409462,24.68522105,,
2025/8/13 16:30,,,,,,,,,,,0.498067728,23.6018197
2025/8/13 16:30,3.23730625,28.76842624,,,,,,,,,,
2025/8/13 16:30,,,0.330417187,23.40778778,,,,,,,,
2025/8/13 16:30,,,,,3.238921865,28.66640346,,,,,,
2025/8/13 16:30,,,,,,,0.327812999,23.59537514,,,,
2025/8/13 16:30,,,,,,,,,3.221105262,28.66430396,,
2025/8/13 16:30,,,,,,,,,,,0.523077088,23.67565578
2025/8/13 16:30,2.68915,28.82483256,,,,,,,,,,
2025/8/13 16:30,,,0.351613375,23.48281216,,,,,,,,
2025/8/13 16:30,,,,,2.692490625,28.69807885,,,,,,
2025/8/13 16:30,,,,,,,0.349004152,23.6695413,,,,
2025/8/13 16:30,,,,,,,,,2.654414406,28.69481842,,
2025/8/13 16:30,,,,,,,,,,,0.544171438,23.74984764
2025/8/13 16:30,2.68915,28.82483256,,,,,,,,,,
2025/8/13 16:30,,,0.371742062,23.55746752,,,,,,,,
2025/8/13 16:30,,,,,2.691202812,28.75209616,,,,,,
2025/8/13 16:30,,,,,,,0.369110153,23.74395729,,,,
2025/8/13 16:30,,,,,,,,,2.669538061,28.74954574,,
2025/8/13 16:30,,,,,,,,,,,0.564387672,23.8242999
2025/8/13 16:30,2.68915,28.82483256,,,,,,,,,,
2025/8/13 16:30,,,0.3935665,23.63207592,,,,,,,,
2025/8/13 16:30,,,,,2.690781035,28.76905099,,,,,,
2025/8/13 16:30,,,,,,,0.390898939,23.81858681,,,,
2025/8/13 16:30,,,,,,,,,2.674285647,28.76667167,,
2025/8/13 16:30,,,,,,,,,,,0.586409938,23.89897983
2025/8/13 16:30,2.68915,28.82483256,,,,,,,,,,
2025/8/13 16:30,,,0.413785937,23.70612814,,,,,,,,
2025/8/13 16:30,,,,,2.69023889,28.78928968,,,,,,
2025/8/13 16:30,,,,,,,0.411071814,23.89298133,,,,
2025/8/13 16:30,,,,,,,,,2.679580682,28.78721804,,
2025/8/13 16:30,,,,,,,,,,,0.606931237,23.97343193
2025/8/13 16:30,2.68915,28.82483256,,,,,,,,,,
2025/8/13 16:30,,,0.435989437,23.78012775,,,,,,,,
2025/8/13 16:30,,,,,2.689856426,28.80275071,,,,,,
2025/8/13 16:30,,,,,,,0.433215581,23.96756477,,,,
2025/8/13 16:30,,,,,,,,,2.682663063,28.80083939,,
2025/8/13 16:30,,,,,,,,,,,0.629562511,24.04809185
2025/8/13 16:30,1.5844,28.9066113,,,,,,,,,,
2025/8/13 16:30,,,0.448850937,23.85491462,,,,,,,,
2025/8/13 16:30,,,,,1.588042485,28.8364714,,,,,,
2025/8/13 16:30,,,,,,,0.446039502,24.04254628,,,,
2025/8/13 16:30,,,,,,,,,1.54911179,28.83191245,,
2025/8/13 16:30,,,,,,,,,,,0.642645732,24.1231407
2025/8/13 16:30,1.21365,28.92454933,,,,,,,,,,
2025/8/13 16:30,,,0.459429625,23.92986577,,,,,,,,
2025/8/13 16:30,,,,,1.218637975,28.83876903,,,,,,
2025/8/13 16:30,,,,,,,0.456591723,24.11761337,,,,
2025/8/13 16:30,,,,,,,,,1.163795786,28.83233226,,
2025/8/13 16:30,,,,,,,,,,,0.653375606,24.19826987
2025/8/13 16:30,1.21365,28.92454933,,,,,,,,,,
2025/8/13 16:30,,,0.466784812,24.00366431,,,,,,,,
2025/8/13 16:30,,,,,1.214904942,28.90637087,,,,,,
2025/8/13 16:30,,,,,,,0.463912303,24.19245291,,,,
2025/8/13 16:30,,,,,,,,,1.202272625,28.90362432,,
2025/8/13 16:30,,,,,,,,,,,0.661353462,24.2732007
2025/8/13 16:30,1.21365,28.92454933,,,,,,,,,,
2025/8/13 16:30,,,0.471710562,24.07662998,,,,,,,,
2025/8/13 16:30,,,,,1.212343568,28.94358023,,,,,,
2025/8/13 16:30,,,,,,,0.46882375,24.26701544,,,,
2025/8/13 16:30,,,,,,,,,1.225423904,28.94637167,,
2025/8/13 16:30,,,,,,,,,,,0.667188852,24.34790421
2025/8/13 16:30,0.43100625,28.94679142,,,,,,,,,,
2025/8/13 16:30,,,0.466913312,24.149189,,,,,,,,
2025/8/13 16:30,,,,,0.431913421,28.93701444,,,,,,
2025/8/13 16:30,,,,,,,0.464059532,24.34102234,,,,
2025/8/13 16:30,,,,,,,,,0.42288319,28.93438852,,
2025/8/13 16:30,,,,,,,,,,,0.663126144,24.42198965
2025/8/13 16:30,0.43100625,28.94679142,,,,,,,,,,
2025/8/13 16:30,,,0.464974812,24.22164686,,,,,,,,
2025/8/13 16:30,,,,,0.430959922,28.94723614,,,,,,
2025/8/13 16:30,,,,,,,0.462152588,24.41518674,,,,
2025/8/13 16:30,,,,,,,,,0.43221311,28.94898212,,
2025/8/13 16:30,,,,,,,,,,,0.662190126,24.49631061
2025/8/13 16:30,0.1689,28.9495073,,,,,,,,,,
2025/8/13 16:30,,,0.457422562,24.29313771,,,,,,,,
2025/8/13 16:30,,,,,0.16959187,28.94272951,,,,,,
2025/8/13 16:30,,,,,,,0.454640229,24.48852457,,,,
2025/8/13 16:30,,,,,,,,,0.162365614,28.94016474,,
2025/8/13 16:30,,,,,,,,,,,0.655590837,24.56975365
2025/8/13 16:30,0.1689,28.9495073,,,,,,,,,,
2025/8/13 16:30,,,0.447958,24.36401712,,,,,,,,
2025/8/13 16:30,,,,,0.166712419,28.9731084,,,,,,
2025/8/13 16:30,,,,,,,0.445186955,24.56168857,,,,
2025/8/13 16:30,,,,,,,,,0.18839656,28.97745285,,
2025/8/13 16:30,,,,,,,,,,,0.647344843,24.64308511
2025/8/13 16:30,0.1689,28.9495073,,,,,,,,,,
2025/8/13 16:30,,,0.43602575,24.43413466,,,,,,,,
2025/8/13 16:30,,,,,0.165609973,28.98657155,,,,,,
2025/8/13 16:30,,,,,,,0.433254741,24.63439579,,,,
2025/8/13 16:30,,,,,,,,,0.19838843,28.99226259,,
2025/8/13 16:30,,,,,,,,,,,0.636727153,24.71596062
2025/8/13 16:30,-0.5079,28.94554435,,,,,,,,,,
2025/8/13 16:30,,,0.4162255,24.50388274,,,,,,,,
2025/8/13 16:30,,,,,-0.509134924,28.9561351,,,,,,
2025/8/13 16:30,,,,,,,0.413474806,24.706544,,,,
2025/8/13 16:30,,,,,,,,,-0.496620099,28.95957085,,
2025/8/13 16:30,,,,,,,,,,,0.618053368,24.78824931
2025/8/13 16:30,-0.5079,28.94554435,,,,,,,,,,
2025/8/13 16:30,,,0.39421925,24.5729874,,,,,,,,
2025/8/13 16:30,,,,,-0.510182802,28.96622728,,,,,,
2025/8/13 16:30,,,,,,,0.391477535,24.77829907,,,,
2025/8/13 16:30,,,,,,,,,-0.487371785,28.9712202,,
2025/8/13 16:30,,,,,,,,,,,0.597246322,24.86014949
2025/8/13 16:30,-0.5079,28.94554435,,,,,,,,,,
2025/8/13 16:30,,,0.371107,24.64177848,,,,,,,,
2025/8/13 16:30,,,,,-0.511174299,28.97630054,,,,,,
2025/8/13 16:30,,,,,,,0.368363764,24.84991549,,,,
2025/8/13 16:30,,,,,,,,,-0.478625273,28.98263998,,
2025/8/13 16:30,,,,,,,,,,,0.575399445,24.93191816
2025/8/13 16:30,-0.69661875,28.94161748,,,,,,,,,,
2025/8/13 16:30,,,0.34527675,24.71029867,,,,,,,,
2025/8/13 16:30,,,,,-0.699294498,28.96515948,,,,,,
2025/8/13 16:30,,,,,,,0.342537471,24.92124431,,,,
2025/8/13 16:30,,,,,,,,,-0.67288409,28.97083644,,
2025/8/13 16:30,,,,,,,,,,,0.550764178,25.00338753
2025/8/13 16:30,-0.69661875,28.94161748,,,,,,,,,,
2025/8/13 16:30,,,0.3172255,24.77821615,,,,,,,,
2025/8/13 16:30,,,,,-0.701590391,28.98881162,,,,,,
2025/8/13 16:30,,,,,,,0.314465587,24.99235393,,,,
2025/8/13 16:30,,,,,,,,,-0.650933751,28.99796078,,
2025/8/13 16:30,,,,,,,,,,,0.524079707,25.07466029
2025/8/13 16:30,-0.88565,28.93644975,,,,,,,,,,
2025/8/13 16:30,,,0.286449,24.84586156,,,,,,,,
2025/8/13 16:30,,,,,-0.890118785,28.97642184,,,,,,
2025/8/13 16:30,,,,,,,0.283672762,25.06317405,,,,
2025/8/13 16:30,,,,,,,,,-0.844418679,28.98520739,,
2025/8/13 16:30,,,,,,,,,,,0.494601177,25.14563389
2025/8/13 16:30,-0.88565,28.93644975,,,,,,,,,,
2025/8/13 16:30,,,0.254836437,24.91328965,,,,,,,,
2025/8/13 16:30,,,,,-0.891104563,28.98655302,,,,,,
2025/8/13 16:30,,,,,,,0.252033242,25.1339328,,,,
2025/8/13 16:30,,,,,,,,,-0.835335192,28.99683114,,
2025/8/13 16:30,,,,,,,,,,,0.464363405,25.21655779
2025/8/13 16:30,-1.0371,28.93141759,,,,,,,,,,
2025/8/13 16:30,,,0.219474375,24.98010291,,,,,,,,
2025/8/13 16:30,,,,,-1.042149863,28.97580307,,,,,,
2025/8/13 16:30,,,,,,,0.216584574,25.20415985,,,,
2025/8/13 16:30,,,,,,,,,-0.990271147,28.98580995,,
2025/8/13 16:30,,,,,,,,,,,0.430265271,25.28693864
2025/8/13 16:30,-1.0371,28.93141759,,,,,,,,,,
2025/8/13 16:30,,,0.184112312,25.04691617,,,,,,,,
2025/8/13 16:30,,,,,-1.044112298,28.99608281,,,,,,
2025/8/13 16:30,,,,,,,0.181169442,25.26845563,,,,
2025/8/13 16:30,,,,,,,,,-0.970531852,29.00958913,,
2025/8/13 16:30,,,,,,,,,,,0.394811081,25.35132303
2025/8/13 16:30,-1.0371,28.93141759,,,,,,,,,,
2025/8/13 16:30,,,0.146788062,25.11325348,,,,,,,,
2025/8/13 16:30,,,,,-1.04499272,29.00633103,,,,,,
2025/8/13 16:30,,,,,,,0.143831973,25.33251643,,,,
2025/8/13 16:30,,,,,,,,,-0.960352902,29.02127199,,
2025/8/13 16:30,,,,,,,,,,,0.357624113,25.41549117
2025/8/13 16:30,-1.22669375,28.92399907,,,,,,,,,,
2025/8/13 16:30,,,0.120002937,25.17836319,,,,,,,,
2025/8/13 16:30,,,,,-1.234213656,28.99177672,,,,,,
2025/8/13 16:30,,,,,,,0.116945175,25.39594628,,,,
2025/8/13 16:30,,,,,,,,,-1.154537359,29.0064406,,
2025/8/13 16:30,,,,,,,,,,,0.330582725,25.47897153
2025/8/13 16:30,-1.60681875,28.90537378,,,,,,,,,,
2025/8/13 16:30,,,0.089416562,25.24328665,,,,,,,,
2025/8/13 16:30,,,,,-1.613434432,28.9590066,,,,,,
2025/8/13 16:30,,,,,,,0.086265471,25.45898001,,,,
2025/8/13 16:30,,,,,,,,,-1.544589721,28.97286187,,
2025/8/13 16:30,,,,,,,,,,,0.299611068,25.54204453
2025/8/13 16:30,-1.75921875,28.89649891,,,,,,,,,,
2025/8/13 16:30,,,0.054210375,25.30724,,,,,,,,
2025/8/13 16:30,,,,,-1.76539373,28.94456246,,,,,,
2025/8/13 16:30,,,,,,,0.050991474,25.52120127,,,,
2025/8/13 16:30,,,,,,,,,-1.701351899,28.95795298,,
2025/8/13 16:30,,,,,,,,,,,0.264173084,25.60432787
2025/8/13 16:30,-1.75921875,28.89649891,,,,,,,,,,
2025/8/13 16:30,,,0.01815725,25.37096025,,,,,,,,
2025/8/13 16:30,,,,,-1.769321886,28.98552086,,,,,,
2025/8/13 16:30,,,,,,,0.014880736,25.58366099,,,,
2025/8/13 16:30,,,,,,,,,-1.655755574,29.00742508,,
2025/8/13 16:30,,,,,,,,,,,0.228395324,25.66693651
2025/8/13 16:30,-1.87365,28.88930487,,,,,,,,,,
2025/8/13 16:30,,,-0.019040188,25.43460856,,,,,,,,
2025/8/13 16:30,,,,,-1.883551072,28.97416351,,,,,,
2025/8/13 16:30,,,,,,,-0.022438556,25.64572772,,,,
2025/8/13 16:30,,,,,,,,,-1.772552416,28.99609278,,
2025/8/13 16:30,,,,,,,,,,,0.191360003,25.72915146
2025/8/13 16:30,-1.87365,28.88930487,,,,,,,,,,
2025/8/13 16:30,,,-0.057085688,25.49802688,,,,,,,,
2025/8/13 16:30,,,,,-1.883894493,28.9953393,,,,,,
2025/8/13 16:30,,,,,,,-0.060583411,25.70783538,,,,
2025/8/13 16:30,,,,,,,,,-1.749182515,29.02093437,,
2025/8/13 16:30,,,,,,,,,,,0.153760434,25.79144932
2025/8/13 16:30,2.59654375,30.04802091,,,,,,,,,,
2025/8/13 16:30,,,-0.052412438,25.57250788,,,,,,,,
2025/8/13 16:30,,,,,2.599933293,29.92618914,,,,,,
2025/8/13 16:30,,,,,,,-0.055805351,25.77886973,,,,
2025/8/13 16:30,,,,,,,,,2.560221879,29.92274772,,
2025/8/13 16:30,,,,,,,,,,,0.157388399,25.86238801
2025/8/13 16:30,2.482,30.05769911,,,,,,,,,,
2025/8/13 16:30,,,-0.050589375,25.64664967,,,,,,,,
2025/8/13 16:30,,,,,2.485784281,29.93096904,,,,,,
2025/8/13 16:30,,,,,,,-0.053876218,25.84963095,,,,
2025/8/13 16:30,,,,,,,,,2.441157156,29.92726127,,
2025/8/13 16:30,,,,,,,,,,,0.158207042,25.93305779
2025/8/13 16:30,2.482,30.05769911,,,,,,,,,,
2025/8/13 16:30,,,-0.050760875,25.72029866,,,,,,,,
2025/8/13 16:30,,,,,2.485068672,29.95796041,,,,,,
2025/8/13 16:30,,,,,,,-0.053957311,25.92030035,,,,
2025/8/13 16:30,,,,,,,,,2.450238049,29.95476476,,
2025/8/13 16:30,,,,,,,,,,,0.157224851,26.00365056
2025/8/13 16:30,2.482,30.05769911,,,,,,,,,,
2025/8/13 16:30,,,-0.050932375,25.79394766,,,,,,,,
2025/8/13 16:30,,,,,2.48479684,29.96810415,,,,,,
2025/8/13 16:30,,,,,,,-0.05403657,25.99079704,,,,
2025/8/13 16:30,,,,,,,,,2.45310889,29.96500748,,
2025/8/13 16:30,,,,,,,,,,,0.156201967,26.07406877
2025/8/13 16:30,2.176,30.08139997,,,,,,,,,,
2025/8/13 16:30,,,-0.055020563,25.86762771,,,,,,,,
2025/8/13 16:30,,,,,2.179762124,29.97884866,,,,,,
2025/8/13 16:30,,,,,,,-0.058026682,26.06125103,,,,
2025/8/13 16:30,,,,,,,,,2.136303497,29.97481248,,
2025/8/13 16:30,,,,,,,,,,,0.151201147,26.14443989
2025/8/13 16:30,2.0227,30.09209672,,,,,,,,,,
2025/8/13 16:30,,,-0.06064175,25.94141473,,,,,,,,
2025/8/13 16:30,,,,,2.026999658,29.98315664,,,,,,
2025/8/13 16:30,,,,,,,-0.063539059,26.13144078,,,,
2025/8/13 16:30,,,,,,,,,1.97698481,29.97842472,,
2025/8/13 16:30,,,,,,,,,,,0.144536478,26.21453673
2025/8/13 16:30,1.75394375,30.10895683,,,,,,,,,,
2025/8/13 16:30,,,-0.0689505,26.01537034,,,,,,,,
2025/8/13 16:30,,,,,1.759245538,29.98888168,,,,,,
2025/8/13 16:30,,,,,,,-0.071726924,26.2014821,,,,
2025/8/13 16:30,,,,,,,,,1.69650981,29.98291804,,
2025/8/13 16:30,,,,,,,,,,,0.135026047,26.28447039
2025/8/13 16:30,1.75394375,30.10895683,,,,,,,,,,
2025/8/13 16:30,,,-0.047142313,26.08789977,,,,,,,,
2025/8/13 16:30,,,,,1.758721091,30.00237444,,,,,,
2025/8/13 16:30,,,,,,,-0.049890416,26.27175443,,,,
2025/8/13 16:30,,,,,,,,,1.703005902,29.99693578,,
2025/8/13 16:30,,,,,,,,,,,0.155426183,26.35453433
2025/8/13 16:30,1.60009375,30.1175248,,,,,,,,,,
2025/8/13 16:30,,,-0.033477938,26.15818684,,,,,,,,
2025/8/13 16:30,,,,,1.605459176,30.00464263,,,,,,
2025/8/13 16:30,,,,,,,-0.036109818,26.34021477,,,,
2025/8/13 16:30,,,,,,,,,1.542849593,29.99839318,,
2025/8/13 16:30,,,,,,,,,,,0.168045854,26.42283907
2025/8/13 16:30,1.484575,30.12343999,,,,,,,,,,
2025/8/13 16:30,,,-0.02386125,26.2275802,,,,,,,,
2025/8/13 16:30,,,,,1.490389944,30.0058288,,,,,,
2025/8/13 16:30,,,,,,,-0.026390734,26.40793174,,,,
2025/8/13 16:30,,,,,,,,,1.421428421,29.99884341,,
2025/8/13 16:30,,,,,,,,,,,0.176717966,26.49042131
2025/8/13 16:30,1.484575,30.12343999,,,,,,,,,,
2025/8/13 16:30,,,-0.014244563,26.29697357,,,,,,,,
2025/8/13 16:30,,,,,1.488761847,30.04299148,,,,,,
2025/8/13 16:30,,,,,,,-0.016671583,26.47578027,,,,
2025/8/13 16:30,,,,,,,,,1.441558195,30.03770542,,
2025/8/13 16:30,,,,,,,,,,,0.185448519,26.55813273
2025/8/13 16:30,1.484575,30.12343999,,,,,,,,,,
2025/8/13 16:30,,,-0.004627875,26.36636693,,,,,,,,
2025/8/13 16:30,,,,,1.48765651,30.06662494,,,,,,
2025/8/13 16:30,,,,,,,-0.006951511,26.54365891,,,,
2025/8/13 16:30,,,,,,,,,1.453922401,30.06234785,,
2025/8/13 16:30,,,,,,,,,,,0.19418448,26.62586982
2025/8/13 16:30,1.06004375,30.14136538,,,,,,,,,,
2025/8/13 16:30,,,0.0007435,26.43593954,,,,,,,,
2025/8/13 16:30,,,,,1.064573013,30.06740984,,,,,,
2025/8/13 16:30,,,,,,,-0.001556408,26.61076771,,,,
2025/8/13 16:30,,,,,,,,,1.01404689,30.06122452,,
2025/8/13 16:30,,,,,,,,,,,0.198082537,26.69278238
2025/8/13 16:30,1.06004375,30.14136538,,,,,,,,,,
2025/8/13 16:30,,,0.006114875,26.50551216,,,,,,,,
2025/8/13 16:30,,,,,1.063273148,30.09107539,,,,,,
2025/8/13 16:30,,,,,,,0.003822944,26.67787295,,,,
2025/8/13 16:30,,,,,,,,,1.028867914,30.08627351,,
2025/8/13 16:30,,,,,,,,,,,0.201993543,26.75968902
2025/8/13 16:30,1.06004375,30.14136538,,,,,,,,,,
2025/8/13 16:30,,,0.01148625,26.57508478,,,,,,,,
2025/8/13 16:30,,,,,1.061658113,30.11801662,,,,,,
2025/8/13 16:30,,,,,,,0.009181195,26.74480154,,,,
2025/8/13 16:30,,,,,,,,,1.044728702,30.11485449,,
2025/8/13 16:30,,,,,,,,,,,0.20582066,26.82640466
2025/8/13 16:30,0.7891,30.14967531,,,,,,,,,,
2025/8/13 16:30,,,0.00097725,26.64089869,,,,,,,,
2025/8/13 16:30,,,,,0.791583198,30.11558708,,,,,,
2025/8/13 16:30,,,,,,,-0.001236084,26.8087576,,,,
2025/8/13 16:30,,,,,,,,,0.765654245,30.1113727,,
2025/8/13 16:30,,,,,,,,,,,0.194511638,26.89025434
2025/8/13 16:30,0.7891,30.14967531,,,,,,,,,,
2025/8/13 16:30,,,-0.016958313,26.70489555,,,,,,,,
2025/8/13 16:30,,,,,0.789945679,30.13917549,,,,,,
2025/8/13 16:30,,,,,,,-0.01912939,26.87159525,,,,
2025/8/13 16:30,,,,,,,,,0.780762129,30.13667384,,
2025/8/13 16:30,,,,,,,,,,,0.176228531,26.95303496
2025/8/13 16:30,0.67279375,30.1524949,,,,,,,,,,
2025/8/13 16:30,,,-0.036056938,26.76892061,,,,,,,,
2025/8/13 16:30,,,,,0.674016946,30.13745454,,,,,,
2025/8/13 16:30,,,,,,,-0.038170442,26.9339741,,,,
2025/8/13 16:30,,,,,,,,,0.661597104,30.13446061,,
2025/8/13 16:30,,,,,,,,,,,0.15665237,27.01534679
2025/8/13 16:30,0.67279375,30.1524949,,,,,,,,,,
2025/8/13 16:30,,,-0.0338475,26.83158829,,,,,,,,
2025/8/13 16:30,,,,,0.671804112,30.16447346,,,,,,
2025/8/13 16:30,,,,,,,-0.035933219,26.99634668,,,,
2025/8/13 16:30,,,,,,,,,0.682029132,30.16716743,,
2025/8/13 16:30,,,,,,,,,,,0.158679955,27.07768878
2025/8/13 16:30,0.67279375,30.1524949,,,,,,,,,,
2025/8/13 16:30,,,-0.031638063,26.89425598,,,,,,,,
2025/8/13 16:30,,,,,0.669008394,30.20489882,,,,,,
2025/8/13 16:30,,,,,,,-0.033711017,27.0589536,,,,
2025/8/13 16:30,,,,,,,,,0.708864017,30.21055373,,
2025/8/13 16:30,,,,,,,,,,,0.160872916,27.1402791
2025/8/13 16:30,0.245375,30.15900183,,,,,,,,,,
2025/8/13 16:30,,,-0.033702813,26.95698873,,,,,,,,
2025/8/13 16:30,,,,,0.242345191,30.19478318,,,,,,
2025/8/13 16:30,,,,,,,-0.035741652,27.12125396,,,,
2025/8/13 16:30,,,,,,,,,0.273742588,30.20003866,,
2025/8/13 16:30,,,,,,,,,,,0.158582795,27.20254174
2025/8/13 16:30,0.245375,30.15900183,,,,,,,,,,
2025/8/13 16:30,,,-0.035767563,27.01972148,,,,,,,,
2025/8/13 16:30,,,,,0.24036378,30.22171493,,,,,,
2025/8/13 16:30,,,,,,,-0.037774732,27.18347904,,,,
2025/8/13 16:30,,,,,,,,,0.294404001,30.22953409,,
2025/8/13 16:30,,,,,,,,,,,0.1562961,27.26472946
2025/8/13 16:30,-0.02740625,30.15998755,,,,,,,,,,
2025/8/13 16:30,,,-0.051694813,27.07922688,,,,,,,,
2025/8/13 16:30,,,,,-0.031974826,30.21223895,,,,,,
2025/8/13 16:30,,,,,,,-0.053721421,27.24308558,,,,
2025/8/13 16:30,,,,,,,,,0.016597234,30.21981975,,
2025/8/13 16:30,,,,,,,,,,,0.140614762,27.32437594
2025/8/13 16:30,-0.02740625,30.15998755,,,,,,,,,,
2025/8/13 16:30,,,-0.067622063,27.13873227,,,,,,,,
2025/8/13 16:30,,,,,-0.033974893,30.23929096,,,,,,
2025/8/13 16:30,,,,,,,-0.069670933,27.30262208,,,,
2025/8/13 16:30,,,,,,,,,0.038442289,30.24971651,,
2025/8/13 16:30,,,,,,,,,,,0.125012093,27.38396689
2025/8/13 16:30,-0.18355625,30.15944143,,,,,,,,,,
2025/8/13 16:30,,,-0.085110813,27.1982322,,,,,,,,
2025/8/13 16:30,,,,,-0.189915739,30.23283694,,,,,,
2025/8/13 16:30,,,,,,,-0.087171965,27.36192378,,,,
2025/8/13 16:30,,,,,,,,,-0.12081182,30.24323408,,
2025/8/13 16:30,,,,,,,,,,,0.107738326,27.44331579
2025/8/13 16:30,-0.18355625,30.15944143,,,,,,,,,,
2025/8/13 16:30,,,-0.113289875,27.25514064,,,,,,,,
2025/8/13 16:30,,,,,-0.190927656,30.24632669,,,,,,
2025/8/13 16:30,,,,,,,-0.1154143,27.4194132,,,,
2025/8/13 16:30,,,,,,,,,-0.109334129,30.25824054,,
2025/8/13 16:30,,,,,,,,,,,0.080224636,27.50090338
2025/8/13 16:30,-0.18355625,30.15944143,,,,,,,,,,
2025/8/13 16:30,,,-0.141468938,27.31204907,,,,,,,,
2025/8/13 16:30,,,,,-0.191617392,30.25653477,,,,,,
2025/8/13 16:30,,,,,,,-0.143653355,27.47666494,,,,
2025/8/13 16:30,,,,,,,,,-0.100964821,30.26949669,,
2025/8/13 16:30,,,,,,,,,,,0.052709777,27.55825848
2025/8/13 16:30,-0.57480625,30.15452201,,,,,,,,,,
2025/8/13 16:30,,,-0.1735605,27.36890831,,,,,,,,
2025/8/13 16:30,,,,,-0.582450547,30.23689913,,,,,,
2025/8/13 16:30,,,,,,,-0.175791416,27.53338119,,,,
2025/8/13 16:30,,,,,,,,,-0.496989875,30.25032588,,
2025/8/13 16:30,,,,,,,,,,,0.021159911,27.61508001
2025/8/13 16:30,-0.57480625,30.15452201,,,,,,,,,,
2025/8/13 16:30,,,-0.205652063,27.42576754,,,,,,,,
2025/8/13 16:30,,,,,-0.583935041,30.25729886,,,,,,
2025/8/13 16:30,,,,,,,-0.207940718,27.59016592,,,,
2025/8/13 16:30,,,,,,,,,-0.47874353,30.27335212,,
2025/8/13 16:30,,,,,,,,,,,-0.0102426,27.67199379
2025/8/13 16:30,-0.88870625,30.14690368,,,,,,,,,,
2025/8/13 16:30,,,-0.244274063,27.48183146,,,,,,,,
2025/8/13 16:30,,,,,-0.897548898,30.23799683,,,,,,
2025/8/13 16:30,,,,,,,-0.246629914,27.64623531,,,,
2025/8/13 16:30,,,,,,,,,-0.797249737,30.25430878,,
2025/8/13 16:30,,,,,,,,,,,-0.048117295,27.72820396
2025/8/13 16:30,-0.88870625,30.14690368,,,,,,,,,,
2025/8/13 16:30,,,-0.282896063,27.53789538,,,,,,,,
2025/8/13 16:30,,,,,-0.899138215,30.26195287,,,,,,
2025/8/13 16:30,,,,,,,-0.285329064,27.70223881,,,,
2025/8/13 16:30,,,,,,,,,-0.774395967,30.28157295,,
2025/8/13 16:30,,,,,,,,,,,-0.085814537,27.78437904
2025/8/13 16:30,-1.20340625,30.13598204,,,,,,,,,,
2025/8/13 16:30,,,-0.324665063,27.59385007,,,,,,,,
2025/8/13 16:30,,,,,-1.213634286,30.2394785,,,,,,
2025/8/13 16:30,,,,,,,-0.327170416,27.75788263,,,,
2025/8/13 16:30,,,,,,,,,-1.093112857,30.2597855,,
2025/8/13 16:30,,,,,,,,,,,-0.126724928,27.84019985
2025/8/13 16:30,-1.20340625,30.13598204,,,,,,,,,,
2025/8/13 16:30,,,-0.366434063,27.64980477,,,,,,,,
2025/8/13 16:30,,,,,-1.213628061,30.26407651,,,,,,
2025/8/13 16:30,,,,,,,-0.369007379,27.81353473,,,,
2025/8/13 16:30,,,,,,,,,-1.069771235,30.28728024,,
2025/8/13 16:30,,,,,,,,,,,-0.167448495,27.89605596
2025/8/13 16:30,-1.51890625,30.12172843,,,,,,,,,,
2025/8/13 16:30,,,-0.414454313,27.70500305,,,,,,,,
2025/8/13 16:30,,,,,-1.529800653,30.23815079,,,,,,
2025/8/13 16:30,,,,,,,-0.417114957,27.86849087,,,,
2025/8/13 16:30,,,,,,,,,-1.388600356,30.26263389,,
2025/8/13 16:30,,,,,,,,,,,-0.214349985,27.95123589
2025/8/13 16:30,-1.51890625,30.12172843,,,,,,,,,,
2025/8/13 16:30,,,-0.468079313,27.75919264,,,,,,,,
2025/8/13 16:30,,,,,-1.520138385,30.26419504,,,,,,
2025/8/13 16:30,,,,,,,-0.470748459,27.92301368,,,,
2025/8/13 16:30,,,,,,,,,-1.363001978,30.29079289,,
2025/8/13 16:30,,,,,,,,,,,-0.266447101,28.00600804
2025/8/13 16:30,-1.51890625,30.12172843,,,,,,,,,,
2025/8/13 16:30,,,-0.521704313,27.81338224,,,,,,,,
2025/8/13 16:30,,,,,-1.520234519,30.27443425,,,,,,
2025/8/13 16:30,,,,,,,-0.524382025,27.97733377,,,,
2025/8/13 16:30,,,,,,,,,-1.352653826,30.30278595,,
2025/8/13 16:30,,,,,,,,,,,-0.318440422,28.06059555
2025/8/13 16:30,-1.51890625,30.12172843,,,,,,,,,,
2025/8/13 16:30,,,-0.575329313,27.86757184,,,,,,,,
2025/8/13 16:30,,,,,-1.520299167,30.28126019,,,,,,
2025/8/13 16:30,,,,,,,-0.578014173,28.03097629,,,,
2025/8/13 16:30,,,,,,,,,-1.34488809,30.31086556,,
2025/8/13 16:30,,,,,,,,,,,-0.370385242,28.11451646
2025/8/13 16:30,-1.51890625,30.12172843,,,,,,,,,,
2025/8/13 16:30,,,-0.628954313,27.92176143,,,,,,,,
2025/8/13 16:30,,,,,-1.520396979,30.29149881,,,,,,
2025/8/13 16:30,,,,,,,-0.631646346,28.08434797,,,,
2025/8/13 16:30,,,,,,,,,-1.334223758,30.32288012,,
2025/8/13 16:30,,,,,,,,,,,-0.42223427,28.16818532
2025/8/13 16:30,-2.192,30.0802383,,,,,,,,,,
2025/8/13 16:30,,,-0.68931025,27.97553613,,,,,,,,
2025/8/13 16:30,,,,,-2.193522072,30.22662856,,,,,,
2025/8/13 16:30,,,,,,,-0.692008376,28.13652886,,,,
2025/8/13 16:30,,,,,,,,,-2.012730906,30.26094532,,
2025/8/13 16:30,,,,,,,,,,,-0.48087674,28.22069231
2025/8/13 16:30,-2.192,30.0802383,,,,,,,,,,
2025/8/13 16:30,,,-0.749666188,28.02931082,,,,,,,,
2025/8/13 16:30,,,,,-2.193715013,30.24374545,,,,,,
2025/8/13 16:30,,,,,,,-0.752371327,28.18847429,,,,
2025/8/13 16:30,,,,,,,,,-1.9925752,30.2818754,,
2025/8/13 16:30,,,,,,,,,,,-0.53932707,28.27300189
2025/8/13 16:30,-2.192,30.0802383,,,,,,,,,,
2025/8/13 16:30,,,-0.810022125,28.08308552,,,,,,,,
2025/8/13 16:30,,,,,-2.193911055,30.26086117,,,,,,
2025/8/13 16:30,,,,,,,-0.812735751,28.24038749,,,,
2025/8/13 16:30,,,,,,,,,-1.972415213,30.30275985,,
2025/8/13 16:30,,,,,,,,,,,-0.597586884,28.32531704
2025/8/13 16:30,-2.192,30.0802383,,,,,,,,,,
2025/8/13 16:30,,,-0.870378063,28.13686021,,,,,,,,
2025/8/13 16:30,,,,,-2.194150387,30.28139851,,,,,,
2025/8/13 16:30,,,,,,,-0.873101273,28.29192941,,,,
2025/8/13 16:30,,,,,,,,,-1.948474216,30.32769298,,
2025/8/13 16:30,,,,,,,,,,,-0.655621276,28.3773055
2025/8/13 16:30,-2.908625,30.01941873,,,,,,,,,,
2025/8/13 16:30,,,-0.93790025,28.19002671,,,,,,,,
2025/8/13 16:30,,,,,-2.910862307,30.19662216,,,,,,
2025/8/13 16:30,,,,,,,-0.940632808,28.34218372,,,,
2025/8/13 16:30,,,,,,,,,-2.668106405,30.24797328,,
2025/8/13 16:30,,,,,,,,,,,-0.720859564,28.42805568
2025/8/13 16:30,-2.908625,30.01941873,,,,,,,,,,
2025/8/13 16:30,,,-1.005422438,28.24319321,,,,,,,,
2025/8/13 16:30,,,,,-2.911386836,30.23440707,,,,,,
2025/8/13 16:30,,,,,,,-1.008168754,28.39240871,,,,
2025/8/13 16:30,,,,,,,,,-2.618091534,30.29608762,,
2025/8/13 16:30,,,,,,,,,,,-0.785605206,28.4788811
2025/8/13 16:30,-3.4688,29.95985692,,,,,,,,,,
2025/8/13 16:30,,,-1.078546375,28.29576409,,,,,,,,
2025/8/13 16:30,,,,,-3.471658659,30.15676536,,,,,,
2025/8/13 16:30,,,,,,,-1.081306951,28.44168842,,,,
2025/8/13 16:30,,,,,,,,,-3.179931856,30.22335899,,
2025/8/13 16:30,,,,,,,,,,,-0.855971686,28.52880961
2025/8/13 16:30,3.47975625,31.75994012,,,,,,,,,,
2025/8/13 16:30,,,-1.08218475,28.3663358,,,,,,,,
2025/8/13 16:30,,,,,3.481203572,31.612118,,,,,,
2025/8/13 16:30,,,,,,,-1.084916247,28.50542035,,,,
2025/8/13 16:30,,,,,,,,,3.462694729,31.61021879,,
2025/8/13 16:30,,,,,,,,,,,-0.85992028,28.59250539
2025/8/13 16:30,2.87685,31.82021738,,,,,,,,,,
2025/8/13 16:30,,,-1.091852188,28.43751029,,,,,,,,
2025/8/13 16:30,,,,,2.880416206,31.64753972,,,,,,
2025/8/13 16:30,,,,,,,-1.0945333,28.56940417,,,,
2025/8/13 16:30,,,,,,,,,2.83425036,31.6443713,,
2025/8/13 16:30,,,,,,,,,,,-0.87015523,28.65644034
2025/8/13 16:30,2.87685,31.82021738,,,,,,,,,,
2025/8/13 16:30,,,-1.101519625,28.50868478,,,,,,,,
2025/8/13 16:30,,,,,2.880416206,31.64753972,,,,,,
2025/8/13 16:30,,,,,,,-1.104149694,28.63308303,,,,
2025/8/13 16:30,,,,,,,,,2.83425036,31.6443713,,
2025/8/13 16:30,,,,,,,,,,,-0.880391753,28.72007059
2025/8/13 16:30,2.43293125,31.8572338,,,,,,,,,,
2025/8/13 16:30,,,-1.11562625,28.58022943,,,,,,,,
2025/8/13 16:30,,,,,2.438299707,31.66653899,,,,,,
2025/8/13 16:30,,,,,,,-1.118186979,28.69685053,,,,
2025/8/13 16:30,,,,,,,,,2.366737353,31.66168463,,
2025/8/13 16:30,,,,,,,,,,,-0.895312352,28.78377238
2025/8/13 16:30,2.5528,31.87794868,,,,,,,,,,
2025/8/13 16:30,,,-1.128534188,28.65198122,,,,,,,,
2025/8/13 16:30,,,,,2.557893212,31.68196646,,,,,,
2025/8/13 16:30,,,,,,,-1.131028145,28.76070475,,,,
2025/8/13 16:30,,,,,,,,,2.490461067,31.67756072,,
2025/8/13 16:30,,,,,,,,,,,-0.908995467,28.84756503
2025/8/13 16:30,2.5528,31.87794868,,,,,,,,,,
2025/8/13 16:30,,,-1.055113125,28.72539108,,,,,,,,
2025/8/13 16:30,,,,,2.55659521,31.73936116,,,,,,
2025/8/13 16:30,,,,,,,-1.057579076,28.83043692,,,,
2025/8/13 16:30,,,,,,,,,2.508716932,31.73563901,,
2025/8/13 16:30,,,,,,,,,,,-0.839598711,28.91611064
2025/8/13 16:30,2.391,31.89049261,,,,,,,,,,
2025/8/13 16:30,,,-0.983310063,28.79892638,,,,,,,,
2025/8/13 16:30,,,,,2.395384454,31.7454131,,,,,,
2025/8/13 16:30,,,,,,,-0.985742633,28.89994492,,,,
2025/8/13 16:30,,,,,,,,,2.339865492,31.74114876,,
2025/8/13 16:30,,,,,,,,,,,-0.772317331,28.98429445
2025/8/13 16:30,2.18846875,31.90503102,,,,,,,,,,
2025/8/13 16:30,,,-0.913532313,28.87260706,,,,,,,,
2025/8/13 16:30,,,,,2.193605308,31.75180977,,,,,,
2025/8/13 16:30,,,,,,,-0.915924343,28.96923227,,,,
2025/8/13 16:30,,,,,,,,,2.127329541,31.74670009,,
2025/8/13 16:30,,,,,,,,,,,-0.707574377,29.05212176
2025/8/13 16:30,2.18846875,31.90503102,,,,,,,,,,
2025/8/13 16:30,,,-0.843754563,28.94628774,,,,,,,,
2025/8/13 16:30,,,,,2.192910646,31.77541193,,,,,,
2025/8/13 16:30,,,,,,,-0.846113219,29.03843557,,,,
2025/8/13 16:30,,,,,,,,,2.137046046,31.77082384,,
2025/8/13 16:30,,,,,,,,,,,-0.643192428,29.11973086
2025/8/13 16:30,1.823125,31.92799109,,,,,,,,,,
2025/8/13 16:30,,,-0.77763025,29.02019803,,,,,,,,
2025/8/13 16:30,,,,,1.828966492,31.78401621,,,,,,
2025/8/13 16:30,,,,,,,-0.779941538,29.10733387,,,,
2025/8/13 16:30,,,,,,,,,1.754534298,31.77761543,,
2025/8/13 16:30,,,,,,,,,,,-0.583191579,29.18684893
2025/8/13 16:30,2.10325625,31.98091326,,,,,,,,,,
2025/8/13 16:30,,,-0.698272125,29.09690609,,,,,,,,
2025/8/13 16:30,,,,,2.108744906,31.82435125,,,,,,
2025/8/13 16:30,,,,,,,-0.700529199,29.17921626,,,,
2025/8/13 16:30,,,,,,,,,2.038430915,31.81883106,,
2025/8/13 16:30,,,,,,,,,,,-0.510085393,29.25666933
2025/8/13 16:30,2.10325625,31.98091326,,,,,,,,,,
2025/8/13 16:30,,,-0.618914,29.17361416,,,,,,,,
2025/8/13 16:30,,,,,2.107163053,31.87493053,,,,,,
2025/8/13 16:30,,,,,,,-0.621131118,29.25117305,,,,
2025/8/13 16:30,,,,,,,,,2.059324765,31.87067284,,
2025/8/13 16:30,,,,,,,,,,,-0.437447989,29.32634544
2025/8/13 16:30,1.28775625,32.02411878,,,,,,,,,,
2025/8/13 16:30,,,-0.547710875,29.25075428,,,,,,,,
2025/8/13 16:30,,,,,1.29470611,31.88645375,,,,,,
2025/8/13 16:30,,,,,,,-0.549855664,29.32281391,,,,
2025/8/13 16:30,,,,,,,,,1.205311625,31.8777385,,
2025/8/13 16:30,,,,,,,,,,,-0.374021475,29.39543581
2025/8/13 16:30,1.28775625,32.02411878,,,,,,,,,,
2025/8/13 16:30,,,-0.47650775,29.3278944,,,,,,,,
2025/8/13 16:30,,,,,1.29336881,31.91684145,,,,,,
2025/8/13 16:30,,,,,,,-0.478590408,29.39418415,,,,
2025/8/13 16:30,,,,,,,,,1.22445896,31.90977137,,
2025/8/13 16:30,,,,,,,,,,,-0.311282946,29.46397968
2025/8/13 16:30,1.165,32.02881944,,,,,,,,,,
2025/8/13 16:30,,,-0.406532188,29.40508153,,,,,,,,
2025/8/13 16:30,,,,,1.171079664,31.91685983,,,,,,
2025/8/13 16:30,,,,,,,-0.408541176,29.46458605,,,,
2025/8/13 16:30,,,,,,,,,1.096114822,31.90906807,,
2025/8/13 16:30,,,,,,,,,,,-0.251253257,29.53108165
2025/8/13 16:30,1.165,32.02881944,,,,,,,,,,
2025/8/13 16:30,,,-0.316781625,29.48788224,,,,,,,,
2025/8/13 16:30,,,,,1.169933931,31.94043759,,,,,,
2025/8/13 16:30,,,,,,,-0.318684697,29.54130233,,,,
2025/8/13 16:30,,,,,,,,,1.109949452,31.93386741,,
2025/8/13 16:30,,,,,,,,,,,-0.172375803,29.60329192
2025/8/13 16:30,1.165,32.02881944,,,,,,,,,,
2025/8/13 16:30,,,-0.227031063,29.57068296,,,,,,,,
2025/8/13 16:30,,,,,1.168410109,31.97084636,,,,,,
2025/8/13 16:30,,,,,,,-0.228835236,29.61784551,,,,
2025/8/13 16:30,,,,,,,,,1.129237338,31.96591606,,
2025/8/13 16:30,,,,,,,,,,,-0.094139895,29.67501424
2025/8/13 16:30,1.165,32.02881944,,,,,,,,,,
2025/8/13 16:30,,,-0.1372805,29.65348368,,,,,,,,
2025/8/13 16:30,,,,,1.166747164,32.00116165,,,,,,
2025/8/13 16:30,,,,,,,-0.138992304,29.69414173,,,,
2025/8/13 16:30,,,,,,,,,1.147711707,31.99789599,,
2025/8/13 16:30,,,,,,,,,,,-0.016661319,29.74613723
2025/8/13 16:30,1.52606875,32.10374922,,,,,,,,,,
2025/8/13 16:30,,,-0.04391925,29.73703369,,,,,,,,
2025/8/13 16:30,,,,,1.528391137,32.05954069,,,,,,
2025/8/13 16:30,,,,,,,-0.045523652,29.77054536,,,,
2025/8/13 16:30,,,,,,,,,1.502007805,32.05598803,,
2025/8/13 16:30,,,,,,,,,,,0.063564687,29.81705686
2025/8/13 16:30,1.52606875,32.10374922,,,,,,,,,,
2025/8/13 16:30,,,0.058037,29.82358477,,,,,,,,
2025/8/13 16:30,,,,,1.527740414,32.07302958,,,,,,
2025/8/13 16:30,,,,,,,0.056564784,29.85023828,,,,
2025/8/13 16:30,,,,,,,,,1.508881079,32.0700127,,
2025/8/13 16:30,,,,,,,,,,,0.151787471,29.89048628
2025/8/13 16:30,1.7271,32.14363429,,,,,,,,,,
2025/8/13 16:30,,,0.162003562,29.91053469,,,,,,,,
2025/8/13 16:30,,,,,1.729042351,32.10383517,,,,,,
2025/8/13 16:30,,,,,,,0.1606815,29.92964689,,,,
2025/8/13 16:30,,,,,,,,,1.707513473,32.10076953,,
2025/8/13 16:30,,,,,,,,,,,0.240952791,29.96319767
2025/8/13 16:30,1.3171,32.1630432,,,,,,,,,,
2025/8/13 16:30,,,0.275990562,30.00339421,,,,,,,,
2025/8/13 16:30,,,,,1.320197677,32.10759382,,,,,,
2025/8/13 16:30,,,,,,,0.274897651,30.01500204,,,,
2025/8/13 16:30,,,,,,,,,1.28429112,32.10315297,,
2025/8/13 16:30,,,,,,,,,,,0.338772063,30.04026686
2025/8/13 16:30,1.11163125,32.17080005,,,,,,,,,,
2025/8/13 16:30,,,0.387922875,30.09633128,,,,,,,,
2025/8/13 16:30,,,,,1.115366379,32.10750436,,,,,,
2025/8/13 16:30,,,,,,,0.387101041,30.09941398,,,,
2025/8/13 16:30,,,,,,,,,1.071815688,32.10227544,,
2025/8/13 16:30,,,,,,,,,,,0.432666069,30.1155495
2025/8/13 16:30,1.11163125,32.17080005,,,,,,,,,,
2025/8/13 16:30,,,0.499855187,30.18926836,,,,,,,,
2025/8/13 16:30,,,,,1.111830907,32.16810447,,,,,,
2025/8/13 16:30,,,,,,,0.499292864,30.18382982,,,,
2025/8/13 16:30,,,,,,,,,1.108859501,32.16618062,,
2025/8/13 16:30,,,,,,,,,,,0.525808758,30.19035909
2025/8/13 16:30,1.43393125,32.23812558,,,,,,,,,,
2025/8/13 16:30,,,0.481821437,30.22396536,,,,,,,,
2025/8/13 16:30,,,,,1.434955431,32.22079283,,,,,,
2025/8/13 16:30,,,,,,,0.4812532,30.21937371,,,,
2025/8/13 16:30,,,,,,,,,1.423635111,32.21825606,,
2025/8/13 16:30,,,,,,,,,,,0.507834057,30.22589861
2025/8/13 16:30,1.26933125,32.24502594,,,,,,,,,,
2025/8/13 16:30,,,0.46762325,30.25816729,,,,,,,,
2025/8/13 16:30,,,,,1.270776516,32.22142147,,,,,,
2025/8/13 16:30,,,,,,,0.467036059,30.25460714,,,,
2025/8/13 16:30,,,,,,,,,1.254825085,32.2185817,,
2025/8/13 16:30,,,,,,,,,,,0.493838164,30.26113625
2025/8/13 16:30,1.26933125,32.24502594,,,,,,,,,,
2025/8/13 16:30,,,0.453425062,30.29236923,,,,,,,,
2025/8/13 16:30,,,,,1.269785321,32.23823618,,,,,,
2025/8/13 16:30,,,,,,,0.452821884,30.28946854,,,,
2025/8/13 16:30,,,,,,,,,1.26405652,32.23621953,,
2025/8/13 16:30,,,,,,,,,,,0.479783348,30.29600299
2025/8/13 16:30,0.89825,32.25749598,,,,,,,,,,
2025/8/13 16:30,,,0.435516062,30.32669586,,,,,,,,
2025/8/13 16:30,,,,,0.899704727,32.23679783,,,,,,
2025/8/13 16:30,,,,,,,0.434911121,30.32414601,,,,
2025/8/13 16:30,,,,,,,,,0.883595066,32.23367659,,
2025/8/13 16:30,,,,,,,,,,,0.461876442,30.33067303
2025/8/13 16:30,0.89825,32.25749598,,,,,,,,,,
2025/8/13 16:30,,,0.417607062,30.36102249,,,,,,,,
2025/8/13 16:30,,,,,0.898799254,32.25023154,,,,,,
2025/8/13 16:30,,,,,,,0.416996724,30.35875543,,,,
2025/8/13 16:30,,,,,,,,,0.892477182,32.24816388,,
2025/8/13 16:30,,,,,,,,,,,0.444005408,30.36528249
2025/8/13 16:30,0.77433125,32.26070847,,,,,,,,,,
2025/8/13 16:30,,,0.398458875,30.39538125,,,,,,,,
2025/8/13 16:30,,,,,0.775235259,32.2488319,,,,,,
2025/8/13 16:30,,,,,,,0.397850513,30.39321624,,,,
2025/8/13 16:30,,,,,,,,,0.76547848,32.24631032,,
2025/8/13 16:30,,,,,,,,,,,0.424833562,30.3997372
2025/8/13 16:30,1.057,32.3227219,,,,,,,,,,
2025/8/13 16:30,,,0.393184875,30.42954236,,,,,,,,
2025/8/13 16:30,,,,,1.058626436,32.29789792,,,,,,
2025/8/13 16:30,,,,,,,0.392556352,30.4278305,,,,
2025/8/13 16:30,,,,,,,,,1.04070815,32.29476229,,
2025/8/13 16:30,,,,,,,,,,,0.419749525,30.4343657
2025/8/13 16:30,0.8916,32.32770715,,,,,,,,,,
2025/8/13 16:30,,,0.389964375,30.46357394,,,,,,,,
2025/8/13 16:30,,,,,0.893705277,32.29676872,,,,,,
2025/8/13 16:30,,,,,,,0.389307025,30.4624105,,,,
2025/8/13 16:30,,,,,,,,,0.870214974,32.2930538,,
2025/8/13 16:30,,,,,,,,,,,0.416813717,30.46897292
2025/8/13 16:30,1.09388125,32.37152335,,,,,,,,,,
2025/8/13 16:30,,,0.388766687,30.49804368,,,,,,,,
2025/8/13 16:30,,,,,1.096375908,32.33135739,,,,,,
2025/8/13 16:30,,,,,,,0.388121735,30.49666037,,,,
2025/8/13 16:30,,,,,,,,,1.068192205,32.32736561,,
2025/8/13 16:30,,,,,,,,,,,0.415472913,30.50321033
2025/8/13 16:30,0.80395,32.38002107,,,,,,,,,,
2025/8/13 16:30,,,0.384669687,30.5325984,,,,,,,,
2025/8/13 16:30,,,,,0.807347488,32.32906664,,,,,,
2025/8/13 16:30,,,,,,,0.384071774,30.53051523,,,,
2025/8/13 16:30,,,,,,,,,0.768643859,32.32389996,,
2025/8/13 16:30,,,,,,,,,,,0.410905113,30.53698561
2025/8/13 16:30,0.80395,32.38002107,,,,,,,,,,
2025/8/13 16:30,,,0.388399125,30.56693069,,,,,,,,
2025/8/13 16:30,,,,,0.805445013,32.35932075,,,,,,
2025/8/13 16:30,,,,,,,0.38780709,30.56473829,,,,
2025/8/13 16:30,,,,,,,,,0.789145228,32.35616845,,
2025/8/13 16:30,,,,,,,,,,,0.414567733,30.57120341
2025/8/13 16:30,0.67950625,32.38287157,,,,,,,,,,
2025/8/13 16:30,,,0.390884125,30.60129149,,,,,,,,
2025/8/13 16:30,,,,,0.681372297,32.35759563,,,,,,
2025/8/13 16:30,,,,,,,0.390311214,30.59884189,,,,
2025/8/13 16:30,,,,,,,,,0.660321111,32.35394426,,
2025/8/13 16:30,,,,,,,,,,,0.416848813,30.60525303
2025/8/13 16:30,0.67950625,32.38287157,,,,,,,,,,
2025/8/13 16:30,,,0.395990187,30.63562514,,,,,,,,
2025/8/13 16:30,,,,,0.680433519,32.37100333,,,,,,
2025/8/13 16:30,,,,,,,0.39541963,30.63312463,,,,
2025/8/13 16:30,,,,,,,,,0.669626483,32.36844644,,
2025/8/13 16:30,,,,,,,,,,,0.421921422,30.63953585
2025/8/13 16:30,0.3887,32.3876676,,,,,,,,,,
2025/8/13 16:30,,,0.398188187,30.67000674,,,,,,,,
2025/8/13 16:30,,,,,0.390520388,32.36523786,,,,,,
2025/8/13 16:30,,,,,,,0.39765771,30.66704592,,,,
2025/8/13 16:30,,,,,,,,,0.37040605,32.36150975,,
2025/8/13 16:30,,,,,,,,,,,0.423741516,30.67337642
2025/8/13 16:30,0.3887,32.3876676,,,,,,,,,,
2025/8/13 16:30,,,0.400386187,30.70438834,,,,,,,,
2025/8/13 16:30,,,,,0.38974858,32.37532608,,,,,,
2025/8/13 16:30,,,,,,,0.399899096,30.70093347,,,,
2025/8/13 16:30,,,,,,,,,0.378114679,32.37245542,,
2025/8/13 16:30,,,,,,,,,,,0.425538779,30.70717835
2025/8/13 16:30,1.1195,32.55075452,,,,,,,,,,
2025/8/13 16:30,,,0.416660187,30.74044044,,,,,,,,
2025/8/13 16:30,,,,,1.122274941,32.50497249,,,,,,
2025/8/13 16:30,,,,,,,0.416213195,30.73642184,,,,
2025/8/13 16:30,,,,,,,,,1.089950769,32.5005756,,
2025/8/13 16:30,,,,,,,,,,,0.441404488,30.74258839
2025/8/13 16:30,1.1195,32.55075452,,,,,,,,,,
2025/8/13 16:30,,,0.432934187,30.77649255,,,,,,,,
2025/8/13 16:30,,,,,1.12113434,32.52514109,,,,,,
2025/8/13 16:30,,,,,,,0.432526366,30.77201098,,,,
2025/8/13 16:30,,,,,,,,,1.102545869,32.52197375,,
2025/8/13 16:30,,,,,,,,,,,0.457303664,30.77809593
2025/8/13 16:30,0.66128125,32.56328618,,,,,,,,,,
2025/8/13 16:30,,,0.444626,30.81266996,,,,,,,,
2025/8/13 16:30,,,,,0.664284971,32.5207757,,,,,,
2025/8/13 16:30,,,,,,,0.444280959,30.80745573,,,,
2025/8/13 16:30,,,,,,,,,0.62945537,32.51574912,,
2025/8/13 16:30,,,,,,,,,,,0.468384471,30.81342702
2025/8/13 16:30,0.66128125,32.56328618,,,,,,,,,,
2025/8/13 16:30,,,0.458205,30.84888665,,,,,,,,
2025/8/13 16:30,,,,,0.663627946,32.53083472,,,,,,
2025/8/13 16:30,,,,,,,0.457910183,30.84311248,,,,
2025/8/13 16:30,,,,,,,,,0.636802283,32.52664319,,
2025/8/13 16:30,,,,,,,,,,,0.481481334,30.84898509
2025/8/13 16:30,0.41070625,32.5674104,,,,,,,,,,
2025/8/13 16:30,,,0.46927825,30.88514458,,,,,,,,
2025/8/13 16:30,,,,,0.413863199,32.52584854,,,,,,
2025/8/13 16:30,,,,,,,0.469064719,30.87848285,,,,
2025/8/13 16:30,,,,,,,,,0.377351084,32.52046602,,
2025/8/13 16:30,,,,,,,,,,,0.491764183,30.88421014
2025/8/13 16:30,0.41070625,32.5674104,,,,,,,,,,
2025/8/13 16:30,,,0.482241812,30.92145419,,,,,,,,
2025/8/13 16:30,,,,,0.412178073,32.54937725,,,,,,
2025/8/13 16:30,,,,,,,0.482087688,30.91421241,,,,
2025/8/13 16:30,,,,,,,,,0.395057425,32.5460521,,
2025/8/13 16:30,,,,,,,,,,,0.504158944,30.91981859
2025/8/13 16:30,2.15528125,32.49861017,,,,,,,,,,
2025/8/13 16:30,,,0.512651125,30.95707579,,,,,,,,
2025/8/13 16:30,,,,,2.153563372,32.5428036,,,,,,
2025/8/13 16:30,,,,,,,0.512534367,30.94977491,,,,
2025/8/13 16:30,,,,,,,,,2.172479542,32.54535685,,
2025/8/13 16:30,,,,,,,,,,,0.534237091,30.95530384
2025/8/13 16:30,2.15528125,32.49861017,,,,,,,,,,
2025/8/13 16:30,,,0.544574937,30.99274772,,,,,,,,
2025/8/13 16:30,,,,,2.153209669,32.55287386,,,,,,
2025/8/13 16:30,,,,,,,0.544487962,30.98554562,,,,
2025/8/13 16:30,,,,,,,,,2.176455714,32.5557315,,
2025/8/13 16:30,,,,,,,,,,,0.56590436,30.99100306
2025/8/13 16:30,1.90740625,32.51410004,,,,,,,,,,
2025/8/13 16:30,,,0.57402,31.02857454,,,,,,,,
2025/8/13 16:30,,,,,1.905436488,32.55878402,,,,,,
2025/8/13 16:30,,,,,,,0.57398345,31.02117263,,,,
2025/8/13 16:30,,,,,,,,,1.927817681,32.56177338,,
2025/8/13 16:30,,,,,,,,,,,0.594887855,31.0265249
2025/8/13 16:30,1.90740625,32.51410004,,,,,,,,,,
2025/8/13 16:30,,,0.603465062,31.06440137,,,,,,,,
2025/8/13 16:30,,,,,1.905167769,32.56549162,,,,,,
2025/8/13 16:30,,,,,,,0.603485055,31.05676424,,,,
2025/8/13 16:30,,,,,,,,,1.930059894,32.56859966,,
2025/8/13 16:30,,,,,,,,,,,0.623791983,31.06199818
2025/8/13 16:30,1.7005,32.52557762,,,,,,,,,,
2025/8/13 16:30,,,0.632737,31.10041715,,,,,,,,
2025/8/13 16:30,,,,,1.698384465,32.5690022,,,,,,
2025/8/13 16:30,,,,,,,0.632811036,31.09253649,,,,
2025/8/13 16:30,,,,,,,,,1.722036693,32.57219039,,
2025/8/13 16:30,,,,,,,,,,,0.652557724,31.09765568
2025/8/13 16:30,1.7005,32.52557762,,,,,,,,,,
2025/8/13 16:30,,,0.665810187,31.13661919,,,,,,,,
2025/8/13 16:30,,,,,1.697525536,32.58928217,,,,,,
2025/8/13 16:30,,,,,,,0.665920636,31.12883925,,,,
2025/8/13 16:30,,,,,,,,,1.731461662,32.59313111,,
2025/8/13 16:30,,,,,,,,,,,0.685318237,31.13385837
2025/8/13 16:30,2.5992,32.68682088,,,,,,,,,,
2025/8/13 16:30,,,0.709394375,31.17452241,,,,,,,,
2025/8/13 16:30,,,,,2.598443682,32.7111327,,,,,,
2025/8/13 16:30,,,,,,,0.70955901,31.16650495,,,,
2025/8/13 16:30,,,,,,,,,2.607060747,32.71308583,,
2025/8/13 16:30,,,,,,,,,,,0.728402364,31.1714097
2025/8/13 16:30,2.3505,32.70564553,,,,,,,,,,
2025/8/13 16:30,,,0.750491562,31.21261388,,,,,,,,
2025/8/13 16:30,,,,,2.349943433,32.72030618,,,,,,
2025/8/13 16:30,,,,,,,0.750751663,31.2038528,,,,
2025/8/13 16:30,,,,,,,,,2.356253848,32.72224561,,
2025/8/13 16:30,,,,,,,,,,,0.768522458,31.2085579
2025/8/13 16:30,2.63771875,32.7539622,,,,,,,,,,
2025/8/13 16:30,,,0.79560525,31.25126045,,,,,,,,
2025/8/13 16:30,,,,,2.637641745,32.75618367,,,,,,
2025/8/13 16:30,,,,,,,0.795963591,31.241673,,,,
2025/8/13 16:30,,,,,,,,,2.639293294,32.75791596,,
2025/8/13 16:30,,,,,,,,,,,0.812640915,31.24617614
2025/8/13 16:30,2.38856875,32.77307339,,,,,,,,,,
2025/8/13 16:30,,,0.838227437,31.29009813,,,,,,,,
2025/8/13 16:30,,,,,2.388738186,32.76883047,,,,,,
2025/8/13 16:30,,,,,,,0.838689918,31.27940792,,,,
2025/8/13 16:30,,,,,,,,,2.386198709,32.76705134,,
2025/8/13 16:30,,,,,,,,,,,0.853994727,31.28363731
2025/8/13 16:30,2.38856875,32.77307339,,,,,,,,,,
2025/8/13 16:30,,,0.836147687,31.31734866,,,,,,,,
2025/8/13 16:30,,,,,2.387751274,32.79583798,,,,,,
2025/8/13 16:30,,,,,,,0.836568098,31.3081044,,,,
2025/8/13 16:30,,,,,,,,,2.397116204,32.79789156,,
2025/8/13 16:30,,,,,,,,,,,0.852363671,31.31238874
2025/8/13 16:30,2.63524375,32.81435494,,,,,,,,,,
2025/8/13 16:30,,,0.837680125,31.34491522,,,,,,,,
2025/8/13 16:30,,,,,2.634856363,32.82654014,,,,,,
2025/8/13 16:30,,,,,,,0.838058819,31.33706012,,,,
2025/8/13 16:30,,,,,,,,,2.639475282,32.82830948,,
2025/8/13 16:30,,,,,,,,,,,0.854346852,31.34139923
2025/8/13 16:30,2.63524375,32.81435494,,,,,,,,,,
2025/8/13 16:30,,,0.839212562,31.37248178,,,,,,,,
2025/8/13 16:30,,,,,2.634199395,32.85006937,,,,,,
2025/8/13 16:30,,,,,,,0.839550126,31.3659812,,,,
2025/8/13 16:30,,,,,,,,,2.646249373,32.85220895,,
2025/8/13 16:30,,,,,,,,,,,0.856306965,31.37037367
2025/8/13 16:30,2.79994375,32.8408574,,,,,,,,,,
2025/8/13 16:30,,,0.842392,31.40031336,,,,,,,,
2025/8/13 16:30,,,,,2.799193166,32.86957944,,,,,,
2025/8/13 16:30,,,,,,,0.842694089,31.39499596,,,,
2025/8/13 16:30,,,,,,,,,2.807457202,32.87150073,,
2025/8/13 16:30,,,,,,,,,,,0.859850448,31.3994386
2025/8/13 16:30,2.79994375,32.8408574,,,,,,,,,,
2025/8/13 16:30,,,0.848631437,31.42790793,,,,,,,,
2025/8/13 16:30,,,,,2.798800473,32.8863854,,,,,,
2025/8/13 16:30,,,,,,,0.848884473,31.42407133,,,,
2025/8/13 16:30,,,,,,,,,2.812113589,32.88848249,,
2025/8/13 16:30,,,,,,,,,,,0.866608549,31.4285753
2025/8/13 16:30,2.79994375,32.8408574,,,,,,,,,,
2025/8/13 16:30,,,0.856403875,31.45539554,,,,,,,,
2025/8/13 16:30,,,,,2.798351744,32.90659532,,,,,,
2025/8/13 16:30,,,,,,,0.856597994,31.45330571,,,,
2025/8/13 16:30,,,,,,,,,2.816565433,32.90883891,,
2025/8/13 16:30,,,,,,,,,,,0.875004355,31.45787944
2025/8/13 16:30,2.55034375,32.86118298,,,,,,,,,,
2025/8/13 16:30,,,0.864367875,31.4829178,,,,,,,,
2025/8/13 16:30,,,,,2.548678393,32.91709487,,,,,,
2025/8/13 16:30,,,,,,,0.864492322,31.48258784,,,,
2025/8/13 16:30,,,,,,,,,2.567294437,32.91951726,,
2025/8/13 16:30,,,,,,,,,,,0.883712202,31.48724543
2025/8/13 16:30,2.55034375,32.86118298,,,,,,,,,,
2025/8/13 16:30,,,0.872331875,31.51044006,,,,,,,,
2025/8/13 16:30,,,,,2.548412401,32.92722621,,,,,,
2025/8/13 16:30,,,,,,,0.872389235,31.51183636,,,,
2025/8/13 16:30,,,,,,,,,2.570276727,32.92967748,,
2025/8/13 16:30,,,,,,,,,,,0.89238491,31.51657285
2025/8/13 16:30,3.25255,32.96995327,,,,,,,,,,
2025/8/13 16:30,,,0.888856437,31.53896435,,,,,,,,
2025/8/13 16:30,,,,,3.251971222,33.00621084,,,,,,
2025/8/13 16:30,,,,,,,0.888854356,31.54185204,,,,
2025/8/13 16:30,,,,,,,,,3.258449557,33.00804451,,
2025/8/13 16:30,,,,,,,,,,,0.90954091,31.54666936
2025/8/13 16:30,3.25255,32.96995327,,,,,,,,,,
2025/8/13 16:30,,,0.906536187,31.56742948,,,,,,,,
2025/8/13 16:30,,,,,3.25173162,33.02303883,,,,,,
2025/8/13 16:30,,,,,,,0.906467773,31.57202414,,,,
2025/8/13 16:30,,,,,,,,,3.261235831,33.02486448,,
2025/8/13 16:30,,,,,,,,,,,0.927938984,31.57692958
2025/8/13 16:30,3.0025,32.99366445,,,,,,,,,,
2025/8/13 16:30,,,0.921715437,31.59613172,,,,,,,,
2025/8/13 16:30,,,,,3.001595876,33.03686155,,,,,,
2025/8/13 16:30,,,,,,,0.921596113,31.60196284,,,,
2025/8/13 16:30,,,,,,,,,3.011887995,33.03873343,,
2025/8/13 16:30,,,,,,,,,,,0.943642282,31.60693986
2025/8/13 16:30,3.0025,32.99366445,,,,,,,,,,
2025/8/13 16:30,,,0.936894687,31.62483397,,,,,,,,
2025/8/13 16:30,,,,,3.001280853,33.05366726,,,,,,
2025/8/13 16:30,,,,,,,0.936732356,31.63183327,,,,
2025/8/13 16:30,,,,,,,,,3.015126252,33.05578316,,
2025/8/13 16:30,,,,,,,,,,,0.95925432,31.63687421
2025/8/13 16:30,3.0025,32.99366445,,,,,,,,,,
2025/8/13 16:30,,,0.95631925,31.65335696,,,,,,,,
2025/8/13 16:30,,,,,3.000976907,33.07049969,,,,,,
2025/8/13 16:30,,,,,,,0.956096395,31.66186417,,,,
2025/8/13 16:30,,,,,,,,,3.018468621,33.07264314,,
2025/8/13 16:30,,,,,,,,,,,0.979298537,31.66698839
2025/8/13 16:30,2.79378125,33.01199307,,,,,,,,,,
2025/8/13 16:30,,,0.973656625,31.68206324,,,,,,,,
2025/8/13 16:30,,,,,2.792124559,33.08070043,,,,,,
2025/8/13 16:30,,,,,,,0.973384909,31.69176042,,,,
2025/8/13 16:30,,,,,,,,,2.811686603,33.08298143,,
2025/8/13 16:30,,,,,,,,,,,0.997126724,31.69695547
2025/8/13 16:30,3.4996,33.11559753,,,,,,,,,,
2025/8/13 16:30,,,0.998052187,31.71180556,,,,,,,,
2025/8/13 16:30,,,,,3.499187325,33.15477301,,,,,,
2025/8/13 16:30,,,,,,,0.997760201,31.72212798,,,,
2025/8/13 16:30,,,,,,,,,3.503892021,33.15649014,,
2025/8/13 16:30,,,,,,,,,,,1.021718358,31.72737183
2025/8/13 16:30,3.4996,33.11559753,,,,,,,,,,
2025/8/13 16:30,,,1.025157187,31.74146478,,,,,,,,
2025/8/13 16:30,,,,,3.499090567,33.16480849,,,,,,
2025/8/13 16:30,,,,,,,1.024835275,31.75262019,,,,
2025/8/13 16:30,,,,,,,,,3.504855526,33.16657561,,
2025/8/13 16:30,,,,,,,,,,,1.04911037,31.75792386
2025/8/13 16:30,3.29056875,33.13702095,,,,,,,,,,
2025/8/13 16:30,,,1.050171875,31.77133824,,,,,,,,
2025/8/13 16:30,,,,,3.289958563,33.17789622,,,,,,
2025/8/13 16:30,,,,,,,1.049835404,31.7830074,,,,
2025/8/13 16:30,,,,,,,,,3.296717541,33.17968665,,
2025/8/13 16:30,,,,,,,,,,,1.074269924,31.78835399
2025/8/13 16:30,3.83275,33.20956078,,,,,,,,,,
2025/8/13 16:30,,,1.081771437,31.8019089,,,,,,,,
2025/8/13 16:30,,,,,3.832680355,33.22813787,,,,,,
2025/8/13 16:30,,,,,,,1.081422038,31.81391424,,,,
2025/8/13 16:30,,,,,,,,,3.83331001,33.22981526,,
2025/8/13 16:30,,,,,,,,,,,1.105987054,31.81930753
2025/8/13 16:30,4.37704375,33.273339,,,,,,,,,,
2025/8/13 16:30,,,1.118813937,31.83311734,,,,,,,,
2025/8/13 16:30,,,,,4.377042726,33.27323508,,,,,,
2025/8/13 16:30,,,,,,,1.118474424,31.84500185,,,,
2025/8/13 16:30,,,,,,,,,4.37729916,33.27153694,,
2025/8/13 16:30,,,,,,,,,,,1.142939754,31.85035123
2025/8/13 16:30,4.37704375,33.273339,,,,,,,,,,
2025/8/13 16:30,,,1.155856437,31.86432578,,,,,,,,
2025/8/13 16:30,,,,,4.377314272,33.30695919,,,,,,
2025/8/13 16:30,,,,,,,1.155557483,31.87602246,,,,
2025/8/13 16:30,,,,,,,,,4.374314456,33.30868818,,
2025/8/13 16:30,,,,,,,,,,,1.179594258,31.88133257
2025/8/13 16:30,4.12579375,33.30542637,,,,,,,,,,
2025/8/13 16:30,,,1.194660625,31.89579002,,,,,,,,
2025/8/13 16:30,,,,,4.12585835,33.32886394,,,,,,
2025/8/13 16:30,,,,,,,1.194392615,31.90736326,,,,
2025/8/13 16:30,,,,,,,,,4.125215602,33.3304505,,
2025/8/13 16:30,,,,,,,,,,,1.218108988,31.91263669
2025/8/13 16:30,3.79009375,33.34529636,,,,,,,,,,
2025/8/13 16:30,,,1.230107812,31.92765297,,,,,,,,
2025/8/13 16:30,,,,,3.79004542,33.35516458,,,,,,
2025/8/13 16:30,,,,,,,1.229889431,31.93869776,,,,
2025/8/13 16:30,,,,,,,,,3.790866642,33.35674961,,
2025/8/13 16:30,,,,,,,,,,,1.253073615,31.94390885
2025/8/13 16:30,3.79009375,33.34529636,,,,,,,,,,
2025/8/13 16:30,,,1.268282812,31.95950606,,,,,,,,
2025/8/13 16:30,,,,,3.789903588,33.3887815,,,,,,
2025/8/13 16:30,,,,,,,1.268108215,31.97046318,,,,
2025/8/13 16:30,,,,,,,,,3.792342683,33.39045228,,
2025/8/13 16:30,,,,,,,,,,,1.290831069,31.97561517
2025/8/13 16:30,0.7757,33.5510341,,,,,,,,,,
2025/8/13 16:30,,,1.276313875,31.99341652,,,,,,,,
2025/8/13 16:30,,,,,0.780005636,33.48351279,,,,,,
2025/8/13 16:30,,,,,,,1.27624802,32.0029054,,,,
2025/8/13 16:30,,,,,,,,,0.726952783,33.47713347,,
2025/8/13 16:30,,,,,,,,,,,1.297716174,32.00788934
2025/8/13 16:30,1.027625,33.6042912,,,,,,,,,,
2025/8/13 16:30,,,1.288425687,32.02786502,,,,,,,,
2025/8/13 16:30,,,,,1.032181175,33.52572973,,,,,,
2025/8/13 16:30,,,,,,,1.28846899,32.03583433,,,,
2025/8/13 16:30,,,,,,,,,0.975457869,33.51935986,,
2025/8/13 16:30,,,,,,,,,,,1.308678871,32.0406506
2025/8/13 16:30,0.46886875,33.61673039,,,,,,,,,,
2025/8/13 16:30,,,1.294949937,32.06243791,,,,,,,,
2025/8/13 16:30,,,,,0.475444881,33.51816056,,,,,,
2025/8/13 16:30,,,,,,,1.295132715,32.06855267,,,,
2025/8/13 16:30,,,,,,,,,0.390706219,33.50817142,,
2025/8/13 16:30,,,,,,,,,,,1.313679275,32.07314991
2025/8/13 16:30,0.0808,33.61990291,,,,,,,,,,
2025/8/13 16:30,,,1.2975935,32.09704252,,,,,,,,
2025/8/13 16:30,,,,,0.088896425,33.50762159,,,,,,
2025/8/13 16:30,,,,,,,1.297937853,32.10106354,,,,
2025/8/13 16:30,,,,,,,,,-0.017677939,33.49438094,,
2025/8/13 16:30,,,,,,,,,,,1.314512143,32.10539875
2025/8/13 16:30,0.79703125,33.78059859,,,,,,,,,,
2025/8/13 16:30,,,1.311311875,32.13330329,,,,,,,,
2025/8/13 16:30,,,,,0.805267022,33.63651443,,,,,,
2025/8/13 16:30,,,,,,,1.311815029,32.13505969,,,,
2025/8/13 16:30,,,,,,,,,0.693037015,33.62495902,,
2025/8/13 16:30,,,,,,,,,,,1.326412412,32.13914508
2025/8/13 16:30,0.36465625,33.78803229,,,,,,,,,,
2025/8/13 16:30,,,1.3207065,32.16963839,,,,,,,,
2025/8/13 16:30,,,,,0.374646803,33.62847987,,,,,,
2025/8/13 16:30,,,,,,,1.321400847,32.1687715,,,,
2025/8/13 16:30,,,,,,,,,0.23466999,33.61290587,,
2025/8/13 16:30,,,,,,,,,,,1.333546547,32.17254062
2025/8/13 16:30,0.148,33.78967588,,,,,,,,,,
2025/8/13 16:30,,,1.331073562,32.20606611,,,,,,,,
2025/8/13 16:30,,,,,0.158855165,33.62244739,,,,,,
2025/8/13 16:30,,,,,,,1.331964888,32.20261601,,,,
2025/8/13 16:30,,,,,,,,,0.00203428,33.60423546,,
2025/8/13 16:30,,,,,,,,,,,1.341539388,32.20603989
2025/8/13 16:30,-0.02555,33.78999034,,,,,,,,,,
2025/8/13 16:30,,,1.339705125,32.24249698,,,,,,,,
2025/8/13 16:30,,,,,-0.014133319,33.61657545,,,,,,
2025/8/13 16:30,,,,,,,1.340814937,32.23616223,,,,
2025/8/13 16:30,,,,,,,,,-0.183613841,33.59629728,,
2025/8/13 16:30,,,,,,,,,,,1.347447209,32.23918713
2025/8/13 16:30,-0.02555,33.78999034,,,,,,,,,,
2025/8/13 16:30,,,1.351483687,32.27903706,,,,,,,,
2025/8/13 16:30,,,,,-0.019670531,33.71490002,,,,,,
2025/8/13 16:30,,,,,,,1.352754574,32.27091645,,,,
2025/8/13 16:30,,,,,,,,,-0.092810137,33.70500862,,
2025/8/13 16:30,,,,,,,,,,,1.357450236,32.27363936
2025/8/13 16:30,-0.32974375,33.78839104,,,,,,,,,,
2025/8/13 16:30,,,1.360220312,32.31556115,,,,,,,,
2025/8/13 16:30,,,,,-0.322673437,33.70284115,,,,,,
2025/8/13 16:30,,,,,,,1.361664121,32.30530409,,,,
2025/8/13 16:30,,,,,,,,,-0.412874836,33.69030118,,
2025/8/13 16:30,,,,,,,,,,,1.3640192,32.30766957
2025/8/13 16:30,0.60250625,34.00466271,,,,,,,,,,
2025/8/13 16:30,,,1.381434437,32.3543905,,,,,,,,
2025/8/13 16:30,,,,,0.610342938,33.87760864,,,,,,
2025/8/13 16:30,,,,,,,1.383065556,32.34169867,,,,
2025/8/13 16:30,,,,,,,,,0.505065592,33.86607191,,
2025/8/13 16:30,,,,,,,,,,,1.38295586,32.34370395
2025/8/13 16:30,0.47195,34.00672526,,,,,,,,,,
2025/8/13 16:30,,,1.401343,32.39324047,,,,,,,,
2025/8/13 16:30,,,,,0.480325162,33.87507759,,,,,,
2025/8/13 16:30,,,,,,,1.403070192,32.3778075,,,,
2025/8/13 16:30,,,,,,,,,0.367549774,33.86245654,,
2025/8/13 16:30,,,,,,,,,,,1.400261377,32.37942059
2025/8/13 16:30,0.47195,34.00672526,,,,,,,,,,
2025/8/13 16:30,,,1.421251562,32.43209043,,,,,,,,
2025/8/13 16:30,,,,,0.477031529,33.93237199,,,,,,
2025/8/13 16:30,,,,,,,1.423042852,32.41438688,,,,
2025/8/13 16:30,,,,,,,,,0.412753447,33.92448234,,
2025/8/13 16:30,,,,,,,,,,,1.41791545,32.41563755
2025/8/13 16:30,0.34128125,34.00828762,,,,,,,,,,
2025/8/13 16:30,,,1.439853437,32.47095603,,,,,,,,
2025/8/13 16:30,,,,,0.34683818,33.92939219,,,,,,
2025/8/13 16:30,,,,,,,1.441714226,32.4508682,,,,
2025/8/13 16:30,,,,,,,,,0.276172343,33.9205916,,
2025/8/13 16:30,,,,,,,,,,,1.434126054,32.45173481
2025/8/13 16:30,1.02308125,34.15468057,,,,,,,,,,
2025/8/13 16:30,,,1.465273312,32.51128555,,,,,,,,
2025/8/13 16:30,,,,,1.029091347,34.04610288,,,,,,
2025/8/13 16:30,,,,,,,1.467209109,32.48841424,,,,
2025/8/13 16:30,,,,,,,,,0.950038649,34.03795073,,
2025/8/13 16:30,,,,,,,,,,,1.456968678,32.48888552
2025/8/13 16:30,0.67408125,34.16335046,,,,,,,,,,
2025/8/13 16:30,,,1.493934125,32.55211667,,,,,,,,
2025/8/13 16:30,,,,,0.681415825,34.04237672,,,,,,
2025/8/13 16:30,,,,,,,1.495958488,32.52657172,,,,
2025/8/13 16:30,,,,,,,,,0.584012105,34.03188286,,
2025/8/13 16:30,,,,,,,,,,,1.482936108,32.52659489
2025/8/13 16:30,0.973375,34.22616165,,,,,,,,,,
2025/8/13 16:30,,,1.525587875,32.5935759,,,,,,,,
2025/8/13 16:30,,,,,0.980658493,34.09220978,,,,,,
2025/8/13 16:30,,,,,,,1.527702223,32.56505636,,,,
2025/8/13 16:30,,,,,,,,,0.881577808,34.08239541,,
2025/8/13 16:30,,,,,,,,,,,1.511677638,32.56460009
2025/8/13 16:30,0.84229375,34.22963835,,,,,,,,,,
2025/8/13 16:30,,,1.555930813,32.6350699,,,,,,,,
2025/8/13 16:30,,,,,0.850103251,34.09103385,,,,,,
2025/8/13 16:30,,,,,,,1.558142366,32.60335809,,,,
2025/8/13 16:30,,,,,,,,,0.743012551,34.08016336,,
2025/8/13 16:30,,,,,,,,,,,1.538831916,32.60237413
2025/8/13 16:30,1.09931875,34.28237883,,,,,,,,,,
2025/8/13 16:30,,,1.588844,32.67709131,,,,,,,,
2025/8/13 16:30,,,,,1.107003227,34.1327411,,,,,,
2025/8/13 16:30,,,,,,,1.591153902,32.64187151,,,,
2025/8/13 16:30,,,,,,,,,1.001078096,34.12276026,,
2025/8/13 16:30,,,,,,,,,,,1.568327439,32.6403248
2025/8/13 16:30,1.09931875,34.28237883,,,,,,,,,,
2025/8/13 16:30,,,1.628923438,32.71972091,,,,,,,,
2025/8/13 16:30,,,,,1.102163671,34.23385132,,,,,,
2025/8/13 16:30,,,,,,,1.631284162,32.68224381,,,,
2025/8/13 16:30,,,,,,,,,1.067824033,34.22945078,,
2025/8/13 16:30,,,,,,,,,,,1.605686744,32.68013958
2025/8/13 16:30,0.793025,34.2908313,,,,,,,,,,
2025/8/13 16:30,,,1.665939938,32.76243503,,,,,,,,
2025/8/13 16:30,,,,,0.796785426,34.23143681,,,,,,
2025/8/13 16:30,,,,,,,1.668365885,32.7222141,,,,
2025/8/13 16:30,,,,,,,,,0.750427299,34.22571445,,
2025/8/13 16:30,,,,,,,,,,,1.639371932,32.71943584
2025/8/13 16:30,0.793025,34.2908313,,,,,,,,,,
2025/8/13 16:30,,,1.708558188,32.80574478,,,,,,,,
2025/8/13 16:30,,,,,0.795201121,34.2583563,,,,,,
2025/8/13 16:30,,,,,,,1.711034483,32.76323001,,,,
2025/8/13 16:30,,,,,,,,,0.768985152,34.25438453,,
2025/8/13 16:30,,,,,,,,,,,1.678861102,32.7597461
2025/8/13 16:30,0.7054,34.29274575,,,,,,,,,,
2025/8/13 16:30,,,1.680814625,32.83107283,,,,,,,,
2025/8/13 16:30,,,,,0.707830303,34.25724852,,,,,,
2025/8/13 16:30,,,,,,,1.68330075,32.78968132,,,,
2025/8/13 16:30,,,,,,,,,0.678266461,34.2528963,,
2025/8/13 16:30,,,,,,,,,,,1.651016819,32.78617287
2025/8/13 16:30,0.7054,34.29274575,,,,,,,,,,
2025/8/13 16:30,,,1.659100125,32.85579812,,,,,,,,
2025/8/13 16:30,,,,,0.70477625,34.30093205,,,,,,
2025/8/13 16:30,,,,,,,1.66154435,32.81621524,,,,
2025/8/13 16:30,,,,,,,,,0.712548575,34.30334298,,
2025/8/13 16:30,,,,,,,,,,,1.629799801,32.81276259
2025/8/13 16:30,0.57386875,34.295199,,,,,,,,,,
2025/8/13 16:30,,,1.636070313,32.88054793,,,,,,,,
2025/8/13 16:30,,,,,0.573569886,34.2988249,,,,,,
2025/8/13 16:30,,,,,,,1.638475887,32.84272809,,,,
2025/8/13 16:30,,,,,,,,,0.578181383,34.30089587,,
2025/8/13 16:30,,,,,,,,,,,1.607239112,32.83932784
2025/8/13 16:30,0.57386875,34.295199,,,,,,,,,,
2025/8/13 16:30,,,1.617479688,32.90492759,,,,,,,,
2025/8/13 16:30,,,,,0.572581533,34.31227931,,,,,,
2025/8/13 16:30,,,,,,,1.619818705,32.8691855,,,,
2025/8/13 16:30,,,,,,,,,0.587648088,34.31536224,,
2025/8/13 16:30,,,,,,,,,,,1.589448219,32.86586461
2025/8/13 16:30,1.08926875,34.40275997,,,,,,,,,,
2025/8/13 16:30,,,1.602844375,32.9301757,,,,,,,,
2025/8/13 16:30,,,,,1.089395298,34.40099123,,,,,,
2025/8/13 16:30,,,,,,,1.605133726,32.89637574,,,,
2025/8/13 16:30,,,,,,,,,1.086792314,34.39914458,,
2025/8/13 16:30,,,,,,,,,,,1.575411531,32.89308045
2025/8/13 16:30,1.60646875,34.50262103,,,,,,,,,,
2025/8/13 16:30,,,1.593381063,32.95642242,,,,,,,,
2025/8/13 16:30,,,,,1.60767599,34.47900419,,,,,,
2025/8/13 16:30,,,,,,,1.595644534,32.92377217,,,,
2025/8/13 16:30,,,,,,,,,1.593823411,34.47648097,,
2025/8/13 16:30,,,,,,,,,,,1.566262596,32.92048887
2025/8/13 16:30,2.08215,34.58738428,,,,,,,,,,
2025/8/13 16:30,,,1.590292563,32.98339134,,,,,,,,
2025/8/13 16:30,,,,,2.083838295,34.54405597,,,,,,
2025/8/13 16:30,,,,,,,1.592529072,32.9517586,,,,
2025/8/13 16:30,,,,,,,,,2.06348704,34.54133141,,
2025/8/13 16:30,,,,,,,,,,,1.563498812,32.9484907
2025/8/13 16:30,2.21214375,34.60937474,,,,,,,,,,
2025/8/13 16:30,,,1.590529312,33.01043478,,,,,,,,
2025/8/13 16:30,,,,,2.213891805,34.56068418,,,,,,
2025/8/13 16:30,,,,,,,1.592731937,32.97984735,,,,
2025/8/13 16:30,,,,,,,,,2.192067061,34.55798304,,
2025/8/13 16:30,,,,,,,,,,,1.564146187,32.97660353
2025/8/13 16:30,2.21214375,34.60937474,,,,,,,,,,
2025/8/13 16:30,,,1.590766062,33.03747821,,,,,,,,
2025/8/13 16:30,,,,,2.212486863,34.60098006,,,,,,
2025/8/13 16:30,,,,,,,1.5929277,33.00810303,,,,
2025/8/13 16:30,,,,,,,,,2.20914297,34.59914923,,
2025/8/13 16:30,,,,,,,,,,,1.564867156,33.00488678
2025/8/13 16:30,1.640875,34.64115947,,,,,,,,,,
2025/8/13 16:30,,,1.588943563,33.0646099,,,,,,,,
2025/8/13 16:30,,,,,1.642311851,34.61211018,,,,,,
2025/8/13 16:30,,,,,,,1.591061153,33.03638397,,,,
2025/8/13 16:30,,,,,,,,,1.625467226,34.6093844,,
2025/8/13 16:30,,,,,,,,,,,1.563576485,33.03320447
2025/8/13 16:30,1.3765,34.65267158,,,,,,,,,,
2025/8/13 16:30,,,1.581676,33.09132748,,,,,,,,
2025/8/13 16:30,,,,,1.378568713,34.614239,,,,,,
2025/8/13 16:30,,,,,,,1.583759391,33.06428285,,,,
2025/8/13 16:30,,,,,,,,,1.353184556,34.61070475,,
2025/8/13 16:30,,,,,,,,,,,1.556724022,33.06112321
2025/8/13 16:30,1.3765,34.65267158,,,,,,,,,,
2025/8/13 16:30,,,1.574408438,33.11804506,,,,,,,,
2025/8/13 16:30,,,,,1.3765,34.65267158,,,,,,
2025/8/13 16:30,,,,,,,1.576452761,33.09206026,,,,
2025/8/13 16:30,,,,,,,,,1.376512438,34.65293595,,
2025/8/13 16:30,,,,,,,,,,,1.549895899,33.08894584
2025/8/13 16:30,1.2,34.65923254,,,,,,,,,,
2025/8/13 16:30,,,1.573530875,33.1443962,,,,,,,,
2025/8/13 16:30,,,,,1.200289106,34.65487103,,,,,,
2025/8/13 16:30,,,,,,,1.575508591,33.11974443,,,,
2025/8/13 16:30,,,,,,,,,1.196193979,34.65283845,,
2025/8/13 16:30,,,,,,,,,,,1.549804722,33.11669684
2025/8/13 16:30,1.2,34.65923254,,,,,,,,,,
2025/8/13 16:30,,,1.572653312,33.17074734,,,,,,,,
2025/8/13 16:30,,,,,1.199621351,34.66503372,,,,,,
2025/8/13 16:30,,,,,,,1.574571116,33.14722635,,,,
2025/8/13 16:30,,,,,,,,,1.20471016,34.66702377,,
2025/8/13 16:30,,,,,,,,,,,1.549607234,33.14426936
2025/8/13 16:30,0.97909375,34.66617624,,,,,,,,,,
2025/8/13 16:30,,,1.57079425,33.19712091,,,,,,,,
2025/8/13 16:30,,,,,0.97909375,34.66617624,,,,,,
2025/8/13 16:30,,,,,,,1.572651257,33.17471952,,,,
2025/8/13 16:30,,,,,,,,,0.97856939,34.66579334,,
2025/8/13 16:30,,,,,,,,,,,1.54843178,33.17183662
2025/8/13 16:30,0.71359375,34.67265758,,,,,,,,,,
2025/8/13 16:30,,,1.566280187,33.22355929,,,,,,,,
2025/8/13 16:30,,,,,0.714193073,34.66470288,,,,,,
2025/8/13 16:30,,,,,,,1.568093848,33.20196217,,,,
2025/8/13 16:30,,,,,,,,,0.706539965,34.66234309,,
2025/8/13 16:30,,,,,,,,,,,1.544397685,33.19912137
2025/8/13 16:30,1.1912,34.76960084,,,,,,,,,,
2025/8/13 16:30,,,1.566542188,33.2509671,,,,,,,,
2025/8/13 16:30,,,,,1.192858981,34.74150326,,,,,,
2025/8/13 16:30,,,,,,,1.568338337,33.22966874,,,,
2025/8/13 16:30,,,,,,,,,1.173627325,34.73832917,,
2025/8/13 16:30,,,,,,,,,,,1.544841585,33.2268455
2025/8/13 16:30,1.05828125,34.77390028,,,,,,,,,,
2025/8/13 16:30,,,1.565475,33.27841791,,,,,,,,
2025/8/13 16:30,,,,,1.06027852,34.74108546,,,,,,
2025/8/13 16:30,,,,,,,1.567273651,33.25706798,,,,
2025/8/13 16:30,,,,,,,,,1.035595142,34.7374751,,
2025/8/13 16:30,,,,,,,,,,,1.543720419,33.25424129
2025/8/13 16:30,1.5374,34.86612111,,,,,,,,,,
2025/8/13 16:30,,,1.565588312,33.30604163,,,,,,,,
2025/8/13 16:30,,,,,1.539983369,34.81332429,,,,,,
2025/8/13 16:30,,,,,,,1.567389573,33.28460581,,,,
2025/8/13 16:30,,,,,,,,,1.507804791,34.80946072,,
2025/8/13 16:30,,,,,,,,,,,1.543778389,33.28177602
2025/8/13 16:30,1.271225,34.87684027,,,,,,,,,,
2025/8/13 16:30,,,1.563039875,33.33377254,,,,,,,,
2025/8/13 16:30,,,,,1.274540385,34.81461413,,,,,,
2025/8/13 16:30,,,,,,,1.564857573,33.31202166,,,,
2025/8/13 16:30,,,,,,,,,1.233073396,34.80987566,,
2025/8/13 16:30,,,,,,,,,,,1.541020312,33.30917465
2025/8/13 16:30,1.48950625,34.91824553,,,,,,,,,,
2025/8/13 16:30,,,1.560663937,33.36151865,,,,,,,,
2025/8/13 16:30,,,,,1.492957336,34.84694805,,,,,,
2025/8/13 16:30,,,,,,,1.562496723,33.33945279,,,,
2025/8/13 16:30,,,,,,,,,1.448542586,34.8422553,,
2025/8/13 16:30,,,,,,,,,,,1.538430603,33.33658951
2025/8/13 16:30,1.26735,34.92701424,,,,,,,,,,
2025/8/13 16:30,,,1.560166437,33.38915836,,,,,,,,
2025/8/13 16:30,,,,,1.271469834,34.84786686,,,,,,
2025/8/13 16:30,,,,,,,1.562009444,33.36685552,,,,
2025/8/13 16:30,,,,,,,,,1.218657372,34.84229032,,
2025/8/13 16:30,,,,,,,,,,,1.537774266,33.36398088
2025/8/13 16:30,1.39846875,34.95203406,,,,,,,,,,
2025/8/13 16:30,,,1.563034812,33.4169707,,,,,,,,
2025/8/13 16:30,,,,,1.402633815,34.86743256,,,,,,
2025/8/13 16:30,,,,,,,1.564882118,33.3944548,,,,
2025/8/13 16:30,,,,,,,,,1.349012339,34.86198104,,
2025/8/13 16:30,,,,,,,,,,,1.540546232,33.39157794
2025/8/13 16:30,1.13146875,34.96169588,,,,,,,,,,
2025/8/13 16:30,,,1.563233187,33.44487966,,,,,,,,
2025/8/13 16:30,,,,,1.136507272,34.86771853,,,,,,
2025/8/13 16:30,,,,,,,1.565128882,33.42145094,,,,
2025/8/13 16:30,,,,,,,,,1.069818229,34.86086522,,
2025/8/13 16:30,,,,,,,,,,,1.54015582,33.41852478
2025/8/13 16:30,1.30646875,34.99562172,,,,,,,,,,
2025/8/13 16:30,,,1.561958562,33.47245462,,,,,,,,
2025/8/13 16:30,,,,,1.311505018,34.89426351,,,,,,
2025/8/13 16:30,,,,,,,1.563894378,33.44818565,,,,
2025/8/13 16:30,,,,,,,,,1.244815545,34.88781374,,
2025/8/13 16:30,,,,,,,,,,,1.538367624,33.44522036
2025/8/13 16:30,1.65706875,35.06086313,,,,,,,,,,
2025/8/13 16:30,,,1.565835937,33.50061299,,,,,,,,
2025/8/13 16:30,,,,,1.662006751,34.94501135,,,,,,
2025/8/13 16:30,,,,,,,1.56780668,33.47542154,,,,
2025/8/13 16:30,,,,,,,,,1.595292511,34.93918001,,
2025/8/13 16:30,,,,,,,,,,,1.541772298,33.47242634
2025/8/13 16:30,1.12171875,35.08207159,,,,,,,,,,
2025/8/13 16:30,,,1.564359812,33.52898345,,,,,,,,
2025/8/13 16:30,,,,,1.128632823,34.94740677,,,,,,
2025/8/13 16:30,,,,,,,1.566395155,33.50251325,,,,
2025/8/13 16:30,,,,,,,,,1.032963117,34.93839922,,
2025/8/13 16:30,,,,,,,,,,,1.539461364,33.49944814
2025/8/13 16:30,1.12171875,35.08207159,,,,,,,,,,
2025/8/13 16:30,,,1.5665945,33.55722921,,,,,,,,
2025/8/13 16:30,,,,,1.125953014,35.00462984,,,,,,
2025/8/13 16:30,,,,,,,1.568657638,33.53019157,,,,
2025/8/13 16:30,,,,,,,,,1.071363809,34.99875154,,
2025/8/13 16:30,,,,,,,,,,,1.541339052,33.52709889
2025/8/13 16:30,1.38519375,35.13270326,,,,,,,,,,
2025/8/13 16:30,,,1.571463937,33.58598128,,,,,,,,
2025/8/13 16:30,,,,,1.389526162,35.04433262,,,,,,
2025/8/13 16:30,,,,,,,1.573564907,33.55813258,,,,
2025/8/13 16:30,,,,,,,,,1.332547876,35.03873048,,
2025/8/13 16:30,,,,,,,,,,,1.545739759,33.55500456
2025/8/13 16:30,1.38519375,35.13270326,,,,,,,,,,
2025/8/13 16:30,,,1.577572562,33.61470123,,,,,,,,
2025/8/13 16:30,,,,,1.388620075,35.06447713,,,,,,
2025/8/13 16:30,,,,,,,1.579698755,33.58628903,,,,
2025/8/13 16:30,,,,,,,,,1.344763019,35.05980027,,
2025/8/13 16:30,,,,,,,,,,,1.551532604,33.58313946
2025/8/13 16:30,1.69315,35.18929018,,,,,,,,,,
2025/8/13 16:30,,,1.583934062,33.64336691,,,,,,,,
2025/8/13 16:30,,,,,1.696684516,35.10846981,,,,,,
2025/8/13 16:30,,,,,,,1.586079336,33.61439475,,,,
2025/8/13 16:30,,,,,,,,,1.650444603,35.1038989,,
2025/8/13 16:30,,,,,,,,,,,1.557629969,33.61123082
2025/8/13 16:30,1.69315,35.18929018,,,,,,,,,,
2025/8/13 16:30,,,1.591949562,33.67198274,,,,,,,,
2025/8/13 16:30,,,,,1.695732846,35.13194223,,,,,,
2025/8/13 16:30,,,,,,,1.594099612,33.64274649,,,,
2025/8/13 16:30,,,,,,,,,1.662777293,35.12825879,,
2025/8/13 16:30,,,,,,,,,,,1.565555592,33.63958287
2025/8/13 16:30,2.04585,35.25068223,,,,,,,,,,
2025/8/13 16:30,,,1.60146925,33.70077433,,,,,,,,
2025/8/13 16:30,,,,,2.048532682,35.17904337,,,,,,
2025/8/13 16:30,,,,,,,1.60362118,33.67122335,,,,
2025/8/13 16:30,,,,,,,,,2.014140135,35.1756095,,
2025/8/13 16:30,,,,,,,,,,,1.575015071,33.66806531
2025/8/13 16:30,2.04585,35.25068223,,,,,,,,,,
2025/8/13 16:30,,,1.61388825,33.72948094,,,,,,,,
2025/8/13 16:30,,,,,2.047479942,35.20931868,,,,,,
2025/8/13 16:30,,,,,,,1.616022504,33.70002587,,,,
2025/8/13 16:30,,,,,,,,,2.026867675,35.2066307,,
2025/8/13 16:30,,,,,,,,,,,1.587597309,33.69689262
2025/8/13 16:30,2.17831875,35.27280153,,,,,,,,,,
2025/8/13 16:30,,,1.627631937,33.75840875,,,,,,,,
2025/8/13 16:30,,,,,2.180015379,35.22608524,,,,,,
2025/8/13 16:30,,,,,,,1.629768208,33.72869351,,,,
2025/8/13 16:30,,,,,,,,,2.158446188,35.22333464,,
2025/8/13 16:30,,,,,,,,,,,1.601290319,33.72556428
2025/8/13 16:30,1.416825,35.31158743,,,,,,,,,,
2025/8/13 16:30,,,1.635005125,33.7876959,,,,,,,,
2025/8/13 16:30,,,,,1.420449686,35.23785469,,,,,,
2025/8/13 16:30,,,,,,,1.637158982,33.7574961,,,,
2025/8/13 16:30,,,,,,,,,1.373309176,35.23296184,,
2025/8/13 16:30,,,,,,,,,,,1.608420199,33.75435446
2025/8/13 16:30,1.10221875,35.32280728,,,,,,,,,,
2025/8/13 16:30,,,1.63923225,33.81709526,,,,,,,,
2025/8/13 16:30,,,,,1.106828876,35.2381905,,,,,,
2025/8/13 16:30,,,,,,,1.641422935,33.78616797,,,,
2025/8/13 16:30,,,,,,,,,1.046147097,35.23185088,,
2025/8/13 16:30,,,,,,,,,,,1.612185406,33.7829885
2025/8/13 16:30,1.10221875,35.32280728,,,,,,,,,,
2025/8/13 16:30,,,1.646367438,33.84644666,,,,,,,,
2025/8/13 16:30,,,,,1.102703508,35.31543204,,,,,,
2025/8/13 16:30,,,,,,,1.648544767,33.81566992,,,,
2025/8/13 16:30,,,,,,,,,1.096500344,35.31335854,,
2025/8/13 16:30,,,,,,,,,,,1.619446349,33.81250699
2025/8/13 16:30,0.9672,35.32676215,,,,,,,,,,
2025/8/13 16:30,,,1.652152438,33.8758376,,,,,,,,
2025/8/13 16:30,,,,,0.968003732,35.31472233,,,,,,
2025/8/13 16:30,,,,,,,1.654327318,33.84506388,,,,
2025/8/13 16:30,,,,,,,,,0.958228539,35.31234304,,
2025/8/13 16:30,,,,,,,,,,,1.625247487,33.84190586
2025/8/13 16:30,0.787,35.33123591,,,,,,,,,,
2025/8/13 16:30,,,1.648827438,33.90364242,,,,,,,,
2025/8/13 16:30,,,,,0.788251273,35.31304326,,,,,,
2025/8/13 16:30,,,,,,,1.650987081,33.87314459,,,,
2025/8/13 16:30,,,,,,,,,0.773188952,35.31009845,,
2025/8/13 16:30,,,,,,,,,,,1.622079869,33.87000109
2025/8/13 16:30,1.4954,35.46848994,,,,,,,,,,
2025/8/13 16:30,,,1.652586438,33.93281977,,,,,,,,
2025/8/13 16:30,,,,,1.497745912,35.42107301,,,,,,
2025/8/13 16:30,,,,,,,1.654753197,33.90210391,,,,
2025/8/13 16:30,,,,,,,,,1.467921854,35.41747798,,
2025/8/13 16:30,,,,,,,,,,,1.625733629,33.89895614
2025/8/13 16:30,1.315,35.47563636,,,,,,,,,,
2025/8/13 16:30,,,1.659123625,33.96194327,,,,,,,,
2025/8/13 16:30,,,,,1.317815233,35.42195264,,,,,,
2025/8/13 16:30,,,,,,,1.6612885,33.93111568,,,,
2025/8/13 16:30,,,,,,,,,1.282223747,35.4177923,,
2025/8/13 16:30,,,,,,,,,,,1.632261313,33.92797657
2025/8/13 16:30,0.81786875,35.49057749,,,,,,,,,,
2025/8/13 16:30,,,1.6606895,33.99121619,,,,,,,,
2025/8/13 16:30,,,,,0.822160994,35.41989438,,,,,,
2025/8/13 16:30,,,,,,,1.66287383,33.96000627,,,,
2025/8/13 16:30,,,,,,,,,0.765730642,35.41337632,,
2025/8/13 16:30,,,,,,,,,,,1.633550596,33.9568439
2025/8/13 16:30,0.41,35.49763232,,,,,,,,,,
2025/8/13 16:30,,,1.660682438,34.02051841,,,,,,,,
2025/8/13 16:30,,,,,0.415655042,35.41309913,,,,,,
2025/8/13 16:30,,,,,,,1.662891749,33.98887878,,,,
2025/8/13 16:30,,,,,,,,,0.340365569,35.40428721,,
2025/8/13 16:30,,,,,,,,,,,1.633180741,33.98568211
2025/8/13 16:30,0.41,35.49763232,,,,,,,,,,
2025/8/13 16:30,,,1.660675375,34.04982063,,,,,,,,
2025/8/13 16:30,,,,,0.408981606,35.51062542,,,,,,
2025/8/13 16:30,,,,,,,1.662859784,34.01849126,,,,
2025/8/13 16:30,,,,,,,,,0.421474046,35.51341125,,
2025/8/13 16:30,,,,,,,,,,,1.633444907,34.0153557
2025/8/13 16:30,0.0466,35.49996941,,,,,,,,,,
2025/8/13 16:30,,,1.639588563,34.07983422,,,,,,,,
2025/8/13 16:30,,,,,0.046515486,35.50084929,,,,,,
2025/8/13 16:30,,,,,,,1.641789305,34.04807172,,,,
2025/8/13 16:30,,,,,,,,,0.047708524,35.50281327,,
2025/8/13 16:30,,,,,,,,,,,1.612197197,34.04493027
2025/8/13 16:30,0.0466,35.49996941,,,,,,,,,,
2025/8/13 16:30,,,1.61850175,34.10984781,,,,,,,,
2025/8/13 16:30,,,,,0.044332694,35.52765648,,,,,,
2025/8/13 16:30,,,,,,,1.620700535,34.07781954,,,,
2025/8/13 16:30,,,,,,,,,0.072313237,35.53225888,,
2025/8/13 16:30,,,,,,,,,,,1.591155772,34.07469554
2025/8/13 16:30,-0.27203125,35.49895772,,,,,,,,,,
2025/8/13 16:30,,,1.596707375,34.13969639,,,,,,,,
2025/8/13 16:30,,,,,-0.273610047,35.5161992,,,,,,
2025/8/13 16:30,,,,,,,1.59891007,34.10739369,,,,
2025/8/13 16:30,,,,,,,,,-0.254127622,35.52009209,,
2025/8/13 16:30,,,,,,,,,,,1.569336319,34.10427873
2025/8/13 16:30,-0.27203125,35.49895772,,,,,,,,,,
2025/8/13 16:30,,,1.574913,34.16954496,,,,,,,,
2025/8/13 16:30,,,,,-0.274983926,35.53301836,,,,,,
2025/8/13 16:30,,,,,,,1.577108553,34.13706896,,,,
2025/8/13 16:30,,,,,,,,,-0.238988022,35.53871914,,
2025/8/13 16:30,,,,,,,,,,,1.54764584,34.13397992
2025/8/13 16:30,0.35044375,35.63827702,,,,,,,,,,
2025/8/13 16:30,,,1.561412438,34.20067196,,,,,,,,
2025/8/13 16:30,,,,,0.349801498,35.64612277,,,,,,
2025/8/13 16:30,,,,,,,1.563622723,34.16784017,,,,
2025/8/13 16:30,,,,,,,,,0.357728918,35.648468,,
2025/8/13 16:30,,,,,,,,,,,1.534002762,34.1647427
2025/8/13 16:30,0.35044375,35.63827702,,,,,,,,,,
2025/8/13 16:30,,,1.547911875,34.23179895,,,,,,,,
2025/8/13 16:30,,,,,0.348574894,35.66282234,,,,,,
2025/8/13 16:30,,,,,,,1.550133217,34.19857557,,,,
2025/8/13 16:30,,,,,,,,,0.370988703,35.66661349,,
2025/8/13 16:30,,,,,,,,,,,1.520398033,34.19547752
2025/8/13 16:30,-0.19720625,35.6394544,,,,,,,,,,
2025/8/13 16:30,,,1.519947813,34.26132529,,,,,,,,
2025/8/13 16:30,,,,,-0.197825781,35.6459564,,,,,,
2025/8/13 16:30,,,,,,,1.522170522,34.22792381,,,,
2025/8/13 16:30,,,,,,,,,-0.189286762,35.64858822,,
2025/8/13 16:30,,,,,,,,,,,1.492434558,34.22483255
2025/8/13 16:30,0.33829375,35.75839982,,,,,,,,,,
2025/8/13 16:30,,,1.49982575,34.29185283,,,,,,,,
2025/8/13 16:30,,,,,0.339299123,35.74580831,,,,,,
2025/8/13 16:30,,,,,,,1.502064079,34.25817883,,,,
2025/8/13 16:30,,,,,,,,,0.326900252,35.74295228,,
2025/8/13 16:30,,,,,,,,,,,1.472141022,34.25503961
2025/8/13 16:30,-0.02780625,35.75998919,,,,,,,,,,
2025/8/13 16:30,,,1.4731705,34.3219131,,,,,,,,
2025/8/13 16:30,,,,,-0.025743344,35.73525295,,,,,,
2025/8/13 16:30,,,,,,,1.475430228,34.28796952,,,,
2025/8/13 16:30,,,,,,,,,-0.05157628,35.73089093,,
2025/8/13 16:30,,,,,,,,,,,1.445232326,34.28476936
2025/8/13 16:30,0.46465,35.8669904,,,,,,,,,,
2025/8/13 16:30,,,1.453931312,34.35285227,,,,,,,,
2025/8/13 16:30,,,,,0.467801395,35.82177372,,,,,,
2025/8/13 16:30,,,,,,,1.45622086,34.31849895,,,,
2025/8/13 16:30,,,,,,,,,0.428038269,35.8164319,,
2025/8/13 16:30,,,,,,,,,,,1.425650722,34.31526317
2025/8/13 16:30,0.32715625,35.86850804,,,,,,,,,,
2025/8/13 16:30,,,1.433317187,34.38380662,,,,,,,,
2025/8/13 16:30,,,,,0.33072388,35.81869227,,,,,,
2025/8/13 16:30,,,,,,,1.435650586,34.3487275,,,,
2025/8/13 16:30,,,,,,,,,0.284924577,35.81257833,,
2025/8/13 16:30,,,,,,,,,,,1.404528805,34.34541004
2025/8/13 16:30,0.18955,35.86949917,,,,,,,,,,
2025/8/13 16:30,,,1.40886025,34.41435806,,,,,,,,
2025/8/13 16:30,,,,,0.193562774,35.81519029,,,,,,
2025/8/13 16:30,,,,,,,1.411237651,34.378614,,,,
2025/8/13 16:30,,,,,,,,,0.142032914,35.8083425,,
2025/8/13 16:30,,,,,,,,,,,1.379554382,34.37521037
2025/8/13 16:30,0.86351875,36.00964781,,,,,,,,,,
2025/8/13 16:30,,,1.391143,34.44631099,,,,,,,,
2025/8/13 16:30,,,,,0.868305091,35.927504,,,,,,
2025/8/13 16:30,,,,,,,1.393578708,34.40938834,,,,
2025/8/13 16:30,,,,,,,,,0.804621571,35.92061697,,
2025/8/13 16:30,,,,,,,,,,,1.361138104,34.40589445
2025/8/13 16:30,0.58796875,36.01520086,,,,,,,,,,
2025/8/13 16:30,,,1.36902325,34.47805442,,,,,,,,
2025/8/13 16:30,,,,,0.593691501,35.92383205,,,,,,
2025/8/13 16:30,,,,,,,1.371523691,34.43993087,,,,
2025/8/13 16:30,,,,,,,,,0.516290986,35.91517977,,
2025/8/13 16:30,,,,,,,,,,,1.338226441,34.43633124
2025/8/13 16:30,0.58796875,36.01520086,,,,,,,,,,
2025/8/13 16:30,,,1.3469035,34.50979786,,,,,,,,
2025/8/13 16:30,,,,,0.591955332,35.95409777,,,,,,
2025/8/13 16:30,,,,,,,1.34945524,34.47060799,,,,
2025/8/13 16:30,,,,,,,,,0.539748273,35.94777186,,
2025/8/13 16:30,,,,,,,,,,,1.315502788,34.46692413
2025/8/13 16:30,0.49601875,36.01658459,,,,,,,,,,
2025/8/13 16:30,,,1.32386425,34.54155513,,,,,,,,
2025/8/13 16:30,,,,,0.500294108,35.95241097,,,,,,
2025/8/13 16:30,,,,,,,1.326474663,34.50106615,,,,
2025/8/13 16:30,,,,,,,,,0.444634909,35.94562284,,
2025/8/13 16:30,,,,,,,,,,,1.291783483,34.49729197
2025/8/13 16:30,0.94689375,36.10758635,,,,,,,,,,
2025/8/13 16:30,,,1.30782975,34.57401916,,,,,,,,
2025/8/13 16:30,,,,,0.951571038,36.02497963,,,,,,
2025/8/13 16:30,,,,,,,1.31050359,34.532145,,,,
2025/8/13 16:30,,,,,,,,,0.888715247,36.01828608,,
2025/8/13 16:30,,,,,,,,,,,1.274997691,34.52827966
2025/8/13 16:30,0.808875,36.11094185,,,,,,,,,,
2025/8/13 16:30,,,1.290415062,34.60651675,,,,,,,,
2025/8/13 16:30,,,,,0.814007307,36.0237017,,,,,,
2025/8/13 16:30,,,,,,,1.293159539,34.56310975,,,,
2025/8/13 16:30,,,,,,,,,0.745025581,36.0162997,,
2025/8/13 16:30,,,,,,,,,,,1.25674518,34.55914588
2025/8/13 16:30,1.66898125,36.27162254,,,,,,,,,,
2025/8/13 16:30,,,1.274579375,34.63953344,,,,,,,,
2025/8/13 16:30,,,,,1.674043802,36.14983514,,,,,,
2025/8/13 16:30,,,,,,,1.277380264,34.594546,,,,
2025/8/13 16:30,,,,,,,,,1.603721526,36.14386835,,
2025/8/13 16:30,,,,,,,,,,,1.240197899,34.59050412
2025/8/13 16:30,2.12348125,36.34802508,,,,,,,,,,
2025/8/13 16:30,,,1.263288687,34.67331416,,,,,,,,
2025/8/13 16:30,,,,,2.128065218,36.20826582,,,,,,
2025/8/13 16:30,,,,,,,1.2661436,34.62639827,,,,
2025/8/13 16:30,,,,,,,,,2.062580156,36.20344493,,
2025/8/13 16:30,,,,,,,,,,,1.228211343,34.62228992
2025/8/13 16:30,2.260075,36.36984549,,,,,,,,,,
2025/8/13 16:30,,,1.255864437,34.70707597,,,,,,,,
2025/8/13 16:30,,,,,2.264483754,36.22481685,,,,,,
2025/8/13 16:30,,,,,,,1.258772479,34.65827782,,,,
2025/8/13 16:30,,,,,,,,,2.201776102,36.22037848,,
2025/8/13 16:30,,,,,,,,,,,1.220110224,34.65410637
2025/8/13 16:30,1.66069375,36.40213862,,,,,,,,,,
2025/8/13 16:30,,,1.242446375,34.74116071,,,,,,,,
2025/8/13 16:30,,,,,1.667339104,36.23633206,,,,,,
2025/8/13 16:30,,,,,,,1.245433062,34.69010447,,,,
2025/8/13 16:30,,,,,,,,,1.570398924,36.22883767,,
2025/8/13 16:30,,,,,,,,,,,1.20566295,34.68583692
2025/8/13 16:30,1.337075,36.41546142,,,,,,,,,,
2025/8/13 16:30,,,1.225792125,34.77537868,,,,,,,,
2025/8/13 16:30,,,,,1.345039747,36.2385791,,,,,,
2025/8/13 16:30,,,,,,,1.22887369,34.72178526,,,,
2025/8/13 16:30,,,,,,,,,1.227750916,36.22876967,,
2025/8/13 16:30,,,,,,,,,,,1.187755773,34.71739818
2025/8/13 16:30,1.519375,36.44834564,,,,,,,,,,
2025/8/13 16:30,,,1.213048062,34.80974221,,,,,,,,
2025/8/13 16:30,,,,,1.527044893,36.26418505,,,,,,
2025/8/13 16:30,,,,,,,1.216222893,34.75362011,,,,
2025/8/13 16:30,,,,,,,,,1.412362867,36.25520829,,
2025/8/13 16:30,,,,,,,,,,,1.173762536,34.74912045
2025/8/13 16:30,1.334175,36.45559459,,,,,,,,,,
2025/8/13 16:30,,,1.191393812,34.84314218,,,,,,,,
2025/8/13 16:30,,,,,1.342642908,36.26512966,,,,,,
2025/8/13 16:30,,,,,,,1.194657449,34.78472367,,,,
2025/8/13 16:30,,,,,,,,,1.215021951,36.25469713,,
2025/8/13 16:30,,,,,,,,,,,1.150873835,34.78010252
2025/8/13 16:30,1.056,36.46471259,,,,,,,,,,
2025/8/13 16:30,,,1.166957812,34.87663333,,,,,,,,
2025/8/13 16:30,,,,,1.065683816,36.26481578,,,,,,
2025/8/13 16:30,,,,,,,1.170323382,34.81572375,,,,
2025/8/13 16:30,,,,,,,,,0.918517977,36.25198943,,
2025/8/13 16:30,,,,,,,,,,,1.12501046,34.81095666
2025/8/13 16:30,1.512625,36.54871223,,,,,,,,,,
2025/8/13 16:30,,,1.149178375,34.91075024,,,,,,,,
2025/8/13 16:30,,,,,1.521476689,36.33066299,,,,,,
2025/8/13 16:30,,,,,,,1.152638563,34.84725141,,,,
2025/8/13 16:30,,,,,,,,,1.384828013,36.32029868,,
2025/8/13 16:30,,,,,,,,,,,1.105891565,34.84236278
2025/8/13 16:30,1.4198,36.55243587,,,,,,,,,,
2025/8/13 16:30,,,1.125048875,34.94417899,,,,,,,,
2025/8/13 16:30,,,,,1.429053395,36.331189,,,,,,
2025/8/13 16:30,,,,,,,1.128602293,34.87828193,,,,
2025/8/13 16:30,,,,,,,,,1.28503359,36.32002781,,
2025/8/13 16:30,,,,,,,,,,,1.0804088,34.87326491
2025/8/13 16:30,1.6028,36.58490716,,,,,,,,,,
2025/8/13 16:30,,,1.097306437,34.97729468,,,,,,,,
2025/8/13 16:30,,,,,1.611671361,36.35647052,,,,,,
2025/8/13 16:30,,,,,,,1.10094858,34.90911428,,,,
2025/8/13 16:30,,,,,,,,,1.473975257,36.34635862,,
2025/8/13 16:30,,,,,,,,,,,1.051375561,34.90401312
2025/8/13 16:30,1.324025,36.59605659,,,,,,,,,,
2025/8/13 16:30,,,1.06677625,35.01052185,,,,,,,,
2025/8/13 16:30,,,,,1.334198883,36.35810733,,,,,,
2025/8/13 16:30,,,,,,,1.070517426,34.93962576,,,,
2025/8/13 16:30,,,,,,,,,1.172539638,36.34531659,,
2025/8/13 16:30,,,,,,,,,,,1.019357813,34.93437941
2025/8/13 16:30,1.46140625,36.62085187,,,,,,,,,,
2025/8/13 16:30,,,1.040132375,35.04367611,,,,,,,,
2025/8/13 16:30,,,,,1.471273029,36.37749057,,,,,,
2025/8/13 16:30,,,,,,,1.043971573,34.97011203,,,,
2025/8/13 16:30,,,,,,,,,1.31523859,36.36569794,,
2025/8/13 16:30,,,,,,,,,,,0.991258043,34.96473188
2025/8/13 16:30,1.18218125,36.63092884,,,,,,,,,,
2025/8/13 16:30,,,1.01405325,35.07653243,,,,,,,,
2025/8/13 16:30,,,,,1.193250703,36.37796097,,,,,,
2025/8/13 16:30,,,,,,,1.018003626,35.00033999,,,,
2025/8/13 16:30,,,,,,,,,1.013035524,36.36339913,,
2025/8/13 16:30,,,,,,,,,,,0.963479732,34.99479838
2025/8/13 16:30,1.319675,36.65625264,,,,,,,,,,
2025/8/13 16:30,,,0.989349062,35.10964199,,,,,,,,
2025/8/13 16:30,,,,,1.330499248,36.39791545,,,,,,
2025/8/13 16:30,,,,,,,0.993409582,35.03043133,,,,
2025/8/13 16:30,,,,,,,,,1.155254764,36.38425285,,
2025/8/13 16:30,,,,,,,,,,,0.937108853,35.02473638
2025/8/13 16:30,1.08664375,36.66390057,,,,,,,,,,
2025/8/13 16:30,,,0.9924585,35.14077066,,,,,,,,
2025/8/13 16:30,,,,,1.098348376,36.39750442,,,,,,
2025/8/13 16:30,,,,,,,0.99659301,35.05957125,,,,
2025/8/13 16:30,,,,,,,,,0.901739204,36.38130721,,
2025/8/13 16:30,,,,,,,,,,,0.938856717,35.05377812
2025/8/13 16:30,1.22425,36.68958043,,,,,,,,,,
2025/8/13 16:30,,,0.99442475,35.17162355,,,,,,,,
2025/8/13 16:30,,,,,1.235705652,36.41778847,,,,,,
2025/8/13 16:30,,,,,,,0.998628254,35.08849183,,,,
2025/8/13 16:30,,,,,,,,,1.043736518,36.40259558,,
2025/8/13 16:30,,,,,,,,,,,0.939539503,35.08261048
2025/8/13 16:30,0.9442,36.69785534,,,,,,,,,,
2025/8/13 16:30,,,0.999178062,35.2024348,,,,,,,,
2025/8/13 16:30,,,,,0.956316926,36.41631267,,,,,,
2025/8/13 16:30,,,,,,,1.003436975,35.11747336,,,,
2025/8/13 16:30,,,,,,,,,0.738450357,36.3979406,,
2025/8/13 16:30,,,,,,,,,,,0.943016945,35.11150817
2025/8/13 16:30,1.21975,36.7497634,,,,,,,,,,
2025/8/13 16:30,,,1.010567562,35.23373341,,,,,,,,
2025/8/13 16:30,,,,,1.231630689,36.45750079,,,,,,
2025/8/13 16:30,,,,,,,1.014864317,35.14697215,,,,
2025/8/13 16:30,,,,,,,,,1.025096651,36.44139778,,
2025/8/13 16:30,,,,,,,,,,,0.953444691,35.14097834
2025/8/13 16:30,1.1263,36.75274613,,,,,,,,,,
2025/8/13 16:30,,,1.01386025,35.26345488,,,,,,,,
2025/8/13 16:30,,,,,1.138344492,36.45720384,,,,,,
2025/8/13 16:30,,,,,,,1.018195092,35.17517904,,,,
2025/8/13 16:30,,,,,,,,,0.923019288,36.44000124,,
2025/8/13 16:30,,,,,,,,,,,0.955744513,35.16912876
2025/8/13 16:30,1.1263,36.75274613,,,,,,,,,,
2025/8/13 16:30,,,1.021476687,35.29310202,,,,,,,,
2025/8/13 16:30,,,,,1.12743264,36.73377922,,,,,,
2025/8/13 16:30,,,,,,,1.02572295,35.20623204,,,,
2025/8/13 16:30,,,,,,,,,1.112719146,36.73100939,,
2025/8/13 16:30,,,,,,,,,,,0.964525005,35.20030979
2025/8/13 16:30,1.26424375,36.77827739,,,,,,,,,,
2025/8/13 16:30,,,1.032639125,35.32298803,,,,,,,,
2025/8/13 16:30,,,,,1.265606188,36.75384257,,,,,,
2025/8/13 16:30,,,,,,,1.036790461,35.23754599,,,,
2025/8/13 16:30,,,,,,,,,1.247974147,36.7509141,,
2025/8/13 16:30,,,,,,,,,,,0.976984404,35.23177658
2025/8/13 16:30,1.0304,36.78557157,,,,,,,,,,
2025/8/13 16:30,,,1.043198625,35.35294385,,,,,,,,
2025/8/13 16:30,,,,,1.032306277,36.75328394,,,,,,
2025/8/13 16:30,,,,,,,1.047254857,35.26891307,,,,
2025/8/13 16:30,,,,,,,,,1.008160006,36.74983604,,
2025/8/13 16:30,,,,,,,,,,,0.988902142,35.26331197
2025/8/13 16:30,1.0304,36.78557157,,,,,,,,,,
2025/8/13 16:30,,,1.053758125,35.38289966,,,,,,,,
2025/8/13 16:30,,,,,1.02947179,36.80041882,,,,,,
2025/8/13 16:30,,,,,,,1.05774628,35.29976826,,,,
2025/8/13 16:30,,,,,,,,,1.040917255,36.80285303,,
2025/8/13 16:30,,,,,,,,,,,1.000239416,35.29429041
2025/8/13 16:30,1.306625,36.83683389,,,,,,,,,,
2025/8/13 16:30,,,1.070121812,35.41338409,,,,,,,,
2025/8/13 16:30,,,,,1.306386134,36.84075948,,,,,,
2025/8/13 16:30,,,,,,,1.074036876,35.33114744,,,,
2025/8/13 16:30,,,,,,,,,1.310106909,36.84267435,,
2025/8/13 16:30,,,,,,,,,,,1.017469233,35.32581414
2025/8/13 16:30,1.07246875,36.84439456,,,,,,,,,,
2025/8/13 16:30,,,1.074821437,35.44178141,,,,,,,,
2025/8/13 16:30,,,,,1.07250971,36.8438031,,,,,,
2025/8/13 16:30,,,,,,,1.078658543,35.36080939,,,,
2025/8/13 16:30,,,,,,,,,1.071171484,36.84200629,,
2025/8/13 16:30,,,,,,,,,,,1.023130292,35.35557349
2025/8/13 16:30,1.07246875,36.84439456,,,,,,,,,,
2025/8/13 16:30,,,1.080826625,35.4701581,,,,,,,,
2025/8/13 16:30,,,,,1.071095228,36.86733209,,,,,,
2025/8/13 16:30,,,,,,,1.084566244,35.39073193,,,,
2025/8/13 16:30,,,,,,,,,1.088630554,36.87028432,,
2025/8/13 16:30,,,,,,,,,,,1.0303411,35.38565177
2025/8/13 16:30,1.34914375,36.89534132,,,,,,,,,,
2025/8/13 16:30,,,1.089598562,35.49904426,,,,,,,,
2025/8/13 16:30,,,,,1.348460525,36.90745236,,,,,,
2025/8/13 16:30,,,,,,,1.093280534,35.42048274,,,,
2025/8/13 16:30,,,,,,,,,1.356880167,36.90959019,,
2025/8/13 16:30,,,,,,,,,,,1.039782367,35.41550284
2025/8/13 16:30,1.06774375,36.90455694,,,,,,,,,,
2025/8/13 16:30,,,1.096863187,35.52800695,,,,,,,,
2025/8/13 16:30,,,,,1.067561357,36.90727743,,,,,,
2025/8/13 16:30,,,,,,,1.100487766,35.45026159,,,,
2025/8/13 16:30,,,,,,,,,1.070807083,36.90917305,,
2025/8/13 16:30,,,,,,,,,,,1.047728715,35.44538866
2025/8/13 16:30,1.06774375,36.90455694,,,,,,,,,,
2025/8/13 16:30,,,1.097309812,35.55550572,,,,,,,,
2025/8/13 16:30,,,,,1.066007822,36.93410068,,,,,,
2025/8/13 16:30,,,,,,,1.10085693,35.47914157,,,,
2025/8/13 16:30,,,,,,,,,1.088720768,36.93748886,,
2025/8/13 16:30,,,,,,,,,,,1.049115536,35.47438404
2025/8/13 16:30,1.20625,36.93030545,,,,,,,,,,
2025/8/13 16:30,,,1.1026315,35.58317527,,,,,,,,
2025/8/13 16:30,,,,,1.204881228,36.95441438,,,,,,
2025/8/13 16:30,,,,,,,1.106091584,35.50826194,,,,
2025/8/13 16:30,,,,,,,,,1.221790579,36.95726312,,
2025/8/13 16:30,,,,,,,,,,,1.055493321,35.50363784
2025/8/13 16:30,1.20625,36.93030545,,,,,,,,,,
2025/8/13 16:30,,,1.10496025,35.6102167,,,,,,,,
2025/8/13 16:30,,,,,1.203858029,36.97460448,,,,,,
2025/8/13 16:30,,,,,,,1.10832358,35.53708589,,,,
2025/8/13 16:30,,,,,,,,,1.234469243,36.97835089,,
2025/8/13 16:30,,,,,,,,,,,1.059022235,35.5325974
2025/8/13 16:30,1.4836,36.98025191,,,,,,,,,,
2025/8/13 16:30,,,1.111373312,35.63772284,,,,,,,,
2025/8/13 16:30,,,,,1.48193499,37.01365161,,,,,,
2025/8/13 16:30,,,,,,,1.114641897,35.56631207,,,,
2025/8/13 16:30,,,,,,,,,1.502739452,37.01663403,,
2025/8/13 16:30,,,,,,,,,,,1.066619504,35.5619621
2025/8/13 16:30,1.4836,36.98025191,,,,,,,,,,
2025/8/13 16:30,,,1.115216125,35.66470157,,,,,,,,
2025/8/13 16:30,,,,,1.479460552,37.07073759,,,,,,
2025/8/13 16:30,,,,,,,1.11836647,35.59569203,,,,
2025/8/13 16:30,,,,,,,,,1.534283703,37.0757993,,
2025/8/13 16:30,,,,,,,,,,,1.07195156,35.59149249
2025/8/13 16:30,1.57615,36.99644106,,,,,,,,,,
2025/8/13 16:30,,,1.119984437,35.69184219,,,,,,,,
2025/8/13 16:30,,,,,1.572319602,37.08339514,,,,,,
2025/8/13 16:30,,,,,,,1.12306803,35.62418747,,,,
2025/8/13 16:30,,,,,,,,,1.623247655,37.08805334,,
2025/8/13 16:30,,,,,,,,,,,1.077505796,35.62007852
2025/8/13 16:30,1.8541,37.04362851,,,,,,,,,,
2025/8/13 16:30,,,1.130595187,35.71937017,,,,,,,,
2025/8/13 16:30,,,,,1.851082782,37.11975778,,,,,,
2025/8/13 16:30,,,,,,,1.133611003,35.65307068,,,,
2025/8/13 16:30,,,,,,,,,1.890825126,37.1235608,,
2025/8/13 16:30,,,,,,,,,,,1.088909775,35.64905698
2025/8/13 16:30,1.8541,37.04362851,,,,,,,,,,
2025/8/13 16:30,,,1.141205937,35.74689814,,,,,,,,
2025/8/13 16:30,,,,,1.850850911,37.12653667,,,,,,
2025/8/13 16:30,,,,,,,1.144167501,35.68175248,,,,
2025/8/13 16:30,,,,,,,,,1.893481567,37.13044474,,
2025/8/13 16:30,,,,,,,,,,,1.100154739,35.67781759
2025/8/13 16:30,1.1015,37.0736402,,,,,,,,,,
2025/8/13 16:30,,,1.145166937,35.77470708,,,,,,,,
2025/8/13 16:30,,,,,1.098345809,37.1313075,,,,,,
2025/8/13 16:30,,,,,,,1.148072656,35.71049307,,,,
2025/8/13 16:30,,,,,,,,,1.138943901,37.13589374,,
2025/8/13 16:30,,,,,,,,,,,1.104761513,35.70664756
2025/8/13 16:30,1.1015,37.0736402,,,,,,,,,,
2025/8/13 16:30,,,1.149127937,35.80251603,,,,,,,,
2025/8/13 16:30,,,,,1.097853144,37.14141757,,,,,,
2025/8/13 16:30,,,,,,,1.152003425,35.73889793,,,,
2025/8/13 16:30,,,,,,,,,1.145904682,37.14651241,,
2025/8/13 16:30,,,,,,,,,,,1.109095074,35.73507925
2025/8/13 16:30,0.91285,37.07876488,,,,,,,,,,
2025/8/13 16:30,,,1.15251775,35.83035169,,,,,,,,
2025/8/13 16:30,,,,,0.909286083,37.14027817,,,,,,
2025/8/13 16:30,,,,,,,1.155360587,35.76731246,,,,
2025/8/13 16:30,,,,,,,,,0.955271283,37.14548004,,
2025/8/13 16:30,,,,,,,,,,,1.112865973,35.7635251
2025/8/13 16:30,0.91285,37.07876488,,,,,,,,,,
2025/8/13 16:30,,,1.155907562,35.85818734,,,,,,,,
2025/8/13 16:30,,,,,0.908767621,37.15040122,,,,,,
2025/8/13 16:30,,,,,,,1.158722448,35.79569368,,,,
2025/8/13 16:30,,,,,,,,,0.962499891,37.15620857,,
2025/8/13 16:30,,,,,,,,,,,1.116614491,35.79193356
2025/8/13 16:30,0.77123125,37.08198083,,,,,,,,,,
2025/8/13 16:30,,,1.152727187,35.88497955,,,,,,,,
2025/8/13 16:30,,,,,0.767199473,37.14888363,,,,,,
2025/8/13 16:30,,,,,,,1.15550049,35.82317261,,,,
2025/8/13 16:30,,,,,,,,,0.819511839,37.15479726,,
2025/8/13 16:30,,,,,,,,,,,1.113941686,35.81949009
2025/8/13 16:30,0.77123125,37.08198083,,,,,,,,,,
2025/8/13 16:30,,,1.144374812,35.91077315,,,,,,,,
2025/8/13 16:30,,,,,0.766491168,37.16241044,,,,,,
2025/8/13 16:30,,,,,,,1.147088642,35.85000667,,,,
2025/8/13 16:30,,,,,,,,,0.828919367,37.16899349,,
2025/8/13 16:30,,,,,,,,,,,1.106292646,35.84641521
2025/8/13 16:30,0.6295,37.08465761,,,,,,,,,,
2025/8/13 16:30,,,1.129848312,35.93574588,,,,,,,,
2025/8/13 16:30,,,,,0.624810368,37.16045859,,,,,,
2025/8/13 16:30,,,,,,,1.132498362,35.87617069,,,,
2025/8/13 16:30,,,,,,,,,0.68618361,37.16724658,,
2025/8/13 16:30,,,,,,,,,,,1.092519612,35.87267436
2025/8/13 16:30,0.6295,37.08465761,,,,,,,,,,
2025/8/13 16:30,,,1.114021875,35.96049871,,,,,,,,
2025/8/13 16:30,,,,,0.624425979,37.16713382,,,,,,
2025/8/13 16:30,,,,,,,1.116603704,35.90223519,,,,
2025/8/13 16:30,,,,,,,,,0.691178501,37.17439324,,
2025/8/13 16:30,,,,,,,,,,,1.077510726,35.89883847
2025/8/13 16:30,0.39303125,37.08791753,,,,,,,,,,
2025/8/13 16:30,,,1.09583075,35.98528414,,,,,,,,
2025/8/13 16:30,,,,,0.388053141,37.16268701,,,,,,
2025/8/13 16:30,,,,,,,1.098359367,35.92785226,,,,
2025/8/13 16:30,,,,,,,,,0.453342476,37.17032118,,
2025/8/13 16:30,,,,,,,,,,,1.059952721,35.92455018
2025/8/13 16:30,0.39303125,37.08791753,,,,,,,,,,
2025/8/13 16:30,,,1.083352313,36.00975172,,,,,,,,
2025/8/13 16:30,,,,,0.387856848,37.166071,,,,,,
2025/8/13 16:30,,,,,,,1.085814817,35.95339187,,,,
2025/8/13 16:30,,,,,,,,,0.456257597,37.17390278,,
2025/8/13 16:30,,,,,,,,,,,1.048260625,35.95019537
2025/8/13 16:30,0.15625,37.08967088,,,,,,,,,,
2025/8/13 16:30,,,1.071149813,36.03412171,,,,,,,,
2025/8/13 16:30,,,,,0.151240448,37.16027819,,,,,,
2025/8/13 16:30,,,,,,,1.073541534,35.97885226,,,,
2025/8/13 16:30,,,,,,,,,0.157277855,37.16269041,,
2025/8/13 16:30,,,,,,,,,,,1.036301558,35.97571523
2025/8/13 16:30,0.85309375,37.23022738,,,,,,,,,,
2025/8/13 16:30,,,1.06591575,36.05989727,,,,,,,,
2025/8/13 16:30,,,,,0.850487157,37.27309999,,,,,,
2025/8/13 16:30,,,,,,,1.068281406,36.00505654,,,,
2025/8/13 16:30,,,,,,,,,0.884069027,37.27737672,,
2025/8/13 16:30,,,,,,,,,,,1.031377124,36.00195963
2025/8/13 16:30,0.85309375,37.23022738,,,,,,,,,,
2025/8/13 16:30,,,1.062446688,36.08560722,,,,,,,,
2025/8/13 16:30,,,,,0.850112218,37.27977959,,,,,,
2025/8/13 16:30,,,,,,,1.064779637,36.03130563,,,,
2025/8/13 16:30,,,,,,,,,0.888407446,37.28450335,,
2025/8/13 16:30,,,,,,,,,,,1.028299258,36.02827628
2025/8/13 16:30,0.616,37.23490491,,,,,,,,,,
2025/8/13 16:30,,,1.056606688,36.11136394,,,,,,,,
2025/8/13 16:30,,,,,0.613260093,37.27681568,,,,,,
2025/8/13 16:30,,,,,,,1.058916024,36.05742345,,,,
2025/8/13 16:30,,,,,,,,,0.648744982,37.28143596,,
2025/8/13 16:30,,,,,,,,,,,1.022739607,36.0544204
2025/8/13 16:30,0.8023,37.27136588,,,,,,,,,,
2025/8/13 16:30,,,1.05483875,36.13741584,,,,,,,,
2025/8/13 16:30,,,,,0.800132458,37.30594618,,,,,,
2025/8/13 16:30,,,,,,,1.057126411,36.08382115,,,,
2025/8/13 16:30,,,,,,,,,0.827719309,37.30981931,,
2025/8/13 16:30,,,,,,,,,,,1.021231106,36.08086066
2025/8/13 16:30,0.8023,37.27136588,,,,,,,,,,
2025/8/13 16:30,,,1.055725813,36.16340292,,,,,,,,
2025/8/13 16:30,,,,,0.799742859,37.31257665,,,,,,
2025/8/13 16:30,,,,,,,1.057981909,36.11029989,,,,
2025/8/13 16:30,,,,,,,,,0.832415465,37.31690713,,
2025/8/13 16:30,,,,,,,,,,,1.022489861,36.1074063
2025/8/13 16:30,0.56489375,37.27571991,,,,,,,,,,
2025/8/13 16:30,,,1.04946275,36.18846411,,,,,,,,
2025/8/13 16:30,,,,,0.56262417,37.30925981,,,,,,
2025/8/13 16:30,,,,,,,1.051679561,36.13597745,,,,
2025/8/13 16:30,,,,,,,,,0.591273461,37.31341375,,
2025/8/13 16:30,,,,,,,,,,,1.016666322,36.13315715
2025/8/13 16:30,0.84471875,37.33044401,,,,,,,,,,
2025/8/13 16:30,,,1.047327125,36.21402955,,,,,,,,
2025/8/13 16:30,,,,,0.843277296,37.35299726,,,,,,
2025/8/13 16:30,,,,,,,1.049509549,36.16209657,,,,
2025/8/13 16:30,,,,,,,,,0.861812393,37.35614938,,
2025/8/13 16:30,,,,,,,,,,,1.014928495,36.15934389
2025/8/13 16:30,0.84471875,37.33044401,,,,,,,,,,
2025/8/13 16:30,,,1.040400313,36.23867278,,,,,,,,
2025/8/13 16:30,,,,,0.842691737,37.36309098,,,,,,
2025/8/13 16:30,,,,,,,1.042536633,36.18759424,,,,
2025/8/13 16:30,,,,,,,,,0.868621964,37.36679123,,
2025/8/13 16:30,,,,,,,,,,,1.008536666,36.1849172
2025/8/13 16:30,1.12499375,37.38307624,,,,,,,,,,
2025/8/13 16:30,,,1.038938,36.26373514,,,,,,,,
2025/8/13 16:30,,,,,1.123728496,37.40472453,,,,,,
2025/8/13 16:30,,,,,,,1.041028514,36.21349534,,,,
2025/8/13 16:30,,,,,,,,,1.139685311,37.40759269,,
2025/8/13 16:30,,,,,,,,,,,1.007602786,36.21089437
2025/8/13 16:30,1.12499375,37.38307624,,,,,,,,,,
2025/8/13 16:30,,,1.035292875,36.28838345,,,,,,,,
2025/8/13 16:30,,,,,1.123370306,37.41152104,,,,,,
2025/8/13 16:30,,,,,,,1.037332643,36.23914107,,,,
2025/8/13 16:30,,,,,,,,,1.144164394,37.41466042,,
2025/8/13 16:30,,,,,,,,,,,1.004559004,36.23661842
2025/8/13 16:30,0.696875,37.39350699,,,,,,,,,,
2025/8/13 16:30,,,1.029588125,36.31304837,,,,,,,,
2025/8/13 16:30,,,,,0.695880059,37.40793318,,,,,,
2025/8/13 16:30,,,,,,,1.031576746,36.26474173,,,,
2025/8/13 16:30,,,,,,,,,0.709226556,37.41076195,,
2025/8/13 16:30,,,,,,,,,,,0.999464695,36.26230314
2025/8/13 16:30,0.9776,37.44724153,,,,,,,,,,
2025/8/13 16:30,,,1.025379438,36.33800045,,,,,,,,
2025/8/13 16:30,,,,,0.977361555,37.45076969,,,,,,
2025/8/13 16:30,,,,,,,1.027324023,36.29057511,,,,
2025/8/13 16:30,,,,,,,,,0.981512952,37.45272644,,
2025/8/13 16:30,,,,,,,,,,,0.995789702,36.28821059
2025/8/13 16:30,0.9776,37.44724153,,,,,,,,,,
2025/8/13 16:30,,,1.02384075,36.36285591,,,,,,,,
2025/8/13 16:30,,,,,0.976945285,37.45741169,,,,,,
2025/8/13 16:30,,,,,,,1.025728403,36.31647204,,,,
2025/8/13 16:30,,,,,,,,,0.985748533,37.45973231,,
2025/8/13 16:30,,,,,,,,,,,0.994949005,36.31419926
2025/8/13 16:30,1.30568125,37.50728058,,,,,,,,,,
2025/8/13 16:30,,,1.023832875,36.38797249,,,,,,,,
2025/8/13 16:30,,,,,1.30568125,37.50728058,,,,,,
2025/8/13 16:30,,,,,,,1.025670165,36.34260221,,,,
2025/8/13 16:30,,,,,,,,,1.30538407,37.50637241,,
2025/8/13 16:30,,,,,,,,,,,0.99555469,36.34038485
2025/8/13 16:30,1.30568125,37.50728058,,,,,,,,,,
2025/8/13 16:30,,,1.020319,36.41243667,,,,,,,,
2025/8/13 16:30,,,,,1.305241911,37.5148251,,,,,,
2025/8/13 16:30,,,,,,,1.022102517,36.36830035,,,,
2025/8/13 16:30,,,,,,,,,1.310903189,37.516842,,
2025/8/13 16:30,,,,,,,,,,,0.992710797,36.36616147
2025/8/13 16:30,1.634375,37.56446217,,,,,,,,,,
2025/8/13 16:30,,,1.025445563,36.43726058,,,,,,,,
2025/8/13 16:30,,,,,1.634470733,37.56268773,,,,,,
2025/8/13 16:30,,,,,,,1.027160896,36.39445315,,,,
2025/8/13 16:30,,,,,,,,,1.632596791,37.5609781,,
2025/8/13 16:30,,,,,,,,,,,0.998707133,36.39238726
2025/8/13 16:30,1.634375,37.56446217,,,,,,,,,,
2025/8/13 16:30,,,1.030572125,36.46208448,,,,,,,,
2025/8/13 16:30,,,,,1.634282082,37.56618445,,,,,,
2025/8/13 16:30,,,,,,,1.032244187,36.4200687,,,,
2025/8/13 16:30,,,,,,,,,1.635745346,37.56790121,,
2025/8/13 16:30,,,,,,,,,,,1.004350949,36.41807875
2025/8/13 16:30,1.01419375,37.58631947,,,,,,,,,,
2025/8/13 16:30,,,1.026862125,36.48662064,,,,,,,,
2025/8/13 16:30,,,,,1.015145519,37.57092383,,,,,,
2025/8/13 16:30,,,,,,,1.02850038,36.44533461,,,,
2025/8/13 16:30,,,,,,,,,1.002672894,37.56833768,,
2025/8/13 16:30,,,,,,,,,,,1.001052199,36.44337482
2025/8/13 16:30,1.29641875,37.63767924,,,,,,,,,,
2025/8/13 16:30,,,1.025974375,36.5116704,,,,,,,,
2025/8/13 16:30,,,,,1.297835575,37.61139882,,,,,,
2025/8/13 16:30,,,,,,,1.027592535,36.47080383,,,,
2025/8/13 16:30,,,,,,,,,1.279045677,37.60845898,,
2025/8/13 16:30,,,,,,,,,,,1.000395026,36.46886141
2025/8/13 16:30,1.29641875,37.63767924,,,,,,,,,,
2025/8/13 16:30,,,1.022007063,36.53615429,,,,,,,,
2025/8/13 16:30,,,,,1.297323153,37.62143424,,,,,,
2025/8/13 16:30,,,,,,,1.023598922,36.49593347,,,,
2025/8/13 16:30,,,,,,,,,1.285889003,37.61896039,,
2025/8/13 16:30,,,,,,,,,,,0.99674947,36.49401203
2025/8/13 16:30,1.00946875,37.64646827,,,,,,,,,,
2025/8/13 16:30,,,1.01517025,36.56072607,,,,,,,,
2025/8/13 16:30,,,,,1.010995448,37.62086304,,,,,,
2025/8/13 16:30,,,,,,,1.016751548,36.52082268,,,,
2025/8/13 16:30,,,,,,,,,0.990795248,37.61771615,,
2025/8/13 16:30,,,,,,,,,,,0.990029649,36.5189066
2025/8/13 16:30,1.3393,37.70622197,,,,,,,,,,
2025/8/13 16:30,,,1.00810475,36.58528147,,,,,,,,
2025/8/13 16:30,,,,,1.341269728,37.66793912,,,,,,
2025/8/13 16:30,,,,,,,1.009678918,36.54571164,,,,
2025/8/13 16:30,,,,,,,,,1.315523192,37.66456402,,
2025/8/13 16:30,,,,,,,,,,,0.98304348,36.54379615
2025/8/13 16:30,0.956,37.71788653,,,,,,,,,,
2025/8/13 16:30,,,0.99720625,36.60995351,,,,,,,,
2025/8/13 16:30,,,,,0.958913487,37.66709125,,,,,,
2025/8/13 16:30,,,,,,,0.998793254,36.57028937,,,,
2025/8/13 16:30,,,,,,,,,0.919358335,37.66246035,,
2025/8/13 16:30,,,,,,,,,,,0.971968386,36.56835444
2025/8/13 16:30,1.28644375,37.77810295,,,,,,,,,,
2025/8/13 16:30,,,0.9882875,36.63500653,,,,,,,,
2025/8/13 16:30,,,,,1.289633723,37.7146374,,,,,,
2025/8/13 16:30,,,,,,,0.989889437,36.59517489,,,,
2025/8/13 16:30,,,,,,,,,1.246069149,37.70996513,,
2025/8/13 16:30,,,,,,,,,,,0.962844616,36.59322075
2025/8/13 16:30,1.28644375,37.77810295,,,,,,,,,,
2025/8/13 16:30,,,0.986983688,36.65967168,,,,,,,,
2025/8/13 16:30,,,,,1.28787357,37.7514797,,,,,,
2025/8/13 16:30,,,,,,,0.988563676,36.62031114,,,,
2025/8/13 16:30,,,,,,,,,1.269334446,37.74860988,,
2025/8/13 16:30,,,,,,,,,,,0.961804869,36.61837723
2025/8/13 16:30,0.7581,37.79239718,,,,,,,,,,
2025/8/13 16:30,,,0.9835425,36.68436758,,,,,,,,
2025/8/13 16:30,,,,,0.760802579,37.7487797,,,,,,
2025/8/13 16:30,,,,,,,0.985103413,36.64541703,,,,
2025/8/13 16:30,,,,,,,,,0.725020537,37.74419557,,
2025/8/13 16:30,,,,,,,,,,,0.958593603,36.64350067
2025/8/13 16:30,0.7581,37.79239718,,,,,,,,,,
2025/8/13 16:30,,,0.980101313,36.70906348,,,,,,,,
2025/8/13 16:30,,,,,0.759625438,37.76884097,,,,,,
2025/8/13 16:30,,,,,,,0.981672632,36.66995112,,,,
2025/8/13 16:30,,,,,,,,,0.739419503,37.76556326,,
2025/8/13 16:30,,,,,,,,,,,0.955022795,36.66802272
2025/8/13 16:30,0.5656,37.79576824,,,,,,,,,,
2025/8/13 16:30,,,0.976085313,36.73375354,,,,,,,,
2025/8/13 16:30,,,,,0.567604361,37.76612909,,,,,,
2025/8/13 16:30,,,,,,,0.977668639,36.69446519,,,,
2025/8/13 16:30,,,,,,,,,0.585137928,37.76606283,,
2025/8/13 16:30,,,,,,,,,,,0.951291888,36.69255992
2025/8/13 16:30,0.5656,37.79576824,,,,,,,,,,
2025/8/13 16:30,,,0.973871313,36.75839887,,,,,,,,
2025/8/13 16:30,,,,,0.565815263,37.79297102,,,,,,
2025/8/13 16:30,,,,,,,0.975444279,36.71926446,,,,
2025/8/13 16:30,,,,,,,,,0.562041321,37.79101201,,
2025/8/13 16:30,,,,,,,,,,,0.949180412,36.71736905
2025/8/13 16:30,1.27575625,37.92855054,,,,,,,,,,
2025/8/13 16:30,,,0.971674875,36.78299947,,,,,,,,
2025/8/13 16:30,,,,,1.277367143,37.89829579,,,,,,
2025/8/13 16:30,,,,,,,0.973240491,36.74403669,,,,
2025/8/13 16:30,,,,,,,,,1.256373904,37.89525949,,
2025/8/13 16:30,,,,,,,,,,,0.947064933,36.74214687
2025/8/13 16:30,1.27575625,37.92855054,,,,,,,,,,
2025/8/13 16:30,,,0.971282438,36.80752861,,,,,,,,
2025/8/13 16:30,,,,,1.276862912,37.90843876,,,,,,
2025/8/13 16:30,,,,,,,0.972830968,36.76890155,,,,
2025/8/13 16:30,,,,,,,,,1.262605053,37.90578044,,
2025/8/13 16:30,,,,,,,,,,,0.946868746,36.76702675
2025/8/13 16:30,1.13125,37.93313556,,,,,,,,,,
2025/8/13 16:30,,,0.97441625,36.83195419,,,,,,,,
2025/8/13 16:30,,,,,1.13266575,37.90836054,,,,,,
2025/8/13 16:30,,,,,,,0.975936015,36.79378621,,,,
2025/8/13 16:30,,,,,,,,,1.114285979,37.90542263,,
2025/8/13 16:30,,,,,,,,,,,0.950354299,36.79194721
2025/8/13 16:30,1.13125,37.93313556,,,,,,,,,,
2025/8/13 16:30,,,0.98162875,36.85630923,,,,,,,,
2025/8/13 16:30,,,,,1.131544358,37.92844886,,,,,,
2025/8/13 16:30,,,,,,,0.983094908,36.81893971,,,,
2025/8/13 16:30,,,,,,,,,1.127577664,37.92654326,,
2025/8/13 16:30,,,,,,,,,,,0.95822642,36.81716977
2025/8/13 16:30,1.7014,38.03196206,,,,,,,,,,
2025/8/13 16:30,,,0.99454275,36.88165252,,,,,,,,
2025/8/13 16:30,,,,,1.702595685,38.00567379,,,,,,
2025/8/13 16:30,,,,,,,0.996031049,36.8438902,,,,
2025/8/13 16:30,,,,,,,,,1.686928094,38.00308134,,
2025/8/13 16:30,,,,,,,,,,,0.970880961,36.84206648
2025/8/13 16:30,1.89185,38.06301359,,,,,,,,,,
2025/8/13 16:30,,,1.01299525,36.90728297,,,,,,,,
2025/8/13 16:30,,,,,1.893218436,38.02955216,,,,,,
2025/8/13 16:30,,,,,,,1.014498079,36.86917722,,,,
2025/8/13 16:30,,,,,,,,,1.874829591,38.02694909,,
2025/8/13 16:30,,,,,,,,,,,0.989152171,36.86730783
2025/8/13 16:30,2.03481875,38.0856812,,,,,,,,,,
2025/8/13 16:30,,,1.032877438,36.93314008,,,,,,,,
2025/8/13 16:30,,,,,2.03628145,38.04691456,,,,,,
2025/8/13 16:30,,,,,,,1.034417566,36.8943698,,,,
2025/8/13 16:30,,,,,,,,,2.016841255,38.04433956,,
2025/8/13 16:30,,,,,,,,,,,1.008597451,36.89242864
2025/8/13 16:30,1.06856875,38.12502801,,,,,,,,,,
2025/8/13 16:30,,,1.046283438,36.95940079,,,,,,,,
2025/8/13 16:30,,,,,1.072324615,38.05467991,,,,,,
2025/8/13 16:30,,,,,,,1.047876913,36.91975461,,,,
2025/8/13 16:30,,,,,,,,,1.020419847,38.04929179,,
2025/8/13 16:30,,,,,,,,,,,1.021342926,36.91772064
2025/8/13 16:30,1.21165,38.15076414,,,,,,,,,,
2025/8/13 16:30,,,1.06112025,36.98591885,,,,,,,,
2025/8/13 16:30,,,,,1.215475524,38.07498666,,,,,,
2025/8/13 16:30,,,,,,,1.062781507,36.94517429,,,,
2025/8/13 16:30,,,,,,,,,1.161996938,38.0696312,,
2025/8/13 16:30,,,,,,,,,,,1.035352776,36.94302976
2025/8/13 16:30,0.72665,38.16308268,,,,,,,,,,
2025/8/13 16:30,,,1.064882313,37.01116691,,,,,,,,
2025/8/13 16:30,,,,,0.731944656,38.07172058,,,,,,
2025/8/13 16:30,,,,,,,1.066602939,36.96943027,,,,
2025/8/13 16:30,,,,,,,,,0.656188804,38.0639297,,
2025/8/13 16:30,,,,,,,,,,,1.038337375,36.96718438
2025/8/13 16:30,0.86984375,38.19009521,,,,,,,,,,
2025/8/13 16:30,,,1.070076313,37.03668509,,,,,,,,
2025/8/13 16:30,,,,,0.875178743,38.0932315,,,,,,
2025/8/13 16:30,,,,,,,1.071868977,36.99373436,,,,
2025/8/13 16:30,,,,,,,,,0.798626052,38.0856135,,
2025/8/13 16:30,,,,,,,,,,,1.042613748,36.99137438
2025/8/13 16:30,0.5296,38.19632867,,,,,,,,,,
2025/8/13 16:30,,,1.077344375,37.06225383,,,,,,,,
2025/8/13 16:30,,,,,0.536097754,38.08868714,,,,,,
2025/8/13 16:30,,,,,,,1.079208213,37.01816167,,,,
2025/8/13 16:30,,,,,,,,,0.442130197,38.07893755,,
2025/8/13 16:30,,,,,,,,,,,1.048927918,37.01567787
2025/8/13 16:30,0.76850625,38.24227894,,,,,,,,,,
2025/8/13 16:30,,,1.0816465,37.08709262,,,,,,,,
2025/8/13 16:30,,,,,0.775028493,38.12547293,,,,,,
2025/8/13 16:30,,,,,,,1.083565506,37.04195832,,,,
2025/8/13 16:30,,,,,,,,,0.679525979,38.11612349,,
2025/8/13 16:30,,,,,,,,,,,1.052454175,37.03940958
2025/8/13 16:30,1.05560625,38.29545398,,,,,,,,,,
2025/8/13 16:30,,,1.092480625,37.11244727,,,,,,,,
2025/8/13 16:30,,,,,1.062027795,38.16763176,,,,,,
2025/8/13 16:30,,,,,,,1.094443218,37.06628211,,,,
2025/8/13 16:30,,,,,,,,,0.967140429,38.15907854,,
2025/8/13 16:30,,,,,,,,,,,1.062641342,37.06369146
2025/8/13 16:30,0.66600625,38.30421042,,,,,,,,,,
2025/8/13 16:30,,,1.094494188,37.13681947,,,,,,,,
2025/8/13 16:30,,,,,0.67388737,38.16399992,,,,,,
2025/8/13 16:30,,,,,,,1.096504078,37.08970437,,,,
2025/8/13 16:30,,,,,,,,,0.555572848,38.15253087,,
2025/8/13 16:30,,,,,,,,,,,1.063916688,37.08705245
2025/8/13 16:30,0.66600625,38.30421042,,,,,,,,,,
2025/8/13 16:30,,,1.097882688,37.1611765,,,,,,,,
2025/8/13 16:30,,,,,0.668112273,38.27150125,,,,,,
2025/8/13 16:30,,,,,,,1.099877961,37.11423246,,,,
2025/8/13 16:30,,,,,,,,,0.64003538,38.2675647,,
2025/8/13 16:30,,,,,,,,,,,1.067467796,37.11160231
2025/8/13 16:30,0.27560625,38.30900862,,,,,,,,,,
2025/8/13 16:30,,,1.09874325,37.18557159,,,,,,,,
2025/8/13 16:30,,,,,0.278757971,38.26408306,,,,,,
2025/8/13 16:30,,,,,,,1.100729913,37.13872139,,,,
2025/8/13 16:30,,,,,,,,,0.23609172,38.25850691,,
2025/8/13 16:30,,,,,,,,,,,1.068408384,37.13610395
2025/8/13 16:30,0.129,38.30978281,,,,,,,,,,
2025/8/13 16:30,,,1.091398063,37.20857294,,,,,,,,
2025/8/13 16:30,,,,,0.132584748,38.26036795,,,,,,
2025/8/13 16:30,,,,,,,1.09337271,37.16205003,,,,
2025/8/13 16:30,,,,,,,,,0.083997259,38.25404911,,
2025/8/13 16:30,,,,,,,,,,,1.061202141,37.15943828
2025/8/13 16:30,0.129,38.30978281,,,,,,,,,,
2025/8/13 16:30,,,1.086808375,37.23151876,,,,,,,,
2025/8/13 16:30,,,,,0.129215349,38.30727935,,,,,,
2025/8/13 16:30,,,,,,,1.088727949,37.1858845,,,,
2025/8/13 16:30,,,,,,,,,0.133943184,38.30593567,,
2025/8/13 16:30,,,,,,,,,,,1.057378663,37.18334583
2025/8/13 16:30,-0.21351875,38.30940498,,,,,,,,,,
2025/8/13 16:30,,,1.0787935,37.2544608,,,,,,,,
2025/8/13 16:30,,,,,-0.212385466,38.29633363,,,,,,
2025/8/13 16:30,,,,,,,1.080684541,37.20930686,,,,
2025/8/13 16:30,,,,,,,,,-0.227959024,38.29301061,,
2025/8/13 16:30,,,,,,,,,,,1.04970159,37.20679822
2025/8/13 16:30,0.8912,38.52969456,,,,,,,,,,
2025/8/13 16:30,,,1.082745313,37.2795919,,,,,,,,
2025/8/13 16:30,,,,,0.894390348,38.47414169,,,,,,
2025/8/13 16:30,,,,,,,1.084625503,37.23452416,,,,
2025/8/13 16:30,,,,,,,,,0.850335672,38.46912177,,
2025/8/13 16:30,,,,,,,,,,,1.053758597,37.23203321
2025/8/13 16:30,0.499,38.53676944,,,,,,,,,,
2025/8/13 16:30,,,1.078266375,37.30388373,,,,,,,,
2025/8/13 16:30,,,,,0.503301096,38.46884001,,,,,,
2025/8/13 16:30,,,,,,,1.080142804,37.25896277,,,,
2025/8/13 16:30,,,,,,,,,0.442829268,38.46197177,,
2025/8/13 16:30,,,,,,,,,,,1.049299738,37.25647007
2025/8/13 16:30,0.204325,38.53945837,,,,,,,,,,
2025/8/13 16:30,,,1.072220875,37.3281689,,,,,,,,
2025/8/13 16:30,,,,,0.20955739,38.46240588,,,,,,
2025/8/13 16:30,,,,,,,1.074098304,37.28334981,,,,
2025/8/13 16:30,,,,,,,,,0.135046034,38.45378448,,
2025/8/13 16:30,,,,,,,,,,,1.043199942,37.28084492
2025/8/13 16:30,0.204325,38.53945837,,,,,,,,,,
2025/8/13 16:30,,,1.057574313,37.35084725,,,,,,,,
2025/8/13 16:30,,,,,0.206536476,38.50944481,,,,,,
2025/8/13 16:30,,,,,,,1.059423231,37.30694591,,,,
2025/8/13 16:30,,,,,,,,,0.176984723,38.50494541,,
2025/8/13 16:30,,,,,,,,,,,1.028932574,37.30445569
2025/8/13 16:30,0.106,38.53985423,,,,,,,,,,
2025/8/13 16:30,,,1.0373995,37.37276555,,,,,,,,
2025/8/13 16:30,,,,,0.108477559,38.50676328,,,,,,
2025/8/13 16:30,,,,,,,1.039227354,37.32993088,,,,
2025/8/13 16:30,,,,,,,,,0.075243798,38.50196161,,
2025/8/13 16:30,,,,,,,,,,,1.00905921,37.32744085
2025/8/13 16:30,-0.189275,38.53953522,,,,,,,,,,
2025/8/13 16:30,,,1.012906,37.39446244,,,,,,,,
2025/8/13 16:30,,,,,-0.18594718,38.49740087,,,,,,
2025/8/13 16:30,,,,,,,1.014723045,37.35265672,,,,
2025/8/13 16:30,,,,,,,,,-0.23160766,38.49098607,,
2025/8/13 16:30,,,,,,,,,,,0.984725373,37.35014693
2025/8/13 16:30,-0.189275,38.53953522,,,,,,,,,,
2025/8/13 16:30,,,0.994406313,37.41583641,,,,,,,,
2025/8/13 16:30,,,,,-0.188517682,38.53091912,,,,,,
2025/8/13 16:30,,,,,,,0.996164477,37.37560259,,,,
2025/8/13 16:30,,,,,,,,,-0.199299411,38.52815309,,
2025/8/13 16:30,,,,,,,,,,,0.967028389,37.37314008
2025/8/13 16:30,-0.53433125,38.53629575,,,,,,,,,,
2025/8/13 16:30,,,0.97569225,37.43704475,,,,,,,,
2025/8/13 16:30,,,,,-0.53260333,38.51720184,,,,,,
2025/8/13 16:30,,,,,,,0.977388047,37.39838882,,,,
2025/8/13 16:30,,,,,,,,,-0.555543441,38.51305057,,
2025/8/13 16:30,,,,,,,,,,,0.949195446,37.39598289
2025/8/13 16:30,-0.6824,38.53395814,,,,,,,,,,
2025/8/13 16:30,,,0.9536745,37.45790088,,,,,,,,
2025/8/13 16:30,,,,,-0.680232553,38.51044863,,,,,,
2025/8/13 16:30,,,,,,,0.955315272,37.42085145,,,,
2025/8/13 16:30,,,,,,,,,-0.709558336,38.50540116,,
2025/8/13 16:30,,,,,,,,,,,0.927976234,37.41848482
2025/8/13 16:30,-0.006725,38.67999942,,,,,,,,,,
2025/8/13 16:30,,,0.9402655,37.48014493,,,,,,,,
2025/8/13 16:30,,,,,-0.003028695,38.63019023,,,,,,
2025/8/13 16:30,,,,,,,0.941858556,37.44450206,,,,
2025/8/13 16:30,,,,,,,,,-0.00723389,38.62806094,,
2025/8/13 16:30,,,,,,,,,,,0.915753675,37.44221846
2025/8/13 16:30,-0.3032,38.67881164,,,,,,,,,,
2025/8/13 16:30,,,0.9266735,37.50228592,,,,,,,,
2025/8/13 16:30,,,,,-0.298566729,38.62007693,,,,,,
2025/8/13 16:30,,,,,,,0.928216051,37.46805467,,,,
2025/8/13 16:30,,,,,,,,,-0.363040898,38.61150937,,
2025/8/13 16:30,,,,,,,,,,,0.902938087,37.46581366
2025/8/13 16:30,-0.3032,38.67881164,,,,,,,,,,
2025/8/13 16:30,,,0.90851525,37.52358691,,,,,,,,
2025/8/13 16:30,,,,,-0.307087234,38.72731579,,,,,,
2025/8/13 16:30,,,,,,,0.909930411,37.4920212,,,,
2025/8/13 16:30,,,,,,,,,-0.254587185,38.73440886,,
2025/8/13 16:30,,,,,,,,,,,0.886543935,37.48995476
2025/8/13 16:30,-0.45160625,38.67736356,,,,,,,,,,
2025/8/13 16:30,,,0.889801188,37.54483619,,,,,,,,
2025/8/13 16:30,,,,,-0.455278706,38.72143634,,,,,,
2025/8/13 16:30,,,,,,,0.89108709,37.51592367,,,,
2025/8/13 16:30,,,,,,,,,-0.405407522,38.72845914,,
2025/8/13 16:30,,,,,,,,,,,0.869639524,37.51403907
2025/8/13 16:30,-0.600125,38.67534421,,,,,,,,,,
2025/8/13 16:30,,,0.867771938,37.56574056,,,,,,,,
2025/8/13 16:30,,,,,-0.603567175,38.71492275,,,,,,
2025/8/13 16:30,,,,,,,0.868934705,37.5395082,,,,
2025/8/13 16:30,,,,,,,,,-0.55755738,38.72174806,,
2025/8/13 16:30,,,,,,,,,,,0.849324197,37.53779297
2025/8/13 16:30,-0.600125,38.67534421,,,,,,,,,,
2025/8/13 16:30,,,0.848530438,37.58653343,,,,,,,,
2025/8/13 16:30,,,,,-0.605644432,38.74179103,,,,,,
2025/8/13 16:30,,,,,,,0.849536272,37.56334503,,,,
2025/8/13 16:30,,,,,,,,,-0.530039968,38.75177775,,
2025/8/13 16:30,,,,,,,,,,,0.832298401,37.56185758
2025/8/13 16:30,-0.74875625,38.67275222,,,,,,,,,,
2025/8/13 16:30,,,0.826428813,37.60705244,,,,,,,,
2025/8/13 16:30,,,,,-0.754101939,38.73476136,,,,,,
2025/8/13 16:30,,,,,,,0.827282522,37.58691774,,,,
2025/8/13 16:30,,,,,,,,,-0.681030796,38.7447342,,
2025/8/13 16:30,,,,,,,,,,,0.812335707,37.58564794
2025/8/13 16:30,-0.74875625,38.67275222,,,,,,,,,,
2025/8/13 16:30,,,0.807119438,37.62747067,,,,,,,,
2025/8/13 16:30,,,,,-0.755651588,38.75490322,,,,,,
2025/8/13 16:30,,,,,,,0.807793499,37.61068716,,,,
2025/8/13 16:30,,,,,,,,,-0.660217991,38.76746266,,
2025/8/13 16:30,,,,,,,,,,,0.795603172,37.60968858
2025/8/13 16:30,-0.996725,38.66715582,,,,,,,,,,
2025/8/13 16:30,,,0.783955438,37.6475797,,,,,,,,
2025/8/13 16:30,,,,,-1.003397849,38.74188693,,,,,,
2025/8/13 16:30,,,,,,,0.784454528,37.63412688,,,,
2025/8/13 16:30,,,,,,,,,-0.911630419,38.75459565,,
2025/8/13 16:30,,,,,,,,,,,0.77493432,37.63339201
2025/8/13 16:30,0.2646,38.939101,,,,,,,,,,
2025/8/13 16:30,,,0.775735,37.67033171,,,,,,,,
2025/8/13 16:30,,,,,0.26271443,38.96505632,,,,,,
2025/8/13 16:30,,,,,,,0.776098189,37.6598024,,,,
2025/8/13 16:30,,,,,,,,,0.287635022,38.96894668,,
2025/8/13 16:30,,,,,,,,,,,0.768793279,37.6592684
2025/8/13 16:30,0.01631875,38.93999658,,,,,,,,,,
2025/8/13 16:30,,,0.763655688,37.69283587,,,,,,,,
2025/8/13 16:30,,,,,0.014861269,38.95839232,,,,,,
2025/8/13 16:30,,,,,,,0.763889745,37.68520844,,,,
2025/8/13 16:30,,,,,,,,,0.017538373,38.96043628,,
2025/8/13 16:30,,,,,,,,,,,0.758531297,37.68484681
2025/8/13 16:30,0.01631875,38.93999658,,,,,,,,,,
2025/8/13 16:30,,,0.754376875,37.71525728,,,,,,,,
2025/8/13 16:30,,,,,0.01365874,38.97514641,,,,,,
2025/8/13 16:30,,,,,,,0.754463163,37.71079677,,,,
2025/8/13 16:30,,,,,,,,,0.018758794,38.97707324,,
2025/8/13 16:30,,,,,,,,,,,0.751334381,37.71063813
2025/8/13 16:30,0.8456,39.10085754,,,,,,,,,,
2025/8/13 16:30,,,0.750635375,37.73876822,,,,,,,,
2025/8/13 16:30,,,,,0.845335448,39.10475974,,,,,,
2025/8/13 16:30,,,,,,,0.750600211,37.73726936,,,,
2025/8/13 16:30,,,,,,,,,0.850046975,39.1068029,,
2025/8/13 16:30,,,,,,,,,,,0.749583885,37.73729219
2025/8/13 16:30,0.54725,39.10617109,,,,,,,,,,
2025/8/13 16:30,,,0.744844875,37.76230247,,,,,,,,
2025/8/13 16:30,,,,,0.547405129,39.10412576,,,,,,
2025/8/13 16:30,,,,,,,0.744690817,37.76373858,,,,
2025/8/13 16:30,,,,,,,,,0.544000255,39.10216761,,
2025/8/13 16:30,,,,,,,,,,,0.745793694,37.76391385
2025/8/13 16:30,0.54725,39.10617109,,,,,,,,,,
2025/8/13 16:30,,,0.739054375,37.78583672,,,,,,,,
2025/8/13 16:30,,,,,0.546445908,39.1175799,,,,,,
2025/8/13 16:30,,,,,,,0.73888095,37.78757659,,,,
2025/8/13 16:30,,,,,,,,,0.557608796,39.12012639,,
2025/8/13 16:30,,,,,,,,,,,0.740242591,37.78780502
2025/8/13 16:30,0.39790625,39.10797579,,,,,,,,,,
2025/8/13 16:30,,,0.730391,37.80913371,,,,,,,,
2025/8/13 16:30,,,,,0.397390754,39.11480049,,,,,,
2025/8/13 16:30,,,,,,,0.730198795,37.81118617,,,,
2025/8/13 16:30,,,,,,,,,0.40495298,39.1170588,,
2025/8/13 16:30,,,,,,,,,,,0.731812379,37.81146647
2025/8/13 16:30,0.39790625,39.10797579,,,,,,,,,,
2025/8/13 16:30,,,0.724066063,37.83235775,,,,,,,,
2025/8/13 16:30,,,,,0.396472188,39.12814781,,,,,,
2025/8/13 16:30,,,,,,,0.723840455,37.83493481,,,,
2025/8/13 16:30,,,,,,,,,0.415737233,39.13153233,,
2025/8/13 16:30,,,,,,,,,,,0.725888151,37.83528343
2025/8/13 16:30,0.14875,39.10971712,,,,,,,,,,
2025/8/13 16:30,,,0.715249563,37.8555992,,,,,,,,
2025/8/13 16:30,,,,,0.1477668,39.12227521,,,,,,
2025/8/13 16:30,,,,,,,0.715023405,37.85815337,,,,
2025/8/13 16:30,,,,,,,,,0.161259423,39.12525871,,
2025/8/13 16:30,,,,,,,,,,,0.717091573,37.85850749
2025/8/13 16:30,0.14875,39.10971712,,,,,,,,,,
2025/8/13 16:30,,,0.703670813,37.87832804,,,,,,,,
2025/8/13 16:30,,,,,0.146811025,39.13568903,,,,,,
2025/8/13 16:30,,,,,,,0.703427654,37.88110267,,,,
2025/8/13 16:30,,,,,,,,,0.172808718,39.13982964,,
2025/8/13 16:30,,,,,,,,,,,0.705718591,37.88147904
2025/8/13 16:30,-0.00089375,39.10999999,,,,,,,,,,
2025/8/13 16:30,,,0.692937188,37.90098409,,,,,,,,
2025/8/13 16:30,,,,,-0.002577794,39.13142199,,,,,,
2025/8/13 16:30,,,,,,,0.692676779,37.90397885,,,,
2025/8/13 16:30,,,,,,,,,-0.000915826,39.13339342,,
2025/8/13 16:30,,,,,,,,,,,0.694997718,37.90439291
2025/8/13 16:30,-0.00089375,39.10999999,,,,,,,,,,
2025/8/13 16:30,,,0.682203563,37.92364014,,,,,,,,
2025/8/13 16:30,,,,,-0.004916086,39.1649542,,,,,,
2025/8/13 16:30,,,,,,,0.681916665,37.92695508,,,,
2025/8/13 16:30,,,,,,,,,-0.000893101,39.16681261,,
2025/8/13 16:30,,,,,,,,,,,0.684102482,37.92735819
2025/8/13 16:30,1.6192,39.40674804,,,,,,,,,,
2025/8/13 16:30,,,0.684904125,37.94875421,,,,,,,,
2025/8/13 16:30,,,,,1.619300809,39.40480774,,,,,,
2025/8/13 16:30,,,,,,,0.684625068,37.95192863,,,,
2025/8/13 16:30,,,,,,,,,1.616834164,39.40307423,,
2025/8/13 16:30,,,,,,,,,,,0.686702022,37.95229303
2025/8/13 16:30,1.2196,39.42113869,,,,,,,,,,
2025/8/13 16:30,,,0.686422688,37.97392003,,,,,,,,
2025/8/13 16:30,,,,,1.220404943,39.40668941,,,,,,
2025/8/13 16:30,,,,,,,0.686153504,37.97692275,,,,
2025/8/13 16:30,,,,,,,,,1.209342371,39.40425184,,
2025/8/13 16:30,,,,,,,,,,,0.688087374,37.97724382
2025/8/13 16:30,1.2196,39.42113869,,,,,,,,,,
2025/8/13 16:30,,,0.68794125,37.99908585,,,,,,,,
2025/8/13 16:30,,,,,1.219080376,39.43024512,,,,,,
2025/8/13 16:30,,,,,,,0.68768423,38.00188419,,,,
2025/8/13 16:30,,,,,,,,,1.22627616,39.43229578,,
2025/8/13 16:30,,,,,,,,,,,0.689462928,38.00219189
2025/8/13 16:30,1.56500625,39.47899258,,,,,,,,,,
2025/8/13 16:30,,,0.691528813,38.02457272,,,,,,,,
2025/8/13 16:30,,,,,1.56501809,39.4787758,,,,,,
2025/8/13 16:30,,,,,,,0.691285598,38.02712781,,,,
2025/8/13 16:30,,,,,,,,,1.564345299,39.47704705,,
2025/8/13 16:30,,,,,,,,,,,0.692888476,38.02738973
2025/8/13 16:30,1.41495,39.48465546,,,,,,,,,,
2025/8/13 16:30,,,0.693615813,38.05011622,,,,,,,,
2025/8/13 16:30,,,,,1.415222509,39.4796599,,,,,,
2025/8/13 16:30,,,,,,,0.693399243,38.05217836,,,,
2025/8/13 16:30,,,,,,,,,1.410706419,39.47777688,,
2025/8/13 16:30,,,,,,,,,,,0.694650847,38.05238399
2025/8/13 16:30,2.15716875,39.60129067,,,,,,,,,,
2025/8/13 16:30,,,0.7003515,38.07632661,,,,,,,,
2025/8/13 16:30,,,,,2.158274303,39.56961149,,,,,,
2025/8/13 16:30,,,,,,,0.700162636,38.07773796,,,,
2025/8/13 16:30,,,,,,,,,2.142834442,39.56728933,,
2025/8/13 16:30,,,,,,,,,,,0.701051797,38.07789054
2025/8/13 16:30,1.906825,39.61413407,,,,,,,,,,
2025/8/13 16:30,,,0.70458375,38.10266543,,,,,,,,
2025/8/13 16:30,,,,,1.908369735,39.57440678,,,,,,
2025/8/13 16:30,,,,,,,0.704451728,38.10277465,,,,
2025/8/13 16:30,,,,,,,,,1.887420648,39.57175044,,
2025/8/13 16:30,,,,,,,,,,,0.704583167,38.10285005
2025/8/13 16:30,1.906825,39.61413407,,,,,,,,,,
2025/8/13 16:30,,,0.7078905,38.12884236,,,,,,,,
2025/8/13 16:30,,,,,1.907879772,39.58788361,,,,,,
2025/8/13 16:30,,,,,,,0.70780733,38.12781954,,,,
2025/8/13 16:30,,,,,,,,,1.893777214,39.58549063,,
2025/8/13 16:30,,,,,,,,,,,0.707288462,38.12782443
2025/8/13 16:30,2.15485625,39.65149045,,,,,,,,,,
2025/8/13 16:30,,,0.710898063,38.15492098,,,,,,,,
2025/8/13 16:30,,,,,2.156072098,39.61633261,,,,,,
2025/8/13 16:30,,,,,,,0.710857223,38.15278529,,,,
2025/8/13 16:30,,,,,,,,,2.138971093,39.61397832,,
2025/8/13 16:30,,,,,,,,,,,0.709769922,38.1527286
2025/8/13 16:30,1.75365625,39.67125899,,,,,,,,,,
2025/8/13 16:30,,,0.709893625,38.18119728,,,,,,,,
2025/8/13 16:30,,,,,1.755625578,39.62331741,,,,,,
2025/8/13 16:30,,,,,,,0.709904969,38.17775309,,,,
2025/8/13 16:30,,,,,,,,,1.728116661,39.62025481,,
2025/8/13 16:30,,,,,,,,,,,0.708116273,38.1776267
2025/8/13 16:30,1.75365625,39.67125899,,,,,,,,,,
2025/8/13 16:30,,,0.716415188,38.20717347,,,,,,,,
2025/8/13 16:30,,,,,1.754576634,39.65017611,,,,,,
2025/8/13 16:30,,,,,,,0.716467278,38.20294178,,,,
2025/8/13 16:30,,,,,,,,,1.741666603,39.6478649,,
2025/8/13 16:30,,,,,,,,,,,0.7141435,38.20274641
2025/8/13 16:30,1.45223125,39.6834364,,,,,,,,,,
2025/8/13 16:30,,,0.7199225,38.23327143,,,,,,,,
2025/8/13 16:30,,,,,1.453705405,39.65283715,,,,,,
2025/8/13 16:30,,,,,,,0.7200258,38.22805598,,,,
2025/8/13 16:30,,,,,,,,,1.433355011,39.65003634,,
2025/8/13 16:30,,,,,,,,,,,0.717018003,38.22778165
2025/8/13 16:30,1.45223125,39.6834364,,,,,,,,,,
2025/8/13 16:30,,,0.725316313,38.25931815,,,,,,,,
2025/8/13 16:30,,,,,1.452933754,39.66960269,,,,,,
2025/8/13 16:30,,,,,,,0.725462277,38.25334922,,,,
2025/8/13 16:30,,,,,,,,,1.443577254,39.66737811,,
2025/8/13 16:30,,,,,,,,,,,0.721901063,38.25300063
2025/8/13 16:30,1.15035625,39.69333421,,,,,,,,,,
2025/8/13 16:30,,,0.727691375,38.28546384,,,,,,,,
2025/8/13 16:30,,,,,1.151632897,39.67017039,,,,,,
2025/8/13 16:30,,,,,,,0.72789093,38.27854691,,,,
2025/8/13 16:30,,,,,,,,,1.133749421,39.66728514,,
2025/8/13 16:30,,,,,,,,,,,0.723613558,38.2781114
2025/8/13 16:30,1.15035625,39.69333421,,,,,,,,,,
2025/8/13 16:30,,,0.731482625,38.31157737,,,,,,,,
2025/8/13 16:30,,,,,1.150335099,39.6936675,,,,,,
2025/8/13 16:30,,,,,,,0.731722286,38.30399475,,,,
2025/8/13 16:30,,,,,,,,,1.151460632,39.69540424,,
2025/8/13 16:30,,,,,,,,,,,0.726933046,38.30351747
2025/8/13 16:30,0.94885625,39.69866209,,,,,,,,,,
2025/8/13 16:30,,,0.733258875,38.33774419,,,,,,,,
2025/8/13 16:30,,,,,0.949030464,39.69600523,,,,,,
2025/8/13 16:30,,,,,,,0.733547679,38.3293307,,,,
2025/8/13 16:30,,,,,,,,,0.946286421,39.69422762,,
2025/8/13 16:30,,,,,,,,,,,0.728106717,38.32876981
2025/8/13 16:30,1.1972,39.74197167,,,,,,,,,,
2025/8/13 16:30,,,0.738935875,38.36431733,,,,,,,,
2025/8/13 16:30,,,,,1.197857859,39.73032422,,,,,,
2025/8/13 16:30,,,,,,,0.739278154,38.35502936,,,,
2025/8/13 16:30,,,,,,,,,1.188535189,39.72801437,,
2025/8/13 16:30,,,,,,,,,,,0.733130232,38.35437749
2025/8/13 16:30,1.1972,39.74197167,,,,,,,,,,
2025/8/13 16:30,,,0.744612875,38.39089047,,,,,,,,
2025/8/13 16:30,,,,,1.197297227,39.74037955,,,,,,
2025/8/13 16:30,,,,,,,0.745006866,38.38076181,,,,
2025/8/13 16:30,,,,,,,,,1.195403008,39.7386044,,
2025/8/13 16:30,,,,,,,,,,,0.738172478,38.3800196
2025/8/13 16:30,1.84435625,39.84733931,,,,,,,,,,
2025/8/13 16:30,,,0.759126125,38.41848469,,,,,,,,
2025/8/13 16:30,,,,,1.845384918,39.82248273,,,,,,
2025/8/13 16:30,,,,,,,0.759580184,38.40735977,,,,
2025/8/13 16:30,,,,,,,,,1.831342548,39.82004434,,
2025/8/13 16:30,,,,,,,,,,,0.751952478,38.40651683
2025/8/13 16:30,1.5922,39.85821119,,,,,,,,,,
2025/8/13 16:30,,,0.771117812,38.44618762,,,,,,,,
2025/8/13 16:30,,,,,1.593684408,39.82534935,,,,,,
2025/8/13 16:30,,,,,,,0.77163846,38.43395255,,,,
2025/8/13 16:30,,,,,,,,,1.573302865,39.82258793,,
2025/8/13 16:30,,,,,,,,,,,0.763122931,38.43300368
2025/8/13 16:30,1.5922,39.85821119,,,,,,,,,,
2025/8/13 16:30,,,0.785477312,38.47387303,,,,,,,,
2025/8/13 16:30,,,,,1.593256791,39.83544616,,,,,,
2025/8/13 16:30,,,,,,,0.786058623,38.46070423,,,,
2025/8/13 16:30,,,,,,,,,1.578898722,39.83296672,,
2025/8/13 16:30,,,,,,,,,,,0.77733914,38.45970645
2025/8/13 16:30,1.2892,39.86916181,,,,,,,,,,
2025/8/13 16:30,,,0.789838375,38.50026237,,,,,,,,
2025/8/13 16:30,,,,,1.290843591,39.83698713,,,,,,
2025/8/13 16:30,,,,,,,0.790462188,38.4863431,,,,
2025/8/13 16:30,,,,,,,,,1.268016768,39.83380024,,
2025/8/13 16:30,,,,,,,,,,,0.781178617,38.48527068
2025/8/13 16:30,1.2892,39.86916181,,,,,,,,,,
2025/8/13 16:30,,,0.794199437,38.52665171,,,,,,,,
2025/8/13 16:30,,,,,1.289683396,39.8604261,,,,,,
2025/8/13 16:30,,,,,,,0.794857899,38.51214957,,,,
2025/8/13 16:30,,,,,,,,,1.283102944,39.8583096,,
2025/8/13 16:30,,,,,,,,,,,0.785125572,38.51100874
2025/8/13 16:30,0.98575,39.87781836,,,,,,,,,,
2025/8/13 16:30,,,0.797896937,38.55308085,,,,,,,,
2025/8/13 16:30,,,,,0.986818383,39.85966589,,,,,,
2025/8/13 16:30,,,,,,,0.798593482,38.53797807,,,,
2025/8/13 16:30,,,,,,,,,0.971674348,39.85695103,,
2025/8/13 16:30,,,,,,,,,,,0.788354866,38.53676389
2025/8/13 16:30,0.98575,39.87781836,,,,,,,,,,
2025/8/13 16:30,,,0.799731437,38.57914537,,,,,,,,
2025/8/13 16:30,,,,,0.986247656,39.86975912,,,,,,
2025/8/13 16:30,,,,,,,0.800454634,38.5636162,,,,
2025/8/13 16:30,,,,,,,,,0.979395196,39.86763486,,
2025/8/13 16:30,,,,,,,,,,,0.789871625,38.56234205
2025/8/13 16:30,0.73253125,39.88327341,,,,,,,,,,
2025/8/13 16:30,,,0.79903375,38.60526445,,,,,,,,
2025/8/13 16:30,,,,,0.733550605,39.86742931,,,,,,
2025/8/13 16:30,,,,,,,0.799792712,38.58916473,,,,
2025/8/13 16:30,,,,,,,,,0.719726518,39.8647801,,
2025/8/13 16:30,,,,,,,,,,,0.788744735,38.58782078
2025/8/13 16:30,0.73253125,39.88327341,,,,,,,,,,
2025/8/13 16:30,,,0.800710125,38.63133998,,,,,,,,
2025/8/13 16:30,,,,,0.732457314,39.88430668,,,,,,
2025/8/13 16:30,,,,,,,0.801491043,38.6149152,,,,
2025/8/13 16:30,,,,,,,,,0.734350841,39.88609895,,
2025/8/13 16:30,,,,,,,,,,,0.790175509,38.61354763
2025/8/13 16:30,0.982,39.92792602,,,,,,,,,,
2025/8/13 16:30,,,0.802082937,38.6573148,,,,,,,,
2025/8/13 16:30,,,,,0.982301403,39.92316533,,,,,,
2025/8/13 16:30,,,,,,,0.802881284,38.64061688,,,,
2025/8/13 16:30,,,,,,,,,0.977196141,39.92112303,,
2025/8/13 16:30,,,,,,,,,,,0.791329346,38.63919737
2025/8/13 16:30,0.72846875,39.93335615,,,,,,,,,,
2025/8/13 16:30,,,0.800920437,38.68334392,,,,,,,,
2025/8/13 16:30,,,,,0.72928738,39.92084171,,,,,,
2025/8/13 16:30,,,,,,,0.801747241,38.66619438,,,,
2025/8/13 16:30,,,,,,,,,0.717986106,39.91829238,,
2025/8/13 16:30,,,,,,,,,,,0.789822988,38.66471238
2025/8/13 16:30,0.72846875,39.93335615,,,,,,,,,,
2025/8/13 16:30,,,0.796955187,38.70884672,,,,,,,,
2025/8/13 16:30,,,,,0.728397088,39.9343575,,,,,,
2025/8/13 16:30,,,,,,,0.797793927,38.69149071,,,,
2025/8/13 16:30,,,,,,,,,0.73034229,39.93607971,,
2025/8/13 16:30,,,,,,,,,,,0.785729558,38.68999725
2025/8/13 16:30,0.42381875,39.93775128,,,,,,,,,,
2025/8/13 16:30,,,0.789943437,38.73439347,,,,,,,,
2025/8/13 16:30,,,,,0.424193971,39.9327317,,,,,,
2025/8/13 16:30,,,,,,,0.790802163,38.71670282,,,,
2025/8/13 16:30,,,,,,,,,0.418599451,39.93063209,,
2025/8/13 16:30,,,,,,,,,,,0.778473908,38.71515697
2025/8/13 16:30,0.97375,40.03816068,,,,,,,,,,
2025/8/13 16:30,,,0.792712187,38.76084001,,,,,,,,
2025/8/13 16:30,,,,,0.975198032,40.01303577,,,,,,
2025/8/13 16:30,,,,,,,0.793595343,38.74275385,,,,
2025/8/13 16:30,,,,,,,,,0.954798141,40.00998323,,
2025/8/13 16:30,,,,,,,,,,,0.780929624,38.74114918
2025/8/13 16:30,0.71953125,40.04353599,,,,,,,,,,
2025/8/13 16:30,,,0.7901315,38.78680296,,,,,,,,
2025/8/13 16:30,,,,,0.721546096,40.01068727,,,,,,
2025/8/13 16:30,,,,,,,0.791037188,38.76835302,,,,
2025/8/13 16:30,,,,,,,,,0.693652074,40.00685329,,
2025/8/13 16:30,,,,,,,,,,,0.778051015,38.76669045
2025/8/13 16:30,0.71953125,40.04353599,,,,,,,,,,
2025/8/13 16:30,,,0.787550812,38.8127659,,,,,,,,
2025/8/13 16:30,,,,,0.720153296,40.03417866,,,,,,
2025/8/13 16:30,,,,,,,0.788469268,38.79412069,,,,
2025/8/13 16:30,,,,,,,,,0.71127688,40.0318146,,
2025/8/13 16:30,,,,,,,,,,,0.775306299,38.79241127
2025/8/13 16:30,0.41405625,40.04785959,,,,,,,,,,
2025/8/13 16:30,,,0.778634562,38.83817169,,,,,,,,
2025/8/13 16:30,,,,,0.415352888,40.0292807,,,,,,
2025/8/13 16:30,,,,,,,0.779565985,38.81934069,,,,
2025/8/13 16:30,,,,,,,,,0.397553725,40.02619074,,
2025/8/13 16:30,,,,,,,,,,,0.766227995,38.81760945
2025/8/13 16:30,0.41405625,40.04785959,,,,,,,,,,
2025/8/13 16:30,,,0.769718312,38.86357748,,,,,,,,
2025/8/13 16:30,,,,,0.413933267,40.04944414,,,,,,
2025/8/13 16:30,,,,,,,0.770652898,38.84468688,,,,
2025/8/13 16:30,,,,,,,,,0.416434762,40.05131628,,
2025/8/13 16:30,,,,,,,,,,,0.757283311,38.8429542
2025/8/13 16:30,0.9655,40.14839237,,,,,,,,,,
2025/8/13 16:30,,,0.763029562,38.88941678,,,,,,,,
2025/8/13 16:30,,,,,0.966407462,40.13318892,,,,,,
2025/8/13 16:30,,,,,,,0.763972266,38.8703919,,,,
2025/8/13 16:30,,,,,,,,,0.953349819,40.13062349,,
2025/8/13 16:30,,,,,,,,,,,0.750490841,38.86865065
2025/8/13 16:30,0.5575,40.15613021,,,,,,,,,,
2025/8/13 16:30,,,0.752260812,38.91533346,,,,,,,,
2025/8/13 16:30,,,,,0.559294857,40.12856953,,,,,,
2025/8/13 16:30,,,,,,,0.753222393,38.89601575,,,,
2025/8/13 16:30,,,,,,,,,0.534236505,40.12485077,,
2025/8/13 16:30,,,,,,,,,,,0.739475753,38.89422015
2025/8/13 16:30,0.40429375,40.15796492,,,,,,,,,,
2025/8/13 16:30,,,0.746161812,38.94104992,,,,,,,,
2025/8/13 16:30,,,,,0.406458472,40.12584879,,,,,,
2025/8/13 16:30,,,,,,,0.747135523,38.921565,,,,
2025/8/13 16:30,,,,,,,,,0.376526769,40.12161046,,
2025/8/13 16:30,,,,,,,,,,,0.733214292,38.91975287
2025/8/13 16:30,0.756,40.22289602,,,,,,,,,,
2025/8/13 16:30,,,0.740757625,38.96690209,,,,,,,,
2025/8/13 16:30,,,,,0.758657252,40.17788781,,,,,,
2025/8/13 16:30,,,,,,,0.74174374,38.94722989,,,,
2025/8/13 16:30,,,,,,,,,0.721018543,40.17339011,,
2025/8/13 16:30,,,,,,,,,,,0.72763402,38.94540219
2025/8/13 16:30,0.29570625,40.22891321,,,,,,,,,,
2025/8/13 16:30,,,0.7307505,38.99281443,,,,,,,,
2025/8/13 16:30,,,,,0.299591464,40.170131,,,,,,
2025/8/13 16:30,,,,,,,0.731766423,38.97271685,,,,
2025/8/13 16:30,,,,,,,,,0.243670796,40.16355088,,
2025/8/13 16:30,,,,,,,,,,,0.717211838,38.97084809
2025/8/13 16:30,1.10190625,40.37496629,,,,,,,,,,
2025/8/13 16:30,,,0.731674875,39.02009941,,,,,,,,
2025/8/13 16:30,,,,,1.106287937,40.28689416,,,,,,
2025/8/13 16:30,,,,,,,0.732719348,38.99937716,,,,
2025/8/13 16:30,,,,,,,,,1.040932196,40.2807803,,
2025/8/13 16:30,,,,,,,,,,,0.717713208,38.99747873
2025/8/13 16:30,0.79448125,40.38218542,,,,,,,,,,
2025/8/13 16:30,,,0.726226687,39.04685904,,,,,,,,
2025/8/13 16:30,,,,,0.799784692,40.28476945,,,,,,
2025/8/13 16:30,,,,,,,0.727304497,39.02554547,,,,
2025/8/13 16:30,,,,,,,,,0.719839525,40.27711212,,
2025/8/13 16:30,,,,,,,,,,,0.711756371,39.02360421
2025/8/13 16:30,1.047075,40.42644226,,,,,,,,,,
2025/8/13 16:30,,,0.727137437,39.0739446,,,,,,,,
2025/8/13 16:30,,,,,1.052381666,40.31997587,,,,,,
2025/8/13 16:30,,,,,,,0.728239179,39.05207431,,,,
2025/8/13 16:30,,,,,,,,,0.972119268,40.3127289,,
2025/8/13 16:30,,,,,,,,,,,0.71228398,39.0501069
2025/8/13 16:30,0.68784375,40.43414981,,,,,,,,,,
2025/8/13 16:30,,,0.721151437,39.10050507,,,,,,,,
2025/8/13 16:30,,,,,0.694332335,40.3168111,,,,,,
2025/8/13 16:30,,,,,,,0.722286165,39.07809605,,,,
2025/8/13 16:30,,,,,,,,,0.594649466,40.30733447,,
2025/8/13 16:30,,,,,,,,,,,0.705769783,39.07608059
2025/8/13 16:30,1.24465,40.53089373,,,,,,,,,,
2025/8/13 16:30,,,0.7207335,39.12803297,,,,,,,,
2025/8/13 16:30,,,,,1.250855015,40.39352449,,,,,,
2025/8/13 16:30,,,,,,,0.72191598,39.1045165,,,,
2025/8/13 16:30,,,,,,,,,1.153695152,40.38559142,,
2025/8/13 16:30,,,,,,,,,,,0.704613391,39.10245041
2025/8/13 16:30,1.09050625,40.53533392,,,,,,,,,,
2025/8/13 16:30,,,0.724057562,39.15546234,,,,,,,,
2025/8/13 16:30,,,,,1.097278757,40.39333527,,,,,,
2025/8/13 16:30,,,,,,,0.725280742,39.13096205,,,,
2025/8/13 16:30,,,,,,,,,0.990735772,40.38433228,,
2025/8/13 16:30,,,,,,,,,,,0.707270543,39.12885177
2025/8/13 16:30,1.09050625,40.53533392,,,,,,,,,,
2025/8/13 16:30,,,0.727381625,39.18289171,,,,,,,,
2025/8/13 16:30,,,,,1.099774326,39.83366679,,,,,,
2025/8/13 16:30,,,,,,,0.72868223,39.15161031,,,,
2025/8/13 16:30,,,,,,,,,0.522758636,39.78953653,,
2025/8/13 16:30,,,,,,,,,,,0.705103934,39.14909151
2025/8/13 16:30,0.6274,40.54514606,,,,,,,,,,
2025/8/13 16:30,,,0.727999625,39.21038549,,,,,,,,
2025/8/13 16:30,,,,,0.638396621,39.82914164,,,,,,
2025/8/13 16:30,,,,,,,0.729390153,39.17224044,,,,
2025/8/13 16:30,,,,,,,,,-0.048438264,39.7680153,,
2025/8/13 16:30,,,,,,,,,,,0.698768172,39.16911103
2025/8/13 16:30,0.11165,40.54984629,,,,,,,,,,
2025/8/13 16:30,,,0.723460125,39.23792627,,,,,,,,
2025/8/13 16:30,,,,,0.124657171,39.81804374,,,,,,
2025/8/13 16:30,,,,,,,0.724978572,39.19249117,,,,
2025/8/13 16:30,,,,,,,,,-0.689454496,39.73428233,,
2025/8/13 16:30,,,,,,,,,,,0.686253214,39.18854373
2025/8/13 16:30,-0.40535,40.54797395,,,,,,,,,,
2025/8/13 16:30,,,0.706649062,39.2641205,,,,,,,,
2025/8/13 16:30,,,,,-0.390235134,39.80051018,,,,,,
2025/8/13 16:30,,,,,,,0.708302549,39.21151331,,,,
2025/8/13 16:30,,,,,,,,,-1.338140895,39.6896855,,
2025/8/13 16:30,,,,,,,,,,,0.660308066,39.20648799
2025/8/13 16:30,-0.97549375,40.53826479,,,,,,,,,,
2025/8/13 16:30,,,0.684136562,39.29021764,,,,,,,,
2025/8/13 16:30,,,,,-0.957944954,39.77372941,,,,,,
2025/8/13 16:30,,,,,,,0.685954471,39.23016622,,,,
2025/8/13 16:30,,,,,,,,,-2.059511524,39.62770838,,
2025/8/13 16:30,,,,,,,,,,,0.6270869,39.22370727
2025/8/13 16:30,-1.59919375,40.51845357,,,,,,,,,,
2025/8/13 16:30,,,0.656832125,39.31607082,,,,,,,,
2025/8/13 16:30,,,,,-1.578847356,39.7354781,,,,,,
2025/8/13 16:30,,,,,,,0.65883934,39.24843739,,,,
2025/8/13 16:30,,,,,,,,,-2.858124924,39.5437361,,
2025/8/13 16:30,,,,,,,,,,,0.587362791,39.24009041
2025/8/13 16:30,-2.22469375,40.48892735,,,,,,,,,,
2025/8/13 16:30,,,0.623272687,39.34162874,,,,,,,,
2025/8/13 16:30,,,,,-2.201395905,39.68770097,,,,,,
2025/8/13 16:30,,,,,,,0.625509937,39.26602991,,,,
2025/8/13 16:30,,,,,,,,,-3.667962399,39.44211576,,
2025/8/13 16:30,,,,,,,,,,,0.539407391,39.25524613
2025/8/13 16:30,0.4793,41.07720379,,,,,,,,,,
2025/8/13 16:30,,,0.611051687,39.37208116,,,,,,,,
2025/8/13 16:30,,,,,0.493849792,40.17912981,,,,,,
2025/8/13 16:30,,,,,,,0.613422478,39.28776447,,,,
2025/8/13 16:30,,,,,,,,,-0.462504368,40.08833563,,
2025/8/13 16:30,,,,,,,,,,,0.517913066,39.27609868
2025/8/13 16:30,-0.20035625,41.07951141,,,,,,,,,,
2025/8/13 16:30,,,0.590129625,39.40224614,,,,,,,,
2025/8/13 16:30,,,,,-0.182510859,40.16083054,,,,,,
2025/8/13 16:30,,,,,,,0.592665185,39.30907726,,,,
2025/8/13 16:30,,,,,,,,,-1.359925198,40.02687102,,
2025/8/13 16:30,,,,,,,,,,,0.485565518,39.2960979
2025/8/13 16:30,0.984,41.29827895,,,,,,,,,,
2025/8/13 16:30,,,0.579621437,39.43437211,,,,,,,,
2025/8/13 16:30,,,,,0.997328604,40.33862237,,,,,,
2025/8/13 16:30,,,,,,,0.582275657,39.33199433,,,,
2025/8/13 16:30,,,,,,,,,0.103340751,40.2654131,,
2025/8/13 16:30,,,,,,,,,,,0.466430513,39.31830863
2025/8/13 16:30,0.19715625,41.30952952,,,,,,,,,,
2025/8/13 16:30,,,0.570907312,39.46621713,,,,,,,,
2025/8/13 16:30,,,,,0.214471828,40.32587111,,,,,,
2025/8/13 16:30,,,,,,,0.573697129,39.35470625,,,,
2025/8/13 16:30,,,,,,,,,-0.952808098,40.20475496,,
2025/8/13 16:30,,,,,,,,,,,0.446698234,39.33986326
2025/8/13 16:30,0.19715625,41.30952952,,,,,,,,,,
2025/8/13 16:30,,,0.560762375,39.49780478,,,,,,,,
2025/8/13 16:30,,,,,0.243507691,37.53988612,,,,,,
2025/8/13 16:30,,,,,,,0.56397745,39.34935524,,,,
2025/8/13 16:30,3.42270625,41.79007037,,,,,,,,,,
2025/8/13 16:30,,,0.587722937,39.53407466,,,,,,,,
2025/8/13 16:30,,,,,3.429901586,37.92154507,,,,,,
2025/8/13 16:30,,,,,,,0.59095702,39.34785349,,,,
2025/8/13 16:30,3.42270625,41.79007037,,,,,,,,,,
2025/8/13 16:30,,,0.613251562,39.57007441,,,,,,,,
2025/8/13 16:30,,,,,3.421586467,41.90796097,,,,,,
2025/8/13 16:30,,,,,,,0.616421097,39.38600078,,,,
2025/8/13 16:30,,,,,,,,,3.438539939,41.90978864,,
2025/8/13 16:30,,,,,,,,,,,0.469463664,39.37826484
2025/8/13 16:30,2.10505,41.87712579,,,,,,,,,,
2025/8/13 16:30,,,0.629006062,39.60688238,,,,,,,,
2025/8/13 16:30,,,,,2.102566224,41.95412372,,,,,,
2025/8/13 16:30,,,,,,,0.632085782,39.42465515,,,,
2025/8/13 16:30,,,,,,,,,2.13857654,41.95728228,,
2025/8/13 16:30,,,,,,,,,,,0.484287541,39.41719836
2025/8/13 16:30,2.10505,41.87712579,,,,,,,,,,
2025/8/13 16:30,,,0.6423715,39.64323085,,,,,,,,
2025/8/13 16:30,,,,,2.10217551,41.96757642,,,,,,
2025/8/13 16:30,,,,,,,0.645357252,39.46307618,,,,
2025/8/13 16:30,,,,,,,,,2.144577651,41.97101523,,
2025/8/13 16:30,,,,,,,,,,,0.497747057,39.45605238
2025/8/13 16:30,1.73470625,41.89410095,,,,,,,,,,
2025/8/13 16:30,,,0.6491625,39.67921732,,,,,,,,
2025/8/13 16:30,,,,,1.731665759,41.97335834,,,,,,
2025/8/13 16:30,,,,,,,0.652053631,39.50113345,,,,
2025/8/13 16:30,,,,,,,,,1.776590799,41.97725394,,
2025/8/13 16:30,,,,,,,,,,,0.511091663,39.49503554
2025/8/13 16:30,1.73470625,41.89410095,,,,,,,,,,
2025/8/13 16:30,,,0.6598495,39.71511623,,,,,,,,
2025/8/13 16:30,,,,,1.731313692,41.98342259,,,,,,
2025/8/13 16:30,,,,,,,0.662627895,39.53932767,,,,
2025/8/13 16:30,,,,,,,,,1.781453899,41.98758786,,
2025/8/13 16:30,,,,,,,,,,,0.522110942,39.53375019
2025/8/13 16:30,2.25945625,41.96922393,,,,,,,,,,
2025/8/13 16:30,,,0.675784,39.75176636,,,,,,,,
2025/8/13 16:30,,,,,2.257326526,42.04086011,,,,,,
2025/8/13 16:30,,,,,,,0.678520037,39.57702126,,,,
2025/8/13 16:30,,,,,,,,,2.288031858,42.04365619,,
2025/8/13 16:30,,,,,,,,,,,0.535319857,39.57259596
2025/8/13 16:30,2.25945625,41.96922393,,,,,,,,,,
2025/8/13 16:30,,,0.6956225,39.78836852,,,,,,,,
2025/8/13 16:30,,,,,2.257051543,42.05090782,,,,,,
2025/8/13 16:30,,,,,,,0.698302973,39.61488951,,,,
2025/8/13 16:30,,,,,,,,,2.292757955,42.05391141,,
2025/8/13 16:30,,,,,,,,,,,0.552691708,39.61160977
2025/8/13 16:30,2.57490625,42.01116468,,,,,,,,,,
2025/8/13 16:30,,,0.720081562,39.82538233,,,,,,,,
2025/8/13 16:30,,,,,2.573173864,42.08238454,,,,,,
2025/8/13 16:30,,,,,,,0.722708864,39.65310968,,,,
2025/8/13 16:30,,,,,,,,,2.59859231,42.08477715,,
2025/8/13 16:30,,,,,,,,,,,0.572277277,39.64978189
2025/8/13 16:30,2.57490625,42.01116468,,,,,,,,,,
2025/8/13 16:30,,,0.744540625,39.86239615,,,,,,,,
2025/8/13 16:30,,,,,2.572948766,42.09243207,,,,,,
2025/8/13 16:30,,,,,,,0.747146198,39.6909612,,,,
2025/8/13 16:30,,,,,,,,,2.601670141,42.09494942,,
2025/8/13 16:30,,,,,,,,,,,0.595933061,39.68814632
2025/8/13 16:30,1.4602,42.06466351,,,,,,,,,,
2025/8/13 16:30,,,0.761277812,39.89994874,,,,,,,,
2025/8/13 16:30,,,,,1.458077198,42.11229155,,,,,,
2025/8/13 16:30,,,,,,,0.763850825,39.72912078,,,,
2025/8/13 16:30,,,,,,,,,1.489047133,42.11567365,,
2025/8/13 16:30,,,,,,,,,,,0.60998356,39.72676256
2025/8/13 16:30,1.4602,42.06466351,,,,,,,,,,
2025/8/13 16:30,,,0.766967812,39.93529843,,,,,,,,
2025/8/13 16:30,,,,,1.457801419,42.11898573,,,,,,
2025/8/13 16:30,,,,,,,0.769484936,39.76556922,,,,
2025/8/13 16:30,,,,,,,,,1.49261481,42.12256232,,
2025/8/13 16:30,,,,,,,,,,,0.623570276,39.76492883
2025/8/13 16:30,1.1407,42.07453985,,,,,,,,,,
2025/8/13 16:30,,,0.773384812,39.97067613,,,,,,,,
2025/8/13 16:30,,,,,1.138438059,42.11941723,,,,,,
2025/8/13 16:30,,,,,,,0.775836305,39.80207499,,,,
2025/8/13 16:30,,,,,,,,,1.171511573,42.12312407,,
2025/8/13 16:30,,,,,,,,,,,0.637564982,39.80322997
2025/8/13 16:30,1.1407,42.07453985,,,,,,,,,,
2025/8/13 16:30,,,0.782748562,40.00602695,,,,,,,,
2025/8/13 16:30,,,,,1.137817732,42.13280593,,,,,,
2025/8/13 16:30,,,,,,,0.785118909,39.838779,,,,
2025/8/13 16:30,,,,,,,,,1.17981143,42.13708601,,
2025/8/13 16:30,,,,,,,,,,,0.64085974,39.83990961
2025/8/13 16:30,0.44690625,42.08762734,,,,,,,,,,
2025/8/13 16:30,,,0.785174375,40.04150864,,,,,,,,
2025/8/13 16:30,,,,,0.444491177,42.1256703,,,,,,
2025/8/13 16:30,,,,,,,0.787498456,39.87494125,,,,
2025/8/13 16:30,,,,,,,,,0.479049725,42.13004403,,
2025/8/13 16:30,,,,,,,,,,,0.641221944,39.87659033
2025/8/13 16:30,0.920925,42.16994542,,,,,,,,,,
2025/8/13 16:30,,,0.793323625,40.07780955,,,,,,,,
2025/8/13 16:30,,,,,0.919687696,42.19161181,,,,,,
2025/8/13 16:30,,,,,,,0.795610557,39.91178974,,,,
2025/8/13 16:30,,,,,,,,,0.93758101,42.19447915,,
2025/8/13 16:30,,,,,,,,,,,0.649247294,39.91399728
2025/8/13 16:30,0.65351875,42.17493703,,,,,,,,,,
2025/8/13 16:30,,,0.801751562,40.11416357,,,,,,,,
2025/8/13 16:30,,,,,0.652630826,42.18890429,,,,,,
2025/8/13 16:30,,,,,,,0.803996337,39.94870477,,,,
2025/8/13 16:30,,,,,,,,,0.669770554,42.19188341,,
2025/8/13 16:30,,,,,,,,,,,0.654175152,39.95086666
2025/8/13 16:30,0.064125,42.17995126,,,,,,,,,,
2025/8/13 16:30,,,0.804285562,40.15056773,,,,,,,,
2025/8/13 16:30,,,,,0.064125,42.17995126,,,,,,
2025/8/13 16:30,,,,,,,0.806522764,39.98519509,,,,
2025/8/13 16:30,,,,,,,,,0.067031349,42.1790502,,
2025/8/13 16:30,,,,,,,,,,,0.654093028,39.98763754
2025/8/13 16:30,0.064125,42.17995126,,,,,,,,,,
2025/8/13 16:30,,,0.810270125,40.18700428,,,,,,,,
2025/8/13 16:30,,,,,0.063327795,42.19045393,,,,,,
2025/8/13 16:30,,,,,,,0.812482075,40.02192761,,,,
2025/8/13 16:30,,,,,,,,,0.065928205,42.19220207,,
2025/8/13 16:30,,,,,,,,,,,0.657068386,40.0246497
2025/8/13 16:30,-0.150575,42.17973124,,,,,,,,,,
2025/8/13 16:30,,,0.815588375,40.22346201,,,,,,,,
2025/8/13 16:30,,,,,-0.150939805,42.18410489,,,,,,
2025/8/13 16:30,,,,,,,0.817775003,40.05866417,,,,
2025/8/13 16:30,,,,,,,,,-0.145286095,42.18633932,,
2025/8/13 16:30,,,,,,,,,,,0.65760852,40.06123157
2025/8/13 16:30,-0.150575,42.17973124,,,,,,,,,,
2025/8/13 16:30,,,0.814149875,40.25845933,,,,,,,,
2025/8/13 16:30,,,,,-0.151463971,42.19087842,,,,,,
2025/8/13 16:30,,,,,,,0.81629065,40.09427106,,,,
2025/8/13 16:30,,,,,,,,,-0.138511849,42.19370376,,
2025/8/13 16:30,,,,,,,,,,,0.661778836,40.0980381
2025/8/13 16:30,-0.6882,42.17438536,,,,,,,,,,
2025/8/13 16:30,,,0.810299875,40.29341507,,,,,,,,
2025/8/13 16:30,,,,,-0.688141106,42.17378733,,,,,,
2025/8/13 16:30,,,,,,,0.812394906,40.12980816,,,,
2025/8/13 16:30,,,,,,,,,-0.690998241,42.17176931,,
2025/8/13 16:30,,,,,,,,,,,0.661964437,40.13470178
2025/8/13 16:30,-0.6882,42.17438536,,,,,,,,,,
2025/8/13 16:30,,,0.806449875,40.32837081,,,,,,,,
2025/8/13 16:30,,,,,-0.688766334,42.18047437,,,,,,
2025/8/13 16:30,,,,,,,0.808578115,40.16433975,,,,
2025/8/13 16:30,,,,,,,,,-0.679448202,42.18314559,,
2025/8/13 16:30,,,,,,,,,,,0.655242293,40.17025263
2025/8/13 16:30,-0.9036,42.17032022,,,,,,,,,,
2025/8/13 16:30,,,0.801929937,40.36330037,,,,,,,,
2025/8/13 16:30,,,,,-0.90362197,42.17053203,,,,,,
2025/8/13 16:30,,,,,,,0.804094682,40.1988307,,,,
2025/8/13 16:30,,,,,,,,,-0.901671603,42.17245924,,
2025/8/13 16:30,,,,,,,,,,,0.649855986,40.20586212
2025/8/13 16:30,-0.00546875,42.34999965,,,,,,,,,,
2025/8/13 16:30,,,0.8078765,40.40004693,,,,,,,,
2025/8/13 16:30,,,,,-0.003419367,42.32185098,,,,,,
2025/8/13 16:30,,,,,,,0.810096161,40.23489999,,,,
2025/8/13 16:30,,,,,,,,,-0.006017561,42.32001552,,
2025/8/13 16:30,,,,,,,,,,,0.652341683,40.24171819
2025/8/13 16:30,-0.16715,42.34967014,,,,,,,,,,
2025/8/13 16:30,,,0.81220625,40.43679019,,,,,,,,
2025/8/13 16:30,,,,,-0.164701197,42.31691663,,,,,,
2025/8/13 16:30,,,,,,,0.814505593,40.27065124,,,,
2025/8/13 16:30,,,,,,,,,-0.200796752,42.31187158,,
2025/8/13 16:30,,,,,,,,,,,0.65438779,40.27755232
2025/8/13 16:30,-0.16715,42.34967014,,,,,,,,,,
2025/8/13 16:30,,,0.818022312,40.47355936,,,,,,,,
2025/8/13 16:30,,,,,-0.165651402,42.33029519,,,,,,
2025/8/13 16:30,,,,,,,0.820390098,40.30660658,,,,
2025/8/13 16:30,,,,,,,,,-0.187139706,42.32667393,,
2025/8/13 16:30,,,,,,,,,,,0.658091967,40.31360157
2025/8/13 16:30,-0.65286875,42.34496738,,,,,,,,,,
2025/8/13 16:30,,,0.818981187,40.51028152,,,,,,,,
2025/8/13 16:30,,,,,-0.650126352,42.31211997,,,,,,
2025/8/13 16:30,,,,,,,0.821445351,40.34217875,,,,
2025/8/13 16:30,,,,,,,,,-0.690987512,42.30620539,,
2025/8/13 16:30,,,,,,,,,,,0.656482492,40.34914585
2025/8/13 16:30,-0.65286875,42.34496738,,,,,,,,,,
2025/8/13 16:30,,,0.82241975,40.54705963,,,,,,,,
2025/8/13 16:30,,,,,-0.651186829,42.32549437,,,,,,
2025/8/13 16:30,,,,,,,0.824967461,40.37801482,,,,
2025/8/13 16:30,,,,,,,,,-0.675967599,42.32131501,,
2025/8/13 16:30,,,,,,,,,,,0.656533124,40.38491166
2025/8/13 16:30,-0.65286875,42.34496738,,,,,,,,,,
2025/8/13 16:30,,,0.813245062,40.5811183,,,,,,,,
2025/8/13 16:30,,,,,-0.652022018,42.33557001,,,,,,
2025/8/13 16:30,,,,,,,0.815820096,40.41171996,,,,
2025/8/13 16:30,,,,,,,,,-0.664840417,42.33252354,,
2025/8/13 16:30,,,,,,,,,,,0.656486899,40.42056227
2025/8/13 16:30,-0.65286875,42.34496738,,,,,,,,,,
2025/8/13 16:30,,,0.806553187,40.615168,,,,,,,,
2025/8/13 16:30,,,,,-0.652938283,42.34568306,,,,,,
2025/8/13 16:30,,,,,,,0.809142101,40.44559287,,,,
2025/8/13 16:30,,,,,,,,,-0.650665586,42.34755397,,
2025/8/13 16:30,,,,,,,,,,,0.659096548,40.45649185
2025/8/13 16:30,0.248875,42.51927165,,,,,,,,,,
2025/8/13 16:30,,,0.80887875,40.65096075,,,,,,,,
2025/8/13 16:30,,,,,0.250745655,42.49175234,,,,,,
2025/8/13 16:30,,,,,,,0.81151297,40.48075893,,,,
2025/8/13 16:30,,,,,,,,,0.22260107,42.48776825,,
2025/8/13 16:30,,,,,,,,,,,0.658446208,40.49168007
2025/8/13 16:30,-0.183725,42.51960307,,,,,,,,,,
2025/8/13 16:30,,,0.7985855,40.68514821,,,,,,,,
2025/8/13 16:30,,,,,-0.180794088,42.47991389,,,,,,
2025/8/13 16:30,,,,,,,0.801251675,40.51451047,,,,
2025/8/13 16:30,,,,,,,,,-0.224009939,42.47428541,,
2025/8/13 16:30,,,,,,,,,,,0.656030725,40.52681856
2025/8/13 16:30,-0.183725,42.51960307,,,,,,,,,,
2025/8/13 16:30,,,0.79127575,40.71928253,,,,,,,,
2025/8/13 16:30,,,,,-0.18149003,42.48999777,,,,,,
2025/8/13 16:30,,,,,,,0.793962723,40.54836919,,,,
2025/8/13 16:30,,,,,,,,,-0.214341067,42.48523801,,
2025/8/13 16:30,,,,,,,,,,,0.653699726,40.56190021
2025/8/13 16:30,0.241875,42.59931333,,,,,,,,,,
2025/8/13 16:30,,,0.788222,40.75421395,,,,,,,,
2025/8/13 16:30,,,,,0.244791282,42.55488681,,,,,,
2025/8/13 16:30,,,,,,,0.790946177,40.58274226,,,,
2025/8/13 16:30,,,,,,,,,0.2010541,42.5495569,,
2025/8/13 16:30,,,,,,,,,,,0.647209798,40.59632775
2025/8/13 16:30,0.025275,42.5999925,,,,,,,,,,
2025/8/13 16:30,,,0.784495687,40.78913412,,,,,,,,
2025/8/13 16:30,,,,,0.028749457,42.54948347,,,,,,
2025/8/13 16:30,,,,,,,0.787259764,40.61708909,,,,
2025/8/13 16:30,,,,,,,,,-0.023713188,42.54316943,,
2025/8/13 16:30,,,,,,,,,,,0.641532663,40.63073776
2025/8/13 16:30,0.025275,42.5999925,,,,,,,,,,
2025/8/13 16:30,,,0.780769375,40.82405429,,,,,,,,
2025/8/13 16:30,,,,,0.026994949,42.57628066,,,,,,
2025/8/13 16:30,,,,,,,0.783564991,40.65157041,,,,
2025/8/13 16:30,,,,,,,,,0.001506415,42.57241725,,
2025/8/13 16:30,,,,,,,,,,,0.635971639,40.66526067
2025/8/13 16:30,0.39833125,42.66814072,,,,,,,,,,
2025/8/13 16:30,,,0.783265187,40.85963852,,,,,,,,
2025/8/13 16:30,,,,,0.400665991,42.6316461,,,,,,
2025/8/13 16:30,,,,,,,0.786093983,40.68666412,,,,
2025/8/13 16:30,,,,,,,,,0.3658162,42.62723252,,
2025/8/13 16:30,,,,,,,,,,,0.635580272,40.70036241
2025/8/13 16:30,0.23575,42.66934874,,,,,,,,,,
2025/8/13 16:30,,,0.784135187,40.89523484,,,,,,,,
2025/8/13 16:30,,,,,0.238473556,42.62825037,,,,,,
2025/8/13 16:30,,,,,,,0.787010609,40.72158974,,,,
2025/8/13 16:30,,,,,,,,,0.197901315,42.62309389,,
2025/8/13 16:30,,,,,,,,,,,0.633401912,40.73527803
2025/8/13 16:30,0.23575,42.66934874,,,,,,,,,,
2025/8/13 16:30,,,0.786501625,40.93082833,,,,,,,,
2025/8/13 16:30,,,,,0.237847229,42.63825563,,,,,,
2025/8/13 16:30,,,,,,,0.789414859,40.75665807,,,,
2025/8/13 16:30,,,,,,,,,0.206935151,42.63400931,,
2025/8/13 16:30,,,,,,,,,,,0.63385867,40.77036553
2025/8/13 16:30,0.93019375,42.78989062,,,,,,,,,,
2025/8/13 16:30,,,0.7958125,40.96762723,,,,,,,,
2025/8/13 16:30,,,,,0.933081622,42.73510153,,,,,,
2025/8/13 16:30,,,,,,,0.798794836,40.79235955,,,,
2025/8/13 16:30,,,,,,,,,0.88876367,42.73044477,,
2025/8/13 16:30,,,,,,,,,,,0.641018219,40.80627168
2025/8/13 16:30,0.82174375,42.79211069,,,,,,,,,,
2025/8/13 16:30,,,0.787837937,41.00148086,,,,,,,,
2025/8/13 16:30,,,,,0.824888939,42.73420322,,,,,,
2025/8/13 16:30,,,,,,,0.790850717,40.8256535,,,,
2025/8/13 16:30,,,,,,,,,0.776682549,42.72910658,,
2025/8/13 16:30,,,,,,,,,,,0.648794203,40.84222881
2025/8/13 16:30,0.82174375,42.79211069,,,,,,,,,,
2025/8/13 16:30,,,0.783859375,41.03519058,,,,,,,,
2025/8/13 16:30,,,,,0.824379847,42.74424943,,,,,,
2025/8/13 16:30,,,,,,,0.786890466,40.8590291,,,,
2025/8/13 16:30,,,,,,,,,0.784715182,42.73980647,,
2025/8/13 16:30,,,,,,,,,,,0.656650286,40.87795875
2025/8/13 16:30,1.03584375,42.82747515,,,,,,,,,,
2025/8/13 16:30,,,0.782021812,41.06925394,,,,,,,,
2025/8/13 16:30,,,,,1.038644865,42.77240305,,,,,,
2025/8/13 16:30,,,,,,,0.785086111,40.89245068,,,,
2025/8/13 16:30,,,,,,,,,0.996279404,42.7679629,,
2025/8/13 16:30,,,,,,,,,,,0.650444738,40.91160764
2025/8/13 16:30,0.873075,42.83110248,,,,,,,,,,
2025/8/13 16:30,,,0.7751025,41.10277504,,,,,,,,
2025/8/13 16:30,,,,,0.876263737,42.77139048,,,,,,
2025/8/13 16:30,,,,,,,0.778198568,40.92537683,,,,
2025/8/13 16:30,,,,,,,,,0.827173841,42.76625065,,
2025/8/13 16:30,,,,,,,,,,,0.646623053,40.94522763
2025/8/13 16:30,0.873075,42.83110248,,,,,,,,,,
2025/8/13 16:30,,,0.76968375,41.13623951,,,,,,,,
2025/8/13 16:30,,,,,0.875252289,42.79143937,,,,,,
2025/8/13 16:30,,,,,,,0.772798865,40.95849462,,,,
2025/8/13 16:30,,,,,,,,,0.842431698,42.78749607,,
2025/8/13 16:30,,,,,,,,,,,0.642784608,40.97877963
2025/8/13 16:30,1.087375,42.86621065,,,,,,,,,,
2025/8/13 16:30,,,0.758985812,41.16888871,,,,,,,,
2025/8/13 16:30,,,,,1.089746193,42.81938756,,,,,,
2025/8/13 16:30,,,,,,,0.762113584,40.99099238,,,,
2025/8/13 16:30,,,,,,,,,1.053946486,42.81533416,,
2025/8/13 16:30,,,,,,,,,,,0.63768062,41.0121625
2025/8/13 16:30,0.870175,42.87116975,,,,,,,,,,
2025/8/13 16:30,,,0.748619312,41.20145907,,,,,,,,
2025/8/13 16:30,,,,,0.873035652,42.81811314,,,,,,
2025/8/13 16:30,,,,,,,0.751760243,41.02342945,,,,
2025/8/13 16:30,,,,,,,,,0.829201985,42.81338128,,
2025/8/13 16:30,,,,,,,,,,,0.631865576,41.04551855
2025/8/13 16:30,1.084675,42.90629185,,,,,,,,,,
2025/8/13 16:30,,,0.740397812,41.23438065,,,,,,,,
2025/8/13 16:30,,,,,1.087672441,42.84601228,,,,,,
2025/8/13 16:30,,,,,,,0.74355817,41.05601073,,,,
2025/8/13 16:30,,,,,,,,,1.041700062,42.84137715,,
2025/8/13 16:30,,,,,,,,,,,0.620854232,41.07825942
2025/8/13 16:30,1.084675,42.90629185,,,,,,,,,,
2025/8/13 16:30,,,0.729696,41.26692866,,,,,,,,
2025/8/13 16:30,,,,,1.085581004,42.88957724,,,,,,
2025/8/13 16:30,,,,,,,0.732853259,41.08874318,,,,
2025/8/13 16:30,,,,,,,,,1.07156354,42.88695234,,
2025/8/13 16:30,,,,,,,,,,,0.612695661,41.11141144
2025/8/13 16:30,0.70409375,42.91422435,,,,,,,,,,
2025/8/13 16:30,,,0.719200375,41.29935831,,,,,,,,
2025/8/13 16:30,,,,,0.705733205,42.88658131,,,,,,
2025/8/13 16:30,,,,,,,0.722354336,41.12137582,,,,
2025/8/13 16:30,,,,,,,,,0.68155862,42.88311899,,
2025/8/13 16:30,,,,,,,,,,,0.600573475,41.14438773
2025/8/13 16:30,0.70409375,42.91422435,,,,,,,,,,
2025/8/13 16:30,,,0.70870475,41.33178797,,,,,,,,
2025/8/13 16:30,,,,,0.704370069,42.90999096,,,,,,
2025/8/13 16:30,,,,,,,0.71185227,41.15397397,,,,
2025/8/13 16:30,,,,,,,,,0.699855091,42.9080224,,
2025/8/13 16:30,,,,,,,,,,,0.586182315,41.17732817
2025/8/13 16:30,0.3229,42.91878535,,,,,,,,,,
2025/8/13 16:30,,,0.697411437,41.36414146,,,,,,,,
2025/8/13 16:30,,,,,0.323929736,42.9037789,,,,,,
2025/8/13 16:30,,,,,,,0.700554513,41.18648338,,,,
2025/8/13 16:30,,,,,,,,,0.308250154,42.90083985,,
2025/8/13 16:30,,,,,,,,,,,0.57198365,41.21013402
2025/8/13 16:30,0.3229,42.91878535,,,,,,,,,,
2025/8/13 16:30,,,0.686118125,41.39649495,,,,,,,,
2025/8/13 16:30,,,,,0.322765171,42.92058955,,,,,,
2025/8/13 16:30,,,,,,,0.689252827,41.21899325,,,,
2025/8/13 16:30,,,,,,,,,0.325456561,42.92248537,,
2025/8/13 16:30,,,,,,,,,,,0.557821549,41.24288022
2025/8/13 16:30,1.34450625,43.0890288,,,,,,,,,,
2025/8/13 16:30,,,0.688059625,41.43045189,,,,,,,,
2025/8/13 16:30,,,,,1.345895737,43.05973581,,,,,,
2025/8/13 16:30,,,,,,,0.691195456,41.25288891,,,,
2025/8/13 16:30,,,,,,,,,1.325039096,43.0568998,,
2025/8/13 16:30,,,,,,,,,,,0.55673839,41.27694886
2025/8/13 16:30,0.68960625,43.10448403,,,,,,,,,,
2025/8/13 16:30,,,0.683452125,41.46456339,,,,,,,,
2025/8/13 16:30,,,,,0.692347874,43.05644316,,,,,,
2025/8/13 16:30,,,,,,,0.686615584,41.28651666,,,,
2025/8/13 16:30,,,,,,,,,0.650568272,43.05179181,,
2025/8/13 16:30,,,,,,,,,,,0.548808301,41.31079299
2025/8/13 16:30,0.68960625,43.10448403,,,,,,,,,,
2025/8/13 16:30,,,0.680859625,41.49862161,,,,,,,,
2025/8/13 16:30,,,,,0.691075635,43.07993979,,,,,,
2025/8/13 16:30,,,,,,,0.684036035,41.32035601,,,,
2025/8/13 16:30,,,,,,,,,0.668940191,43.07662895,,
2025/8/13 16:30,,,,,,,,,,,0.544160208,41.34488643
2025/8/13 16:30,0.30675,43.10890864,,,,,,,,,,
2025/8/13 16:30,,,0.671955125,41.53229098,,,,,,,,
2025/8/13 16:30,,,,,0.309051558,43.07355641,,,,,,
2025/8/13 16:30,,,,,,,0.675147972,41.35378833,,,,
2025/8/13 16:30,,,,,,,,,0.274282309,43.06903651,,
2025/8/13 16:30,,,,,,,,,,,0.535388425,41.37862275
2025/8/13 16:30,0.84625,43.20171248,,,,,,,,,,
2025/8/13 16:30,,,0.668445625,41.56688839,,,,,,,,
2025/8/13 16:30,,,,,0.849141025,43.14820591,,,,,,
2025/8/13 16:30,,,,,,,0.67166641,41.38786659,,,,
2025/8/13 16:30,,,,,,,,,0.804635018,43.14339859,,
2025/8/13 16:30,,,,,,,,,,,0.533971911,41.41311446
2025/8/13 16:30,0.68198125,43.20461783,,,,,,,,,,
2025/8/13 16:30,,,0.656821875,41.60046117,,,,,,,,
2025/8/13 16:30,,,,,0.685260332,43.1463957,,,,,,
2025/8/13 16:30,,,,,,,0.660065164,41.42110572,,,,
2025/8/13 16:30,,,,,,,,,0.634802677,43.14109131,,
2025/8/13 16:30,,,,,,,,,,,0.528434586,41.44724523
2025/8/13 16:30,0.68198125,43.20461783,,,,,,,,,,
2025/8/13 16:30,,,0.647719687,41.63392524,,,,,,,,
2025/8/13 16:30,,,,,0.684196147,43.16651933,,,,,,
2025/8/13 16:30,,,,,,,0.650970282,41.45451742,,,,
2025/8/13 16:30,,,,,,,,,0.650451421,43.16238431,,
2025/8/13 16:30,,,,,,,,,,,0.52298507,41.48148303
2025/8/13 16:30,0.35310625,43.20855721,,,,,,,,,,
2025/8/13 16:30,,,0.63532875,41.6674287,,,,,,,,
2025/8/13 16:30,,,,,0.356080626,43.16116595,,,,,,
2025/8/13 16:30,,,,,,,0.63859852,41.48777462,,,,
2025/8/13 16:30,,,,,,,,,0.310189843,43.15589597,,
2025/8/13 16:30,,,,,,,,,,,0.507773543,41.51484155
2025/8/13 16:30,0.35310625,43.20855721,,,,,,,,,,
2025/8/13 16:30,,,0.625967812,41.70082265,,,,,,,,
2025/8/13 16:30,,,,,0.354473748,43.18795343,,,,,,
2025/8/13 16:30,,,,,,,0.629234822,41.52128428,,,,
2025/8/13 16:30,,,,,,,,,0.33373021,43.18465382,,
2025/8/13 16:30,,,,,,,,,,,0.495377816,41.54846221
2025/8/13 16:30,0.02378125,43.20999346,,,,,,,,,,
2025/8/13 16:30,,,0.613313625,41.73423097,,,,,,,,
2025/8/13 16:30,,,,,0.025886075,43.18029769,,,,,,
2025/8/13 16:30,,,,,,,0.616596848,41.554483,,,,
2025/8/13 16:30,,,,,,,,,-0.005995956,43.17583412,,
2025/8/13 16:30,,,,,,,,,,,0.47952887,41.58189088
2025/8/13 16:30,0.02378125,43.20999346,,,,,,,,,,
2025/8/13 16:30,,,0.603693937,41.76755272,,,,,,,,
2025/8/13 16:30,,,,,0.024016313,43.20702651,,,,,,
2025/8/13 16:30,,,,,,,0.606968828,41.58795661,,,,
2025/8/13 16:30,,,,,,,,,0.024377088,43.20524626,,
2025/8/13 16:30,,,,,,,,,,,0.467092473,41.61560534
2025/8/13 16:30,0.56453125,43.30632061,,,,,,,,,,
2025/8/13 16:30,,,0.59948175,41.80183774,,,,,,,,
2025/8/13 16:30,,,,,0.565856836,43.28508173,,,,,,
2025/8/13 16:30,,,,,,,0.60276492,41.62210983,,,,
2025/8/13 16:30,,,,,,,,,0.545939258,43.28188935,,
2025/8/13 16:30,,,,,,,,,,,0.459720836,41.64984114
2025/8/13 16:30,0.17975,43.30962699,,,,,,,,,,
2025/8/13 16:30,,,0.593953937,41.83610128,,,,,,,,
2025/8/13 16:30,,,,,0.181912535,43.2776801,,,,,,
2025/8/13 16:30,,,,,,,0.597248539,41.65621234,,,,
2025/8/13 16:30,,,,,,,,,0.149525473,43.27330592,,
2025/8/13 16:30,,,,,,,,,,,0.451499347,41.68400469
2025/8/13 16:30,0.5048,43.36706212,,,,,,,,,,
2025/8/13 16:30,,,0.591676625,41.87093917,,,,,,,,
2025/8/13 16:30,,,,,0.507400553,43.32410172,,,,,,
2025/8/13 16:30,,,,,,,0.594997971,41.69061029,,,,
2025/8/13 16:30,,,,,,,,,0.467673221,43.31934897,,
2025/8/13 16:30,,,,,,,,,,,0.446382127,41.71852183
2025/8/13 16:30,0.1745,43.36964895,,,,,,,,,,
2025/8/13 16:30,,,0.583601625,41.9053564,,,,,,,,
2025/8/13 16:30,,,,,0.17790828,43.31750405,,,,,,
2025/8/13 16:30,,,,,,,0.58695404,41.72455368,,,,
2025/8/13 16:30,,,,,,,,,0.125468506,43.31146251,,
2025/8/13 16:30,,,,,,,,,,,0.440439547,41.75298865
2025/8/13 16:30,0.44571875,43.41771222,,,,,,,,,,
2025/8/13 16:30,,,0.580774125,41.94019996,,,,,,,,
2025/8/13 16:30,,,,,0.449389723,43.35636847,,,,,,
2025/8/13 16:30,,,,,,,0.584155063,41.75890895,,,,
2025/8/13 16:30,,,,,,,,,0.391995454,43.35025021,,
2025/8/13 16:30,,,,,,,,,,,0.437015993,41.78763017
2025/8/13 16:30,0.44571875,43.41771222,,,,,,,,,,
2025/8/13 16:30,,,0.577946625,41.97504352,,,,,,,,
2025/8/13 16:30,,,,,0.447281941,43.39325721,,,,,,
2025/8/13 16:30,,,,,,,0.581343912,41.79349794,,,,
2025/8/13 16:30,,,,,,,,,0.423407912,43.38972421,,
2025/8/13 16:30,,,,,,,,,,,0.431478111,41.82231618
2025/8/13 16:30,0.0598,43.41995882,,,,,,,,,,
2025/8/13 16:30,,,0.574306438,42.00986559,,,,,,,,
2025/8/13 16:30,,,,,0.062231625,43.38476239,,,,,,
2025/8/13 16:30,,,,,,,0.577724288,41.82801825,,,,
2025/8/13 16:30,,,,,,,,,0.0253361,43.37990188,,
2025/8/13 16:30,,,,,,,,,,,0.424551611,41.85693227
2025/8/13 16:30,0.0598,43.41995882,,,,,,,,,,
2025/8/13 16:30,,,0.565166938,42.04368357,,,,,,,,
2025/8/13 16:30,,,,,0.060188776,43.41489516,,,,,,
2025/8/13 16:30,,,,,,,0.568574196,41.86203684,,,,
2025/8/13 16:30,,,,,,,,,0.053629756,43.41266044,,
2025/8/13 16:30,,,,,,,,,,,0.417784486,41.89169808
2025/8/13 16:30,0.54878125,43.50653904,,,,,,,,,,
2025/8/13 16:30,,,0.563459438,42.0783136,,,,,,,,
2025/8/13 16:30,,,,,0.550124229,43.48504272,,,,,,
2025/8/13 16:30,,,,,,,0.566859977,41.8967804,,,,
2025/8/13 16:30,,,,,,,,,0.529737039,43.48186566,,
2025/8/13 16:30,,,,,,,,,,,0.418895862,41.92721042
2025/8/13 16:30,0.54878125,43.50653904,,,,,,,,,,
2025/8/13 16:30,,,0.561751938,42.11294363,,,,,,,,
2025/8/13 16:30,,,,,0.548643294,43.50853471,,,,,,
2025/8/13 16:30,,,,,,,0.565144877,41.93152396,,,,
2025/8/13 16:30,,,,,,,,,0.551560164,43.51042326,,
2025/8/13 16:30,,,,,,,,,,,0.414863482,41.96221482
2025/8/13 16:30,1.09328125,43.59629383,,,,,,,,,,
2025/8/13 16:30,,,0.568544188,42.14842798,,,,,,,,
2025/8/13 16:30,,,,,1.093975653,43.5834287,,,,,,
2025/8/13 16:30,,,,,,,0.571931105,41.96706544,,,,
2025/8/13 16:30,,,,,,,,,1.083452159,43.58125834,,
2025/8/13 16:30,,,,,,,,,,,0.418761483,41.99795887
2025/8/13 16:30,0.70675,43.60427278,,,,,,,,,,
2025/8/13 16:30,,,0.571471125,42.18399211,,,,,,,,
2025/8/13 16:30,,,,,0.708151753,43.58052666,,,,,,
2025/8/13 16:30,,,,,,,0.57487329,42.00237626,,,,
2025/8/13 16:30,,,,,,,,,0.687061313,43.57744235,,
2025/8/13 16:30,,,,,,,,,,,0.418519327,42.03341514
2025/8/13 16:30,1.14325,43.67503955,,,,,,,,,,
2025/8/13 16:30,,,0.573248625,42.21925858,,,,,,,,
2025/8/13 16:30,,,,,1.145144301,43.63688869,,,,,,
2025/8/13 16:30,,,,,,,0.576660658,42.03741326,,,,
2025/8/13 16:30,,,,,,,,,1.116008118,43.63339157,,
2025/8/13 16:30,,,,,,,,,,,0.425703871,42.06948715
2025/8/13 16:30,1.14325,43.67503955,,,,,,,,,,
2025/8/13 16:30,,,0.579106125,42.25444767,,,,,,,,
2025/8/13 16:30,,,,,1.143327761,43.6736866,,,,,,
2025/8/13 16:30,,,,,,,0.582500987,42.07286443,,,,
2025/8/13 16:30,,,,,,,,,1.141459566,43.6719668,,
2025/8/13 16:30,,,,,,,,,,,0.432954119,42.10569366
2025/8/13 16:30,1.63526875,43.74944909,,,,,,,,,,
2025/8/13 16:30,,,0.591415875,42.29036252,,,,,,,,
2025/8/13 16:30,,,,,1.636018655,43.7320609,,,,,,
2025/8/13 16:30,,,,,,,0.594796589,42.10892655,,,,
2025/8/13 16:30,,,,,,,,,1.624938856,43.72988946,,
2025/8/13 16:30,,,,,,,,,,,0.439670009,42.14168632
2025/8/13 16:30,1.63526875,43.74944909,,,,,,,,,,
2025/8/13 16:30,,,0.600208563,42.32562805,,,,,,,,
2025/8/13 16:30,,,,,1.634990885,43.75555681,,,,,,
2025/8/13 16:30,,,,,,,0.603559925,42.14470324,,,,
2025/8/13 16:30,,,,,,,,,1.639866672,43.75750036,,
2025/8/13 16:30,,,,,,,,,,,0.450726311,42.17801281
2025/8/13 16:30,2.07346875,43.81096127,,,,,,,,,,
2025/8/13 16:30,,,0.617986188,42.36144853,,,,,,,,
2025/8/13 16:30,,,,,2.073644829,43.80624977,,,,,,
2025/8/13 16:30,,,,,,,0.621300459,42.18106443,,,,
2025/8/13 16:30,,,,,,,,,2.070699798,43.8044967,,
2025/8/13 16:30,,,,,,,,,,,0.467668041,42.21484168
2025/8/13 16:30,2.5674,43.87494681,,,,,,,,,,
2025/8/13 16:30,,,0.632641125,42.39644833,,,,,,,,
2025/8/13 16:30,,,,,2.567928321,43.85452055,,,,,,
2025/8/13 16:30,,,,,,,0.635916863,42.2167407,,,,
2025/8/13 16:30,,,,,,,,,2.559223534,43.8525267,,
2025/8/13 16:30,,,,,,,,,,,0.486050091,42.25163304
2025/8/13 16:30,2.5674,43.87494681,,,,,,,,,,
2025/8/13 16:30,,,0.650370313,42.43137595,,,,,,,,
2025/8/13 16:30,,,,,2.566805689,43.89810645,,,,,,
2025/8/13 16:30,,,,,,,0.653587073,42.25287407,,,,
2025/8/13 16:30,,,,,,,,,2.57593526,43.90003224,,
2025/8/13 16:30,,,,,,,,,,,0.509372736,42.28899786
2025/8/13 16:30,3.06234375,43.93340017,,,,,,,,,,
2025/8/13 16:30,,,0.670523,42.46644553,,,,,,,,
2025/8/13 16:30,,,,,3.062208437,43.94100236,,,,,,
2025/8/13 16:30,,,,,,,0.67368534,42.28908433,,,,
2025/8/13 16:30,,,,,,,,,3.063667712,43.94263536,,
2025/8/13 16:30,,,,,,,,,,,0.529600091,42.32561641
2025/8/13 16:30,1.73244375,44.00591141,,,,,,,,,,
2025/8/13 16:30,,,0.680969,42.50216314,,,,,,,,
2025/8/13 16:30,,,,,1.733562365,43.97796591,,,,,,
2025/8/13 16:30,,,,,,,0.684077641,42.32569588,,,,
2025/8/13 16:30,,,,,,,,,1.716971165,43.9754711,,
2025/8/13 16:30,,,,,,,,,,,0.539571407,42.3626
2025/8/13 16:30,1.454475,44.01597554,,,,,,,,,,
2025/8/13 16:30,,,0.68306725,42.53701396,,,,,,,,
2025/8/13 16:30,,,,,1.456060353,43.98008984,,,,,,
2025/8/13 16:30,,,,,,,0.686129694,42.36156153,,,,
2025/8/13 16:30,,,,,,,,,1.432020667,43.97708836,,
2025/8/13 16:30,,,,,,,,,,,0.544170421,42.39924359
2025/8/13 16:30,0.95334375,44.02968017,,,,,,,,,,
2025/8/13 16:30,,,0.681695625,42.57195742,,,,,,,,
2025/8/13 16:30,,,,,0.955929019,43.97969425,,,,,,
2025/8/13 16:30,,,,,,,0.684716197,42.39742512,,,,
2025/8/13 16:30,,,,,,,,,0.915112284,43.97528999,,
2025/8/13 16:30,,,,,,,,,,,0.54737505,42.43592315
2025/8/13 16:30,0.73029375,44.03394453,,,,,,,,,,
2025/8/13 16:30,,,0.6780935,42.60694353,,,,,,,,
2025/8/13 16:30,,,,,0.733385949,43.97772869,,,,,,
2025/8/13 16:30,,,,,,,0.681052313,42.43886574,,,,
2025/8/13 16:30,,,,,,,,,0.685142637,43.97260329,,
2025/8/13 16:30,,,,,,,,,,,0.542689524,42.47179326
2025/8/13 16:30,0.28359375,44.0390869,,,,,,,,,,
2025/8/13 16:30,,,0.674655438,42.64188294,,,,,,,,
2025/8/13 16:30,,,,,0.28780519,43.97047016,,,,,,
2025/8/13 16:30,,,,,,,0.677546399,42.48027903,,,,
2025/8/13 16:30,,,,,,,,,0.220316194,43.96341839,,
2025/8/13 16:30,,,,,,,,,,,0.534985329,42.50758413
2025/8/13 16:30,0.77955,44.12311414,,,,,,,,,,
2025/8/13 16:30,,,0.681334438,42.67761562,,,,,,,,
2025/8/13 16:30,,,,,0.783999044,44.03814949,,,,,,
2025/8/13 16:30,,,,,,,0.684139817,42.52248008,,,,
2025/8/13 16:30,,,,,,,,,0.71182919,44.03143239,,
2025/8/13 16:30,,,,,,,,,,,0.536876034,42.55000308
2025/8/13 16:30,0.5559,44.12649856,,,,,,,,,,
2025/8/13 16:30,,,0.690946938,42.71340086,,,,,,,,
2025/8/13 16:30,,,,,0.560978938,44.03536394,,,,,,
2025/8/13 16:30,,,,,,,0.693651958,42.56482862,,,,
2025/8/13 16:30,,,,,,,,,0.478769922,44.02752601,,
2025/8/13 16:30,,,,,,,,,,,0.542148116,42.59259819
2025/8/13 16:30,0.5559,44.12649856,,,,,,,,,,
2025/8/13 16:30,,,0.706260875,42.7492832,,,,,,,,
2025/8/13 16:30,,,,,0.556989559,44.10903459,,,,,,
2025/8/13 16:30,,,,,,,0.708801303,42.60818167,,,,
2025/8/13 16:30,,,,,,,,,0.578863725,44.1092029,,
2025/8/13 16:30,,,,,,,,,,,0.554831298,42.6363474
2025/8/13 16:30,0.16403125,44.12969515,,,,,,,,,,
2025/8/13 16:30,,,0.723893125,42.78539561,,,,,,,,
2025/8/13 16:30,,,,,0.165935575,44.10151381,,,,,,
2025/8/13 16:30,,,,,,,0.726249133,42.65184203,,,,
2025/8/13 16:30,,,,,,,,,0.136801888,44.09743541,,
2025/8/13 16:30,,,,,,,,,,,0.569580726,42.6804249
2025/8/13 16:30,0.16403125,44.12969515,,,,,,,,,,
2025/8/13 16:30,,,0.747780375,42.82180329,,,,,,,,
2025/8/13 16:30,,,,,0.163637362,44.13505434,,,,,,
2025/8/13 16:30,,,,,,,0.749899465,42.69631556,,,,
2025/8/13 16:30,,,,,,,,,0.170466705,44.13726262,,
2025/8/13 16:30,,,,,,,,,,,0.591880508,42.72552044
2025/8/13 16:30,-0.28456875,44.12908248,,,,,,,,,,
2025/8/13 16:30,,,0.740141688,42.85232208,,,,,,,,
2025/8/13 16:30,,,,,-0.284270176,44.12550047,,,,,,
2025/8/13 16:30,,,,,,,0.742118266,42.73577927,,,,
2025/8/13 16:30,,,,,,,,,-0.289592764,44.12333908,,
2025/8/13 16:30,,,,,,,,,,,0.61756583,42.77131647
2025/8/13 16:30,-0.28456875,44.12908248,,,,,,,,,,
2025/8/13 16:30,,,0.739299563,42.88281779,,,,,,,,
2025/8/13 16:30,,,,,-0.286817999,44.15900165,,,,,,
2025/8/13 16:30,,,,,,,0.741075194,42.77576098,,,,
2025/8/13 16:30,,,,,,,,,-0.252683529,44.16385949,,
2025/8/13 16:30,,,,,,,,,,,0.651718619,42.81853391
2025/8/13 16:30,-0.73396875,44.12389591,,,,,,,,,,
2025/8/13 16:30,,,0.722119875,42.91107396,,,,,,,,
2025/8/13 16:30,,,,,-0.735504717,44.14187374,,,,,,
2025/8/13 16:30,,,,,,,0.723746861,42.8137935,,,,
2025/8/13 16:30,,,,,,,,,-0.712371344,44.14585015,,
2025/8/13 16:30,,,,,,,,,,,0.649219949,42.85910905
2025/8/13 16:30,-0.73396875,44.12389591,,,,,,,,,,
2025/8/13 16:30,,,0.712808625,42.93921762,,,,,,,,
2025/8/13 16:30,,,,,-0.737825541,44.17194116,,,,,,
2025/8/13 16:30,,,,,,,0.714223887,42.8522542,,,,
2025/8/13 16:30,,,,,,,,,-0.679462348,44.17949705,,
2025/8/13 16:30,,,,,,,,,,,0.656024577,42.90063531
2025/8/13 16:30,-1.18416875,44.11410936,,,,,,,,,,
2025/8/13 16:30,,,0.698995375,42.96726342,,,,,,,,
2025/8/13 16:30,,,,,-1.18741276,44.15021281,,,,,,
2025/8/13 16:30,,,,,,,0.699914683,42.91835746,,,,
2025/8/13 16:30,,,,,,,,,-1.138384922,44.15735804,,
2025/8/13 16:30,,,,,,,,,,,0.643607321,42.93955476
2025/8/13 16:30,-1.18416875,44.11410936,,,,,,,,,,
2025/8/13 16:30,,,0.652926625,42.99050381,,,,,,,,
2025/8/13 16:30,,,,,-1.189862141,44.18033532,,,,,,
2025/8/13 16:30,,,,,,,0.653717046,42.98094537,,,,
2025/8/13 16:30,,,,,,,,,-1.101903712,44.19180123,,
2025/8/13 16:30,,,,,,,,,,,0.642116365,42.97942522
2025/8/13 16:30,-1.18416875,44.11410936,,,,,,,,,,
2025/8/13 16:30,,,0.606857875,43.0137442,,,,,,,,
2025/8/13 16:30,,,,,-1.19089428,44.19381081,,,,,,
2025/8/13 16:30,,,,,,,0.607592238,43.00380386,,,,
2025/8/13 16:30,,,,,,,,,-1.086371779,44.20699636,,
2025/8/13 16:30,,,,,,,,,,,0.596867247,43.0023973
2025/8/13 16:30,-1.91745,44.08832369,,,,,,,,,,
2025/8/13 16:30,,,0.566632875,43.03585618,,,,,,,,
2025/8/13 16:30,,,,,-1.923427364,44.14892799,,,,,,
2025/8/13 16:30,,,,,,,0.567332302,43.02575191,,,,
2025/8/13 16:30,,,,,,,,,-1.830866373,44.16232471,,
2025/8/13 16:30,,,,,,,,,,,0.557172818,43.02444773
2025/8/13 16:30,-1.91745,44.08832369,,,,,,,,,,
2025/8/13 16:30,,,0.526407875,43.05796816,,,,,,,,
2025/8/13 16:30,,,,,-1.924619271,44.16236763,,,,,,
2025/8/13 16:30,,,,,,,0.527064354,43.04769982,,,,
2025/8/13 16:30,,,,,,,,,-1.813299687,44.17809118,,
2025/8/13 16:30,,,,,,,,,,,0.517594045,43.04651848
2025/8/13 16:30,-2.36975,44.06632711,,,,,,,,,,
2025/8/13 16:30,,,0.485363313,43.07969042,,,,,,,,
2025/8/13 16:30,,,,,-2.376357529,44.12882209,,,,,,
2025/8/13 16:30,,,,,,,0.485984121,43.06925446,,,,
2025/8/13 16:30,,,,,,,,,-2.273574599,44.14446161,,
2025/8/13 16:30,,,,,,,,,,,0.477092391,43.06819056
2025/8/13 16:30,-2.36975,44.06632711,,,,,,,,,,
2025/8/13 16:30,,,0.44431875,43.10141268,,,,,,,,
2025/8/13 16:30,,,,,-2.378923539,44.15556049,,,,,,
2025/8/13 16:30,,,,,,,0.444881749,43.09097584,,,,
2025/8/13 16:30,,,,,,,,,-2.235124931,44.17673537,,
2025/8/13 16:30,,,,,,,,,,,0.436926603,43.09008204
2025/8/13 16:30,-2.53956875,44.05686655,,,,,,,,,,
2025/8/13 16:30,,,0.3963285,43.12228911,,,,,,,,
2025/8/13 16:30,,,,,-2.548543735,44.14188728,,,,,,
2025/8/13 16:30,,,,,,,0.396823047,43.11198611,,,,
2025/8/13 16:30,,,,,,,,,-2.407918137,44.16311202,,
2025/8/13 16:30,,,,,,,,,,,0.389967103,43.11127659
2025/8/13 16:30,-2.53956875,44.05686655,,,,,,,,,,
2025/8/13 16:30,,,0.34833825,43.14316554,,,,,,,,
2025/8/13 16:30,,,,,-2.55074722,44.16535945,,,,,,
2025/8/13 16:30,,,,,,,0.348745059,43.13313062,,,,
2025/8/13 16:30,,,,,,,,,-2.372697544,44.19172505,,
2025/8/13 16:30,,,,,,,,,,,0.343312548,43.13265473
2025/8/13 16:30,-2.93625,44.03220794,,,,,,,,,,
2025/8/13 16:30,,,0.293226688,43.16337597,,,,,,,,
2025/8/13 16:30,,,,,-2.947127807,44.13072816,,,,,,
2025/8/13 16:30,,,,,,,0.293542042,43.15361406,,,,
2025/8/13 16:30,,,,,,,,,-2.774366314,44.15788687,,
2025/8/13 16:30,,,,,,,,,,,0.289582961,43.15338583
2025/8/13 16:30,-2.93625,44.03220794,,,,,,,,,,
2025/8/13 16:30,,,0.238115125,43.1835864,,,,,,,,
2025/8/13 16:30,,,,,-2.949631695,44.15770042,,,,,,
2025/8/13 16:30,,,,,,,0.238316238,43.17426674,,,,
2025/8/13 16:30,,,,,,,,,-2.733183912,44.19098858,,
2025/8/13 16:30,,,,,,,,,,,0.236234421,43.17434622
2025/8/13 16:30,-1.33128125,44.40004606,,,,,,,,,,
2025/8/13 16:30,,,0.210200313,43.20694023,,,,,,,,
2025/8/13 16:30,,,,,-1.337378288,44.46964125,,,,,,
2025/8/13 16:30,,,,,,,0.210361683,43.19784024,,,,
2025/8/13 16:30,,,,,,,,,-1.24287903,44.4820265,,
2025/8/13 16:30,,,,,,,,,,,0.208915159,43.19800975
2025/8/13 16:30,-1.33128125,44.40004606,,,,,,,,,,
2025/8/13 16:30,,,0.1822855,43.23029405,,,,,,,,
2025/8/13 16:30,,,,,-1.338167485,44.47975066,,,,,,
2025/8/13 16:30,,,,,,,0.182401994,43.22144789,,,,
2025/8/13 16:30,,,,,,,,,-1.2298545,44.49362039,,
2025/8/13 16:30,,,,,,,,,,,0.181690466,43.22172033
2025/8/13 16:30,-0.55270625,44.55657208,,,,,,,,,,
2025/8/13 16:30,,,0.165351438,43.25511437,,,,,,,,
2025/8/13 16:30,,,,,-0.556771502,44.61007726,,,,,,
2025/8/13 16:30,,,,,,,0.165449898,43.24635449,,,,
2025/8/13 16:30,,,,,,,,,-0.494131567,44.61770576,,
2025/8/13 16:30,,,,,,,,,,,0.165034035,43.24666615
2025/8/13 16:30,-0.55270625,44.55657208,,,,,,,,,,
2025/8/13 16:30,,,0.148417375,43.2799347,,,,,,,,
2025/8/13 16:30,,,,,-0.558858213,44.64016621,,,,,,
2025/8/13 16:30,,,,,,,0.148483139,43.27142809,,,,
2025/8/13 16:30,,,,,,,,,-0.462346511,44.65109375,,
2025/8/13 16:30,,,,,,,,,,,0.148612455,43.27180622
2025/8/13 16:30,-1.00680625,44.54862446,,,,,,,,,,
2025/8/13 16:30,,,0.13388025,43.30454467,,,,,,,,
2025/8/13 16:30,,,,,-1.012661381,44.62028871,,,,,,
2025/8/13 16:30,,,,,,,0.133911613,43.29637428,,,,
2025/8/13 16:30,,,,,,,,,-0.920698895,44.63167265,,
2025/8/13 16:30,,,,,,,,,,,0.134614969,43.29682251
2025/8/13 16:30,-1.00680625,44.54862446,,,,,,,,,,
2025/8/13 16:30,,,0.114602938,43.32833146,,,,,,,,
2025/8/13 16:30,,,,,-1.014660183,44.64702852,,,,,,
2025/8/13 16:30,,,,,,,0.114568134,43.32092844,,,,
2025/8/13 16:30,,,,,,,,,-0.890747898,44.66177215,,
2025/8/13 16:30,,,,,,,,,,,0.11633168,43.32149544
2025/8/13 16:30,0.2776,44.78913974,,,,,,,,,,
2025/8/13 16:30,,,0.11084375,43.35447349,,,,,,,,
2025/8/13 16:30,,,,,0.274141861,44.84501999,,,,,,
2025/8/13 16:30,,,,,,,0.110783245,43.3474896,,,,
2025/8/13 16:30,,,,,,,,,0.327920052,44.85088959,,
2025/8/13 16:30,,,,,,,,,,,0.112913175,43.3480855
2025/8/13 16:30,0.2776,44.78913974,,,,,,,,,,
2025/8/13 16:30,,,0.1129785,43.38056537,,,,,,,,
2025/8/13 16:30,,,,,0.273572694,44.8550969,,,,,,
2025/8/13 16:30,,,,,,,0.112877722,43.37424106,,,,
2025/8/13 16:30,,,,,,,,,0.336583025,44.86167707,,
2025/8/13 16:30,,,,,,,,,,,0.115608692,43.37491177
2025/8/13 16:30,0.05025,44.78997181,,,,,,,,,,
2025/8/13 16:30,,,0.11283975,43.40666558,,,,,,,,
2025/8/13 16:30,,,,,0.046342173,44.84974826,,,,,,
2025/8/13 16:30,,,,,,,0.112707865,43.400834,,,,
2025/8/13 16:30,,,,,,,,,0.107438304,44.85649836,,
2025/8/13 16:30,,,,,,,,,,,0.116023793,43.40155473
2025/8/13 16:30,0.05025,44.78997181,,,,,,,,,,
2025/8/13 16:30,,,0.114848,43.43276798,,,,,,,,
2025/8/13 16:30,,,,,0.044763471,44.8766251,,,,,,
2025/8/13 16:30,,,,,,,0.114664898,43.4277592,,,,
2025/8/13 16:30,,,,,,,,,0.131031313,44.88538845,,
2025/8/13 16:30,,,,,,,,,,,0.118786967,43.42854522
2025/8/13 16:30,-0.1773,44.78964908,,,,,,,,,,
2025/8/13 16:30,,,0.11458075,43.45886716,,,,,,,,
2025/8/13 16:30,,,,,-0.182738948,44.87011655,,,,,,
2025/8/13 16:30,,,,,,,0.114352148,43.45455158,,,,
2025/8/13 16:30,,,,,,,,,-0.097682582,44.87926977,,
2025/8/13 16:30,,,,,,,,,,,0.11919526,43.45540088
2025/8/13 16:30,2.41135,45.1857045,,,,,,,,,,
2025/8/13 16:30,,,0.14557625,43.48898035,,,,,,,,
2025/8/13 16:30,,,,,2.41135,45.1857045,,,,,,
2025/8/13 16:30,,,,,,,0.145347059,43.48467076,,,,
2025/8/13 16:30,,,,,,,,,2.411019595,45.18540058,,
2025/8/13 16:30,,,,,,,,,,,0.150215438,43.4855372
2025/8/13 16:30,2.41135,45.1857045,,,,,,,,,,
2025/8/13 16:30,,,0.17657175,43.51909354,,,,,,,,
2025/8/13 16:30,,,,,2.41111139,45.19383101,,,,,,
2025/8/13 16:30,,,,,,,0.176345837,43.51480432,,,,
2025/8/13 16:30,,,,,,,,,2.415302591,45.19560779,,
2025/8/13 16:30,,,,,,,,,,,0.181162946,43.51566182
2025/8/13 16:30,2.01265625,45.20521778,,,,,,,,,,
2025/8/13 16:30,,,0.205734313,43.54944252,,,,,,,,
2025/8/13 16:30,,,,,2.01265625,45.20521778,,,,,,
2025/8/13 16:30,,,,,,,0.205508619,43.54515118,,,,
2025/8/13 16:30,,,,,,,,,2.011771438,45.20361022,,
2025/8/13 16:30,,,,,,,,,,,0.210297376,43.54597333
2025/8/13 16:30,2.522225,45.26979104,,,,,,,,,,
2025/8/13 16:30,,,0.23101125,43.57864043,,,,,,,,
2025/8/13 16:30,,,,,2.522636939,45.2542027,,,,,,
2025/8/13 16:30,,,,,,,0.230769182,43.5744747,,,,
2025/8/13 16:30,,,,,,,,,2.51646359,45.2523427,,
2025/8/13 16:30,,,,,,,,,,,0.235522188,43.5752966
2025/8/13 16:30,2.18,45.28756121,,,,,,,,,,
2025/8/13 16:30,,,0.25448275,43.60801934,,,,,,,,
2025/8/13 16:30,,,,,2.180800385,45.26219561,,,,,,
2025/8/13 16:30,,,,,,,0.254224198,43.60392749,,,,
2025/8/13 16:30,,,,,,,,,2.16801229,45.26013737,,
2025/8/13 16:30,,,,,,,,,,,0.259210278,43.60477926
2025/8/13 16:30,2.57703125,45.33681738,,,,,,,,,,
2025/8/13 16:30,,,0.281924563,43.63789082,,,,,,,,
2025/8/13 16:30,,,,,2.577934905,45.29924677,,,,,,
2025/8/13 16:30,,,,,,,0.281660061,43.633617,,,,
2025/8/13 16:30,,,,,,,,,2.56363292,45.29724074,,
2025/8/13 16:30,,,,,,,,,,,0.286718004,43.63448493
2025/8/13 16:30,2.1772,45.35777662,,,,,,,,,,
2025/8/13 16:30,,,0.31022525,43.66801891,,,,,,,,
2025/8/13 16:30,,,,,2.178680084,45.30889485,,,,,,
2025/8/13 16:30,,,,,,,0.309948125,43.66358475,,,,
2025/8/13 16:30,,,,,,,,,2.155227073,45.30637881,,
2025/8/13 16:30,,,,,,,,,,,0.31518015,43.66448666
2025/8/13 16:30,2.518,45.40022661,,,,,,,,,,
2025/8/13 16:30,,,0.341933938,43.6985715,,,,,,,,
2025/8/13 16:30,,,,,2.519441014,45.3408742,,,,,,
2025/8/13 16:30,,,,,,,0.341654404,43.69373855,,,,
2025/8/13 16:30,,,,,,,,,2.496342596,45.33854778,,
2025/8/13 16:30,,,,,,,,,,,0.346903252,43.69465899
2025/8/13 16:30,2.1748,45.4179606,,,,,,,,,,
2025/8/13 16:30,,,0.370210625,43.72930143,,,,,,,,
2025/8/13 16:30,,,,,2.17684453,45.34895181,,,,,,
2025/8/13 16:30,,,,,,,0.369943069,43.72387237,,,,
2025/8/13 16:30,,,,,,,,,2.143789902,45.34601645,,
2025/8/13 16:30,,,,,,,,,,,0.374989555,43.72479392
2025/8/13 16:30,2.1748,45.4179606,,,,,,,,,,
2025/8/13 16:30,,,0.398487313,43.76003136,,,,,,,,
2025/8/13 16:30,,,,,2.176471026,45.36230772,,,,,,
2025/8/13 16:30,,,,,,,0.398237162,43.75403861,,,,
2025/8/13 16:30,,,,,,,,,2.149505741,45.35960592,,
2025/8/13 16:30,,,,,,,,,,,0.402991269,43.75491444
2025/8/13 16:30,1.7165,45.43758937,,,,,,,,,,
2025/8/13 16:30,,,0.413163563,43.78921454,,,,,,,,
2025/8/13 16:30,,,,,1.719035581,45.36916362,,,,,,
2025/8/13 16:30,,,,,,,0.412920061,43.78281273,,,,
2025/8/13 16:30,,,,,,,,,1.677570798,45.3655409,,
2025/8/13 16:30,,,,,,,,,,,0.417540966,43.78369216
2025/8/13 16:30,2.68454375,45.56097919,,,,,,,,,,
2025/8/13 16:30,,,0.44184625,43.8196283,,,,,,,,
2025/8/13 16:30,,,,,2.686579753,45.4627412,,,,,,
2025/8/13 16:30,,,,,,,0.4415938,43.812641,,,,
2025/8/13 16:30,,,,,,,,,2.652496313,45.46014864,,
2025/8/13 16:30,,,,,,,,,,,0.446306029,43.8135508
2025/8/13 16:30,2.282875,45.58287049,,,,,,,,,,
2025/8/13 16:30,,,0.46651225,43.85026098,,,,,,,,
2025/8/13 16:30,,,,,2.285811525,45.47326026,,,,,,
2025/8/13 16:30,,,,,,,0.466266815,43.84247362,,,,
2025/8/13 16:30,,,,,,,,,2.236051667,45.46990618,,
2025/8/13 16:30,,,,,,,,,,,0.470809956,43.84339748
2025/8/13 16:30,2.282875,45.58287049,,,,,,,,,,
2025/8/13 16:30,,,0.48692225,43.88009655,,,,,,,,
2025/8/13 16:30,,,,,2.284971519,45.5067738,,,,,,
2025/8/13 16:30,,,,,,,0.486668618,43.87199249,,,,
2025/8/13 16:30,,,,,,,,,2.250476089,45.50394063,,
2025/8/13 16:30,,,,,,,,,,,0.491304176,43.87294132
2025/8/13 16:30,1.88059375,45.60123866,,,,,,,,,,
2025/8/13 16:30,,,0.505475438,43.91010901,,,,,,,,
2025/8/13 16:30,,,,,1.883534973,45.51392439,,,,,,
2025/8/13 16:30,,,,,,,0.505216473,43.9016369,,,,
2025/8/13 16:30,,,,,,,,,1.834561392,45.51011631,,
2025/8/13 16:30,,,,,,,,,,,0.509886922,43.90261078
2025/8/13 16:30,1.88059375,45.60123866,,,,,,,,,,
2025/8/13 16:30,,,0.524028625,43.94012147,,,,,,,,
2025/8/13 16:30,,,,,1.88279457,45.53737047,,,,,,
2025/8/13 16:30,,,,,,,0.523774469,43.9312478,,,,
2025/8/13 16:30,,,,,,,,,1.846933535,45.53404626,,
2025/8/13 16:30,,,,,,,,,,,0.528341193,43.93222707
2025/8/13 16:30,1.88059375,45.60123866,,,,,,,,,,
2025/8/13 16:30,,,0.53885125,43.96945245,,,,,,,,
2025/8/13 16:30,,,,,1.882030373,45.56079266,,,,,,
2025/8/13 16:30,,,,,,,0.538588113,43.96053927,,,,
2025/8/13 16:30,,,,,,,,,1.858781612,45.55818256,,
2025/8/13 16:30,,,,,,,,,,,0.543270847,43.96153657
2025/8/13 16:30,1.88059375,45.60123866,,,,,,,,,,
2025/8/13 16:30,,,0.555299688,43.99877135,,,,,,,,
2025/8/13 16:30,,,,,1.881110011,45.58763555,,,,,,
2025/8/13 16:30,,,,,,,0.555014478,43.99013312,,,,
2025/8/13 16:30,,,,,,,,,1.872727048,45.58563246,,
2025/8/13 16:30,,,,,,,,,,,0.560019104,43.99116196
2025/8/13 16:30,2.22311875,45.64589514,,,,,,,,,,
2025/8/13 16:30,,,0.575173375,44.02853681,,,,,,,,
2025/8/13 16:30,,,,,2.223862259,45.62170781,,,,,,
2025/8/13 16:30,,,,,,,0.574874628,44.01996764,,,,
2025/8/13 16:30,,,,,,,,,2.21193571,45.61968072,,
2025/8/13 16:30,,,,,,,,,,,0.58006911,44.02101867
2025/8/13 16:30,2.22311875,45.64589514,,,,,,,,,,
2025/8/13 16:30,,,0.588102625,44.05709686,,,,,,,,
2025/8/13 16:30,,,,,2.22311875,45.64589514,,,,,,
2025/8/13 16:30,,,,,,,0.587774999,44.04907558,,,,
2025/8/13 16:30,,,,,,,,,2.223343919,45.64683823,,
2025/8/13 16:30,,,,,,,,,,,0.593414912,44.05018261
2025/8/13 16:30,2.5089,45.68115499,,,,,,,,,,
2025/8/13 16:30,,,0.604974188,44.0859873,,,,,,,,
2025/8/13 16:30,,,,,2.50906795,45.67508309,,,,,,
2025/8/13 16:30,,,,,,,0.604616789,44.07848438,,,,
2025/8/13 16:30,,,,,,,,,2.506841505,45.67334038,,
2025/8/13 16:30,,,,,,,,,,,0.610716502,44.07962495
2025/8/13 16:30,2.79499375,45.71463671,,,,,,,,,,
2025/8/13 16:30,,,0.624706688,44.11521256,,,,,,,,
2025/8/13 16:30,,,,,2.795310492,45.69982152,,,,,,
2025/8/13 16:30,,,,,,,0.624326096,44.1080401,,,,
2025/8/13 16:30,,,,,,,,,2.790393873,45.69808968,,
2025/8/13 16:30,,,,,,,,,,,0.630773289,44.10920778
2025/8/13 16:30,2.79499375,45.71463671,,,,,,,,,,
2025/8/13 16:30,,,0.642298188,44.14408418,,,,,,,,
2025/8/13 16:30,,,,,2.794596026,45.73344627,,,,,,
2025/8/13 16:30,,,,,,,0.641885607,44.13765053,,,,
2025/8/13 16:30,,,,,,,,,2.801109992,45.7352735,,
2025/8/13 16:30,,,,,,,,,,,0.648821595,44.13888088
2025/8/13 16:30,1.17974375,45.78480321,,,,,,,,,,
2025/8/13 16:30,,,0.645364875,44.17362119,,,,,,,,
2025/8/13 16:30,,,,,1.180858677,45.76198668,,,,,,
2025/8/13 16:30,,,,,,,0.644931557,44.16755649,,,,
2025/8/13 16:30,,,,,,,,,1.163435092,45.75931597,,
2025/8/13 16:30,,,,,,,,,,,0.652184207,44.16881154
2025/8/13 16:30,1.17974375,45.78480321,,,,,,,,,,
2025/8/13 16:30,,,0.648431563,44.20315819,,,,,,,,
2025/8/13 16:30,,,,,1.180226105,45.77538495,,,,,,
2025/8/13 16:30,,,,,,,0.647981295,44.19739595,,,,
2025/8/13 16:30,,,,,,,,,1.171892526,45.77325547,,
2025/8/13 16:30,,,,,,,,,,,0.655478815,44.19866913
2025/8/13 16:30,0.83234375,45.7924361,,,,,,,,,,
2025/8/13 16:30,,,0.64588125,44.23242045,,,,,,,,
2025/8/13 16:30,,,,,0.833387587,45.77363085,,,,,,
2025/8/13 16:30,,,,,,,0.645417709,44.22693838,,,,
2025/8/13 16:30,,,,,,,,,0.817013896,45.77090924,,
2025/8/13 16:30,,,,,,,,,,,0.653109489,44.22822488
2025/8/13 16:30,1.06144375,45.82770927,,,,,,,,,,
2025/8/13 16:30,,,0.647793938,44.26198584,,,,,,,,
2025/8/13 16:30,,,,,1.062756524,45.80170467,,,,,,
2025/8/13 16:30,,,,,,,0.647314918,44.2567743,,,,
2025/8/13 16:30,,,,,,,,,1.041800503,45.79878105,,
2025/8/13 16:30,,,,,,,,,,,0.655235475,44.25807888
2025/8/13 16:30,1.06144375,45.82770927,,,,,,,,,,
2025/8/13 16:30,,,0.647561625,44.29120002,,,,,,,,
2025/8/13 16:30,,,,,1.061037967,45.83524455,,,,,,
2025/8/13 16:30,,,,,,,0.647048573,44.28666662,,,,
2025/8/13 16:30,,,,,,,,,1.067775611,45.83727983,,
2025/8/13 16:30,,,,,,,,,,,0.65549623,44.28803791
2025/8/13 16:30,0.5395,45.83682515,,,,,,,,,,
2025/8/13 16:30,,,0.642109875,44.32050535,,,,,,,,
2025/8/13 16:30,,,,,0.539711682,45.83358554,,,,,,
2025/8/13 16:30,,,,,,,0.64158988,44.3161067,,,,
2025/8/13 16:30,,,,,,,,,0.535860644,45.83169244,,
2025/8/13 16:30,,,,,,,,,,,0.650139201,44.31748531
2025/8/13 16:30,1.113125,45.92651253,,,,,,,,,,
2025/8/13 16:30,,,0.646200188,44.35062823,,,,,,,,
2025/8/13 16:30,,,,,1.114188146,45.90528778,,,,,,
2025/8/13 16:30,,,,,,,0.645674429,44.34629377,,,,
2025/8/13 16:30,,,,,,,,,1.097492677,45.90262634,,
2025/8/13 16:30,,,,,,,,,,,0.654298542,44.34768038
2025/8/13 16:30,1.113125,45.92651253,,,,,,,,,,
2025/8/13 16:30,,,0.6502905,44.38075111,,,,,,,,
2025/8/13 16:30,,,,,1.113000346,45.92877863,,,,,,
2025/8/13 16:30,,,,,,,0.649760732,44.37648164,,,,
2025/8/13 16:30,,,,,,,,,1.115681169,45.93062652,,
2025/8/13 16:30,,,,,,,,,,,0.658456803,44.37790642
2025/8/13 16:30,0.82271875,45.93263256,,,,,,,,,,
2025/8/13 16:30,,,0.655288688,44.41088958,,,,,,,,
2025/8/13 16:30,,,,,0.822854833,45.93038454,,,,,,
2025/8/13 16:30,,,,,,,0.654749983,44.4067477,,,,
2025/8/13 16:30,,,,,,,,,0.819876351,45.92848952,,
2025/8/13 16:30,,,,,,,,,,,0.663573065,44.40818292
2025/8/13 16:30,1.34005,46.01048974,,,,,,,,,,
2025/8/13 16:30,,,0.665460188,44.44180663,,,,,,,,
2025/8/13 16:30,,,,,1.340904705,45.99208322,,,,,,
2025/8/13 16:30,,,,,,,0.664931378,44.43746264,,,,
2025/8/13 16:30,,,,,,,,,1.327540838,45.98974954,,
2025/8/13 16:30,,,,,,,,,,,0.673593907,44.43885556
2025/8/13 16:30,1.1075,46.01667463,,,,,,,,,,
2025/8/13 16:30,,,0.663090125,44.47108309,,,,,,,,
2025/8/13 16:30,,,,,1.108725956,45.99202047,,,,,,
2025/8/13 16:30,,,,,,,0.66255968,44.46678548,,,,
2025/8/13 16:30,,,,,,,,,1.089153494,45.98921308,,
2025/8/13 16:30,,,,,,,,,,,0.671235051,44.46817869
2025/8/13 16:30,1.33775,46.05057356,,,,,,,,,,
2025/8/13 16:30,,,0.669571563,44.50054398,,,,,,,,
2025/8/13 16:30,,,,,1.339182225,46.01876313,,,,,,
2025/8/13 16:30,,,,,,,0.669028024,44.49640868,,,,
2025/8/13 16:30,,,,,,,,,1.31635228,46.01586409,,
2025/8/13 16:30,,,,,,,,,,,0.677892891,44.49781942
2025/8/13 16:30,1.33775,46.05057356,,,,,,,,,,
2025/8/13 16:30,,,0.676053,44.53000488,,,,,,,,
2025/8/13 16:30,,,,,1.337660617,46.05233073,,,,,,
2025/8/13 16:30,,,,,,,0.675493874,44.52613259,,,,
2025/8/13 16:30,,,,,,,,,1.340474011,46.05408766,,
2025/8/13 16:30,,,,,,,,,,,0.68460823,44.527594
2025/8/13 16:30,0.87205,46.06174583,,,,,,,,,,
2025/8/13 16:30,,,0.681706,44.55953325,,,,,,,,
2025/8/13 16:30,,,,,0.87248072,46.05419955,,,,,,
2025/8/13 16:30,,,,,,,0.681128165,44.55593902,,,,
2025/8/13 16:30,,,,,,,,,0.865305308,46.05208265,,
2025/8/13 16:30,,,,,,,,,,,0.69051846,44.55742447
2025/8/13 16:30,1.39084375,46.13904153,,,,,,,,,,
2025/8/13 16:30,,,0.687151938,44.58890654,,,,,,,,
2025/8/13 16:30,,,,,1.391904745,46.11533847,,,,,,
2025/8/13 16:30,,,,,,,0.686555802,44.58561035,,,,
2025/8/13 16:30,,,,,,,,,1.374881564,46.11286617,,
2025/8/13 16:30,,,,,,,,,,,0.696220925,44.58711914
2025/8/13 16:30,1.216,46.14398058,,,,,,,,,,
2025/8/13 16:30,,,0.692492125,44.61830017,,,,,,,,
2025/8/13 16:30,,,,,1.217343527,46.11562761,,,,,,
2025/8/13 16:30,,,,,,,0.691876634,44.61530267,,,,
2025/8/13 16:30,,,,,,,,,1.195812094,46.11268659,,
2025/8/13 16:30,,,,,,,,,,,0.701831019,44.61683509
2025/8/13 16:30,1.4469,46.1773373,,,,,,,,,,
2025/8/13 16:30,,,0.700141313,44.64802736,,,,,,,,
2025/8/13 16:30,,,,,1.448418837,46.14180021,,,,,,
2025/8/13 16:30,,,,,,,0.699518861,44.64505548,,,,
2025/8/13 16:30,,,,,,,,,1.424174388,46.13889816,,
2025/8/13 16:30,,,,,,,,,,,0.709568249,44.64660023
2025/8/13 16:30,1.4469,46.1773373,,,,,,,,,,
2025/8/13 16:30,,,0.71107925,44.67771516,,,,,,,,
2025/8/13 16:30,,,,,1.446676421,46.18205858,,,,,,
2025/8/13 16:30,,,,,,,0.710424819,44.6752644,,,,
2025/8/13 16:30,,,,,,,,,1.450894963,46.18392011,,
2025/8/13 16:30,,,,,,,,,,,0.7209753,44.67688047
2025/8/13 16:30,1.4469,46.1773373,,,,,,,,,,
2025/8/13 16:30,,,0.722017188,44.70740296,,,,,,,,
2025/8/13 16:30,,,,,1.445273157,46.21555095,,,,,,
2025/8/13 16:30,,,,,,,0.721332813,44.70554038,,,,
2025/8/13 16:30,,,,,,,,,1.470697125,46.21850212,,
2025/8/13 16:30,,,,,,,,,,,0.732344969,44.70721896
2025/8/13 16:30,2.1408,46.27050222,,,,,,,,,,
2025/8/13 16:30,,,0.743187375,44.73800805,,,,,,,,
2025/8/13 16:30,,,,,2.140245737,46.28759233,,,,,,
2025/8/13 16:30,,,,,,,0.74247641,44.73661332,,,,
2025/8/13 16:30,,,,,,,,,2.149194497,46.28955632,,
2025/8/13 16:30,,,,,,,,,,,0.753896874,44.73835618
2025/8/13 16:30,2.1408,46.27050222,,,,,,,,,,
2025/8/13 16:30,,,0.764357563,44.76861314,,,,,,,,
2025/8/13 16:30,,,,,2.139843547,46.30090769,,,,,,
2025/8/13 16:30,,,,,,,0.763634682,44.76755214,,,,
2025/8/13 16:30,,,,,,,,,2.154694493,46.30315905,,
2025/8/13 16:30,,,,,,,,,,,0.775200048,44.76933531
2025/8/13 16:30,2.6044,46.32685075,,,,,,,,,,
2025/8/13 16:30,,,0.78475625,44.79881844,,,,,,,,
2025/8/13 16:30,,,,,2.603997253,46.34335011,,,,,,
2025/8/13 16:30,,,,,,,0.784016086,44.79813482,,,,
2025/8/13 16:30,,,,,,,,,2.610712373,46.34517732,,
2025/8/13 16:30,,,,,,,,,,,0.795847779,44.79996819
2025/8/13 16:30,2.6044,46.32685075,,,,,,,,,,
2025/8/13 16:30,,,0.80900275,44.82899068,,,,,,,,
2025/8/13 16:30,,,,,2.60369471,46.35674809,,,,,,
2025/8/13 16:30,,,,,,,0.808233908,44.8289255,,,,
2025/8/13 16:30,,,,,,,,,2.615062275,46.35868071,,
2025/8/13 16:30,,,,,,,,,,,0.820503147,44.83082193
2025/8/13 16:30,1.318775,46.38125518,,,,,,,,,,
2025/8/13 16:30,,,0.8171425,44.85913261,,,,,,,,
2025/8/13 16:30,,,,,1.31888428,46.37909765,,,,,,
2025/8/13 16:30,,,,,,,0.816348745,44.85947546,,,,
2025/8/13 16:30,,,,,,,,,1.316076873,46.3773578,,
2025/8/13 16:30,,,,,,,,,,,0.828987183,44.86140202
2025/8/13 16:30,0.379975,46.39844414,,,,,,,,,,
2025/8/13 16:30,,,0.81919725,44.88942056,,,,,,,,
2025/8/13 16:30,,,,,0.381637083,46.37135491,,,,,,
2025/8/13 16:30,,,,,,,0.818386033,44.89001397,,,,
2025/8/13 16:30,,,,,,,,,0.355290923,46.36772069,,
2025/8/13 16:30,,,,,,,,,,,0.831285408,44.8919646
2025/8/13 16:30,0.9606,46.49007687,,,,,,,,,,
2025/8/13 16:30,,,0.824346063,44.92014421,,,,,,,,
2025/8/13 16:30,,,,,0.962848676,46.44491665,,,,,,
2025/8/13 16:30,,,,,,,0.823520623,44.92089945,,,,
2025/8/13 16:30,,,,,,,,,0.926147641,46.4409843,,
2025/8/13 16:30,,,,,,,,,,,0.836626929,44.92287195
2025/8/13 16:30,0.372225,46.49851018,,,,,,,,,,
2025/8/13 16:30,,,0.823611125,44.95095219,,,,,,,,
2025/8/13 16:30,,,,,0.375765482,46.43790883,,,,,,
2025/8/13 16:30,,,,,,,0.822805458,44.95134597,,,,
2025/8/13 16:30,,,,,,,,,0.3168213,46.43176853,,
2025/8/13 16:30,,,,,,,,,,,0.835561063,44.95329239
2025/8/13 16:30,-0.15838125,46.49973027,,,,,,,,,,
2025/8/13 16:30,,,0.821429313,44.9817499,,,,,,,,
2025/8/13 16:30,,,,,-0.153483529,46.42530172,,,,,,
2025/8/13 16:30,,,,,,,0.820648307,44.98175136,,,,
2025/8/13 16:30,,,,,,,,,-0.235701749,46.41657294,,
2025/8/13 16:30,,,,,,,,,,,0.832950685,44.9836591
2025/8/13 16:30,0.30701875,46.57898818,,,,,,,,,,
2025/8/13 16:30,,,0.8239015,45.0133402,,,,,,,,
2025/8/13 16:30,,,,,0.312148795,46.48990027,,,,,,
2025/8/13 16:30,,,,,,,0.823167907,45.01250141,,,,
2025/8/13 16:30,,,,,,,,,0.224829267,46.48159199,,
2025/8/13 16:30,,,,,,,,,,,0.83466268,45.01434841
2025/8/13 16:30,0.30701875,46.57898818,,,,,,,,,,
2025/8/13 16:30,,,0.821483875,45.04406469,,,,,,,,
2025/8/13 16:30,,,,,0.309960425,46.53009383,,,,,,
2025/8/13 16:30,,,,,,,0.820766269,45.04295192,,,,
2025/8/13 16:30,,,,,,,,,0.261364325,46.5247479,,
2025/8/13 16:30,,,,,,,,,,,0.831978953,45.04477724
2025/8/13 16:30,-0.342875,46.57873803,,,,,,,,,,
2025/8/13 16:30,,,0.812567313,45.07478668,,,,,,,,
2025/8/13 16:30,,,,,-0.338326107,46.51305136,,,,,,
2025/8/13 16:30,,,,,,,0.811896575,45.07299709,,,,
2025/8/13 16:30,,,,,,,,,-0.414701805,46.50452978,,
2025/8/13 16:30,,,,,,,,,,,0.822316333,45.0747183
2025/8/13 16:30,-0.109875,46.61987052,,,,,,,,,,
2025/8/13 16:30,,,0.80053575,45.10502244,,,,,,,,
2025/8/13 16:30,,,,,-0.105130677,46.54678889,,,,,,
2025/8/13 16:30,,,,,,,0.799905512,45.10263069,,,,
2025/8/13 16:30,,,,,,,,,-0.185065627,46.53837178,,
2025/8/13 16:30,,,,,,,,,,,0.809631155,45.10428944
2025/8/13 16:30,-0.28738125,46.61911423,,,,,,,,,,
2025/8/13 16:30,,,0.790594438,45.13517086,,,,,,,,
2025/8/13 16:30,,,,,-0.282147046,46.54148168,,,,,,
2025/8/13 16:30,,,,,,,0.790002524,45.13224024,,,,
2025/8/13 16:30,,,,,,,,,-0.371008447,46.53199828,,
2025/8/13 16:30,,,,,,,,,,,0.799050458,45.133835
2025/8/13 16:30,-0.28738125,46.61911423,,,,,,,,,,
2025/8/13 16:30,,,0.776288125,45.16461161,,,,,,,,
2025/8/13 16:30,,,,,-0.284722665,46.581655,,,,,,
2025/8/13 16:30,,,,,,,0.775703854,45.1616879,,,,
2025/8/13 16:30,,,,,,,,,-0.327907348,46.57621301,,
2025/8/13 16:30,,,,,,,,,,,0.784611303,45.16326321
2025/8/13 16:30,0.00415,46.66999982,,,,,,,,,,
2025/8/13 16:30,,,0.764897125,45.19456121,,,,,,,,
2025/8/13 16:30,,,,,0.007191772,46.62340298,,,,,,
2025/8/13 16:30,,,,,,,0.764342494,45.19118507,,,,
2025/8/13 16:30,,,,,,,,,0.004152153,46.62157513,,
2025/8/13 16:30,,,,,,,,,,,0.773238229,45.19275929
2025/8/13 16:30,-0.2327,46.66941987,,,,,,,,,,
2025/8/13 16:30,,,0.746217438,45.22376092,,,,,,,,
2025/8/13 16:30,,,,,-0.229087411,46.61673546,,,,,,
2025/8/13 16:30,,,,,,,0.745691434,45.22003181,,,,
2025/8/13 16:30,,,,,,,,,-0.288553435,46.60988763,,
2025/8/13 16:30,,,,,,,,,,,0.754103306,45.22155928
2025/8/13 16:30,0.2344,46.74941237,,,,,,,,,,
2025/8/13 16:30,,,0.73220875,45.25376055,,,,,,,,
2025/8/13 16:30,,,,,0.23843332,46.68206163,,,,,,
2025/8/13 16:30,,,,,,,0.731725858,45.24929686,,,,
2025/8/13 16:30,,,,,,,,,0.171036039,46.6751651,,
2025/8/13 16:30,,,,,,,,,,,0.739415,45.25073592
2025/8/13 16:30,-0.00265,46.74999992,,,,,,,,,,
2025/8/13 16:30,,,0.711447563,45.28315093,,,,,,,,
2025/8/13 16:30,,,,,0.001989474,46.67647307,,,,,,
2025/8/13 16:30,,,,,,,0.711009304,45.27799909,,,,
2025/8/13 16:30,,,,,,,,,-0.002917135,46.67467034,,
2025/8/13 16:30,,,,,,,,,,,0.71867883,45.27943766
2025/8/13 16:30,-0.00265,46.74999992,,,,,,,,,,
2025/8/13 16:30,,,0.685747063,45.31190147,,,,,,,,
2025/8/13 16:30,,,,,-0.000849148,46.72340256,,,,,,
2025/8/13 16:30,,,,,,,0.68532153,45.30668791,,,,
2025/8/13 16:30,,,,,,,,,-0.002849559,46.72146599,,
2025/8/13 16:30,,,,,,,,,,,0.693058099,45.30812705
2025/8/13 16:30,0.46525,46.82768884,,,,,,,,,,
2025/8/13 16:30,,,0.664725563,45.34142889,,,,,,,,
2025/8/13 16:30,,,,,0.467642427,46.78649462,,,,,,
2025/8/13 16:30,,,,,,,0.664329897,45.33557179,,,,
2025/8/13 16:30,,,,,,,,,0.428602922,46.78197297,,
2025/8/13 16:30,,,,,,,,,,,0.671584776,45.33694646
2025/8/13 16:30,0.28733125,46.82911851,,,,,,,,,,
2025/8/13 16:30,,,0.636975438,45.37038607,,,,,,,,
2025/8/13 16:30,,,,,0.290104983,46.78327016,,,,,,
2025/8/13 16:30,,,,,,,0.636608862,45.36399447,,,,
2025/8/13 16:30,,,,,,,,,0.244332641,46.77817085,,
2025/8/13 16:30,,,,,,,,,,,0.643391425,45.36530181
2025/8/13 16:30,0.28733125,46.82911851,,,,,,,,,,
2025/8/13 16:30,,,0.622524313,45.39861814,,,,,,,,
2025/8/13 16:30,,,,,0.289144224,46.79998686,,,,,,
2025/8/13 16:30,,,,,,,0.622164681,45.39221468,,,,
2025/8/13 16:30,,,,,,,,,0.259444839,46.79606921,,
2025/8/13 16:30,,,,,,,,,,,0.628816162,45.3935078
2025/8/13 16:30,0.75603125,46.90390727,,,,,,,,,,
2025/8/13 16:30,,,0.615539875,45.42749746,,,,,,,,
2025/8/13 16:30,,,,,0.758342206,46.8603168,,,,,,
2025/8/13 16:30,,,,,,,0.6151875,45.42101695,,,,
2025/8/13 16:30,,,,,,,,,0.720286237,46.85611124,,
2025/8/13 16:30,,,,,,,,,,,0.621698818,45.42229802
2025/8/13 16:30,0.51863125,46.90713295,,,,,,,,,,
2025/8/13 16:30,,,0.61119275,45.45627199,,,,,,,,
2025/8/13 16:30,,,,,0.52144012,46.85734969,,,,,,
2025/8/13 16:30,,,,,,,0.610842611,45.44979351,,,,
2025/8/13 16:30,,,,,,,,,0.475314466,46.85240831,,
2025/8/13 16:30,,,,,,,,,,,0.61730084,45.45106921
2025/8/13 16:30,0.51863125,46.90713295,,,,,,,,,,
2025/8/13 16:30,,,0.609076125,45.48500387,,,,,,,,
2025/8/13 16:30,,,,,0.519616413,46.89079081,,,,,,
2025/8/13 16:30,,,,,,,0.608704915,45.47892413,,,,
2025/8/13 16:30,,,,,,,,,0.503187554,46.88795065,,
2025/8/13 16:30,,,,,,,,,,,0.615481289,45.48022268
2025/8/13 16:30,0.75328125,46.94395666,,,,,,,,,,
2025/8/13 16:30,,,0.613773,45.51405257,,,,,,,,
2025/8/13 16:30,,,,,0.75457892,46.92034208,,,,,,
2025/8/13 16:30,,,,,,,0.613372653,45.50842285,,,,
2025/8/13 16:30,,,,,,,,,0.733837697,46.91735632,,
2025/8/13 16:30,,,,,,,,,,,0.620616504,45.50976206
2025/8/13 16:30,0.75328125,46.94395666,,,,,,,,,,
2025/8/13 16:30,,,0.613510313,45.54226099,,,,,,,,
2025/8/13 16:30,,,,,0.753083882,46.94724337,,,,,,
2025/8/13 16:30,,,,,,,0.613063501,45.53751379,,,,
2025/8/13 16:30,,,,,,,,,0.756960084,46.94911858,,
2025/8/13 16:30,,,,,,,,,,,0.621067813,45.53893892
2025/8/13 16:30,1.22318125,47.01409073,,,,,,,,,,
2025/8/13 16:30,,,0.620183125,45.57113691,,,,,,,,
2025/8/13 16:30,,,,,1.223570512,47.00625047,,,,,,
2025/8/13 16:30,,,,,,,0.619689417,45.56722265,,,,
2025/8/13 16:30,,,,,,,,,1.216785815,47.00426337,,
2025/8/13 16:30,,,,,,,,,,,0.628447972,45.5687063
2025/8/13 16:30,0.5693,47.02655417,,,,,,,,,,
2025/8/13 16:30,,,0.620317125,45.60013747,,,,,,,,
2025/8/13 16:30,,,,,0.570745761,47.00162134,,,,,,
2025/8/13 16:30,,,,,,,0.619826979,45.59614852,,,,
2025/8/13 16:30,,,,,,,,,0.546957159,46.99828599,,
2025/8/13 16:30,,,,,,,,,,,0.628128906,45.59759713
2025/8/13 16:30,0.5693,47.02655417,,,,,,,,,,
2025/8/13 16:30,,,0.624369813,45.62910606,,,,,,,,
2025/8/13 16:30,,,,,0.568976501,47.03173301,,,,,,
2025/8/13 16:30,,,,,,,0.623857388,45.62545071,,,,
2025/8/13 16:30,,,,,,,,,0.575175853,47.03383657,,
2025/8/13 16:30,,,,,,,,,,,0.632512646,45.62696114
2025/8/13 16:30,0.15240625,47.02975305,,,,,,,,,,
2025/8/13 16:30,,,0.624253563,45.65810664,,,,,,,,
2025/8/13 16:30,,,,,0.152570094,47.02747125,,,,,,
2025/8/13 16:30,,,,,,,0.623746715,45.65437488,,,,
2025/8/13 16:30,,,,,,,,,0.154867814,47.02617394,,
2025/8/13 16:30,,,,,,,,,,,0.632356657,45.65585025
2025/8/13 16:30,0.15240625,47.02975305,,,,,,,,,,
2025/8/13 16:30,,,0.628623313,45.68711335,,,,,,,,
2025/8/13 16:30,,,,,0.150609341,47.0575947,,,,,,
2025/8/13 16:30,,,,,,,0.62809551,45.68369582,,,,
2025/8/13 16:30,,,,,,,,,0.179450704,47.06147299,,
2025/8/13 16:30,,,,,,,,,,,0.637047091,45.68523159
2025/8/13 16:30,0.9177,47.15107026,,,,,,,,,,
2025/8/13 16:30,,,0.640646,45.71733322,,,,,,,,
2025/8/13 16:30,,,,,0.917455103,47.15541859,,,,,,
2025/8/13 16:30,,,,,,,0.640138241,45.71365999,,,,
2025/8/13 16:30,,,,,,,,,0.922118429,47.15734276,,
2025/8/13 16:30,,,,,,,,,,,0.648795111,45.71516642
2025/8/13 16:30,0.9177,47.15107026,,,,,,,,,,
2025/8/13 16:30,,,0.657162688,45.74760497,,,,,,,,
2025/8/13 16:30,,,,,0.916761372,47.16879278,,,,,,
2025/8/13 16:30,,,,,,,0.656660902,45.74392918,,,,
2025/8/13 16:30,,,,,,,,,0.932127897,47.17139223,,
2025/8/13 16:30,,,,,,,,,,,0.665240103,45.74542184
2025/8/13 16:30,1.3897,47.21955457,,,,,,,,,,
2025/8/13 16:30,,,0.678399375,45.77856155,,,,,,,,
2025/8/13 16:30,,,,,1.389531519,47.22307167,,,,,,
2025/8/13 16:30,,,,,,,0.677934473,45.77444049,,,,
2025/8/13 16:30,,,,,,,,,1.392719361,47.22481171,,
2025/8/13 16:30,,,,,,,,,,,0.68596192,45.77587499
2025/8/13 16:30,0.6736,47.23519729,,,,,,,,,,
2025/8/13 16:30,,,0.696977063,45.80977243,,,,,,,,
2025/8/13 16:30,,,,,0.674304043,47.22307583,,,,,,
2025/8/13 16:30,,,,,,,0.696551641,45.80516912,,,,
2025/8/13 16:30,,,,,,,,,0.662294787,47.22066516,,
2025/8/13 16:30,,,,,,,,,,,0.703968718,45.80650806
2025/8/13 16:30,0.6736,47.23519729,,,,,,,,,,
2025/8/13 16:30,,,0.71555475,45.84098331,,,,,,,,
2025/8/13 16:30,,,,,0.67256798,47.25334452,,,,,,
2025/8/13 16:30,,,,,,,0.715175942,45.83589921,,,,
2025/8/13 16:30,,,,,,,,,0.689600685,47.25608117,,
2025/8/13 16:30,,,,,,,,,,,0.721883762,45.83715086
2025/8/13 16:30,1.1464,47.30611131,,,,,,,,,,
2025/8/13 16:30,,,0.738860438,45.87290333,,,,,,,,
2025/8/13 16:30,,,,,1.146205768,47.30982615,,,,,,
2025/8/13 16:30,,,,,,,0.738546943,45.86705936,,,,
2025/8/13 16:30,,,,,,,,,1.149781037,47.31174305,,
2025/8/13 16:30,,,,,,,,,,,0.74424529,45.86819833
2025/8/13 16:30,1.1464,47.30611131,,,,,,,,,,
2025/8/13 16:30,,,0.769498938,45.90508121,,,,,,,,
2025/8/13 16:30,,,,,1.145715818,47.31995413,,,,,,
2025/8/13 16:30,,,,,,,0.769238374,45.89876962,,,,
2025/8/13 16:30,,,,,,,,,1.157237227,47.32221804,,
2025/8/13 16:30,,,,,,,,,,,0.774126326,45.89979726
2025/8/13 16:30,1.67925625,47.38025114,,,,,,,,,,
2025/8/13 16:30,,,0.805466,45.93800048,,,,,,,,
2025/8/13 16:30,,,,,1.67925625,47.38025114,,,,,,
2025/8/13 16:30,,,,,,,0.80527713,45.93094846,,,,
2025/8/13 16:30,,,,,,,,,1.678808267,47.37968425,,
2025/8/13 16:30,,,,,,,,,,,0.809047405,45.93181319
2025/8/13 16:30,0.84153125,47.40253079,,,,,,,,,,
2025/8/13 16:30,,,0.837578813,45.97136252,,,,,,,,
2025/8/13 16:30,,,,,0.842654585,47.38151408,,,,,,
2025/8/13 16:30,,,,,,,0.837467251,45.96347538,,,,
2025/8/13 16:30,,,,,,,,,0.82448535,47.37872698,,
2025/8/13 16:30,,,,,,,,,,,0.840028005,45.96415585
2025/8/13 16:30,1.07868125,47.43773758,,,,,,,,,,
2025/8/13 16:30,,,0.872063125,46.00507662,,,,,,,,
2025/8/13 16:30,,,,,1.080050758,47.40959775,,,,,,
2025/8/13 16:30,,,,,,,0.872056994,45.99601575,,,,
2025/8/13 16:30,,,,,,,,,1.057821879,47.40659753,,
2025/8/13 16:30,,,,,,,,,,,0.872957473,45.99645447
2025/8/13 16:30,0.7789,47.44360668,,,,,,,,,,
2025/8/13 16:30,,,0.905247813,46.03894403,,,,,,,,
2025/8/13 16:30,,,,,0.780800532,47.40762933,,,,,,
2025/8/13 16:30,,,,,,,0.905350436,46.02867317,,,,
2025/8/13 16:30,,,,,,,,,0.749484258,47.40394453,,
2025/8/13 16:30,,,,,,,,,,,0.904531497,46.02886279
2025/8/13 16:30,1.19439375,47.50498735,,,,,,,,,,
2025/8/13 16:30,,,0.942587438,46.07342523,,,,,,,,
2025/8/13 16:30,,,,,1.196580908,47.45643088,,,,,,
2025/8/13 16:30,,,,,,,0.942823718,46.06158389,,,,
2025/8/13 16:30,,,,,,,,,1.160228074,47.45274855,,
2025/8/13 16:30,,,,,,,,,,,0.939860753,46.06147303
2025/8/13 16:30,1.37265,47.53018338,,,,,,,,,,
2025/8/13 16:30,,,0.985676438,46.10840499,,,,,,,,
2025/8/13 16:30,,,,,1.374910605,47.47634648,,,,,,
2025/8/13 16:30,,,,,,,0.986044102,46.09504007,,,,
2025/8/13 16:30,,,,,,,,,1.336617537,47.47261266,,
2025/8/13 16:30,,,,,,,,,,,0.980970591,46.09462029
2025/8/13 16:30,0.95243125,47.5404604,,,,,,,,,,
2025/8/13 16:30,,,1.02456325,46.14348751,,,,,,,,
2025/8/13 16:30,,,,,0.955549423,47.47561646,,,,,,
2025/8/13 16:30,,,,,,,1.025095913,46.12821923,,,,
2025/8/13 16:30,,,,,,,,,0.902792824,47.47069102,,
2025/8/13 16:30,,,,,,,,,,,1.017330359,46.12741731
2025/8/13 16:30,1.3688,47.60032339,,,,,,,,,,
2025/8/13 16:30,,,1.051564063,46.17549029,,,,,,,,
2025/8/13 16:30,,,,,1.371968129,47.52295058,,,,,,
2025/8/13 16:30,,,,,,,1.052189377,46.15875232,,,,
2025/8/13 16:30,,,,,,,,,1.317229867,47.51833752,,
2025/8/13 16:30,,,,,,,,,,,1.042931448,46.15778042
2025/8/13 16:30,1.3688,47.60032339,,,,,,,,,,
2025/8/13 16:30,,,1.078564875,46.20749306,,,,,,,,
2025/8/13 16:30,,,,,1.3688,47.60032339,,,,,,
2025/8/13 16:30,,,,,,,1.079259052,46.18995805,,,,
2025/8/13 16:30,,,,,,,,,1.369950699,47.60169324,,
2025/8/13 16:30,,,,,,,,,,,1.0689295,46.18886115
2025/8/13 16:30,1.487875,47.61675995,,,,,,,,,,
2025/8/13 16:30,,,1.098970687,46.23809494,,,,,,,,
2025/8/13 16:30,,,,,1.487903106,47.61616644,,,,,,
2025/8/13 16:30,,,,,,,1.099705798,46.22001894,,,,
2025/8/13 16:30,,,,,,,,,1.486367995,47.61447692,,
2025/8/13 16:30,,,,,,,,,,,1.088734495,46.21882886
2025/8/13 16:30,1.487875,47.61675995,,,,,,,,,,
2025/8/13 16:30,,,1.1193765,46.26869682,,,,,,,,
2025/8/13 16:30,,,,,1.487314321,47.62967039,,,,,,
2025/8/13 16:30,,,,,,,1.120167523,46.24991398,,,,
2025/8/13 16:30,,,,,,,,,1.497327804,47.63178348,,
2025/8/13 16:30,,,,,,,,,,,1.108331239,46.24863576
2025/8/13 16:30,1.78578125,47.65655344,,,,,,,,,,
2025/8/13 16:30,,,1.147302375,46.29977611,,,,,,,,
2025/8/13 16:30,,,,,1.785620133,47.66056127,,,,,,
2025/8/13 16:30,,,,,,,1.148150339,46.28031671,,,,
2025/8/13 16:30,,,,,,,,,1.788936398,47.66233944,,
2025/8/13 16:30,,,,,,,,,,,1.135427591,46.27894243
2025/8/13 16:30,1.78578125,47.65655344,,,,,,,,,,
2025/8/13 16:30,,,1.17522825,46.3308554,,,,,,,,
2025/8/13 16:30,,,,,1.785123986,47.67397772,,,,,,
2025/8/13 16:30,,,,,,,1.17614818,46.3105862,,,,
2025/8/13 16:30,,,,,,,,,1.794760368,47.67598368,,
2025/8/13 16:30,,,,,,,,,,,1.162282674,46.30908454
2025/8/13 16:30,1.78578125,47.65655344,,,,,,,,,,
2025/8/13 16:30,,,1.190310062,46.35952953,,,,,,,,
2025/8/13 16:30,,,,,1.784201426,47.70072839,,,,,,
2025/8/13 16:30,,,,,,,1.191248776,46.33914329,,,,
2025/8/13 16:30,,,,,,,,,1.810432674,47.70355142,,
2025/8/13 16:30,,,,,,,,,,,1.1771078,46.33761116
2025/8/13 16:30,2.203375,47.70914733,,,,,,,,,,
2025/8/13 16:30,,,1.209567812,46.38872961,,,,,,,,
2025/8/13 16:30,,,,,2.202431223,47.74106121,,,,,,
2025/8/13 16:30,,,,,,,1.210537361,46.36800293,,,,
2025/8/13 16:30,,,,,,,,,2.217405489,47.74323647,,
2025/8/13 16:30,,,,,,,,,,,1.195916025,46.36642675
2025/8/13 16:30,2.203375,47.70914733,,,,,,,,,,
2025/8/13 16:30,,,1.231099062,46.41792136,,,,,,,,
2025/8/13 16:30,,,,,2.20215436,47.75107865,,,,,,
2025/8/13 16:30,,,,,,,1.232095483,46.39701623,,,,
2025/8/13 16:30,,,,,,,,,2.221690749,47.75348053,,
2025/8/13 16:30,,,,,,,,,,,1.217058549,46.39539657
2025/8/13 16:30,1.05969375,47.74824237,,,,,,,,,,
2025/8/13 16:30,,,1.2411935,46.44750407,,,,,,,,
2025/8/13 16:30,,,,,1.059096763,47.7599343,,,,,,
2025/8/13 16:30,,,,,,,1.242238816,46.42584932,,,,
2025/8/13 16:30,,,,,,,,,1.069377631,47.76218632,,
2025/8/13 16:30,,,,,,,,,,,1.226442013,46.42416455
2025/8/13 16:30,1.41811875,47.79896797,,,,,,,,,,
2025/8/13 16:30,,,1.257147687,46.47759726,,,,,,,,
2025/8/13 16:30,,,,,1.418068953,47.8000014,,,,,,
2025/8/13 16:30,,,,,,,1.258246895,46.45514817,,,,
2025/8/13 16:30,,,,,,,,,1.419440488,47.80173052,,
2025/8/13 16:30,,,,,,,,,,,1.241613243,46.45338916
2025/8/13 16:30,1.41811875,47.79896797,,,,,,,,,,
2025/8/13 16:30,,,1.247215375,46.50372989,,,,,,,,
2025/8/13 16:30,,,,,1.416930096,47.82676389,,,,,,
2025/8/13 16:30,,,,,,,1.248302696,46.48155877,,,,
2025/8/13 16:30,,,,,,,,,1.436742694,47.82946921,,
2025/8/13 16:30,,,,,,,,,,,1.231870474,46.47982985
2025/8/13 16:30,1.71715,47.83919205,,,,,,,,,,
2025/8/13 16:30,,,1.240273375,46.53026477,,,,,,,,
2025/8/13 16:30,,,,,1.716418398,47.85812949,,,,,,
2025/8/13 16:30,,,,,,,1.241355766,46.50820175,,,,
2025/8/13 16:30,,,,,,,,,1.728431888,47.86030989,,
2025/8/13 16:30,,,,,,,,,,,1.225001767,46.50647687
2025/8/13 16:30,1.71715,47.83919205,,,,,,,,,,
2025/8/13 16:30,,,1.237318312,46.55660451,,,,,,,,
2025/8/13 16:30,,,,,1.716057157,47.8682247,,,,,,
2025/8/13 16:30,,,,,,,1.238389775,46.53483182,,,,
2025/8/13 16:30,,,,,,,,,1.734127408,47.87066108,,
2025/8/13 16:30,,,,,,,,,,,1.222225327,46.53314738
2025/8/13 16:30,2.0764,47.88500249,,,,,,,,,,
2025/8/13 16:30,,,1.232860062,46.58275663,,,,,,,,
2025/8/13 16:30,,,,,2.07579882,47.9034845,,,,,,
2025/8/13 16:30,,,,,,,1.233921394,46.56132464,,,,
2025/8/13 16:30,,,,,,,,,2.085496183,47.90544185,,
2025/8/13 16:30,,,,,,,,,,,1.217915653,46.55967837
2025/8/13 16:30,0.92820625,47.9210114,,,,,,,,,,
2025/8/13 16:30,,,1.220342125,46.60909113,,,,,,,,
2025/8/13 16:30,,,,,0.928662879,47.91253638,,,,,,
2025/8/13 16:30,,,,,,,1.221400019,46.58782805,,,,
2025/8/13 16:30,,,,,,,,,0.920260402,47.91041444,,
2025/8/13 16:30,,,,,,,,,,,1.205438134,46.58618114
2025/8/13 16:30,0.92820625,47.9210114,,,,,,,,,,
2025/8/13 16:30,,,1.203853875,46.63493307,,,,,,,,
2025/8/13 16:30,,,,,0.926763774,47.94941908,,,,,,
2025/8/13 16:30,,,,,,,1.204888308,46.61432977,,,,
2025/8/13 16:30,,,,,,,,,0.950818098,47.9525724,,
2025/8/13 16:30,,,,,,,,,,,1.189309986,46.61273446
2025/8/13 16:30,1.467925,47.99755823,,,,,,,,,,
2025/8/13 16:30,,,1.196761125,46.66133088,,,,,,,,
2025/8/13 16:30,,,,,1.467383043,48.00997821,,,,,,
2025/8/13 16:30,,,,,,,1.197775337,46.6413406,,,,
2025/8/13 16:30,,,,,,,,,1.476393093,48.01209988,,
2025/8/13 16:30,,,,,,,,,,,1.182521646,46.63979167
2025/8/13 16:30,1.467925,47.99755823,,,,,,,,,,
2025/8/13 16:30,,,1.186260375,46.6873042,,,,,,,,
2025/8/13 16:30,,,,,1.466974571,48.02004083,,,,,,
2025/8/13 16:30,,,,,,,1.187250673,46.66813227,,,,
2025/8/13 16:30,,,,,,,,,1.482358506,48.02243246,,
2025/8/13 16:30,,,,,,,,,,,1.172381805,46.66663051
2025/8/13 16:30,1.8283,48.04522577,,,,,,,,,,
2025/8/13 16:30,,,1.182795375,46.71357685,,,,,,,,
2025/8/13 16:30,,,,,1.827855947,48.05706092,,,,,,
2025/8/13 16:30,,,,,,,1.183760787,46.69521336,,,,
2025/8/13 16:30,,,,,,,,,1.835117365,48.05903094,,
2025/8/13 16:30,,,,,,,,,,,1.16929508,46.69376066
2025/8/13 16:30,1.8283,48.04522577,,,,,,,,,,
2025/8/13 16:30,,,1.179330375,46.7398495,,,,,,,,
2025/8/13 16:30,,,,,1.826186922,48.10734568,,,,,,
2025/8/13 16:30,,,,,,,1.180257946,46.72266374,,,,
2025/8/13 16:30,,,,,,,,,1.861277244,48.11047375,,
2025/8/13 16:30,,,,,,,,,,,1.166412795,46.72126934
2025/8/13 16:30,2.189125,48.09019996,,,,,,,,,,
2025/8/13 16:30,,,1.184056625,46.76637561,,,,,,,,
2025/8/13 16:30,,,,,2.187643943,48.14180737,,,,,,
2025/8/13 16:30,,,,,,,1.184944029,46.75039018,,,,
2025/8/13 16:30,,,,,,,,,2.2118886,48.14426695,,
2025/8/13 16:30,,,,,,,,,,,1.171755973,46.7490566
2025/8/13 16:30,2.189125,48.09019996,,,,,,,,,,
2025/8/13 16:30,,,1.179102437,46.79166782,,,,,,,,
2025/8/13 16:30,,,,,2.187110475,48.16187287,,,,,,
2025/8/13 16:30,,,,,,,1.179949337,46.77738149,,,,
2025/8/13 16:30,,,,,,,,,2.220771067,48.16474096,,
2025/8/13 16:30,,,,,,,,,,,1.16743872,46.77610252
2025/8/13 16:30,2.36970625,48.11167626,,,,,,,,,,
2025/8/13 16:30,,,1.17997075,46.81695587,,,,,,,,
2025/8/13 16:30,,,,,2.368017729,48.17814576,,,,,,
2025/8/13 16:30,,,,,,,1.180771399,46.80443035,,,,
2025/8/13 16:30,,,,,,,,,2.395815759,48.18064481,,
2025/8/13 16:30,,,,,,,,,,,1.169036361,46.80320991
2025/8/13 16:30,2.36970625,48.11167626,,,,,,,,,,
2025/8/13 16:30,,,1.180839062,46.84224393,,,,,,,,
2025/8/13 16:30,,,,,2.36754512,48.19821274,,,,,,
2025/8/13 16:30,,,,,,,1.181597135,46.83134474,,,,
2025/8/13 16:30,,,,,,,,,2.402895718,48.20092804,,
2025/8/13 16:30,,,,,,,,,,,1.170560558,46.83017978
2025/8/13 16:30,0.36475,48.16861901,,,,,,,,,,
2025/8/13 16:30,,,1.165680625,46.86791774,,,,,,,,
2025/8/13 16:30,,,,,0.362726144,48.20282307,,,,,,
2025/8/13 16:30,,,,,,,1.166389046,46.85823373,,,,
2025/8/13 16:30,,,,,,,,,0.396380015,48.20691833,,
2025/8/13 16:30,,,,,,,,,,,1.156178744,46.8571478
2025/8/13 16:30,0.36475,48.16861901,,,,,,,,,,
2025/8/13 16:30,,,1.150522187,46.89359154,,,,,,,,
2025/8/13 16:30,,,,,0.361456971,48.22631529,,,,,,
2025/8/13 16:30,,,,,,,1.15117567,46.88512317,,,,
2025/8/13 16:30,,,,,,,,,0.416109653,48.23184671,,
2025/8/13 16:30,,,,,,,,,,,1.141870505,46.8841258
2025/8/13 16:30,-0.48995,48.16750823,,,,,,,,,,
2025/8/13 16:30,,,1.12681675,46.91925424,,,,,,,,
2025/8/13 16:30,,,,,-0.492584554,48.20369562,,,,,,
2025/8/13 16:30,,,,,,,1.127429521,46.9115522,,,,
2025/8/13 16:30,,,,,,,,,-0.448787094,48.20924996,,
2025/8/13 16:30,,,,,,,,,,,1.118794818,46.91063648
2025/8/13 16:30,-0.48995,48.16750823,,,,,,,,,,
2025/8/13 16:30,,,1.103111312,46.94491693,,,,,,,,
2025/8/13 16:30,,,,,-0.493262869,48.21373869,,,,,,
2025/8/13 16:30,,,,,,,1.103685792,46.93781323,,,,
2025/8/13 16:30,,,,,,,,,-0.438459735,48.22027811,,
2025/8/13 16:30,,,,,,,,,,,1.09568295,46.93698294
2025/8/13 16:30,-0.857,48.16237589,,,,,,,,,,
2025/8/13 16:30,,,1.072310125,46.97008174,,,,,,,,
2025/8/13 16:30,,,,,-0.859920259,48.19959784,,,,,,
2025/8/13 16:30,,,,,,,1.072847967,46.96359213,,,,
2025/8/13 16:30,,,,,,,,,-0.81138053,48.20588197,,
2025/8/13 16:30,,,,,,,,,,,1.065449788,46.96284495
2025/8/13 16:30,-0.857,48.16237589,,,,,,,,,,
2025/8/13 16:30,,,1.041508937,46.99524655,,,,,,,,
2025/8/13 16:30,,,,,-0.861369545,48.21966478,,,,,,
2025/8/13 16:30,,,,,,,1.042003084,46.98932983,,,,
2025/8/13 16:30,,,,,,,,,-0.788283237,48.22826474,,
2025/8/13 16:30,,,,,,,,,,,1.035333516,46.98865921
2025/8/13 16:30,-1.59245,48.14367044,,,,,,,,,,
2025/8/13 16:30,,,1.000495437,47.0198717,,,,,,,,
2025/8/13 16:30,,,,,-1.595998416,48.18309245,,,,,,
2025/8/13 16:30,,,,,,,1.000952421,47.01440992,,,,
2025/8/13 16:30,,,,,,,,,-1.536682285,48.19126698,,
2025/8/13 16:30,,,,,,,,,,,0.994898278,47.01383848
2025/8/13 16:30,-1.59245,48.14367044,,,,,,,,,,
2025/8/13 16:30,,,0.956621,47.04416204,,,,,,,,
2025/8/13 16:30,,,,,-1.596841808,48.19305119,,,,,,
2025/8/13 16:30,,,,,,,0.957030898,47.03934222,,,,
2025/8/13 16:30,,,,,,,,,-1.523143124,48.20294588,,
2025/8/13 16:30,,,,,,,,,,,0.951762908,47.03888704
2025/8/13 16:30,-2.3297,48.11363006,,,,,,,,,,
2025/8/13 16:30,,,0.905374062,47.06815197,,,,,,,,
2025/8/13 16:30,,,,,-2.332997763,48.1454829,,,,,,
2025/8/13 16:30,,,,,,,0.90575496,47.06346259,,,,
2025/8/13 16:30,,,,,,,,,-2.277999055,48.15406639,,
2025/8/13 16:30,,,,,,,,,,,0.900971818,47.06307497
2025/8/13 16:30,-1.3647,48.31072856,,,,,,,,,,
2025/8/13 16:30,,,0.879929625,47.09341122,,,,,,,,
2025/8/13 16:30,,,,,-1.364871483,48.31247375,,,,,,
2025/8/13 16:30,,,,,,,0.880297658,47.08896746,,,,
2025/8/13 16:30,,,,,,,,,-1.359989011,48.31459228,,
2025/8/13 16:30,,,,,,,,,,,0.875737577,47.08862773
2025/8/13 16:30,-1.3647,48.31072856,,,,,,,,,,
2025/8/13 16:30,,,0.854485187,47.11867048,,,,,,,,
2025/8/13 16:30,,,,,-1.365488131,48.31916101,,,,,,
2025/8/13 16:30,,,,,,,0.854840516,47.11440522,,,,
2025/8/13 16:30,,,,,,,,,-1.351926268,48.32222869,,
2025/8/13 16:30,,,,,,,,,,,0.850499389,47.11411747
2025/8/13 16:30,-1.61085,48.30314754,,,,,,,,,,
2025/8/13 16:30,,,0.83005325,47.14377759,,,,,,,,
2025/8/13 16:30,,,,,-1.611103268,48.30562996,,,,,,
2025/8/13 16:30,,,,,,,0.830395607,47.13972521,,,,
2025/8/13 16:30,,,,,,,,,-1.605315765,48.30795671,,
2025/8/13 16:30,,,,,,,,,,,0.826276092,47.13948794
2025/8/13 16:30,-1.61085,48.30314754,,,,,,,,,,
2025/8/13 16:30,,,0.803330312,47.16853198,,,,,,,,
2025/8/13 16:30,,,,,-1.612050845,48.31563105,,,,,,
2025/8/13 16:30,,,,,,,0.803647534,47.16486447,,,,
2025/8/13 16:30,,,,,,,,,-1.591768716,48.31955643,,
2025/8/13 16:30,,,,,,,,,,,0.7999404,47.16469569
2025/8/13 16:30,-2.28879375,48.27577367,,,,,,,,,,
2025/8/13 16:30,,,0.769827937,47.19301262,,,,,,,,
2025/8/13 16:30,,,,,-2.288756406,48.27545606,,,,,,
2025/8/13 16:30,,,,,,,0.77014959,47.18926659,,,,
2025/8/13 16:30,,,,,,,,,-2.292092176,48.27346348,,
2025/8/13 16:30,,,,,,,,,,,0.766341722,47.18905753
2025/8/13 16:30,-1.3812,48.46032074,,,,,,,,,,
2025/8/13 16:30,,,0.750620937,47.21924758,,,,,,,,
2025/8/13 16:30,,,,,-1.378686771,48.43171132,,,,,,
2025/8/13 16:30,,,,,,,0.750965605,47.21524785,,,,
2025/8/13 16:30,,,,,,,,,-1.421556533,48.42551312,,
2025/8/13 16:30,,,,,,,,,,,0.74676755,47.21499574
2025/8/13 16:30,-1.3812,48.46032074,,,,,,,,,,
2025/8/13 16:30,,,0.725677687,47.24458566,,,,,,,,
2025/8/13 16:30,,,,,-1.380107834,48.4484896,,,,,,
2025/8/13 16:30,,,,,,,0.726022645,47.24067987,,,,
2025/8/13 16:30,,,,,,,,,-1.398409049,48.44488092,,
2025/8/13 16:30,,,,,,,,,,,0.721808533,47.24041828
2025/8/13 16:30,-1.56635625,48.45468943,,,,,,,,,,
2025/8/13 16:30,,,0.698882875,47.26986743,,,,,,,,
2025/8/13 16:30,,,,,-1.564826644,48.43839917,,,,,,
2025/8/13 16:30,,,,,,,0.699244376,47.26577607,,,,
2025/8/13 16:30,,,,,,,,,-1.590942787,48.43388166,,
2025/8/13 16:30,,,,,,,,,,,0.694742294,47.26545083
2025/8/13 16:30,-1.02045,48.55927905,,,,,,,,,,
2025/8/13 16:30,,,0.680451187,47.29613389,,,,,,,,
2025/8/13 16:30,,,,,-1.017759224,48.52614301,,,,,,
2025/8/13 16:30,,,,,,,0.680838235,47.29173366,,,,
2025/8/13 16:30,,,,,,,,,-1.063824732,48.51996892,,
2025/8/13 16:30,,,,,,,,,,,0.675905283,47.29136563
2025/8/13 16:30,-1.02045,48.55927905,,,,,,,,,,
2025/8/13 16:30,,,0.656846187,47.32162178,,,,,,,,
2025/8/13 16:30,,,,,-1.019063081,48.54287336,,,,,,
2025/8/13 16:30,,,,,,,0.657238557,47.31724156,,,,
2025/8/13 16:30,,,,,,,,,-1.043135647,48.53880611,,
2025/8/13 16:30,,,,,,,,,,,0.652198518,47.31685619
2025/8/13 16:30,-0.53435,48.64706538,,,,,,,,,,
2025/8/13 16:30,,,0.640427687,47.34792569,,,,,,,,
2025/8/13 16:30,,,,,-0.532053434,48.61582713,,,,,,
2025/8/13 16:30,,,,,,,0.640830763,47.34347962,,,,
2025/8/13 16:30,,,,,,,,,-0.570764851,48.61072367,,
2025/8/13 16:30,,,,,,,,,,,0.635599334,47.3430713
2025/8/13 16:30,-0.53435,48.64706538,,,,,,,,,,
2025/8/13 16:30,,,0.621706687,47.37389061,,,,,,,,
2025/8/13 16:30,,,,,-0.533479601,48.6358398,,,,,,
2025/8/13 16:30,,,,,,,0.622104145,47.36965039,,,,
2025/8/13 16:30,,,,,,,,,-0.54863182,48.6329031,,
2025/8/13 16:30,,,,,,,,,,,0.616949493,47.36924169
2025/8/13 16:30,-0.291,48.6891304,,,,,,,,,,
2025/8/13 16:30,,,0.605419187,47.40027618,,,,,,,,
2025/8/13 16:30,,,,,-0.289672807,48.67059307,,,,,,
2025/8/13 16:30,,,,,,,0.605830811,47.39583301,,,,
2025/8/13 16:30,,,,,,,,,-0.311994658,48.66708532,,
2025/8/13 16:30,,,,,,,,,,,0.600424807,47.39537167
2025/8/13 16:30,-0.291,48.6891304,,,,,,,,,,
2025/8/13 16:30,,,0.593788687,47.42655002,,,,,,,,
2025/8/13 16:30,,,,,-0.290859351,48.68732844,,,,,,
2025/8/13 16:30,,,,,,,0.59419741,47.4221643,,,,
2025/8/13 16:30,,,,,,,,,-0.294933179,48.68535673,,
2025/8/13 16:30,,,,,,,,,,,0.588822422,47.42170441
2025/8/13 16:30,-0.47626875,48.6876706,,,,,,,,,,
2025/8/13 16:30,,,0.575117562,47.45203631,,,,,,,,
2025/8/13 16:30,,,,,-0.475768083,48.68128671,,,,,,
2025/8/13 16:30,,,,,,,0.575520682,47.44782378,,,,
2025/8/13 16:30,,,,,,,,,-0.485332931,48.67879596,,
2025/8/13 16:30,,,,,,,,,,,0.570220277,47.44736371
2025/8/13 16:30,-0.049925,48.75997444,,,,,,,,,,
2025/8/13 16:30,,,0.562458312,47.47819625,,,,,,,,
2025/8/13 16:30,,,,,-0.048632566,48.74082552,,,,,,
2025/8/13 16:30,,,,,,,0.562860921,47.47407576,,,,
2025/8/13 16:30,,,,,,,,,-0.070457736,48.73736076,,
2025/8/13 16:30,,,,,,,,,,,0.557557579,47.47361045
2025/8/13 16:30,-0.049925,48.75997444,,,,,,,,,,
2025/8/13 16:30,,,0.547490062,47.50402262,,,,,,,,
2025/8/13 16:30,,,,,-0.049925,48.75997444,,,,,,
2025/8/13 16:30,,,,,,,0.547877482,47.50025751,,,,
2025/8/13 16:30,,,,,,,,,-0.051602616,48.75910022,,
2025/8/13 16:30,,,,,,,,,,,0.542799809,47.49981247
2025/8/13 16:30,-0.60640625,48.75622905,,,,,,,,,,
2025/8/13 16:30,,,0.526957,47.52981154,,,,,,,,
2025/8/13 16:30,,,,,-0.605401854,48.74336943,,,,,,
2025/8/13 16:30,,,,,,,0.5273567,47.52587061,,,,
2025/8/13 16:30,,,,,,,,,-0.622909771,48.74019766,,
2025/8/13 16:30,,,,,,,,,,,0.522061761,47.52537524
2025/8/13 16:30,-0.60640625,48.75622905,,,,,,,,,,
2025/8/13 16:30,,,0.506423937,47.55560046,,,,,,,,
2025/8/13 16:30,,,,,-0.60591384,48.75013847,,,,,,
2025/8/13 16:30,,,,,,,0.50684483,47.55121649,,,,
2025/8/13 16:30,,,,,,,,,-0.614993995,48.74766533,,
2025/8/13 16:30,,,,,,,,,,,0.50120485,47.55066688
2025/8/13 16:30,-0.792125,48.75356539,,,,,,,,,,
2025/8/13 16:30,,,0.477094687,47.58043109,,,,,,,,
2025/8/13 16:30,,,,,-0.791250398,48.7429078,,,,,,
2025/8/13 16:30,,,,,,,0.477529868,47.57576964,,,,
2025/8/13 16:30,,,,,,,,,-0.806415514,48.73981655,,
2025/8/13 16:30,,,,,,,,,,,0.47164875,47.57516948
2025/8/13 16:30,0.00128125,48.88999998,,,,,,,,,,
2025/8/13 16:30,,,0.4556995,47.60662607,,,,,,,,
2025/8/13 16:30,,,,,0.003499364,48.85552302,,,,,,
2025/8/13 16:30,,,,,,,0.456166427,47.6013158,,,,
2025/8/13 16:30,,,,,,,,,0.001313758,48.85359508,,
2025/8/13 16:30,,,,,,,,,,,0.450114943,47.60067384
2025/8/13 16:30,0.00128125,48.88999998,,,,,,,,,,
2025/8/13 16:30,,,0.429668312,47.63225756,,,,,,,,
2025/8/13 16:30,,,,,0.002467318,48.87222607,,,,,,
2025/8/13 16:30,,,,,,,0.430151127,47.62660456,,,,
2025/8/13 16:30,,,,,,,,,0.001313539,48.87030553,,
2025/8/13 16:30,,,,,,,,,,,0.424020954,47.62592512
2025/8/13 16:30,-0.18455,48.88965168,,,,,,,,,,
2025/8/13 16:30,,,0.401778812,47.65788557,,,,,,,,
2025/8/13 16:30,,,,,-0.183007038,48.86724038,,,,,,
2025/8/13 16:30,,,,,,,0.40228411,47.65170948,,,,
2025/8/13 16:30,,,,,,,,,-0.209544887,48.86343705,,
2025/8/13 16:30,,,,,,,,,,,0.395774883,47.65097268
2025/8/13 16:30,0.24354375,48.95939426,,,,,,,,,,
2025/8/13 16:30,,,0.3910265,47.68366696,,,,,,,,
2025/8/13 16:30,,,,,0.245659081,48.92422121,,,,,,
2025/8/13 16:30,,,,,,,0.391551858,47.67716072,,,,
2025/8/13 16:30,,,,,,,,,0.209816282,48.91996539,,
2025/8/13 16:30,,,,,,,,,,,0.384712277,47.67639876
2025/8/13 16:30,0.24354375,48.95939426,,,,,,,,,,
2025/8/13 16:30,,,0.389662187,47.70927646,,,,,,,,
2025/8/13 16:30,,,,,0.244890364,48.93765924,,,,,,
2025/8/13 16:30,,,,,,,0.390184391,47.70282376,,,,
2025/8/13 16:30,,,,,,,,,0.22210489,48.9342807,,
2025/8/13 16:30,,,,,,,,,,,0.383380416,47.70206436
2025/8/13 16:30,-0.066425,48.95995494,,,,,,,,,,
2025/8/13 16:30,,,0.379391937,47.73397524,,,,,,,,
2025/8/13 16:30,,,,,-0.064486129,48.93051112,,,,,,
2025/8/13 16:30,,,,,,,0.379911042,47.7276797,,,,
2025/8/13 16:30,,,,,,,,,-0.097878546,48.9262068,,
2025/8/13 16:30,,,,,,,,,,,0.373140154,47.72691658
2025/8/13 16:30,-0.066425,48.95995494,,,,,,,,,,
2025/8/13 16:30,,,0.375005437,47.75858969,,,,,,,,
2025/8/13 16:30,,,,,-0.065550272,48.94726679,,,,,,
2025/8/13 16:30,,,,,,,0.375497885,47.75277328,,,,
2025/8/13 16:30,,,,,,,,,-0.080531213,48.94438255,,
2025/8/13 16:30,,,,,,,,,,,0.369166629,47.75204272
2025/8/13 16:30,-0.25255625,48.9593486,,,,,,,,,,
2025/8/13 16:30,,,0.374063687,47.78318587,,,,,,,,
2025/8/13 16:30,,,,,-0.251328964,48.94203509,,,,,,
2025/8/13 16:30,,,,,,,0.374519431,47.77794062,,,,
2025/8/13 16:30,,,,,,,,,-0.271936733,48.93868193,,
2025/8/13 16:30,,,,,,,,,,,0.36880428,47.77726381
2025/8/13 16:30,0.23744375,49.03942516,,,,,,,,,,
2025/8/13 16:30,,,0.373367937,47.80779024,,,,,,,,
2025/8/13 16:30,,,,,0.239375643,49.00755774,,,,,,
2025/8/13 16:30,,,,,,,0.373791699,47.80311719,,,,
2025/8/13 16:30,,,,,,,,,0.206825064,49.00351368,,
2025/8/13 16:30,,,,,,,,,,,0.368624237,47.80248303
2025/8/13 16:30,0.0512,49.03997327,,,,,,,,,,
2025/8/13 16:30,,,0.37080975,47.8324001,,,,,,,,
2025/8/13 16:30,,,,,0.053502433,49.00350806,,,,,,
2025/8/13 16:30,,,,,,,0.371227119,47.82785133,,,,
2025/8/13 16:30,,,,,,,,,0.014220289,48.99882501,,
2025/8/13 16:30,,,,,,,,,,,0.366152797,47.8272238
2025/8/13 16:30,0.48060625,49.10764826,,,,,,,,,,
2025/8/13 16:30,,,0.379044562,47.8576892,,,,,,,,
2025/8/13 16:30,,,,,0.483318181,49.05845087,,,,,,
2025/8/13 16:30,,,,,,,0.379443562,47.85330533,,,,
2025/8/13 16:30,,,,,,,,,0.436186057,49.05353971,,
2025/8/13 16:30,,,,,,,,,,,0.374661676,47.8527139
2025/8/13 16:30,0.48060625,49.10764826,,,,,,,,,,
2025/8/13 16:30,,,0.384949375,47.88256697,,,,,,,,
2025/8/13 16:30,,,,,0.482619704,49.07183043,,,,,,
2025/8/13 16:30,,,,,,,0.385321066,47.87855574,,,,
2025/8/13 16:30,,,,,,,,,0.448188936,49.06783708,,
2025/8/13 16:30,,,,,,,,,,,0.380994221,47.87800855
2025/8/13 16:30,0.664825,49.13550252,,,,,,,,,,
2025/8/13 16:30,,,0.394471437,47.90773086,,,,,,,,
2025/8/13 16:30,,,,,0.667002279,49.09429525,,,,,,
2025/8/13 16:30,,,,,,,0.394812559,47.90408388,,,,
2025/8/13 16:30,,,,,,,,,0.629292137,49.09014847,,
2025/8/13 16:30,,,,,,,,,,,0.390997227,47.90359006
2025/8/13 16:30,0.664825,49.13550252,,,,,,,,,,
2025/8/13 16:30,,,0.4039935,47.93289474,,,,,,,,
2025/8/13 16:30,,,,,0.666499443,49.10429453,,,,,,
2025/8/13 16:30,,,,,,,0.40432478,47.92931028,,,,
2025/8/13 16:30,,,,,,,,,0.638181184,49.10080212,,
2025/8/13 16:30,,,,,,,,,,,0.400658113,47.92883595
2025/8/13 16:30,1.156625,49.20640831,,,,,,,,,,
2025/8/13 16:30,,,0.41551825,47.95825883,,,,,,,,
2025/8/13 16:30,,,,,1.158658342,49.16086232,,,,,,
2025/8/13 16:30,,,,,,,0.415839446,47.95468487,,,,
2025/8/13 16:30,,,,,,,,,1.12383903,49.15735765,,
2025/8/13 16:30,,,,,,,,,,,0.411854981,47.95419377
2025/8/13 16:30,1.156625,49.20640831,,,,,,,,,,
2025/8/13 16:30,,,0.4294115,47.98362871,,,,,,,,
2025/8/13 16:30,,,,,1.157655601,49.18426393,,,,,,
2025/8/13 16:30,,,,,,,0.429706876,47.98036015,,,,
2025/8/13 16:30,,,,,,,,,1.140208222,49.1817319,,
2025/8/13 16:30,,,,,,,,,,,0.426142598,47.97991222
2025/8/13 16:30,1.58760625,49.26442536,,,,,,,,,,
2025/8/13 16:30,,,0.442943562,48.00877884,,,,,,,,
2025/8/13 16:30,,,,,1.588936508,49.22994742,,,,,,
2025/8/13 16:30,,,,,,,0.443211908,48.00583901,,,,
2025/8/13 16:30,,,,,,,,,1.566121164,49.22722729,,
2025/8/13 16:30,,,,,,,,,,,0.440093449,48.00543284
2025/8/13 16:30,1.58760625,49.26442536,,,,,,,,,,
2025/8/13 16:30,,,0.458846125,48.03392309,,,,,,,,
2025/8/13 16:30,,,,,1.588316742,49.24666713,,,,,,
2025/8/13 16:30,,,,,,,0.459075181,48.03154095,,,,
2025/8/13 16:30,,,,,,,,,1.575903824,49.24443982,,
2025/8/13 16:30,,,,,,,,,,,0.455881659,48.03113053
2025/8/13 16:30,-3.90689375,48.23202547,,,,,,,,,,
2025/8/13 16:30,,,0.419803687,48.04874335,,,,,,,,
2025/8/13 16:30,,,,,-3.923358543,48.37892612,,,,,,
2025/8/13 16:30,,,,,,,0.419850087,48.04809619,,,,
2025/8/13 16:30,,,,,,,,,-3.630177348,48.42529837,,
2025/8/13 16:30,,,,,,,,,,,0.419608381,48.04816886
2025/8/13 16:30,-3.90689375,48.23202547,,,,,,,,,,
2025/8/13 16:30,,,0.37608225,48.06278672,,,,,,,,
2025/8/13 16:30,,,,,-3.924736439,48.39587693,,,,,,
2025/8/13 16:30,,,,,,,0.375926298,48.06419001,,,,
2025/8/13 16:30,,,,,,,,,-3.600410002,48.44673789,,
2025/8/13 16:30,,,,,,,,,,,0.379318252,48.06481651
2025/8/13 16:30,-3.362,48.36328521,,,,,,,,,,
2025/8/13 16:30,,,0.339588937,48.07812838,,,,,,,,
2025/8/13 16:30,,,,,-3.377348577,48.50926273,,,,,,
2025/8/13 16:30,,,,,,,0.339251762,48.08144994,,,,
2025/8/13 16:30,,,,,,,,,-3.106470706,48.54934131,,
2025/8/13 16:30,,,,,,,,,,,0.345810218,48.08252821
2025/8/13 16:30,-3.92140625,48.32114416,,,,,,,,,,
2025/8/13 16:30,,,0.297501562,48.09304864,,,,,,,,
2025/8/13 16:30,,,,,-3.936636471,48.4544276,,,,,,
2025/8/13 16:30,,,,,,,0.296993955,48.09799434,,,,
2025/8/13 16:30,,,,,,,,,-3.668624511,48.49711721,,
2025/8/13 16:30,,,,,,,,,,,0.306529525,48.09953869
2025/8/13 16:30,-3.4969,48.42390102,,,,,,,,,,
2025/8/13 16:30,,,0.25497225,48.10824858,,,,,,,,
2025/8/13 16:30,,,,,-3.510041289,48.54340245,,,,,,
2025/8/13 16:30,,,,,,,0.25431012,48.1148252,,,,
2025/8/13 16:30,,,,,,,,,-3.281318003,48.57825153,,
2025/8/13 16:30,,,,,,,,,,,0.266513482,48.11676009
2025/8/13 16:30,-3.4969,48.42390102,,,,,,,,,,
2025/8/13 16:30,,,0.214816937,48.12341626,,,,,,,,
2025/8/13 16:30,,,,,-3.512272863,48.56692094,,,,,,
2025/8/13 16:30,,,,,,,0.213972991,48.13192091,,,,
2025/8/13 16:30,,,,,,,,,-3.241249216,48.60774688,,
2025/8/13 16:30,,,,,,,,,,,0.229347845,48.13431348
2025/8/13 16:30,-3.07178125,48.52286636,,,,,,,,,,
2025/8/13 16:30,,,0.178912812,48.13957359,,,,,,,,
2025/8/13 16:30,,,,,-3.08511723,48.6521969,,,,,,
2025/8/13 16:30,,,,,,,0.177925654,48.14953497,,,,
2025/8/13 16:30,,,,,,,,,-2.852993386,48.68556127,,
2025/8/13 16:30,,,,,,,,,,,0.195786036,48.15228958
2025/8/13 16:30,-3.07178125,48.52286636,,,,,,,,,,
2025/8/13 16:30,,,0.140662187,48.15536269,,,,,,,,
2025/8/13 16:30,,,,,-3.086581798,48.66904877,,,,,,
2025/8/13 16:30,,,,,,,0.139514047,48.16702204,,,,
2025/8/13 16:30,,,,,,,,,-2.825932164,48.706139,,
2025/8/13 16:30,,,,,,,,,,,0.160188337,48.17017741
2025/8/13 16:30,-2.76775,48.59123851,,,,,,,,,,
2025/8/13 16:30,,,0.105451875,48.17183551,,,,,,,,
2025/8/13 16:30,,,,,-2.781141155,48.72769055,,,,,,
2025/8/13 16:30,,,,,,,0.104171797,48.18482651,,,,
2025/8/13 16:30,,,,,,,,,-2.546801498,48.75985941,,
2025/8/13 16:30,,,,,,,,,,,0.127150722,48.18828482
2025/8/13 16:30,-2.76775,48.59123851,,,,,,,,,,
2025/8/13 16:30,,,0.065542562,48.18760698,,,,,,,,
2025/8/13 16:30,,,,,-2.782522183,48.74455367,,,,,,
2025/8/13 16:30,,,,,,,0.06411087,48.20220954,,,,
2025/8/13 16:30,,,,,,,,,-2.521763826,48.78005259,,
2025/8/13 16:30,,,,,,,,,,,0.089765225,48.20604271
2025/8/13 16:30,-3.82716875,48.51929183,,,,,,,,,,
2025/8/13 16:30,,,0.021577875,48.20253436,,,,,,,,
2025/8/13 16:30,,,,,-3.841780312,48.64845664,,,,,,
2025/8/13 16:30,,,,,,,0.019985609,48.2186779,,,,
2025/8/13 16:30,,,,,,,,,-3.584934355,48.6889072,,
2025/8/13 16:30,,,,,,,,,,,0.04844631,48.22294892
2025/8/13 16:30,-3.46191875,48.60687213,,,,,,,,,,
2025/8/13 16:30,,,-0.018734313,48.21833754,,,,,,,,
2025/8/13 16:30,,,,,-3.474785012,48.72419278,,,,,,
2025/8/13 16:30,,,,,,,-0.020452006,48.2356025,,,,
2025/8/13 16:30,,,,,,,,,-3.25094891,48.75810686,,
2025/8/13 16:30,,,,,,,,,,,0.010185062,48.24019163
2025/8/13 16:30,-3.46191875,48.60687213,,,,,,,,,,
2025/8/13 16:30,,,-0.054877563,48.23410873,,,,,,,,
2025/8/13 16:30,,,,,-3.476368014,48.74102464,,,,,,
2025/8/13 16:30,,,,,,,-0.056741387,48.25273803,,,,
2025/8/13 16:30,,,,,,,,,-3.222531327,48.77913616,,
2025/8/13 16:30,,,,,,,,,,,-0.023588929,48.25772125
2025/8/13 16:30,-3.1572,48.67772065,,,,,,,,,,
2025/8/13 16:30,,,-0.087973625,48.25058841,,,,,,,,
2025/8/13 16:30,,,,,-3.170209648,48.80208295,,,,,,
2025/8/13 16:30,,,,,,,-0.089949577,48.27018291,,,,
2025/8/13 16:30,,,,,,,,,-2.943021606,48.8351253,,
2025/8/13 16:30,,,,,,,,,,,-0.054813652,48.27545777
2025/8/13 16:30,-3.9072,48.62326797,,,,,,,,,,
2025/8/13 16:30,,,-0.136222625,48.26531038,,,,,,,,
2025/8/13 16:30,,,,,-3.919744324,48.73074815,,,,,,
2025/8/13 16:30,,,,,,,-0.138321571,48.28593621,,,,
2025/8/13 16:30,,,,,,,,,-3.701571667,48.76575261,,
2025/8/13 16:30,,,,,,,,,,,-0.101050553,48.29154187
2025/8/13 16:30,-3.60216875,48.6969535,,,,,,,,,,
2025/8/13 16:30,,,-0.181421313,48.28076922,,,,,,,,
2025/8/13 16:30,,,,,-3.613256933,48.79458573,,,,,,
2025/8/13 16:30,,,,,,,-0.183621754,48.30219414,,,,
2025/8/13 16:30,,,,,,,,,-3.42119602,48.8245555,,
2025/8/13 16:30,,,,,,,,,,,-0.144583792,48.3080735
2025/8/13 16:30,-3.60216875,48.6969535,,,,,,,,,,
2025/8/13 16:30,,,-0.23134,48.29554321,,,,,,,,
2025/8/13 16:30,,,,,-3.615623082,48.81805846,,,,,,
2025/8/13 16:30,,,,,,,-0.2336733,48.318144,,,,
2025/8/13 16:30,,,,,,,,,-3.380140886,48.85421125,,
2025/8/13 16:30,,,,,,,,,,,-0.192312395,48.3243675
2025/8/13 16:30,-3.296825,48.76869226,,,,,,,,,,
2025/8/13 16:30,,,-0.27104425,48.31087816,,,,,,,,
2025/8/13 16:30,,,,,-3.308795851,48.88007948,,,,,,
2025/8/13 16:30,,,,,,,-0.273504299,48.33471404,,,,
2025/8/13 16:30,,,,,,,,,-3.100462061,48.91107312,,
2025/8/13 16:30,,,,,,,,,,,-0.229939963,48.34127158
2025/8/13 16:30,-3.296825,48.76869226,,,,,,,,,,
2025/8/13 16:30,,,-0.3107485,48.32621311,,,,,,,,
2025/8/13 16:30,,,,,-3.310412313,48.89681937,,,,,,
2025/8/13 16:30,,,,,,,-0.313334102,48.35114879,,,,
2025/8/13 16:30,,,,,,,,,-3.072346813,48.93188881,,
2025/8/13 16:30,,,,,,,,,,,-0.267559438,48.35802965
2025/8/13 16:30,-2.99116875,48.83848697,,,,,,,,,,
2025/8/13 16:30,,,-0.352124188,48.34153686,,,,,,,,
2025/8/13 16:30,,,,,-3.00329961,48.95694273,,,,,,
2025/8/13 16:30,,,,,,,-0.354829156,48.36761996,,,,
2025/8/13 16:30,,,,,,,,,-2.791720094,48.9870055,,
2025/8/13 16:30,,,,,,,,,,,-0.306974449,48.37478228
2025/8/13 16:30,-2.99116875,48.83848697,,,,,,,,,,
2025/8/13 16:30,,,-0.393499875,48.35686062,,,,,,,,
2025/8/13 16:30,,,,,-3.005110173,48.97708733,,,,,,
2025/8/13 16:30,,,,,,,-0.396337416,48.38419129,,,,
2025/8/13 16:30,,,,,,,,,-2.759411655,49.01165256,,
2025/8/13 16:30,,,,,,,,,,,-0.346140938,48.39167662
2025/8/13 16:30,-2.62396875,48.91967792,,,,,,,,,,
2025/8/13 16:30,,,-0.436532125,48.37225489,,,,,,,,
2025/8/13 16:30,,,,,-2.636222715,49.04668265,,,,,,
2025/8/13 16:30,,,,,,,-0.439492206,48.4008556,,,,
2025/8/13 16:30,,,,,,,,,-2.422182425,49.07551306,,
2025/8/13 16:30,,,,,,,,,,,-0.387150845,48.40863491
2025/8/13 16:30,-2.62396875,48.91967792,,,,,,,,,,
2025/8/13 16:30,,,-0.471187125,48.38742636,,,,,,,,
2025/8/13 16:30,,,,,-2.637655613,49.06345794,,,,,,
2025/8/13 16:30,,,,,,,-0.474295308,48.41767504,,,,
2025/8/13 16:30,,,,,,,,,-2.396337144,49.09563902,,
2025/8/13 16:30,,,,,,,,,,,-0.41935907,48.42580403
2025/8/13 16:30,-2.25631875,48.99807676,,,,,,,,,,
2025/8/13 16:30,,,-0.504537125,48.40302975,,,,,,,,
2025/8/13 16:30,,,,,-2.268311361,49.13041854,,,,,,
2025/8/13 16:30,,,,,,,-0.507778929,48.43488325,,,,
2025/8/13 16:30,,,,,,,,,-2.058074284,49.15714988,,
2025/8/13 16:30,,,,,,,,,,,-0.450518032,48.44330956
2025/8/13 16:30,-2.25631875,48.99807676,,,,,,,,,,
2025/8/13 16:30,,,-0.534889313,48.41857445,,,,,,,,
2025/8/13 16:30,,,,,-2.269946776,49.15051289,,,,,,
2025/8/13 16:30,,,,,,,-0.538286402,48.45231208,,,,
2025/8/13 16:30,,,,,,,,,-2.02981444,49.18073814,,
2025/8/13 16:30,,,,,,,,,,,-0.478311019,48.46107749
2025/8/13 16:30,-2.25631875,48.99807676,,,,,,,,,,
2025/8/13 16:30,,,-0.569396438,48.43350535,,,,,,,,
2025/8/13 16:30,,,,,-2.271470967,49.17071024,,,,,,
2025/8/13 16:30,,,,,,,-0.572966921,48.46945488,,,,
2025/8/13 16:30,,,,,,,,,-2.000758893,49.20437487,,
2025/8/13 16:30,,,,,,,,,,,-0.509920888,48.47859376
2025/8/13 16:30,-3.76171875,48.90554132,,,,,,,,,,
2025/8/13 16:30,,,-0.620740125,48.44725892,,,,,,,,
2025/8/13 16:30,,,,,-3.777073561,49.04376078,,,,,,
2025/8/13 16:30,,,,,,,-0.624486762,48.48512902,,,,
2025/8/13 16:30,,,,,,,,,-3.504679556,49.0858238,,
2025/8/13 16:30,,,,,,,,,,,-0.558333859,48.49472587
2025/8/13 16:30,-3.51636875,48.96389742,,,,,,,,,,
2025/8/13 16:30,,,-0.665428125,48.46149329,,,,,,,,
2025/8/13 16:30,,,,,-3.530510792,49.09428251,,,,,,
2025/8/13 16:30,,,,,,,-0.669347365,48.50131568,,,,
2025/8/13 16:30,,,,,,,,,-3.281161656,49.1318075,,
2025/8/13 16:30,,,,,,,,,,,-0.600173404,48.51133703
2025/8/13 16:30,-3.51636875,48.96389742,,,,,,,,,,
2025/8/13 16:30,,,-0.714279813,48.47512904,,,,,,,,
2025/8/13 16:30,,,,,-3.532049398,49.1111218,,,,,,
2025/8/13 16:30,,,,,,,-0.71838754,48.51719739,,,,
2025/8/13 16:30,,,,,,,,,-3.251986476,49.15284805,,
2025/8/13 16:30,,,,,,,,,,,-0.645865568,48.52768214
2025/8/13 16:30,-4.39784375,48.89260752,,,,,,,,,,
2025/8/13 16:30,,,-0.77194625,48.48805188,,,,,,,,
2025/8/13 16:30,,,,,-4.413257405,49.02022217,,,,,,
2025/8/13 16:30,,,,,,,-0.776208114,48.53139638,,,,
2025/8/13 16:30,,,,,,,,,-4.139684379,49.06592543,,
2025/8/13 16:30,,,,,,,,,,,-0.700961918,48.54232446
2025/8/13 16:30,-4.02944375,48.98454943,,,,,,,,,,
2025/8/13 16:30,,,-0.827119438,48.50172977,,,,,,,,
2025/8/13 16:30,,,,,-4.042974788,49.10030986,,,,,,
2025/8/13 16:30,,,,,,,-0.831516893,48.54623782,,,,
2025/8/13 16:30,,,,,,,,,-3.804872919,49.13862026,,
2025/8/13 16:30,,,,,,,,,,,-0.753874328,48.55756589
2025/8/13 16:30,-4.02944375,48.98454943,,,,,,,,,,
2025/8/13 16:30,,,-0.882292625,48.51540767,,,,,,,,
2025/8/13 16:30,,,,,-4.045043165,49.12042187,,,,,,
2025/8/13 16:30,,,,,,,-0.886840468,48.56114533,,,,
2025/8/13 16:30,,,,,,,,,-3.767501927,49.16466183,,
2025/8/13 16:30,,,,,,,,,,,-0.806522625,48.57289468
2025/8/13 16:30,-3.7221,49.059005,,,,,,,,,,
2025/8/13 16:30,,,-0.937371438,48.52943218,,,,,,,,
2025/8/13 16:30,,,,,-3.736186427,49.18500787,,,,,,
2025/8/13 16:30,,,,,,,-0.942058533,48.5763898,,,,
2025/8/13 16:30,,,,,,,,,-3.487540243,49.22336693,,
2025/8/13 16:30,,,,,,,,,,,-0.859287391,48.58850495
2025/8/13 16:30,-3.7221,49.059005,,,,,,,,,,
2025/8/13 16:30,,,-0.99245025,48.5434567,,,,,,,,
2025/8/13 16:30,,,,,-3.736810077,49.1917732,,,,,,
2025/8/13 16:30,,,,,,,-0.997277874,48.59156775,,,,
2025/8/13 16:30,,,,,,,,,-3.475650568,49.23191245,,
2025/8/13 16:30,,,,,,,,,,,-0.911991501,48.60406424
2025/8/13 16:30,-3.41444375,49.13149778,,,,,,,,,,
2025/8/13 16:30,,,-1.0444525,48.55820614,,,,,,,,
2025/8/13 16:30,,,,,-3.427685849,49.25444689,,,,,,
2025/8/13 16:30,,,,,,,-1.049396747,48.60710494,,,,
2025/8/13 16:30,,,,,,,,,-3.194521695,49.28912277,,
2025/8/13 16:30,,,,,,,,,,,-0.962041044,48.61991995
2025/8/13 16:30,-3.41444375,49.13149778,,,,,,,,,,
2025/8/13 16:30,,,-1.100630687,48.57242965,,,,,,,,
2025/8/13 16:30,,,,,-3.429521167,49.27466918,,,,,,
2025/8/13 16:30,,,,,,,-1.105716271,48.62244102,,,,
2025/8/13 16:30,,,,,,,,,-3.160780672,49.31417319,,
2025/8/13 16:30,,,,,,,,,,,-1.015822906,48.63562932
2025/8/13 16:30,-4.8679,49.00883644,,,,,,,,,,
2025/8/13 16:30,,,-1.171343437,48.58542654,,,,,,,,
2025/8/13 16:30,,,,,-4.882244665,49.11996683,,,,,,
2025/8/13 16:30,,,,,,,-1.176560261,48.6361299,,,,
2025/8/13 16:30,,,,,,,,,-4.628806532,49.16472822,,
2025/8/13 16:30,,,,,,,,,,,-1.084327879,48.6497418
2025/8/13 16:30,-4.62155,49.07285783,,,,,,,,,,
2025/8/13 16:30,,,-1.228155875,48.59867269,,,,,,,,
2025/8/13 16:30,,,,,-4.634645242,49.17593923,,,,,,
2025/8/13 16:30,,,,,,,-1.233497681,48.65028995,,,,
2025/8/13 16:30,,,,,,,,,-4.405013095,49.21562521,,
2025/8/13 16:30,,,,,,,,,,,-1.139071786,48.66427619
2025/8/13 16:30,-4.62155,49.07285783,,,,,,,,,,
2025/8/13 16:30,,,-1.288552562,48.61141159,,,,,,,,
2025/8/13 16:30,,,,,-4.636864681,49.19609964,,,,,,
2025/8/13 16:30,,,,,,,-1.294047017,48.66425093,,,,
2025/8/13 16:30,,,,,,,,,-4.364594649,49.24265505,,
2025/8/13 16:30,,,,,,,,,,,-1.196912137,48.67868543
2025/8/13 16:30,-4.31333125,49.15110145,,,,,,,,,,
2025/8/13 16:30,,,-1.345867062,48.62493292,,,,,,,,
2025/8/13 16:30,,,,,-4.327071399,49.26438622,,,,,,
2025/8/13 16:30,,,,,,,-1.351487032,48.67862715,,,,
2025/8/13 16:30,,,,,,,,,-4.084454211,49.3046798,,
2025/8/13 16:30,,,,,,,,,,,-1.252124106,48.69343754
2025/8/13 16:30,-4.31333125,49.15110145,,,,,,,,,,
2025/8/13 16:30,,,-1.406171875,48.63805202,,,,,,,,
2025/8/13 16:30,,,,,-4.328438541,49.27789472,,,,,,
2025/8/13 16:30,,,,,,,-1.411935601,48.69282481,,,,
2025/8/13 16:30,,,,,,,,,-4.059378053,49.32221615,,
2025/8/13 16:30,,,,,,,,,,,-1.310002206,48.7080566
2025/8/13 16:30,-4.06653125,49.21227208,,,,,,,,,,
2025/8/13 16:30,,,-1.464008687,48.65178282,,,,,,,,
2025/8/13 16:30,,,,,-4.080440244,49.33108668,,,,,,
2025/8/13 16:30,,,,,,,-1.469900575,48.70745343,,,,
2025/8/13 16:30,,,,,,,,,-3.834162949,49.37066878,,
2025/8/13 16:30,,,,,,,,,,,-1.365685109,48.72305668
2025/8/13 16:30,-4.06653125,49.21227208,,,,,,,,,,
2025/8/13 16:30,,,-1.525438,48.66505551,,,,,,,,
2025/8/13 16:30,,,,,-4.082127796,49.34790437,,,,,,
2025/8/13 16:30,,,,,,,-1.531479842,48.72189762,,,,
2025/8/13 16:30,,,,,,,,,-3.803565099,49.39230083,,
2025/8/13 16:30,,,,,,,,,,,-1.424575722,48.73792527
2025/8/13 16:30,0.4727,50.1077704,,,,,,,,,,
2025/8/13 16:30,,,-1.529993062,48.6869231,,,,,,,,
2025/8/13 16:30,,,,,0.4727,50.1077704,,,,,,
2025/8/13 16:30,,,,,,,-1.53603947,48.74384996,,,,
2025/8/13 16:30,,,,,,,,,0.472785604,50.10757996,,
2025/8/13 16:30,,,,,,,,,,,-1.42905047,48.75989692
2025/8/13 16:30,0.4727,50.1077704,,,,,,,,,,
2025/8/13 16:30,,,-1.534548125,48.70879069,,,,,,,,
2025/8/13 16:30,,,,,0.491600198,49.21967291,,,,,,
2025/8/13 16:30,,,,,,,-1.540391106,48.7565525,,,,
2025/8/13 16:30,,,,,,,,,-0.52694478,49.13941623,,
2025/8/13 16:30,,,,,,,,,,,-1.443828099,48.77176536
2025/8/13 16:30,0.91146875,50.17172136,,,,,,,,,,
2025/8/13 16:30,,,-1.540112687,48.73053233,,,,,,,,
2025/8/13 16:30,,,,,0.928236061,49.2712235,,,,,,
2025/8/13 16:30,,,,,,,-1.545782576,48.76916496,,,,
2025/8/13 16:30,,,,,,,,,0.020228154,49.2085236,,
2025/8/13 16:30,,,,,,,,,,,-1.458389748,48.7837296
2025/8/13 16:30,0.91146875,50.17172136,,,,,,,,,,
2025/8/13 16:30,,,-1.54567725,48.75227396,,,,,,,,
2025/8/13 16:30,,,,,0.927936333,49.28797609,,,,,,
2025/8/13 16:30,,,,,,,-1.551172958,48.78184431,,,,
2025/8/13 16:30,,,,,,,,,0.042331229,49.22703998,,
2025/8/13 16:30,,,,,,,,,,,-1.472790021,48.79577567
2025/8/13 16:30,1.53934375,50.25643064,,,,,,,,,,
2025/8/13 16:30,,,-1.548566813,48.77438601,,,,,,,,
2025/8/13 16:30,,,,,1.552712185,49.35512265,,,,,,
2025/8/13 16:30,,,,,,,-1.553924396,48.79482493,,,,
2025/8/13 16:30,,,,,,,,,0.829077931,49.31538671,,
2025/8/13 16:30,,,,,,,,,,,-1.482850415,48.80833923
2025/8/13 16:30,0.2065,50.27957595,,,,,,,,,,
2025/8/13 16:30,,,-1.564784813,48.79672951,,,,,,,,
2025/8/13 16:30,,,,,0.227928451,49.34480316,,,,,,
2025/8/13 16:30,,,,,,,-1.569906981,48.8071995,,,,
2025/8/13 16:30,,,,,,,,,-0.944970056,49.24480802,,
2025/8/13 16:30,,,,,,,,,,,-1.510912888,48.81968257
2025/8/13 16:30,0.7097,50.35499902,,,,,,,,,,
2025/8/13 16:30,,,-1.579579063,48.8193775,,,,,,,,
2025/8/13 16:30,,,,,0.728550808,49.4060141,,,,,,
2025/8/13 16:30,,,,,,,-1.584497912,48.81984157,,,,
2025/8/13 16:30,,,,,,,,,-0.30929964,49.32915451,,
2025/8/13 16:30,,,,,,,,,,,-1.536124771,48.83153145
2025/8/13 16:30,0.7097,50.35499902,,,,,,,,,,
2025/8/13 16:30,,,-1.594373313,48.84202549,,,,,,,,
2025/8/13 16:30,,,,,0.734148363,49.10777854,,,,,,
2025/8/13 16:30,,,,,,,-1.599027533,48.82930062,,,,
2025/8/13 16:30,,,,,,,,,-0.785206169,48.98750174,,
2025/8/13 16:30,,,,,,,,,,,-1.566184543,48.83975906
2025/8/13 16:30,-0.0544,50.35997062,,,,,,,,,,
2025/8/13 16:30,,,-1.618614375,48.86450843,,,,,,,,
2025/8/13 16:30,,,,,-0.023760327,49.09366547,,,,,,
2025/8/13 16:30,,,,,,,-1.622945314,48.83845582,,,,
2025/8/13 16:30,,,,,,,,,-1.942309077,48.90551223,,
2025/8/13 16:30,,,,,,,,,,,-1.609565792,48.84700773
2025/8/13 16:30,0.323525,50.41896202,,,,,,,,,,
2025/8/13 16:30,,,-1.639076188,48.88758129,,,,,,,,
2025/8/13 16:30,,,,,0.351520334,49.14201678,,,,,,
2025/8/13 16:30,,,,,,,-1.643105562,48.84789386,,,,
2025/8/13 16:30,,,,,,,,,-1.409808131,48.98521148,,
2025/8/13 16:30,,,,,,,,,,,-1.64769283,48.85485056
2025/8/13 16:30,0.323525,50.41896202,,,,,,,,,,
2025/8/13 16:30,,,-1.639488438,48.91008472,,,,,,,,
2025/8/13 16:30,,,,,0.361913962,48.62577093,,,,,,
2025/8/13 16:30,,,,,,,-1.643113683,48.85212334,,,,
2025/8/13 16:30,,,,,,,,,-2.74419942,48.30508111,,
2025/8/13 16:30,,,,,,,,,,,-1.679098624,48.85583219
2025/8/13 16:30,-0.442375,50.41805931,,,,,,,,,,
2025/8/13 16:30,,,-1.647559688,48.93257912,,,,,,,,
2025/8/13 16:30,,,,,-0.395396421,48.60562624,,,,,,
2025/8/13 16:30,,,,,,,-1.650682217,48.85591645,,,,
2025/8/13 16:30,,,,,,,,,-4.245742565,48.12063386,,
2025/8/13 16:30,,,,,,,,,,,-1.725717147,48.85472006
2025/8/13 16:30,0.12535625,50.50984444,,,,,,,,,,
2025/8/13 16:30,,,-1.641406625,48.95600249,,,,,,,,
2025/8/13 16:30,,,,,0.16663615,48.68159657,,,,,,
2025/8/13 16:30,,,,,,,-1.64409001,48.86069546,,,,
2025/8/13 16:30,,,,,,,,,-3.238238084,48.30696796,,
2025/8/13 16:30,,,,,,,,,,,-1.753611656,48.85569724
2025/8/13 16:30,-0.25826875,50.5093397,,,,,,,,,,
2025/8/13 16:30,,,-1.639089813,48.9794208,,,,,,,,
2025/8/13 16:30,,,,,-0.212617076,48.67146565,,,,,,
2025/8/13 16:30,,,,,,,-1.641283552,48.86527273,,,,
2025/8/13 16:30,,,,,,,,,-4.003208507,48.21078145,,
2025/8/13 16:30,,,,,,,,,,,-1.789259144,48.85560228
2025/8/13 16:30,-0.25826875,50.5093397,,,,,,,,,,
2025/8/13 16:30,,,-1.6331025,49.00289044,,,,,,,,
2025/8/13 16:30,,,,,-0.258335833,50.51022462,,,,,,
2025/8/13 16:30,,,,,,,-1.635267708,48.888379,,,,
2025/8/13 16:30,,,,,,,,,-0.255616833,50.51211761,,
2025/8/13 16:30,,,,,,,,,,,-1.783701507,48.87866463
2025/8/13 16:30,0.310475,50.59904747,,,,,,,,,,
2025/8/13 16:30,,,-1.62142775,49.02725715,,,,,,,,
2025/8/13 16:30,,,,,0.311218235,50.58683699,,,,,,
2025/8/13 16:30,,,,,,,-1.62354183,48.91205072,,,,
2025/8/13 16:30,,,,,,,,,0.29751448,50.58427462,,
2025/8/13 16:30,,,,,,,,,,,-1.77284353,48.90222473
2025/8/13 16:30,0.24649375,50.59939961,,,,,,,,,,
2025/8/13 16:30,,,-1.603038313,49.05181445,,,,,,,,
2025/8/13 16:30,,,,,0.2473417,50.58561741,,,,,,
2025/8/13 16:30,,,,,,,-1.605108429,48.93607597,,,,
2025/8/13 16:30,,,,,,,,,0.232084964,50.58297109,,
2025/8/13 16:30,,,,,,,,,,,-1.755155858,48.92614177
