Time,tri_X,tri_Y,Gradient_X,Gradient_Y,Nelder_X,Nelder_Y
2025-08-13 16:25:28,24.453324999999978,44.367448613193616,,,,
2025-08-13 16:25:28,,,24.56306876741355,45.1245723448653,,
2025-08-13 16:25:28,,,,,21.31529831171713,46.417993875175696
2025-08-13 16:25:28,24.63071875,44.269213838269124,,,,
2025-08-13 16:25:28,,,24.742843887132768,45.034393750454626,,
2025-08-13 16:25:28,,,,,21.438207496783427,46.36296971177799
2025-08-13 16:25:28,24.807999999999993,44.17011134239985,,,,
2025-08-13 16:25:28,,,24.922544478457816,44.94338436370158,,
2025-08-13 16:25:28,,,,,21.560725771983293,46.30774104532098
2025-08-13 16:25:28,24.807999999999993,44.17011134239985,,,,
2025-08-13 16:25:28,,,24.918895387792624,44.91936223716028,,
2025-08-13 16:25:28,,,,,21.64397510699739,46.252382152449016
2025-08-13 16:25:29,1.7121999999999673,50.631057377463485,,,,
2025-08-13 16:25:29,,,1.713435563806964,50.596564310958925,,
2025-08-13 16:25:29,,,,,1.6918555897203238,50.59396845170485
2025-08-13 16:25:29,1.7121999999999673,50.631057377463485,,,,
2025-08-13 16:25:29,,,1.713435563806964,50.596564310958925,,
2025-08-13 16:25:29,,,,,1.6918555897203238,50.59396845170485
2025-08-13 16:25:29,1.775968750000004,50.62886069228719,,,,
2025-08-13 16:25:29,,,1.7771168470601166,50.59589159011363,,
2025-08-13 16:25:29,,,,,1.7571934738619155,50.593457617335204
2025-08-13 16:25:29,1.7126499999999965,50.62103643721156,,,,
2025-08-13 16:25:29,,,1.7137715281632917,50.58984057775516,,
2025-08-13 16:25:29,,,,,1.6946291407030314,50.587397162383624
2025-08-13 16:25:29,1.7126499999999965,50.62103643721156,,,,
2025-08-13 16:25:29,,,1.7137715281632917,50.58984057775516,,
2025-08-13 16:25:29,,,,,1.6946291407030314,50.587397162383624
2025-08-13 16:25:29,1.5860500000000286,50.605151372142934,,,,
2025-08-13 16:25:29,,,1.5871072638584696,50.577493920102356,,
2025-08-13 16:25:29,,,,,1.568745064695983,50.57503010526844
2025-08-13 16:25:29,1.713549999999998,50.60099451984615,,,,
2025-08-13 16:25:29,,,1.7144419067904004,50.57653836336281,,
2025-08-13 16:25:29,,,,,1.698247555054529,50.57415687310916
2025-08-13 16:25:29,1.6502687499999809,50.5930925428835,,,,
2025-08-13 16:25:29,,,1.65112298490046,50.57038313063476,,
2025-08-13 16:25:29,,,,,1.6358380371005676,50.568063537799716
2025-08-13 16:25:29,1.8414249999999868,50.586495766848444,,,,
2025-08-13 16:25:29,,,1.8420511833781048,50.568624150461744,,
2025-08-13 16:25:29,,,,,1.8298818010292819,50.566400864076826
2025-08-13 16:25:29,1.7149,50.57093155153462,,,,
2025-08-13 16:25:29,,,1.715438880036568,50.556550859268256,,
2025-08-13 16:25:29,,,,,1.7056755663610925,50.55446326477308
2025-08-13 16:25:29,1.7149,50.57093155153462,,,,
2025-08-13 16:25:29,,,1.7159056685958038,50.54315515831818,,
2025-08-13 16:25:29,,,,,1.698050459949533,50.54075335614686
2025-08-13 16:25:29,1.7785937499999989,50.568731487673894,,,,
2025-08-13 16:25:29,,,1.779518164459267,50.542562146496344,,
2025-08-13 16:25:29,,,,,1.7633667428743052,50.54019213858122
2025-08-13 16:25:29,1.7785937499999989,50.568731487673894,,,,
2025-08-13 16:25:29,,,1.7799574605482595,50.52911839662298,,
2025-08-13 16:25:29,,,,,1.7560218524486062,50.52650463873552
2025-08-13 16:25:29,1.7785937499999989,50.568731487673894,,,,
2025-08-13 16:25:29,,,1.7799574605482595,50.52911839662298,,
2025-08-13 16:25:29,,,,,1.7560218524486062,50.52650463873552
2025-08-13 16:25:29,1.5256937500000163,50.53697516256005,,,,
2025-08-13 16:25:29,,,1.5269581749772412,50.50450435192374,,
2025-08-13 16:25:29,,,,,1.5051287325251226,50.501854322348386
2025-08-13 16:25:29,1.716700000000003,50.53084742125349,,,,
2025-08-13 16:25:29,,,1.7177040904751253,50.503110133530804,,
2025-08-13 16:25:29,,,,,1.7000143590835295,50.50069136846331
2025-08-13 16:25:29,1.5903249999999787,50.514972695175985,,,,
2025-08-13 16:25:29,,,1.5912572412548511,50.490750683779886,,
2025-08-13 16:25:29,,,,,1.575209269585416,50.488392683670654
2025-08-13 16:25:29,1.6539687500000184,50.51292891304189,,,,
2025-08-13 16:25:29,,,1.654819816202116,50.49029680544915,,
2025-08-13 16:25:29,,,,,1.6393963585569302,50.487960777114836
2025-08-13 16:25:29,1.6539687500000184,50.51292891304189,,,,
2025-08-13 16:25:29,,,1.655517519770723,50.47020386013692,,
2025-08-13 16:25:29,,,,,1.6279743889022218,50.46742175701412
2025-08-13 16:25:29,1.7812187499999936,50.50860183933671,,,,
2025-08-13 16:25:29,,,1.7825800403533079,50.46904840824484,,
2025-08-13 16:25:29,,,,,1.7586135389215107,50.466425200983
2025-08-13 16:25:29,1.4654999999999916,50.468727047053605,,,,
2025-08-13 16:25:29,,,1.4667270980861293,50.43799586704752,,
2025-08-13 16:25:29,,,,,1.4453760340231154,50.435341499349875
2025-08-13 16:25:29,1.5927000000000078,50.46487299805678,,,,
2025-08-13 16:25:29,,,1.5937514374544581,50.43735239240574,,
2025-08-13 16:25:29,,,,,1.5757545561793829,50.434959414257875
2025-08-13 16:25:29,1.5927000000000078,50.46487299805678,,,,
2025-08-13 16:25:29,,,1.5943456658006958,50.42066244415337,,
2025-08-13 16:25:29,,,,,1.5655484277996292,50.41768680239893
2025-08-13 16:25:29,1.7198499999999797,50.46069971747816,,,,
2025-08-13 16:25:29,,,1.7213025717132304,50.419659802355156,,
2025-08-13 16:25:29,,,,,1.6954255265554137,50.41687317201022
2025-08-13 16:25:29,1.7198499999999797,50.46069971747816,,,,
2025-08-13 16:25:29,,,1.7217412621380936,50.406220647695754,,
2025-08-13 16:25:29,,,,,1.688121894531916,50.40314049666333
2025-08-13 16:25:29,1.9104812500000037,50.453841889328885,,,,
2025-08-13 16:25:29,,,1.9120725861620316,50.40421540374895,,
2025-08-13 16:25:29,,,,,1.883850391273483,50.40146733738447
2025-08-13 16:25:30,1.9104812500000037,50.453841889328885,,,,
2025-08-13 16:25:30,,,1.912372323659631,50.39416783932104,,
2025-08-13 16:25:30,,,,,1.8785042952358078,50.391154706595934
2025-08-13 16:25:30,2.1644812499999944,50.443583545565026,,,,
2025-08-13 16:25:30,,,2.165974845866652,50.39035983590323,,
2025-08-13 16:25:30,,,,,2.1394608911159985,50.387815513982034
2025-08-13 16:25:30,1.7230000000000132,50.390551405992774,,,,
2025-08-13 16:25:30,,,1.7244496416019364,50.34958136388771,,
2025-08-13 16:25:30,,,,,1.6993637416417395,50.34685574233646
2025-08-13 16:25:30,1.8499250000000416,50.386051417970585,,,,
2025-08-13 16:25:30,,,1.851192774123509,50.34825218922038,,
2025-08-13 16:25:30,,,,,1.8290284391696787,50.34574056603567
2025-08-13 16:25:30,1.8499250000000416,50.386051417970585,,,,
2025-08-13 16:25:30,,,1.8521233135519295,50.31816060511886,,
2025-08-13 16:25:30,,,,,1.8119383024280014,50.314883817754385
2025-08-13 16:25:30,1.9767999999999972,50.381233229844625,,,,
2025-08-13 16:25:30,,,1.978778284233283,50.31657143966169,,
2025-08-13 16:25:30,,,,,1.943181216471318,50.31352947025252
2025-08-13 16:25:30,1.7247999999999877,50.35046638274566,,,,
2025-08-13 16:25:30,,,1.72679919991555,50.29284656323897,,
2025-08-13 16:25:30,,,,,1.6910007595423027,50.28958528373651
2025-08-13 16:25:30,1.4730000000000132,50.31844464011184,,,,
2025-08-13 16:25:30,,,1.4749650101047842,50.26787723304935,,
2025-08-13 16:25:30,,,,,1.4404425702569539,50.264540681467295
2025-08-13 16:25:30,1.726600000000019,50.31038115975669,,,,
2025-08-13 16:25:30,,,1.7281578302564267,50.26616871894224,,
2025-08-13 16:25:30,,,,,1.7009949046085189,50.26334961363838
2025-08-13 16:25:30,1.474999999999966,50.27836885779013,,,,
2025-08-13 16:25:30,,,1.4764687309067577,50.241142157132295,,
2025-08-13 16:25:30,,,,,1.4508013510234954,50.238291523381115
2025-08-13 16:25:30,1.7283999999999935,50.270295736548036,,,,
2025-08-13 16:25:30,,,1.7295074684409528,50.23944563661193,,
2025-08-13 16:25:30,,,,,1.7104424455191647,50.236989394471735
2025-08-13 16:25:30,1.7283999999999935,50.270295736548036,,,,
2025-08-13 16:25:30,,,1.7305036487045673,50.20939992885645,,
2025-08-13 16:25:30,,,,,1.6931979082213786,50.20612422741489
2025-08-13 16:25:30,1.7283999999999935,50.270295736548036,,,,
2025-08-13 16:25:30,,,1.7309276308946862,50.19593159360879,,
2025-08-13 16:25:30,,,,,1.6849495580658473,50.192373702618525
2025-08-13 16:25:30,1.7283999999999935,50.270295736548036,,,,
2025-08-13 16:25:30,,,1.7313558020635536,50.18261057125014,,
2025-08-13 16:25:30,,,,,1.677750480073066,50.178594465671445
2025-08-13 16:25:30,1.7283999999999935,50.270295736548036,,,,
2025-08-13 16:25:30,,,1.7317666230992514,50.169154110683245,,
2025-08-13 16:25:30,,,,,1.6695000942388165,50.16482847777678
2025-08-13 16:25:30,1.0375312500000007,50.17927489417592,,,,
2025-08-13 16:25:30,,,1.0411372061144353,50.09769955065423,,
2025-08-13 16:25:30,,,,,0.9758670780717562,50.09234019495531
2025-08-13 16:25:30,1.6069499999999834,50.16426827630899,,,,
2025-08-13 16:25:30,,,1.6093853620455012,50.09691243770046,,
2025-08-13 16:25:30,,,,,1.5662089607356604,50.09327620338537
2025-08-13 16:25:30,1.6069499999999834,50.16426827630899,,,,
2025-08-13 16:25:30,,,1.6097247314785246,50.086895661221746,,
2025-08-13 16:25:30,,,,,1.5598332893855889,50.08296835480943
2025-08-13 16:25:30,1.6069499999999834,50.16426827630899,,,,
2025-08-13 16:25:30,,,1.610711197621463,50.056707625537264,,
2025-08-13 16:25:30,,,,,1.5415394000340021,50.051936744811066
2025-08-13 16:25:31,1.6069499999999834,50.16426827630899,,,,
2025-08-13 16:25:31,,,1.6115844681406237,50.02999447641266,,
2025-08-13 16:25:31,,,,,1.5245895620262921,50.024325659121715
2025-08-13 16:25:31,-0.33190624999997453,49.87889571994564,,,,
2025-08-13 16:25:31,,,-0.32680973821983933,49.8003980537275,,
2025-08-13 16:25:31,,,,,-0.41849027952901063,49.79103425001624
2025-08-13 16:25:31,-0.33190624999997453,49.87889571994564,,,,
2025-08-13 16:25:31,,,-0.3259948784910841,49.78707902100928,,
2025-08-13 16:25:31,,,,,-0.43338836289344684,49.77636233660799
2025-08-13 16:25:31,-0.8303062500000351,49.793077747124755,,,,
2025-08-13 16:25:31,,,-0.8247142995602537,49.715935973791915,,
2025-08-13 16:25:31,,,,,-0.9258010185494664,49.70482496670819
2025-08-13 16:25:31,-0.8303062500000351,49.793077747124755,,,,
2025-08-13 16:25:31,,,-0.8231428163275785,49.69256971193965,,
2025-08-13 16:25:31,,,,,-0.9543694238732336,49.67856483302748
2025-08-13 16:25:31,-1.7005812500000275,49.63087369180748,,,,
2025-08-13 16:25:31,,,-1.694180517822622,49.55654767770852,,
2025-08-13 16:25:31,,,,,-1.8086023403327753,49.542150447265584
2025-08-13 16:25:31,-1.7005812500000275,49.63087369180748,,,,
2025-08-13 16:25:31,,,-1.693121884672418,49.543157589634966,,
2025-08-13 16:25:31,,,,,-1.8286785689932565,49.526384814856826
2025-08-13 16:25:31,-2.072806249999985,49.556669321595464,,,,
2025-08-13 16:25:31,,,-2.0658192780016904,49.48027727217001,,
2025-08-13 16:25:31,,,,,-2.1913969730757543,49.46373816840279
2025-08-13 16:25:31,0.1319750000000397,49.5998244210539,,,,
2025-08-13 16:25:31,,,0.13348038408305835,49.57581026105076,,
2025-08-13 16:25:31,,,,,0.10731335667356143,49.57222143163875
2025-08-13 16:25:31,0.9469937499999901,49.59095888201257,,,,
2025-08-13 16:25:31,,,0.9471999470793726,49.58710833612072,,
2025-08-13 16:25:31,,,,,0.941853724416218,49.58514049157277
2025-08-13 16:25:31,0.9469937499999901,49.59095888201257,,,,
2025-08-13 16:25:31,,,0.949095426373774,49.547028621218395,,
2025-08-13 16:25:31,,,,,0.9128844341512106,49.54320553323332
2025-08-13 16:25:31,0.6371499999999628,49.54590336120132,,,,
2025-08-13 16:25:31,,,0.6390179575495138,49.5108878578952,,
2025-08-13 16:25:31,,,,,0.6065032136214423,49.507185378387135
2025-08-13 16:25:31,-0.04340625000003229,49.43998094556127,,,,
2025-08-13 16:25:31,,,-0.04239140633712264,49.42490734768875,,
2025-08-13 16:25:31,,,,,-0.05963482288829762,49.42192926384746
2025-08-13 16:25:31,1.206343750000002,49.42528032046795,,,,
2025-08-13 16:25:31,,,1.205745283926391,49.43801517416302,,
2025-08-13 16:25:31,,,,,1.21614635188963,49.44027839213764
2025-08-13 16:25:31,1.206343750000002,49.42528032046795,,,,
2025-08-13 16:25:31,,,1.2075817202673582,49.39781298891257,,
2025-08-13 16:25:31,,,,,1.1866336095365564,49.39505381926108
2025-08-13 16:25:31,1.206343750000002,49.42528032046795,,,,
2025-08-13 16:25:31,,,1.2084196430701333,49.377794547403305,,
2025-08-13 16:25:31,,,,,1.1724114953619638,49.37414411403263
2025-08-13 16:25:31,1.206343750000002,49.42528032046795,,,,
2025-08-13 16:25:31,,,1.2089627753841885,49.36440370344486,,
2025-08-13 16:25:31,,,,,1.1624900293653861,49.3602040992365
2025-08-13 16:25:31,1.206343750000002,49.42528032046795,,,,
2025-08-13 16:25:31,,,1.2096284638262842,49.3476605943964,,
2025-08-13 16:25:31,,,,,1.1505744236566922,49.342798896057964
2025-08-13 16:25:32,1.206343750000002,49.42528032046795,,,,
2025-08-13 16:25:32,,,1.2106692100137781,49.32086706376997,,
2025-08-13 16:25:32,,,,,1.1319210832221578,49.31487888567263
2025-08-13 16:25:32,3.6908437499999707,49.3020412601049,,,,
2025-08-13 16:25:32,,,3.6910373531074843,49.26256075568159,,
2025-08-13 16:25:32,,,,,3.687792291739317,49.260856413644944
2025-08-13 16:25:32,3.6908437499999707,49.3020412601049,,,,
2025-08-13 16:25:32,,,3.6911576156418504,49.235690742662676,,
2025-08-13 16:25:32,,,,,3.6854334099190384,49.234046016827534
2025-08-13 16:25:32,4.247100000000017,49.2572404991388,,,,
2025-08-13 16:25:32,,,4.246902895066582,49.205986684775624,,
2025-08-13 16:25:32,,,,,4.250734743018379,49.204410427837075
2025-08-13 16:25:32,4.247100000000017,49.2572404991388,,,,
2025-08-13 16:25:32,,,4.24679605071459,49.17588682743503,,
2025-08-13 16:25:32,,,,,4.25216268539888,49.174226636907115
2025-08-13 16:25:32,4.679043750000005,49.218087626253684,,,,
2025-08-13 16:25:32,,,4.678321491155432,49.14865937222424,,
2025-08-13 16:25:32,,,,,4.690636975109992,49.14681933180822
2025-08-13 16:25:32,5.725500000000011,49.10735433466152,,,,
2025-08-13 16:25:32,,,5.724400884553428,49.067162314935764,,
2025-08-13 16:25:32,,,,,5.743363721949451,49.06489951180765
2025-08-13 16:25:32,3.3248062499999946,48.93718589579872,,,,
2025-08-13 16:25:32,,,3.3245685371706433,48.95852398741559,,
2025-08-13 16:25:32,,,,,3.3283337301837523,48.960233459499975
2025-08-13 16:25:32,3.6318999999999733,48.915353442349776,,,,
2025-08-13 16:25:32,,,3.631723179242874,48.94499524858393,,
2025-08-13 16:25:32,,,,,3.6345204576195513,48.94666075631679
2025-08-13 16:25:32,3.8773499999999785,48.89650966048088,,,,
2025-08-13 16:25:32,,,3.8772786241037958,48.93282058448275,,
2025-08-13 16:25:32,,,,,3.8784309926310954,48.9344345820642
2025-08-13 16:25:32,4.183881249999956,48.87123527890306,,,,
2025-08-13 16:25:32,,,4.184011474901141,48.91592492202477,,
2025-08-13 16:25:32,,,,,4.182077297750476,48.91761642915699
2025-08-13 16:25:32,4.428881249999989,48.849641870472276,,,,
2025-08-13 16:25:32,,,4.429227434790581,48.90117281600551,,
2025-08-13 16:25:32,,,,,4.423314270989123,48.90280450323926
2025-08-13 16:25:32,3.755200000000002,48.79571777277182,,,,
2025-08-13 16:25:32,,,3.7549361399523025,48.86560584725857,,
2025-08-13 16:25:32,,,,,3.7591136400516696,48.867292163958666
2025-08-13 16:25:32,4.0,48.77626061928077,,,,
2025-08-13 16:25:32,,,4.0,48.85290581274216,,
2025-08-13 16:25:32,,,,,3.999907695074307,48.85450021621169
2025-08-13 16:25:32,4.183468750000003,48.76086739607668,,,,
2025-08-13 16:25:32,,,4.1836971351872245,48.842560103766274,,
2025-08-13 16:25:32,,,,,4.179532400485304,48.84424344215138
2025-08-13 16:25:32,2.901549999999986,48.64353921742845,,,,
2025-08-13 16:25:32,,,2.8996331332571508,48.760865106593364,,
2025-08-13 16:25:32,,,,,2.9323489110325807,48.76311786816585
2025-08-13 16:25:32,3.0849062499999604,48.63225527804269,,,,
2025-08-13 16:25:32,,,3.083242812867062,48.754448817955236,,
2025-08-13 16:25:32,,,,,3.111469074243926,48.75664729324395
2025-08-13 16:25:32,3.0849062499999604,48.63225527804269,,,,
2025-08-13 16:25:32,,,3.0851401508211156,48.61710879545597,,
2025-08-13 16:25:32,,,,,3.0813122279339678,48.61539398271432
2025-08-13 16:25:32,3.6342999999999677,48.594287354688106,,,,
2025-08-13 16:25:32,,,3.634301462726287,48.594072571286645,,
2025-08-13 16:25:32,,,,,3.6341065599340534,48.59245438212022
2025-08-13 16:25:32,1.93365,48.411398427204105,,,,
2025-08-13 16:25:32,,,1.9321746520800132,48.45613091372865,,
2025-08-13 16:25:32,,,,,1.956648948641061,48.45883054963271
2025-08-13 16:25:33,2.4211500000000115,48.389467166703746,,,,
2025-08-13 16:25:33,,,2.419720032759941,48.44711535278737,,
2025-08-13 16:25:33,,,,,2.443739586038454,48.44954451754283
2025-08-13 16:25:33,2.4211500000000115,48.389467166703746,,,,
2025-08-13 16:25:33,,,2.4207693604621308,48.403646088197306,,
2025-08-13 16:25:33,,,,,2.427145974578639,48.4054899677603
2025-08-13 16:25:33,1.2124000000000024,48.23476532792505,,,,
2025-08-13 16:25:33,,,1.2102165849888138,48.28409626659669,,
2025-08-13 16:25:33,,,,,1.2462484666927842,48.28772742119834
2025-08-13 16:25:33,1.6990999999999872,48.22007423459653,,,,
2025-08-13 16:25:33,,,1.6968688146362132,48.282146925082955,,
2025-08-13 16:25:33,,,,,1.7340137084962528,48.2854430009309
2025-08-13 16:25:33,0.49534999999997353,48.0474466374385,,,,
2025-08-13 16:25:33,,,0.4901452031059766,48.1451372259651,,
2025-08-13 16:25:33,,,,,0.5774081561123762,48.152804927341094
2025-08-13 16:25:33,0.6776562499999841,48.045221219251715,,,,
2025-08-13 16:25:33,,,0.6725074940592193,48.14760980253005,,
2025-08-13 16:25:33,,,,,0.7591102972115756,48.15491154633034
2025-08-13 16:25:33,0.3774999999999977,47.99851553694135,,,,
2025-08-13 16:25:33,,,0.37143852474542427,48.109973292628894,,
2025-08-13 16:25:33,,,,,0.47424941654270236,48.11886880961056
2025-08-13 16:25:33,0.5596937500000081,47.99673679435104,,,,
2025-08-13 16:25:33,,,0.5536995510404557,48.11279197941875,,
2025-08-13 16:25:33,,,,,0.6548002514930829,48.12121703936971
2025-08-13 16:25:33,0.25985000000002856,47.94929590700473,,,,
2025-08-13 16:25:33,,,0.2528801915359734,48.0744535451286,,
2025-08-13 16:25:33,,,,,0.37081130402555706,48.08468803555334
2025-08-13 16:25:33,0.25985000000002856,47.94929590700473,,,,
2025-08-13 16:25:33,,,0.2562389853909469,48.01083944495418,,
2025-08-13 16:25:33,,,,,0.3160147563744579,48.01689301251464
2025-08-13 16:25:33,0.44193125000003874,47.94796342672203,,,,
2025-08-13 16:25:33,,,0.43825323637594027,48.014133623252455,,
2025-08-13 16:25:33,,,,,0.4996867708681952,48.02004537826443
2025-08-13 16:25:33,0.20228124999999864,47.90957297133735,,,,
2025-08-13 16:25:33,,,0.19795829890773015,47.98301619476942,,
2025-08-13 16:25:33,,,,,0.26996238155321123,47.990004423353334
2025-08-13 16:25:33,0.20228124999999864,47.90957297133735,,,,
2025-08-13 16:25:33,,,0.2006097912346014,47.936092299681675,,
2025-08-13 16:25:33,,,,,0.22785335757994168,47.93981209099793
2025-08-13 16:25:33,-0.03716875000000641,47.86998557012549,,,,
2025-08-13 16:25:33,,,-0.03940210294010362,47.903809701156725,,
2025-08-13 16:25:33,,,,,-0.0034424554286158456,47.90834383755247
2025-08-13 16:25:33,0.14479999999997517,47.86978099970794,,,,
2025-08-13 16:25:33,,,0.14239589340919287,47.908210163835236,,
2025-08-13 16:25:33,,,,,0.1821236396990403,47.91290499471292
2025-08-13 16:25:33,-0.0346562499999834,47.83998744715906,,,,
2025-08-13 16:25:33,,,-0.03750781925150075,47.883869123736126,,
2025-08-13 16:25:33,,,,,0.009606741045846377,47.889320430188604
2025-08-13 16:25:33,-0.0346562499999834,47.83998744715906,,,,
2025-08-13 16:25:33,,,-0.0326796446012515,47.810274290666314,,
2025-08-13 16:25:33,,,,,-0.06586026708323417,47.805922712460884
2025-08-13 16:25:33,-0.27375625000001946,47.79921607637081,,,,
2025-08-13 16:25:33,,,-0.2721513884048638,47.776796936765095,,
2025-08-13 16:25:33,,,,,-0.2990036871535974,47.77288676780156
2025-08-13 16:25:33,-0.27375625000001946,47.79921607637081,,,,
2025-08-13 16:25:33,,,-0.2683224179595491,47.7165653159168,,
2025-08-13 16:25:33,,,,,-0.3627753493454936,47.706766164766606
2025-08-13 16:25:33,-0.39323124999998527,47.778381818391715,,,,
2025-08-13 16:25:33,,,-0.3878711525537785,47.69944112036146,,
2025-08-13 16:25:33,,,,,-0.4813294516407406,47.689478320639495
2025-08-13 16:25:33,-0.5723500000000001,47.74656967235971,,,,
2025-08-13 16:25:33,,,-0.5671366567901257,47.673154417707615,,
2025-08-13 16:25:33,,,,,-0.6573771350094135,47.66317090045678
2025-08-13 16:25:33,0.2753500000000031,47.74920609159382,,,,
2025-08-13 16:25:33,,,0.27843920455306975,47.69713695178365,,
2025-08-13 16:25:33,,,,,0.22629402406317156,47.69154374126837
2025-08-13 16:25:33,0.7586500000000171,47.7439729199142,,,,
2025-08-13 16:25:33,,,0.760734454035038,47.704256109048046,,
2025-08-13 16:25:33,,,,,0.7260958093522855,47.70040625485278
2025-08-13 16:25:33,0.7586500000000171,47.7439729199142,,,,
2025-08-13 16:25:33,,,0.763426896995236,47.647386438186786,,
2025-08-13 16:25:33,,,,,0.679326937954839,47.64026710693557
2025-08-13 16:25:33,1.1808812499999988,47.73539587636619,,,,
2025-08-13 16:25:33,,,1.1845979413903827,47.649761328733405,,
2025-08-13 16:25:33,,,,,1.119898222761147,47.64440878055182
2025-08-13 16:25:34,1.1808812499999988,47.73539587636619,,,,
2025-08-13 16:25:34,,,1.1854069709132362,47.629717755383346,,
2025-08-13 16:25:34,,,,,1.1059427817544543,47.62347898618214
2025-08-13 16:25:34,1.6025000000000205,47.723102306430164,,,,
2025-08-13 16:25:34,,,1.6059649819028794,47.628405765729084,,
2025-08-13 16:25:34,,,,,1.5453813604874282,47.623851676843806
2025-08-13 16:25:34,1.6025000000000205,47.723102306430164,,,,
2025-08-13 16:25:34,,,1.6064190383499735,47.61502741102309,,
2025-08-13 16:25:34,,,,,1.537124770171676,47.610088492601975
2025-08-13 16:25:34,2.023506249999997,47.70710557617399,,,,
2025-08-13 16:25:34,,,2.0264291596341164,47.61022741509786,,
2025-08-13 16:25:34,,,,,1.9750547463399655,47.60654105724085
2025-08-13 16:25:34,2.4439000000000135,47.68741818121421,,,,
2025-08-13 16:25:34,,,2.445951740615544,47.6018296155939,,
2025-08-13 16:25:34,,,,,2.4101603501717594,47.59912594625455
2025-08-13 16:25:34,1.5499937500000271,47.57475716569619,,,,
2025-08-13 16:25:34,,,1.5522922380082143,47.51551994079487,,
2025-08-13 16:25:34,,,,,1.5136596509868157,47.51197315767292
2025-08-13 16:25:34,2.029693750000007,47.55670660675749,,,,
2025-08-13 16:25:34,,,2.0311679688521305,47.51025493988669,,
2025-08-13 16:25:34,,,,,2.0067383443996265,47.507665394490076
2025-08-13 16:25:34,1.4946999999999946,47.48648199129938,,,,
2025-08-13 16:25:34,,,1.495967472222926,47.45585342137026,,
2025-08-13 16:25:34,,,,,1.4751932536021939,47.45320644126437
2025-08-13 16:25:34,1.4946999999999946,47.48648199129938,,,,
2025-08-13 16:25:34,,,1.4967367058623426,47.43585931511467,,
2025-08-13 16:25:34,,,,,1.4621945798211484,47.43241210104985
2025-08-13 16:25:34,2.2127499999999998,47.45844326816357,,,,
2025-08-13 16:25:34,,,2.2136797939840114,47.426961411697114,,
2025-08-13 16:25:34,,,,,2.1983794024391026,47.424755936939476
2025-08-13 16:25:34,2.2127499999999998,47.45844326816357,,,,
2025-08-13 16:25:34,,,2.214756155741947,47.386775522382784,,
2025-08-13 16:25:34,,,,,2.180326827890255,47.3838859362488
2025-08-13 16:25:34,2.690450000000027,47.433759905762265,,,,
2025-08-13 16:25:34,,,2.691670306228559,47.37504554247321,,
2025-08-13 16:25:34,,,,,2.67080558270193,47.372881013470234
2025-08-13 16:25:34,2.1564687500000446,47.37094090822214,,,,
2025-08-13 16:25:34,,,2.1577559586860398,47.32789585550914,,
2025-08-13 16:25:34,,,,,2.136604363723426,47.32547728364958
2025-08-13 16:25:34,2.6333687500000167,47.34682427604331,,,,
2025-08-13 16:25:34,,,2.634051171673383,47.31677854394143,,
2025-08-13 16:25:34,,,,,2.622973913179713,47.31483965472316
2025-08-13 16:25:34,2.100399999999979,47.2833714940041,,,,
2025-08-13 16:25:34,,,2.100873345647352,47.268989713289805,,
2025-08-13 16:25:34,,,,,2.0928167431376745,47.26699996833034
2025-08-13 16:25:34,1.5684437500000001,47.21395539671598,,,,
2025-08-13 16:25:34,,,1.5684437500000001,47.21395539671598,,
2025-08-13 16:25:34,,,,,1.568152158767314,47.21379989727674
2025-08-13 16:25:34,2.6385437499999966,47.16625580729655,,,,
2025-08-13 16:25:34,,,2.637924100254462,47.1934520628706,,
2025-08-13 16:25:34,,,,,2.6483008887192145,47.19534976325849
2025-08-13 16:25:34,2.6385437499999966,47.16625580729655,,,,
2025-08-13 16:25:34,,,2.6393629138991916,47.12972916463808,,
2025-08-13 16:25:34,,,,,2.62559553943048,47.12770752044529
2025-08-13 16:25:35,2.6385437499999966,47.16625580729655,,,,
2025-08-13 16:25:35,,,2.640180219721812,47.08951227062198,,
2025-08-13 16:25:35,,,,,2.61210164346278,47.08710546762146
2025-08-13 16:25:35,3.468043750000021,47.11252776648782,,,,
2025-08-13 16:25:35,,,3.4685031384434875,47.05883969889586,,
2025-08-13 16:25:35,,,,,3.46099212741592,47.05707953247855
2025-08-13 16:25:35,3.468043750000021,47.11252776648782,,,,
2025-08-13 16:25:35,,,3.468816267591724,47.018634643640226,,
2025-08-13 16:25:35,,,,,3.45524649161978,47.01683547913213
2025-08-13 16:25:35,3.704593750000015,47.094517569962015,,,,
2025-08-13 16:25:35,,,3.7049943017562224,47.00726574022315,,
2025-08-13 16:25:35,,,,,3.6983785488456484,47.005628223124816
2025-08-13 16:25:35,1.6455000000000268,46.861118528584015,,,,
2025-08-13 16:25:35,,,1.6465585270423138,46.83449054239834,,
2025-08-13 16:25:35,,,,,1.6297385232962243,46.8319812149712
2025-08-13 16:25:35,1.6455000000000268,46.861118528584015,,,,
2025-08-13 16:25:35,,,1.6479991422199844,46.794254430372646,,
2025-08-13 16:25:35,,,,,1.6062363765244758,46.790632801359095
2025-08-13 16:25:35,0.8261500000000126,46.74269970998145,,,,
2025-08-13 16:25:35,,,0.82833302492532,46.70089317977743,,
2025-08-13 16:25:35,,,,,0.7926526543336196,46.696841584532834
2025-08-13 16:25:35,0.8261500000000126,46.74269970998145,,,,
2025-08-13 16:25:35,,,0.829134198601038,46.68409081388243,,
2025-08-13 16:25:35,,,,,0.7796767710896584,46.67922361392945
2025-08-13 16:25:35,0.00925000000000864,46.609999082144384,,,,
2025-08-13 16:25:35,,,0.011460092273587928,46.576818111655115,,
2025-08-13 16:25:35,,,,,0.009022250366219365,46.57472295979219
2025-08-13 16:25:35,0.00925000000000864,46.609999082144384,,,,
2025-08-13 16:25:35,,,0.012490293449556128,46.56013631250953,,
2025-08-13 16:25:35,,,,,0.00879263763428556,46.55822283804679
2025-08-13 16:25:35,0.00925000000000864,46.609999082144384,,,,
2025-08-13 16:25:35,,,0.014647575167731852,46.523222919809776,,
2025-08-13 16:25:35,,,,,0.008333807373054662,46.52123980654851
2025-08-13 16:25:35,0.00925000000000864,46.609999082144384,,,,
2025-08-13 16:25:35,,,0.01635540615373765,46.493093678905886,,
2025-08-13 16:25:35,,,,,0.00903060607911,46.49051544191916
2025-08-13 16:25:35,0.00925000000000864,46.609999082144384,,,,
2025-08-13 16:25:35,,,0.018374462418417004,46.45623491438843,,
2025-08-13 16:25:35,,,,,0.008802969360359788,46.45410138013621
2025-08-13 16:25:35,1.3655312499999752,46.58999274957309,,,,
2025-08-13 16:25:35,,,1.370286914084383,46.472031453065966,,
2025-08-13 16:25:35,,,,,1.2872008880279349,46.4658349523027
2025-08-13 16:25:35,1.3655312499999752,46.58999274957309,,,,
2025-08-13 16:25:35,,,1.370778163974524,46.45861244156326,,
2025-08-13 16:25:35,,,,,1.2786936294435838,46.45188730105483
2025-08-13 16:25:35,0.95799999999997,46.53013900688456,,,,
2025-08-13 16:25:35,,,0.9635142656616275,46.41123692079934,,
2025-08-13 16:25:35,,,,,0.8673489232989353,46.40356865211791
2025-08-13 16:25:35,0.95799999999997,46.53013900688456,,,,
2025-08-13 16:25:35,,,0.9641028305695493,46.3979170375427,,
2025-08-13 16:25:35,,,,,0.8568934932937095,46.389468112872805
2025-08-13 16:25:35,0.95799999999997,46.53013900688456,,,,
2025-08-13 16:25:35,,,0.9643822604727931,46.39120172255962,,
2025-08-13 16:25:35,,,,,0.8513275763124336,46.382386551188524
2025-08-13 16:25:35,0.95799999999997,46.53013900688456,,,,
2025-08-13 16:25:35,,,0.965471170715948,46.36431019688568,,
2025-08-13 16:25:35,,,,,0.8300805792211575,46.354164064599246
2025-08-13 16:25:36,0.95799999999997,46.53013900688456,,,,
2025-08-13 16:25:36,,,0.9665900073311084,46.337567091367134,,
2025-08-13 16:25:36,,,,,0.8087652128901621,46.325913575829134
2025-08-13 16:25:36,0.95799999999997,46.53013900688456,,,,
2025-08-13 16:25:36,,,0.9669527982275994,46.32741530522487,,
2025-08-13 16:25:36,,,,,0.8009212296979817,46.31526241128621
2025-08-13 16:25:36,0.95799999999997,46.53013900688456,,,,
2025-08-13 16:25:36,,,0.967349588603017,46.31735220739097,,
2025-08-13 16:25:36,,,,,0.7923240328466329,46.304663577230166
2025-08-13 16:25:36,-0.7238187500000208,46.2443357225201,,,,
2025-08-13 16:25:36,,,-0.712655296412789,46.0846666410539,,
2025-08-13 16:25:36,,,,,-0.9145130362742414,46.06305234676685
2025-08-13 16:25:36,-0.7238187500000208,46.2443357225201,,,,
2025-08-13 16:25:36,,,-0.7120128016810661,46.0746305784772,,
2025-08-13 16:25:36,,,,,-0.927177742349927,46.05161966614061
2025-08-13 16:25:36,2.143599999999992,46.20029739125063,,,,
2025-08-13 16:25:36,,,2.1463198188201207,46.106850134908,,
2025-08-13 16:25:36,,,,,2.1000452747744385,46.103386130484836
2025-08-13 16:25:36,2.143599999999992,46.20029739125063,,,,
2025-08-13 16:25:36,,,2.1582838454306774,45.556510537077536,,
2025-08-13 16:25:36,,,,,1.8005718160400228,45.54053750166593
2025-08-13 16:25:36,2.143599999999992,46.20029739125063,,,,
2025-08-13 16:25:36,,,2.158387618713977,45.53964655358565,,
2025-08-13 16:25:36,,,,,1.7897864003097121,45.52326242965992
2025-08-13 16:25:36,2.143599999999992,46.20029739125063,,,,
2025-08-13 16:25:36,,,2.1583596795785276,45.51938246630863,,
2025-08-13 16:25:36,,,,,1.7763741689990291,45.50251633310083
2025-08-13 16:25:36,2.143599999999992,46.20029739125063,,,,
2025-08-13 16:25:36,,,2.158369663430051,45.53626008928107,,
2025-08-13 16:25:36,,,,,1.787530295454607,45.51982438448209
2025-08-13 16:25:36,4.40438125,46.039808055688596,,,,
2025-08-13 16:25:36,,,4.401127143762196,45.4412516308818,,
2025-08-13 16:25:36,,,,,4.47283192038542,45.43897090601169
2025-08-13 16:25:36,4.40438125,46.039808055688596,,,,
2025-08-13 16:25:36,,,4.4010191453697445,45.41775914198537,,
2025-08-13 16:25:36,,,,,4.475902721116082,45.415445704965656
2025-08-13 16:25:36,4.40438125,46.039808055688596,,,,
2025-08-13 16:25:36,,,4.400930519603019,45.39760780061425,,
2025-08-13 16:25:36,,,,,4.479076941078083,45.39534569055111
2025-08-13 16:25:36,1.41503124999997,45.70810197942508,,,,
2025-08-13 16:25:36,,,1.4230317524394014,45.15355861635013,,
2025-08-13 16:25:36,,,,,1.0168422750169661,45.129490031492516
2025-08-13 16:25:36,1.41503124999997,45.70810197942508,,,,
2025-08-13 16:25:36,,,1.4233118425049867,45.133438809278644,,
2025-08-13 16:25:36,,,,,1.0000170480022714,45.1082749333218
2025-08-13 16:25:37,1.41503124999997,45.70810197942508,,,,
2025-08-13 16:25:37,,,1.4241477672899343,45.073078222966146,,
2025-08-13 16:25:37,,,,,0.9474534120373496,45.04448051223811
2025-08-13 16:25:37,1.41503124999997,45.70810197942508,,,,
2025-08-13 16:25:37,,,1.4250689006595145,45.00600884884496,,
2025-08-13 16:25:37,,,,,0.8874945740826782,44.97331787389375
2025-08-13 16:25:37,5.0838312499999745,45.44653517949991,,,,
2025-08-13 16:25:37,,,5.075212838646507,44.852172467459084,,
2025-08-13 16:25:37,,,,,5.265468752160636,44.84597907805208
2025-08-13 16:25:37,1.6765812500000123,45.09884671820498,,,,
2025-08-13 16:25:37,,,1.6911648335896459,44.60615136196047,,
2025-08-13 16:25:37,,,,,1.3644778384122938,44.58807271695999
2025-08-13 16:25:37,1.0005312499999945,44.99887817732541,,,,
2025-08-13 16:25:37,,,1.0083430869239933,44.52633407370191,,
2025-08-13 16:25:37,,,,,0.618106579499593,44.499485671345084
2025-08-13 16:25:37,0.5508312500000017,44.92662334222352,,,,
2025-08-13 16:25:37,,,0.5595507951925498,44.46840213660988,,
2025-08-13 16:25:37,,,,,0.1261338560755945,44.434133540746316
2025-08-13 16:25:37,1.4600312499999717,44.90627137437513,,,,
2025-08-13 16:25:37,,,1.4744649020712934,44.47465405514754,,
2025-08-13 16:25:37,,,,,1.1669915508796687,44.45606078408411
2025-08-13 16:25:37,1.011131249999977,44.8386007096037,,,,
2025-08-13 16:25:37,,,1.0256230280386713,44.420639698461535,,
2025-08-13 16:25:37,,,,,0.6791816986624309,44.396824212538284
2025-08-13 16:25:37,1.011131249999977,44.8386007096037,,,,
2025-08-13 16:25:37,,,1.0243916372371231,44.010590485311795,,
2025-08-13 16:25:37,,,,,0.26636148437426027,43.95510112512561
2025-08-13 16:25:37,-0.10761875000002874,44.64987030445496,,,,
2025-08-13 16:25:37,,,-0.09013034089027272,43.85757007344984,,
2025-08-13 16:25:37,,,,,-1.0756433321060346,43.7586096663047
2025-08-13 16:25:37,-0.44226875000001087,44.58780661069542,,,,
2025-08-13 16:25:37,,,-0.4235941230285398,43.80636108859764,,
2025-08-13 16:25:37,,,,,-1.470840971111299,43.6926801550414
2025-08-13 16:25:38,1.4791562500000168,44.56545968334766,,,,
2025-08-13 16:25:38,,,1.4889484813613443,43.83779388904094,,
2025-08-13 16:25:38,,,,,0.9462539757906214,43.804681209065336
2025-08-13 16:25:38,3.2184500000000327,44.47369649126886,,,,
2025-08-13 16:25:38,,,3.225496392342979,43.798167651282604,,
2025-08-13 16:25:38,,,,,3.0676019881085193,43.79378915122752
2025-08-13 16:25:38,3.609531250000032,44.44366528713933,,,,
2025-08-13 16:25:38,,,3.6130336240308267,43.779893068867025,,
2025-08-13 16:25:38,,,,,3.5358316343101563,43.77755290412972
2025-08-13 16:25:38,3.609531250000032,44.44366528713933,,,,
2025-08-13 16:25:38,,,3.60920054920802,44.49388577660017,,
2025-08-13 16:25:38,,,,,3.6139023121526757,44.495609505402705
2025-08-13 16:25:38,3.9442562500000093,44.415210712483805,,,,
2025-08-13 16:25:38,,,3.944200311844912,44.47548709931492,,
2025-08-13 16:25:38,,,,,3.9447702587884237,44.47715089331267
2025-08-13 16:25:38,2.943006249999982,44.312377663723495,,,,
2025-08-13 16:25:38,,,2.9414535894728187,44.403366072895416,,
2025-08-13 16:25:38,,,,,2.965531610066679,44.405484464617274
2025-08-13 16:25:38,3.2216000000000093,44.29299485742638,,,,
2025-08-13 16:25:38,,,3.220359080098209,44.39218273828993,,
2025-08-13 16:25:38,,,,,3.239426183975854,44.394091779551154
2025-08-13 16:25:38,3.2216000000000093,44.29299485742638,,,,
2025-08-13 16:25:38,,,3.2219426325794918,44.26813771500361,,
2025-08-13 16:25:38,,,,,3.2164968679939454,44.26638614784397
2025-08-13 16:25:38,3.4442499999999967,44.276237892773814,,,,
2025-08-13 16:25:38,,,3.444433027838561,44.257937337129384,,
2025-08-13 16:25:38,,,,,3.441836740764484,44.25627085717207
2025-08-13 16:25:38,3.000550000000004,44.22833480584025,,,,
2025-08-13 16:25:38,,,3.0006383301662294,44.22374204963794,,
2025-08-13 16:25:38,,,,,2.9993506565931893,44.22212087352564
2025-08-13 16:25:38,3.1674062500000133,44.21669862899604,,,,
2025-08-13 16:25:38,,,3.1674062500000133,44.21669862899604,,
2025-08-13 16:25:38,,,,,3.1676475502704706,44.215503641611036
2025-08-13 16:25:38,2.7798250000000024,44.17261790939467,,,,
2025-08-13 16:25:38,,,2.7796150152502763,44.181818182789385,,
2025-08-13 16:25:38,,,,,2.7832672230402187,44.183510651919754
2025-08-13 16:25:38,2.7798250000000024,44.17261790939467,,,,
2025-08-13 16:25:38,,,2.7813861787213368,44.094599521974025,,
2025-08-13 16:25:38,,,,,2.756625886711659,44.0922646103325
2025-08-13 16:25:38,3.446124999999981,44.125636794094824,,,,
2025-08-13 16:25:38,,,3.446665087367918,44.06731506194942,,
2025-08-13 16:25:38,,,,,3.4383704849029026,44.06560572455512
2025-08-13 16:25:38,3.0591562499999867,44.08398420104614,,,,
2025-08-13 16:25:38,,,3.059898261696024,44.03768707941915,,
2025-08-13 16:25:38,,,,,3.048280916390362,44.035811736207904
2025-08-13 16:25:38,3.0591562499999867,44.08398420104614,,,,
2025-08-13 16:25:38,,,3.0603841498220508,44.004135848474895,,
2025-08-13 16:25:38,,,,,3.040461183980354,44.00211511564929
2025-08-13 16:25:38,3.280856249999985,44.068039237829,,,,
2025-08-13 16:25:38,,,3.281724917592668,43.99484903438933,,
2025-08-13 16:25:38,,,,,3.267651080588169,43.99300367548709
2025-08-13 16:25:38,2.6739999999999924,43.99881957507497,,,,
2025-08-13 16:25:38,,,2.6752119168493667,43.94451635675546,,
2025-08-13 16:25:38,,,,,2.6565380940054424,43.94243033402225
2025-08-13 16:25:38,2.6739999999999924,43.99881957507497,,,,
2025-08-13 16:25:38,,,2.675759528762649,43.91774363284461,,
2025-08-13 16:25:38,,,,,2.6471435239187304,43.91527276207708
2025-08-13 16:25:38,2.8401437499999957,43.98840737602733,,,,
2025-08-13 16:25:38,,,2.841596975074891,43.9122282101014,,
2025-08-13 16:25:38,,,,,2.818403347485623,43.91003904474357
2025-08-13 16:25:39,1.740643750000018,43.845462243379146,,,,
2025-08-13 16:25:39,,,1.742247069889945,43.80433558199288,,
2025-08-13 16:25:39,,,,,1.7174321841556035,43.80142204833704
2025-08-13 16:25:39,1.740643750000018,43.845462243379146,,,,
2025-08-13 16:25:39,,,1.7430826462674085,43.780896630244676,,
2025-08-13 16:25:39,,,,,1.704506705101632,43.77728027277682
2025-08-13 16:25:39,2.2936437500000295,43.82001367352692,,,,
2025-08-13 16:25:39,,,2.2950562616812533,43.771416271341856,,
2025-08-13 16:25:39,,,,,2.2737099365349027,43.769017570991785
2025-08-13 16:25:39,2.0195499999999953,43.783447988909,,,,
2025-08-13 16:25:39,,,2.02091240953194,43.74362063732549,,
2025-08-13 16:25:39,,,,,2.000128971117136,43.741118570202104
2025-08-13 16:25:39,2.0195499999999953,43.783447988909,,,,
2025-08-13 16:25:39,,,2.021544074048154,43.723560942687385,,
2025-08-13 16:25:39,,,,,1.9910942908406368,43.720540841285235
2025-08-13 16:25:39,2.1852062500000073,43.77549284297049,,,,
2025-08-13 16:25:39,,,2.1868955183722765,43.720389351599245,,
2025-08-13 16:25:39,,,,,2.1604112271296065,43.71774510681649
2025-08-13 16:25:39,1.5286562500000258,43.6832612114679,,,,
2025-08-13 16:25:39,,,1.5301223569579077,43.64941742133649,,
2025-08-13 16:25:39,,,,,1.5080088801918883,43.64654029605079
2025-08-13 16:25:39,1.5286562500000258,43.6832612114679,,,,
2025-08-13 16:25:39,,,1.532060858393394,43.59910498887078,,
2025-08-13 16:25:39,,,,,1.4779889436258933,43.594555645692594
2025-08-13 16:25:39,1.7493562500000195,43.674979710477096,,,,
2025-08-13 16:25:39,,,1.7522483197268461,43.597240538413786,,
2025-08-13 16:25:39,,,,,1.7066210770394994,43.593305457189544
2025-08-13 16:25:39,1.5309062500000294,43.64315783778382,,,,
2025-08-13 16:25:39,,,1.5338061638663256,43.572478538638286,,
2025-08-13 16:25:39,,,,,1.4881943351969613,43.568407386581505
2025-08-13 16:25:39,1.5309062500000294,43.64315783778382,,,,
2025-08-13 16:25:39,,,1.534440649535121,43.55576721494171,,
2025-08-13 16:25:39,,,,,1.4782809025818084,43.55103049115037
2025-08-13 16:25:39,1.6962999999999937,43.63704236437204,,,,
2025-08-13 16:25:39,,,1.6994332143490762,43.55441572959445,,
2025-08-13 16:25:39,,,,,1.6491621729930528,43.550196040895926
2025-08-13 16:25:39,1.6962999999999937,43.63704236437204,,,,
2025-08-13 16:25:39,,,1.6997811088602264,43.54434758013598,,
2025-08-13 16:25:39,,,,,1.643985362795764,43.53980293652235
2025-08-13 16:25:39,1.042149999999964,43.53752890757008,,,,
2025-08-13 16:25:39,,,1.0456576510742837,43.466286789950544,,
2025-08-13 16:25:39,,,,,0.9907870790484243,43.461033656700835
2025-08-13 16:25:39,1.042149999999964,43.53752890757008,,,,
2025-08-13 16:25:39,,,1.0461137764215669,43.45624920591704,,
2025-08-13 16:25:39,,,,,0.9833241129923683,43.45046362076211
2025-08-13 16:25:39,1.2625000000000028,43.53169642628231,,,,
2025-08-13 16:25:39,,,1.2659037312503947,43.45664952289975,,
2025-08-13 16:25:39,,,,,1.2117068906567323,43.45179375555331
2025-08-13 16:25:39,0.6101500000000186,43.425713776258185,,,,
2025-08-13 16:25:39,,,0.6132347142219057,43.37240237930866,,
2025-08-13 16:25:39,,,,,0.5655578835965589,43.36710662378964
2025-08-13 16:25:39,0.6101500000000186,43.425713776258185,,,,
2025-08-13 16:25:39,,,0.6137669884070498,43.36233059738692,,
2025-08-13 16:25:39,,,,,0.5576123487490265,43.35647907649869
2025-08-13 16:25:39,0.6101500000000186,43.425713776258185,,,,
2025-08-13 16:25:39,,,0.6144692178985682,43.34894207783348,,
2025-08-13 16:25:39,,,,,0.5464909789219365,43.34214769999541
2025-08-13 16:25:39,0.8303000000000083,43.42206238664856,,,,
2025-08-13 16:25:39,,,0.8340329104769344,43.35144438928245,,
2025-08-13 16:25:39,,,,,0.7754829803056553,43.345684400992965
2025-08-13 16:25:39,0.6132500000000078,43.38566611725006,,,,
2025-08-13 16:25:39,,,0.6168629672812456,43.32233658101406,,
2025-08-13 16:25:39,,,,,0.560360861892106,43.316416257492705
2025-08-13 16:25:39,1.0529499999999956,43.377222090603034,,,,
2025-08-13 16:25:39,,,1.0555153686498486,43.32626426795304,,
2025-08-13 16:25:39,,,,,1.0161397396187182,43.322076725319704
2025-08-13 16:25:39,1.0529499999999956,43.377222090603034,,,,
2025-08-13 16:25:39,,,1.056141634305643,43.312937028608665,,
2025-08-13 16:25:39,,,,,1.0059419050411837,43.30797903420769
2025-08-13 16:25:39,1.2724999999999937,43.37133666086393,,,,
2025-08-13 16:25:39,,,1.2751816693036768,43.31325221991284,,
2025-08-13 16:25:39,,,,,1.2336850021413492,43.309171326135356
2025-08-13 16:25:39,1.2724999999999937,43.37133666086393,,,,
2025-08-13 16:25:39,,,1.2757526606435632,43.2998826281272,,
2025-08-13 16:25:39,,,,,1.2247510977866123,43.295195651690456
2025-08-13 16:25:39,1.601450000000014,43.360436551048466,,,,
2025-08-13 16:25:39,,,1.6039565557268465,43.298419766409154,,
2025-08-13 16:25:39,,,,,1.5652634363006728,43.29473908074475
2025-08-13 16:25:39,1.601450000000014,43.360436551048466,,,,
2025-08-13 16:25:39,,,1.6043338237709084,43.28840722067059,,
2025-08-13 16:25:39,,,,,1.5594818937613764,43.284371507824716
2025-08-13 16:25:39,1.601450000000014,43.360436551048466,,,,
2025-08-13 16:25:39,,,1.6053117797335774,43.26160834525531,,
2025-08-13 16:25:39,,,,,1.542968937487864,43.256638063113364
2025-08-13 16:25:39,1.2762500000000045,43.31120046751764,,,,
2025-08-13 16:25:39,,,1.2801856627585093,43.22301542893499,,
2025-08-13 16:25:39,,,,,1.2177335802409894,43.217669448974014
2025-08-13 16:25:39,1.8781562499999893,43.28927614433609,,,,
2025-08-13 16:25:39,,,1.8806641216107856,43.21854785212118,,
2025-08-13 16:25:39,,,,,1.8417951651387612,43.21512711012162
2025-08-13 16:25:39,1.8781562499999893,43.28927614433609,,,,
2025-08-13 16:25:39,,,1.8809927210453927,43.208506801681224,,
2025-08-13 16:25:39,,,,,1.8359199074218289,43.20476578168653
2025-08-13 16:25:40,1.8781562499999893,43.28927614433609,,,,
2025-08-13 16:25:40,,,1.8818433653970166,43.18165779804193,,
2025-08-13 16:25:40,,,,,1.8219181060230902,43.17721983314746
2025-08-13 16:25:40,2.533056249999987,43.25589585287,,,,
2025-08-13 16:25:40,,,2.535189051177635,43.16766336862574,,
2025-08-13 16:25:40,,,,,2.501632085818529,43.16490602081866
2025-08-13 16:25:40,2.533056249999987,43.25589585287,,,,
2025-08-13 16:25:40,,,2.535409471319392,43.157580351734445,,
2025-08-13 16:25:40,,,,,2.4978147987112753,43.15469108070718
2025-08-13 16:25:40,2.9686562499999667,43.22818501937522,,,,
2025-08-13 16:25:40,,,2.9701063645050394,43.142893628909974,,
2025-08-13 16:25:40,,,,,2.94762120566841,43.14079884719477
2025-08-13 16:25:40,2.9686562499999667,43.22818501937522,,,,
2025-08-13 16:25:40,,,2.970469074620179,43.11941782860643,,
2025-08-13 16:25:40,,,,,2.9415833415152894,43.117198632092624
2025-08-13 16:25:40,3.1861562500000105,43.212698461801544,,,,
2025-08-13 16:25:40,,,3.187507319447372,43.11051095192216,,
2025-08-13 16:25:40,,,,,3.165840573882977,43.10850838978628
2025-08-13 16:25:40,3.1861562500000105,43.212698461801544,,,,
2025-08-13 16:25:40,,,3.187632152883946,43.10050407482826,,
2025-08-13 16:25:40,,,,,3.164415996857179,43.09850336858236
2025-08-13 16:25:40,1.513125000000045,42.99338149918398,,,,
2025-08-13 16:25:40,,,1.5155802683759996,42.93541415160961,,
2025-08-13 16:25:40,,,,,1.477857821643954,42.93169186527142
2025-08-13 16:25:40,2.1644250000000227,42.96551715526505,,,,
2025-08-13 16:25:40,,,2.1656769569284786,42.926746684561486,,
2025-08-13 16:25:40,,,,,2.146636004696285,42.92432865318392
2025-08-13 16:25:40,1.7883062500000193,42.91275405699582,,,,
2025-08-13 16:25:40,,,1.7893616263579881,42.886347072357395,,
2025-08-13 16:25:40,,,,,1.7739677665702747,42.883920477183466
2025-08-13 16:25:40,2.2215062500000187,42.89250995198592,,,,
2025-08-13 16:25:40,,,2.221960853782552,42.87892310666016,,
2025-08-13 16:25:40,,,,,2.2151959484412975,42.87699853573321
2025-08-13 16:25:40,1.5781562499999922,42.80091497679209,,,,
2025-08-13 16:25:40,,,1.5779487772912208,42.80523108052158,,
2025-08-13 16:25:40,,,,,1.5816275473906667,42.807032598947366
2025-08-13 16:25:40,1.7944562499999819,42.79239215990193,,,,
2025-08-13 16:25:40,,,1.7940067923303502,42.80308342891458,,
2025-08-13 16:25:40,,,,,1.800965831715676,42.80502879037043
2025-08-13 16:25:40,2.926749999999984,42.72988455914081,,,,
2025-08-13 16:25:40,,,2.9259117514095125,42.77449043240992,,
2025-08-13 16:25:40,,,,,2.9379943968094286,42.77643276933202
2025-08-13 16:25:40,2.926749999999984,42.72988455914081,,,,
2025-08-13 16:25:40,,,2.9268716524972485,42.72410808382587,,
2025-08-13 16:25:40,,,,,2.9252693405183514,42.722482878905886
2025-08-13 16:25:40,3.624931250000003,42.67632567868013,,,,
2025-08-13 16:25:40,,,3.6248423198055204,42.68883014860197,,
2025-08-13 16:25:40,,,,,3.62632203343881,42.6905327994718
2025-08-13 16:25:40,3.624931250000003,42.67632567868013,,,,
2025-08-13 16:25:40,,,3.625140751803981,42.64514578203632,,
2025-08-13 16:25:40,,,,,3.6221841020058063,42.64352992512757
2025-08-13 16:25:41,3.624931250000003,42.67632567868013,,,,
2025-08-13 16:25:41,,,3.625402332524623,42.601534435162634,,
2025-08-13 16:25:41,,,,,3.6179255729072866,42.59990511511049
2025-08-13 16:25:41,1.0695312500000114,42.3364925673499,,,,
2025-08-13 16:25:41,,,1.0691827077329117,42.342507002341044,,
2025-08-13 16:25:41,,,,,1.0746790363344385,42.344504009785744
2025-08-13 16:25:41,1.0695312500000114,42.3364925673499,,,,
2025-08-13 16:25:41,,,1.0708314770599157,42.312293697909226,,
2025-08-13 16:25:41,,,,,1.0520120206230688,42.309411842079925
2025-08-13 16:25:41,1.0695312500000114,42.3364925673499,,,,
2025-08-13 16:25:41,,,1.072288534580634,42.282105269888504,,
2025-08-13 16:25:41,,,,,1.0304993373650548,42.27770357753468
2025-08-13 16:25:41,2.779131250000006,42.25871424328091,,,,
2025-08-13 16:25:41,,,2.779211590632584,42.25546453230605,,
2025-08-13 16:25:41,,,,,2.777606317929025,42.253834150522565
2025-08-13 16:25:41,2.779131250000006,42.25871424328091,,,,
2025-08-13 16:25:41,,,2.779932996060023,42.2220022933506,,
2025-08-13 16:25:41,,,,,2.7684431723235825,42.22000252034009
2025-08-13 16:25:41,3.3638500000000136,42.21619373152321,,,,
2025-08-13 16:25:41,,,3.364071628603073,42.19754449517649,,
2025-08-13 16:25:41,,,,,3.3610803427489153,42.195847979003865
2025-08-13 16:25:41,3.3638500000000136,42.21619373152321,,,,
2025-08-13 16:25:41,,,3.364428225404949,42.164000446493205,,
2025-08-13 16:25:41,,,,,3.356044908195426,42.16229420133724
2025-08-13 16:25:41,3.5760999999999967,42.198744161289916,,,,
2025-08-13 16:25:41,,,3.576439586304949,42.153184519616154,,
2025-08-13 16:25:41,,,,,3.5713275254802888,42.15151012622335
2025-08-13 16:25:41,3.5760999999999967,42.198744161289916,,,,
2025-08-13 16:25:41,,,3.5766432859593755,42.12300952617894,,
2025-08-13 16:25:41,,,,,3.5677403457585406,42.12126396482685
2025-08-13 16:25:41,4.105850000000018,42.1504981676077,,,,
2025-08-13 16:25:41,,,4.105742228385215,42.09154040045156,,
2025-08-13 16:25:41,,,,,4.107118178704566,42.08992848108899
2025-08-13 16:25:41,4.105850000000018,42.1504981676077,,,,
2025-08-13 16:25:41,,,4.105691897688741,42.06141789568187,,
2025-08-13 16:25:41,,,,,4.108626190427664,42.05977699972521
2025-08-13 16:25:41,4.264531250000019,42.13473950575432,,,,
2025-08-13 16:25:41,,,4.264156710063626,42.05074154338002,,
2025-08-13 16:25:41,,,,,4.270126759331774,42.04905050000703
2025-08-13 16:25:41,4.264531250000019,42.13473950575432,,,,
2025-08-13 16:25:41,,,4.263956394072364,42.00039064296036,,
2025-08-13 16:25:41,,,,,4.272836789816598,41.99870640119603
2025-08-13 16:25:41,4.264531250000019,42.13473950575432,,,,
2025-08-13 16:25:41,,,4.263828075922164,41.966814799128116,,
2025-08-13 16:25:41,,,,,4.275504357273416,41.965183514885304
2025-08-13 16:25:41,5.477350000000001,41.99429886279208,,,,
2025-08-13 16:25:41,,,5.474261836976367,41.86602878919644,,
2025-08-13 16:25:41,,,,,5.523245210848099,41.862715587167244
2025-08-13 16:25:41,5.477350000000001,41.99429886279208,,,,
2025-08-13 16:25:41,,,5.473477388209588,41.82905237355971,,
2025-08-13 16:25:41,,,,,5.536885273126414,41.82529905374395
2025-08-13 16:25:41,5.687600000000003,41.966340157797895,,,,
2025-08-13 16:25:41,,,5.6833395760903676,41.808129779311194,,
2025-08-13 16:25:41,,,,,5.753062177118807,41.80375451907859
2025-08-13 16:25:41,5.687600000000003,41.966340157797895,,,,
2025-08-13 16:25:41,,,5.683093481367575,41.79807020402429,,
2025-08-13 16:25:41,,,,,5.75687153656788,41.793570345725776
2025-08-13 16:25:41,6.212350000000001,41.89187519648053,,,,
2025-08-13 16:25:41,,,6.207024542146549,41.74120233730882,,
2025-08-13 16:25:41,,,,,6.293900393942138,41.73514917948143
2025-08-13 16:25:42,6.212350000000001,41.89187519648053,,,,
2025-08-13 16:25:42,,,6.206700329794723,41.73114873092181,,
2025-08-13 16:25:42,,,,,6.299171602178054,41.724891880993866
2025-08-13 16:25:42,7.101556250000016,41.75033411636469,,,,
2025-08-13 16:25:42,,,7.095018953758387,41.62012148058361,,
2025-08-13 16:25:42,,,,,7.199556014824144,41.61107282057589
2025-08-13 16:25:42,7.101556250000016,41.75033411636469,,,,
2025-08-13 16:25:42,,,7.094421865447854,41.60667724968736,,
2025-08-13 16:25:42,,,,,7.210217812992772,41.59684861986278
2025-08-13 16:25:42,6.631249999999994,41.827610778497736,,,,
2025-08-13 16:25:42,,,6.6245607496628764,41.6677660927654,,
2025-08-13 16:25:42,,,,,6.733759586895879,41.659527606514914
2025-08-13 16:25:42,6.631249999999994,41.827610778497736,,,,
2025-08-13 16:25:42,,,6.624179135864395,41.657708244788154,,
2025-08-13 16:25:42,,,,,6.74104624951566,41.64898669938682
2025-08-13 16:25:42,1.0900999999999925,41.27560759080355,,,,
2025-08-13 16:25:42,,,1.089744803053058,41.281650885135704,,
2025-08-13 16:25:42,,,,,1.0950158927186,41.28368001005915
2025-08-13 16:25:42,1.2992499999999865,41.26955354056426,,,,
2025-08-13 16:25:42,,,1.2986007779072966,41.28189471738118,,
2025-08-13 16:25:42,,,,,1.3076419767853886,41.284095503120504
2025-08-13 16:25:42,1.2992499999999865,41.26955354056426,,,,
2025-08-13 16:25:42,,,1.2998438022243355,41.25830887717772,,
2025-08-13 16:25:42,,,,,1.2913073927433523,41.25621437317079
2025-08-13 16:25:42,1.821249999999992,41.24981392003484,,,,
2025-08-13 16:25:42,,,1.8211869170784931,41.25118277798125,,
2025-08-13 16:25:42,,,,,1.8223102971651743,41.25282050980792
2025-08-13 16:25:42,1.0484687499999978,41.126637514879256,,,,
2025-08-13 16:25:42,,,1.0469240669177897,41.1547982317364,,
2025-08-13 16:25:42,,,,,1.0684435645925692,41.15794360400547
2025-08-13 16:25:42,1.2048250000000138,41.12235397833367,,,,
2025-08-13 16:25:42,,,1.2031376614596174,41.155271593217336,,
2025-08-13 16:25:42,,,,,1.2270785970447966,41.1584486128356
2025-08-13 16:25:42,1.2048250000000138,41.12235397833367,,,,
2025-08-13 16:25:42,,,1.2043030239484322,41.13176979896979,,
2025-08-13 16:25:42,,,,,1.211670641228019,41.13391303450397
2025-08-13 16:25:42,1.2048250000000138,41.12235397833367,,,,
2025-08-13 16:25:42,,,1.2048250000000138,41.12235397833367,,
2025-08-13 16:25:42,,,,,1.2053050332576536,41.123348754321285
2025-08-13 16:25:42,1.3610687500000154,41.11747915251826,,,,
2025-08-13 16:25:42,,,1.3608487049283304,41.12152697163121,,
2025-08-13 16:25:42,,,,,1.3646976058835154,41.12341761162171
2025-08-13 16:25:42,0.7448687500000233,41.013236528531536,,,,
2025-08-13 16:25:42,,,0.7433003157273346,41.0389959816521,,
2025-08-13 16:25:42,,,,,0.7649588989581547,41.04232451763069
2025-08-13 16:25:42,0.7448687500000233,41.013236528531536,,,,
2025-08-13 16:25:42,,,0.7444960403999711,41.018856091796174,,
2025-08-13 16:25:42,,,,,0.7502007518476665,41.02099355709575
2025-08-13 16:25:42,0.9010000000000247,41.01010362093712,,,,
2025-08-13 16:25:42,,,0.9003699657737633,41.02036994756825,,
2025-08-13 16:25:42,,,,,0.9093881568234545,41.02266105898016
2025-08-13 16:25:42,1.0570187499999975,41.006378910629856,,,,
2025-08-13 16:25:42,,,1.0561646347335563,41.02137986612603,,
2025-08-13 16:25:42,,,,,1.0684303277890894,41.023833718596705
2025-08-13 16:25:42,1.2129249999999985,41.00206352056412,,,,
2025-08-13 16:25:42,,,1.2118806190630902,41.02175228081428,,
2025-08-13 16:25:42,,,,,1.22733372925937,41.02437583968996
2025-08-13 16:25:42,1.2129249999999985,41.00206352056412,,,,
2025-08-13 16:25:42,,,1.2135075010936098,40.99147079580724,,
2025-08-13 16:25:42,,,,,1.20523173523682,40.98933149069387
2025-08-13 16:25:42,1.5244000000000142,40.99166506303446,,,,
2025-08-13 16:25:42,,,1.5244619489586602,40.99049158322199,,
2025-08-13 16:25:42,,,,,1.5226404928113795,40.98878951293706
2025-08-13 16:25:42,1.5244000000000142,40.99166506303446,,,,
2025-08-13 16:25:42,,,1.5253966803146553,40.97042399268057,,
2025-08-13 16:25:42,,,,,1.5111516545407768,40.96796706899394
2025-08-13 16:25:42,1.8872187500000166,40.97656409936842,,,,
2025-08-13 16:25:42,,,1.8876421678624042,40.96645028197177,,
2025-08-13 16:25:42,,,,,1.8816951151905748,40.96450408941608
2025-08-13 16:25:42,0.3037000000000063,40.708867170556346,,,,
2025-08-13 16:25:42,,,0.3008465589976097,40.7514312251422,,
2025-08-13 16:25:42,,,,,0.3412257860730893,40.756563498365395
2025-08-13 16:25:42,0.3037000000000063,40.708867170556346,,,,
2025-08-13 16:25:42,,,0.30169059137066945,40.73802448131735,,
2025-08-13 16:25:42,,,,,0.3295480041957356,40.74202827684586
2025-08-13 16:25:42,0.6659062500000061,40.70455341686248,,,,
2025-08-13 16:25:42,,,0.6634803832471055,40.74448049054356,,
2025-08-13 16:25:42,,,,,0.6975123768490986,40.74875559493451
2025-08-13 16:25:42,0.6659062500000061,40.70455341686248,,,,
2025-08-13 16:25:42,,,0.6648443806468907,40.72098680848404,,
2025-08-13 16:25:42,,,,,0.6794611864882766,40.723768036372824
2025-08-13 16:25:43,0.2592062500000196,40.629173165595695,,,,
2025-08-13 16:25:43,,,0.25704341383675433,40.66027816657005,,
2025-08-13 16:25:43,,,,,0.2873144109685334,40.664594521729555
2025-08-13 16:25:43,0.2592062500000196,40.629173165595695,,,,
2025-08-13 16:25:43,,,0.25862896654129,40.63679398590326,,
2025-08-13 16:25:43,,,,,0.26764234305633394,40.63918393711059
2025-08-13 16:25:43,0.6208000000000169,40.62525701284855,,,,
2025-08-13 16:25:43,,,0.6196029912680043,40.64365886563715,,
2025-08-13 16:25:43,,,,,0.6364264872491533,40.64668865155326
2025-08-13 16:25:43,0.6208000000000169,40.62525701284855,,,,
2025-08-13 16:25:43,,,0.6211566847060496,40.62013473898336,,
2025-08-13 16:25:43,,,,,0.615419831242699,40.61803471825198
2025-08-13 16:25:43,-21.64398125000001,28.74192887837641,,,,
2025-08-13 16:25:43,,,-21.891799476792883,29.991477572052293,,
2025-08-13 16:25:43,,,,,-16.332793177875278,33.804814866724016
2025-08-13 16:25:43,-21.077000000000012,29.160254988597053,,,,
2025-08-13 16:25:43,,,-21.31396765993454,30.407066520566758,,
2025-08-13 16:25:43,,,,,-15.884176627958608,34.01536421272564
2025-08-13 16:25:43,-21.077000000000012,29.160254988597053,,,,
2025-08-13 16:25:43,,,-21.29996752036245,30.33717159294332,,
2025-08-13 16:25:43,,,,,-16.107334043507475,33.81753725089364
2025-08-13 16:25:43,-20.306281250000012,29.70211005628889,,,,
2025-08-13 16:25:43,,,-20.516220570701137,30.87671555448426,,
2025-08-13 16:25:43,,,,,-15.487249480999946,34.10360026731626
2025-08-13 16:25:43,-20.306281250000012,29.70211005628889,,,,
2025-08-13 16:25:43,,,-20.504478195269137,30.814372030203454,,
2025-08-13 16:25:43,,,,,-15.684963419752126,33.93057519434931
2025-08-13 16:25:43,-19.334075000000027,30.343927628017667,,,,
2025-08-13 16:25:43,,,-19.51797218266401,31.455365815430994,,
2025-08-13 16:25:43,,,,,-14.89100338514081,34.2851077917486
2025-08-13 16:25:43,-19.334075000000027,30.343927628017667,,,,
2025-08-13 16:25:43,,,-19.507780791390893,31.396953181994128,,
2025-08-13 16:25:43,,,,,-15.073232065411904,34.12838983513233
2025-08-13 16:25:44,-18.569731250000004,30.81761641176639,,,,
2025-08-13 16:25:44,,,-18.73363641631493,31.87155582262191,,
2025-08-13 16:25:44,,,,,-14.439434222604373,34.401537520023126
2025-08-13 16:25:44,-18.569731250000004,30.81761641176639,,,,
2025-08-13 16:25:44,,,-18.72230811865944,31.802426462323563,,
2025-08-13 16:25:44,,,,,-14.655193419264897,34.21922332164473
2025-08-13 16:25:44,-17.656231250000005,31.349926603526892,,,,
2025-08-13 16:25:44,,,-17.798712275591228,32.33762831928024,,
2025-08-13 16:25:44,,,,,-13.885296214024379,34.54056354872246
2025-08-13 16:25:44,-17.656231250000005,31.349926603526892,,,,
2025-08-13 16:25:44,,,-17.78770431778816,32.2651707122015,,
2025-08-13 16:25:44,,,,,-14.107550944066748,34.35544905371552
2025-08-13 16:25:44,-17.656231250000005,31.349926603526892,,,,
2025-08-13 16:25:44,,,-17.775682985087766,32.185380020145686,,
2025-08-13 16:25:44,,,,,-14.361349239201456,34.144521277974434
2025-08-13 16:25:44,-56.70535625,50.455158581055066,,,,
2025-08-13 16:25:44,,,-24.16789285340642,22.158241789451445,,
2025-08-13 16:25:44,,,,,-24.97522861206388,21.172797180995303
2025-08-13 16:25:44,-56.70535625,50.455158581055066,,,,
2025-08-13 16:25:44,,,-24.13476444103751,22.052484940697532,,
2025-08-13 16:25:44,,,,,-25.131987722191617,20.82069414203121
2025-08-13 16:25:44,-54.5395,48.00815201869366,,,,
2025-08-13 16:25:44,,,-24.049594743796455,21.931118348573726,,
2025-08-13 16:25:44,,,,,-24.480482415012347,21.410855113334822
2025-08-13 16:25:45,-1.9219999999999828,38.832464717037986,,,,
2025-08-13 16:25:45,,,-1.9252279915891966,38.860690872604344,,
2025-08-13 16:25:45,,,,,-1.8820251568885726,38.86857091891849
2025-08-13 16:25:45,-0.7730062499999946,38.8723148440823,,,,
2025-08-13 16:25:45,,,-0.7783510236430027,38.93389012809338,,
2025-08-13 16:25:45,,,,,-0.7053624243665462,38.94401888864351
2025-08-13 16:25:45,-1.2099000000000046,38.77112639568265,,,,
2025-08-13 16:25:45,,,-1.2171793603881538,38.84986951390988,,
2025-08-13 16:25:45,,,,,-1.1159117592075716,38.864219802705094
2025-08-13 16:25:45,-1.2099000000000046,38.77112639568265,,,,
2025-08-13 16:25:45,,,-1.2111497213196873,38.78279719335007,,
2025-08-13 16:25:45,,,,,-1.1940282039241656,38.7866236280898
2025-08-13 16:25:45,-1.4521812499999953,38.71277269348126,,,,
2025-08-13 16:25:45,,,-1.454474764982075,38.73401478978061,,
2025-08-13 16:25:45,,,,,-1.4238585163554598,38.73974969906281
2025-08-13 16:25:45,-1.4521812499999953,38.71277269348126,,,,
2025-08-13 16:25:45,,,-1.4521812499999953,38.71277269348126,,
2025-08-13 16:25:45,,,,,-1.4523427004108063,38.71224603543567
2025-08-13 16:25:45,-1.5973999999999933,38.67702694416933,,,,
2025-08-13 16:25:45,,,-1.5978408196928273,38.68064580543608,,
2025-08-13 16:25:45,,,,,-1.5903739452543206,38.68334993547438
2025-08-13 16:25:45,-1.5973999999999933,38.67702694416933,,,,
2025-08-13 16:25:45,,,-1.5928638306629122,38.633725843906134,,
2025-08-13 16:25:45,,,,,-1.655763720157351,38.62345419624783
2025-08-13 16:25:45,-1.7908499999999918,38.62850963055008,,,,
2025-08-13 16:25:45,,,-1.786924669413038,38.593032183308786,,
2025-08-13 16:25:45,,,,,-1.8407678618699457,38.58366579427806
2025-08-13 16:25:45,-1.7908499999999918,38.62850963055008,,,,
2025-08-13 16:25:45,,,-1.7846140847074308,38.56952802532613,,
2025-08-13 16:25:45,,,,,-1.8723320112887671,38.55535613661841
2025-08-13 16:25:45,-1.9840999999999838,38.57901304064168,,,,
2025-08-13 16:25:45,,,-1.9784390040891426,38.52778225104316,,
2025-08-13 16:25:45,,,,,-2.057104201892507,38.514543360119646
2025-08-13 16:25:45,-0.050918749999979696,38.629966441622734,,,,
2025-08-13 16:25:45,,,-0.051141477923316137,38.63245829854874,,
2025-08-13 16:25:45,,,,,-0.04722707350608872,38.63450092007328
2025-08-13 16:25:45,-0.29220000000000823,38.57889344136247,,,,
2025-08-13 16:25:45,,,-0.2932441965014901,38.59068356665556,,
2025-08-13 16:25:45,,,,,-0.2790767489736862,38.59390856611425
2025-08-13 16:25:45,-0.29220000000000823,38.57889344136247,,,,
2025-08-13 16:25:45,,,-0.2895702879773465,38.54715919225422,,
2025-08-13 16:25:45,,,,,-0.32499544844660044,38.541709066577695
2025-08-13 16:25:45,-0.48499999999999943,38.536948179636646,,,,
2025-08-13 16:25:45,,,-0.48285961393214083,38.5127085954297,,
2025-08-13 16:25:45,,,,,-0.5114746787180189,38.5078659798141
2025-08-13 16:25:45,-0.48499999999999943,38.536948179636646,,,,
2025-08-13 16:25:45,,,-0.4812649897252035,38.49255739245322,,
2025-08-13 16:25:45,,,,,-0.5322087166052288,38.485288699150345
2025-08-13 16:25:45,-0.6294687500000009,38.504855136628855,,,,
2025-08-13 16:25:45,,,-0.6260677361738539,38.46610927815591,,
2025-08-13 16:25:45,,,,,-0.6725033604650306,38.45914988595669
2025-08-13 16:25:45,-0.6294687500000009,38.504855136628855,,,,
2025-08-13 16:25:45,,,-0.6229561084626216,38.42585150743604,,
2025-08-13 16:25:45,,,,,-0.7160314196506126,38.41351760516719
2025-08-13 16:25:45,0.7467312499999963,38.50275954318435,,,,
2025-08-13 16:25:45,,,0.7490067555499379,38.466048235942644,,
2025-08-13 16:25:45,,,,,0.7178348005969979,38.46191483699228
2025-08-13 16:25:45,0.6023749999999808,38.47528485091923,,,,
2025-08-13 16:25:45,,,0.6044231705966254,38.444119786413665,,
2025-08-13 16:25:45,,,,,0.5771459175143374,38.44016675348438
2025-08-13 16:25:45,0.6023749999999808,38.47528485091923,,,,
2025-08-13 16:25:45,,,0.6052215664475974,38.430670210578484,,
2025-08-13 16:25:45,,,,,0.5658582181469625,38.42574816555998
2025-08-13 16:25:45,0.410074999999992,38.43781261328973,,,,
2025-08-13 16:25:45,,,0.4126248676402894,38.40057870708099,,
2025-08-13 16:25:45,,,,,0.3782596797751082,38.39592296138575
2025-08-13 16:25:45,0.410074999999992,38.43781261328973,,,,
2025-08-13 16:25:45,,,0.41366277002670393,38.383803984904745,,
2025-08-13 16:25:45,,,,,0.3636101485251459,38.37772806572485
2025-08-13 16:25:45,0.26598124999998163,38.40907905658047,,,,
2025-08-13 16:25:45,,,0.2693643131712338,38.36064600544932,,
2025-08-13 16:25:45,,,,,0.22318465324312625,38.354772722708844
2025-08-13 16:25:45,0.26598124999998163,38.40907905658047,,,,
2025-08-13 16:25:45,,,0.2712457595288847,38.330445938694524,,
2025-08-13 16:25:45,,,,,0.19661806858171615,38.321926205503935
2025-08-13 16:25:46,1.6323812499999946,38.37529715135308,,,,
2025-08-13 16:25:46,,,1.6339825971367534,38.34005404079453,,
2025-08-13 16:25:46,,,,,1.612864430203314,38.33721191985833
2025-08-13 16:25:46,1.488400000000027,38.35112860712186,,,,
2025-08-13 16:25:46,,,1.4898587450818082,38.321314229099684,,
2025-08-13 16:25:46,,,,,1.470178610055021,38.31839780729156
2025-08-13 16:25:46,1.925518750000009,38.33166807671431,,,,
2025-08-13 16:25:46,,,1.9261761331159386,38.316128328060664,,
2025-08-13 16:25:46,,,,,1.9172882689548043,38.31399721739761
2025-08-13 16:25:46,1.4942499999999939,38.260832674387785,,,,
2025-08-13 16:25:46,,,1.4942499999999939,38.260832674387785,,
2025-08-13 16:25:46,,,,,1.493931295226926,38.259618955368225
2025-08-13 16:25:46,1.833531249999993,38.24607513399609,,,,
2025-08-13 16:25:46,,,1.8331479241351967,38.2544564480844,,
2025-08-13 16:25:46,,,,,1.8386724433755965,38.25629669090296
2025-08-13 16:25:46,1.642181249999993,38.21473198574273,,,,
2025-08-13 16:25:46,,,1.6414368624403413,38.23017625956804,,
2025-08-13 16:25:46,,,,,1.6510528134814773,38.232374574371676
2025-08-13 16:25:46,1.9808499999999896,38.19867449634215,,,,
2025-08-13 16:25:46,,,1.9797920329091714,38.22523653691987,,
2025-08-13 16:25:46,,,,,1.993849627367311,38.2276258257415
2025-08-13 16:25:46,1.9808499999999896,38.19867449634215,,,,
2025-08-13 16:25:46,,,1.9820501005291942,38.168105808764196,,
2025-08-13 16:25:46,,,,,1.9659457486927263,38.16569759080559
2025-08-13 16:25:46,2.7526500000000027,38.15082460416157,,,,
2025-08-13 16:25:46,,,2.75277742449489,38.14613632268647,,
2025-08-13 16:25:46,,,,,2.750925615441884,38.144379421840256
2025-08-13 16:25:46,2.7526500000000027,38.15082460416157,,,,
2025-08-13 16:25:46,,,2.7532634979953197,38.1260265352165,,
2025-08-13 16:25:46,,,,,2.7453483227195656,38.12409501370145
2025-08-13 16:25:46,3.041249999999991,38.1289037140789,,,,
2025-08-13 16:25:46,,,3.04154495005269,38.11387926749853,,
2025-08-13 16:25:46,,,,,3.03797116534421,38.112213777626934
2025-08-13 16:25:46,2.8023437500000057,38.09707166577027,,,,
2025-08-13 16:25:46,,,2.8025071862517947,38.0907252872367,,
2025-08-13 16:25:46,,,,,2.8003538521440228,38.08907845963084
2025-08-13 16:25:46,2.8023437500000057,38.09707166577027,,,,
2025-08-13 16:25:46,,,2.802969372738665,38.07063828826384,,
2025-08-13 16:25:46,,,,,2.7943281320718336,38.06867323636884
2025-08-13 16:25:46,3.4261000000000195,38.04604892482267,,,,
2025-08-13 16:25:46,,,3.42616304379702,38.041001177442105,,
2025-08-13 16:25:46,,,,,3.425470430316147,38.03942286462059
2025-08-13 16:25:46,3.0444999999999993,37.998229165975616,,,,
2025-08-13 16:25:46,,,3.044386431260044,38.00370465626294,,
2025-08-13 16:25:46,,,,,3.0461077448132747,38.00543341364212
2025-08-13 16:25:46,3.23599999999999,37.98239992417541,,,,
2025-08-13 16:25:46,,,3.2358076193004197,37.99450476946711,,
2025-08-13 16:25:46,,,,,3.238051231441259,37.99609419772274
2025-08-13 16:25:46,2.8551999999999964,37.93269609400313,,,,
2025-08-13 16:25:46,,,2.8546118925375144,37.958604951408255,,
2025-08-13 16:25:46,,,,,2.8622366163343704,37.96053809064278
2025-08-13 16:25:46,2.8551999999999964,37.93269609400313,,,,
2025-08-13 16:25:46,,,2.8552271498040196,37.931659431646395,,
2025-08-13 16:25:46,,,,,2.854636836928033,37.930075446709246
2025-08-13 16:25:46,3.0464999999999947,37.91781161604662,,,,
2025-08-13 16:25:46,,,3.0464518534049096,37.920057102174525,,
2025-08-13 16:25:46,,,,,3.0474414562820926,37.92180079707644
2025-08-13 16:25:46,2.666499999999999,37.86623004406433,,,,
2025-08-13 16:25:46,,,2.666057778463245,37.88240891643182,,
2025-08-13 16:25:46,,,,,2.67186535468229,37.8842951696774
2025-08-13 16:25:46,2.666499999999999,37.86623004406433,,,,
2025-08-13 16:25:46,,,2.6668898476909,37.852089878496706,,
2025-08-13 16:25:46,,,,,2.662097844379218,37.850314022066904
2025-08-13 16:25:46,2.857599999999991,37.8522882034891,,,,
2025-08-13 16:25:46,,,2.85778580281749,37.84470687446857,,
2025-08-13 16:25:46,,,,,2.8551991932805487,37.84300006729024
2025-08-13 16:25:46,2.857599999999991,37.8522882034891,,,,
2025-08-13 16:25:46,,,2.858567437379189,37.80769641861127,,
2025-08-13 16:25:46,,,,,2.846001499216966,37.80574711168576
2025-08-13 16:25:46,2.289100000000005,37.77069791769806,,,,
2025-08-13 16:25:46,,,2.289905251046947,37.74714433095114,,
2025-08-13 16:25:46,,,,,2.2791363837818848,37.74512448098149
2025-08-13 16:25:46,2.289100000000005,37.77069791769806,,,,
2025-08-13 16:25:46,,,2.290425093271642,37.73039279851772,,
2025-08-13 16:25:46,,,,,2.2731158186045417,37.7279864264246
2025-08-13 16:25:46,2.0527562499999874,37.734205858585206,,,,
2025-08-13 16:25:46,,,2.053957178333871,37.702766807240785,,
2025-08-13 16:25:46,,,,,2.038405499746146,37.70038323098463
2025-08-13 16:25:46,2.2913500000000084,37.7204694453489,,,,
2025-08-13 16:25:46,,,2.292152010443901,37.69700297810736,,
2025-08-13 16:25:46,,,,,2.2813632775304935,37.694951929319586
2025-08-13 16:25:47,1.9138500000000107,37.661403029859365,,,,
2025-08-13 16:25:47,,,1.9142605315695198,37.65215902712869,,
2025-08-13 16:25:47,,,,,1.9084929034338631,37.65019981006291
2025-08-13 16:25:47,1.9138500000000107,37.661403029859365,,,,
2025-08-13 16:25:47,,,1.915560942884047,37.61859225044193,,
2025-08-13 16:25:47,,,,,1.8927144711064896,37.61576979586265
2025-08-13 16:25:47,1.9138500000000107,37.661403029859365,,,,
2025-08-13 16:25:47,,,1.9166332246302893,37.58832852312676,,
2025-08-13 16:25:47,,,,,1.8784395743100153,37.584740201624726
2025-08-13 16:25:47,2.4376562500000034,37.63112982633974,,,,
2025-08-13 16:25:47,,,2.4392799147766606,37.57576304737159,,
2025-08-13 16:25:47,,,,,2.417186551518035,37.57328713406468
2025-08-13 16:25:47,1.638124999999988,37.504241713229916,,,,
2025-08-13 16:25:47,,,1.639314371048005,37.47905433375669,,
2025-08-13 16:25:47,,,,,1.6237857476349553,37.476520267644034
2025-08-13 16:25:47,1.638124999999988,37.504241713229916,,,,
2025-08-13 16:25:47,,,1.64151733544039,37.42534724451066,,
2025-08-13 16:25:47,,,,,1.5952343990738944,37.420981594087365
2025-08-13 16:25:47,2.1129999999999995,37.4804860027188,,,,
2025-08-13 16:25:47,,,2.1152118397589006,37.417533942466946,,
2025-08-13 16:25:47,,,,,2.0852275128278466,37.414432897938
2025-08-13 16:25:47,2.1129999999999995,37.4804860027188,,,,
2025-08-13 16:25:47,,,2.1168731616446017,37.36380024804553,,
2025-08-13 16:25:47,,,,,2.0615386404357,37.359472642718316
2025-08-13 16:25:47,1.177000000000021,37.32144518905987,,,,
2025-08-13 16:25:47,,,1.181162745754371,37.24070608868135,,
2025-08-13 16:25:47,,,,,1.1242119096867236,37.234980811583554
2025-08-13 16:25:47,1.177000000000021,37.32144518905987,,,,
2025-08-13 16:25:47,,,1.1829616042086473,37.20028252116071,,
2025-08-13 16:25:47,,,,,1.0972921899417527,37.19248090884773
2025-08-13 16:25:47,0.990399999999994,37.2868489931772,,,,
2025-08-13 16:25:47,,,0.9964127861959492,37.17297922616151,,
2025-08-13 16:25:47,,,,,0.9102743030682916,37.16480800020511
2025-08-13 16:25:47,0.990399999999994,37.2868489931772,,,,
2025-08-13 16:25:47,,,0.9972148175753147,37.156217059707245,,
2025-08-13 16:25:47,,,,,0.8982117468785703,37.146960793201075
2025-08-13 16:25:47,0.990399999999994,37.2868489931772,,,,
2025-08-13 16:25:47,,,0.9978255221536113,37.14275072675783,,
2025-08-13 16:25:47,,,,,0.888869649502606,37.132700505941465
2025-08-13 16:25:47,0.990399999999994,37.2868489931772,,,,
2025-08-13 16:25:47,,,0.9982503174975814,37.13259775519846,,
2025-08-13 16:25:47,,,,,0.8816346577191623,37.12203195053909
2025-08-13 16:25:47,2.266318749999982,37.23108646445062,,,,
2025-08-13 16:25:47,,,2.269750093164101,37.11968564362629,,
2025-08-13 16:25:47,,,,,2.2217211780669395,37.1159168014162
2025-08-13 16:25:47,2.59562499999997,37.20957848268877,,,,
2025-08-13 16:25:47,,,2.5981398506669526,37.109415482075455,,
2025-08-13 16:25:47,,,,,2.5629797686267266,37.106613701378905
2025-08-13 16:25:47,2.59562499999997,37.20957848268877,,,,
2025-08-13 16:25:47,,,2.5988207839717976,37.07921180546231,,
2025-08-13 16:25:47,,,,,2.5526566851240036,37.07593544146907
2025-08-13 16:25:47,2.59562499999997,37.20957848268877,,,,
2025-08-13 16:25:47,,,2.599108192175426,37.06573646090704,,
2025-08-13 16:25:47,,,,,2.548487032479376,37.06236534739954
2025-08-13 16:25:47,3.111868749999971,37.16996466076842,,,,
2025-08-13 16:25:47,,,3.1138315132847194,37.04419271167649,,
2025-08-13 16:25:47,,,,,3.0859809201930086,37.04195539645269
2025-08-13 16:25:48,3.111868749999971,37.16996466076842,,,,
2025-08-13 16:25:48,,,3.114207315919079,37.017332383803115,,
2025-08-13 16:25:48,,,,,3.080436400204809,37.01494781456791
2025-08-13 16:25:48,3.673318749999993,37.11868437001638,,,,
2025-08-13 16:25:48,,,3.6740766560344538,36.98595296512851,,
2025-08-13 16:25:48,,,,,3.6634960788460127,36.984219175055415
2025-08-13 16:25:48,4.2329687499999835,37.05903365660691,,,,
2025-08-13 16:25:48,,,4.232502025204021,36.94657986277647,,
2025-08-13 16:25:48,,,,,4.239196891068857,36.94484797704469
2025-08-13 16:25:48,4.2329687499999835,37.05903365660691,,,,
2025-08-13 16:25:48,,,4.23239066082283,36.91632837986617,,
2025-08-13 16:25:48,,,,,4.240778106916517,36.91457256160865
2025-08-13 16:25:48,4.2329687499999835,37.05903365660691,,,,
2025-08-13 16:25:48,,,4.232281247041534,36.88610344049254,,
2025-08-13 16:25:48,,,,,4.242223385083166,36.884327763509596
2025-08-13 16:25:48,4.2329687499999835,37.05903365660691,,,,
2025-08-13 16:25:48,,,4.232189251648284,36.859161525732695,,
2025-08-13 16:25:48,,,,,4.244126307262126,36.857536454550214
2025-08-13 16:25:48,5.531818749999985,36.88751796091936,,,,
2025-08-13 16:25:48,,,5.527823260165305,36.736062479456784,,
2025-08-13 16:25:48,,,,,5.586271066548314,36.732178893950426
2025-08-13 16:25:48,5.531818749999985,36.88751796091936,,,,
2025-08-13 16:25:48,,,5.527175643429371,36.70925128503981,,
2025-08-13 16:25:48,,,,,5.596211134681545,36.70491868873036
2025-08-13 16:25:48,5.762724999999975,36.85215055562396,,,,
2025-08-13 16:25:48,,,5.757641147155023,36.68263942113836,,
2025-08-13 16:25:48,,,,,5.83244317898714,36.67760673822269
2025-08-13 16:25:48,5.762724999999975,36.85215055562396,,,,
2025-08-13 16:25:48,,,5.757010790491215,36.65913526137491,,
2025-08-13 16:25:48,,,,,5.84247238694359,36.653583971700556
2025-08-13 16:25:48,5.762724999999975,36.85215055562396,,,,
2025-08-13 16:25:48,,,5.756751193513965,36.64904099096883,,
2025-08-13 16:25:48,,,,,5.847278204505475,36.64333006797111
2025-08-13 16:25:48,5.762724999999975,36.85215055562396,,,,
2025-08-13 16:25:48,,,5.755846989292325,36.61197104535736,,
2025-08-13 16:25:48,,,,,5.862932932513859,36.60554939499899
2025-08-13 16:25:48,5.762724999999975,36.85215055562396,,,,
2025-08-13 16:25:48,,,5.755560795542241,36.601952404612575,,
2025-08-13 16:25:48,,,,,5.867589019192618,36.59517368613657
2025-08-13 16:25:48,5.762724999999975,36.85215055562396,,,,
2025-08-13 16:25:48,,,5.755321946103684,36.59184154708825,,
2025-08-13 16:25:48,,,,,5.872198401187201,36.5848579093326
2025-08-13 16:25:48,7.095818749999978,36.61883881647735,,,,
2025-08-13 16:25:48,,,7.085372911135806,36.41056337398395,,
2025-08-13 16:25:48,,,,,7.247226091074989,36.3960431507259
2025-08-13 16:25:48,7.095818749999978,36.61883881647735,,,,
2025-08-13 16:25:48,,,7.084094502607321,36.37332063485604,,
2025-08-13 16:25:48,,,,,7.276162639666403,36.356455830153706
2025-08-13 16:25:49,7.55306874999998,36.52726587711943,,,,
2025-08-13 16:25:49,,,7.540859515149636,36.299977659691585,,
2025-08-13 16:25:49,,,,,7.743657223749606,36.27993305539342
2025-08-13 16:25:49,7.917968749999972,36.449907693628305,,,,
2025-08-13 16:25:49,,,7.905458842621082,36.23744271242448,,
2025-08-13 16:25:49,,,,,8.113511176574656,36.2149476914536
2025-08-13 16:25:49,8.463818749999987,36.327039132953686,,,,
2025-08-13 16:25:49,,,8.451143304221445,36.13709273506905,,
2025-08-13 16:25:49,,,,,8.661735384379526,36.11127470333085
2025-08-13 16:25:49,8.463818749999987,36.327039132953686,,,,
2025-08-13 16:25:49,,,8.459353208435129,36.05444130710866,,
2025-08-13 16:25:49,,,,,8.751726196599737,36.0188984044011
2025-08-13 16:25:49,8.463818749999987,36.327039132953686,,,,
2025-08-13 16:25:49,,,8.458619311311516,36.00716314276298,,
2025-08-13 16:25:49,,,,,8.805765483763516,35.964659893140094
2025-08-13 16:25:49,10.135524999999973,35.89653371809561,,,,
2025-08-13 16:25:49,,,10.129860215266458,35.64754067276726,,
2025-08-13 16:25:49,,,,,10.49491473526735,35.58606055076653
2025-08-13 16:25:49,10.135524999999973,35.89653371809561,,,,
2025-08-13 16:25:49,,,10.128468099658098,35.5830828431953,,
2025-08-13 16:25:49,,,,,10.595552741956158,35.50363259438359
2025-08-13 16:25:49,10.135524999999973,35.89653371809561,,,,
2025-08-13 16:25:49,,,10.127106750959339,35.51861518228734,,
2025-08-13 16:25:49,,,,,10.699843953813675,35.42022596213184
2025-08-13 16:25:50,11.52296874999999,35.47550128168062,,,,
2025-08-13 16:25:50,,,11.514134304547586,35.15898375208678,,
2025-08-13 16:25:50,,,,,12.092200130160588,35.03696571034234
2025-08-13 16:25:50,11.879068749999988,35.35785238999639,,,,
2025-08-13 16:25:50,,,11.870234098341955,35.057585442857224,,
2025-08-13 16:25:50,,,,,12.442548739817227,34.93089877745808
2025-08-13 16:25:50,11.879068749999988,35.35785238999639,,,,
2025-08-13 16:25:50,,,11.86622287505289,34.910712731269484,,
2025-08-13 16:25:50,,,,,12.75259582328119,34.70993708078028
2025-08-13 16:25:50,11.879068749999988,35.35785238999639,,,,
2025-08-13 16:25:50,,,11.864604676204637,34.84920837315303,,
2025-08-13 16:25:50,,,,,12.890728035646127,34.614351464606536
2025-08-13 16:25:50,13.33952499999998,34.8331318255246,,,,
2025-08-13 16:25:50,,,13.324177962339274,34.39205658907093,,
2025-08-13 16:25:50,,,,,14.359955267201254,34.10980047269369
2025-08-13 16:25:50,14.13039999999998,34.51987537405082,,,,
2025-08-13 16:25:50,,,14.114888642229538,34.11695561102681,,
2025-08-13 16:25:50,,,,,15.130349331010393,33.81592862933357
2025-08-13 16:25:51,14.13039999999998,34.51987537405082,,,,
2025-08-13 16:25:51,,,14.113034619726232,34.06513042770978,,
2025-08-13 16:25:51,,,,,15.277327400679567,33.71685802735
2025-08-13 16:25:51,14.13039999999998,34.51987537405082,,,,
2025-08-13 16:25:51,,,14.111333197103441,34.016746923468894,,
2025-08-13 16:25:51,,,,,15.41714731437596,33.62286158878048
2025-08-13 16:25:51,14.13039999999998,34.51987537405082,,,,
2025-08-13 16:25:51,,,14.110612622516776,33.99600717286876,,
2025-08-13 16:25:51,,,,,15.47880736965233,33.5817470002542
2025-08-13 16:25:51,14.13039999999998,34.51987537405082,,,,
2025-08-13 16:25:51,,,14.10942318601193,33.961435609635494,,
2025-08-13 16:25:51,,,,,15.583088381721312,33.512544595280715
2025-08-13 16:25:51,14.13039999999998,34.51987537405082,,,,
2025-08-13 16:25:51,,,14.108248195573651,33.92685737918089,,
2025-08-13 16:25:51,,,,,15.689129337484694,33.442219705926306
2025-08-13 16:25:51,14.13039999999998,34.51987537405082,,,,
2025-08-13 16:25:51,,,14.108014934455452,33.91994093023075,,
2025-08-13 16:25:51,,,,,15.711173748686205,33.427860870990216
2025-08-13 16:25:52,15.613224999999986,33.87502332249198,,,,
2025-08-13 16:25:52,,,15.589683239563367,33.34822578526718,,
2025-08-13 16:25:52,,,,,17.172056540166864,32.78744114971448
2025-08-13 16:25:52,15.613224999999986,33.87502332249198,,,,
2025-08-13 16:25:52,,,15.588256907430964,33.31332997768926,,
2025-08-13 16:25:52,,,,,17.293788020032192,32.70489701773084
2025-08-13 16:25:52,15.613224999999986,33.87502332249198,,,,
2025-08-13 16:25:52,,,15.588115179653672,33.30983991967552,,
2025-08-13 16:25:52,,,,,17.30667144507307,32.69635013817791
2025-08-13 16:25:52,15.613224999999986,33.87502332249198,,,,
2025-08-13 16:25:52,,,15.587832218234931,33.30285954205187,,
2025-08-13 16:25:52,,,,,17.331001155094256,32.67979236236788
2025-08-13 16:25:52,15.613224999999986,33.87502332249198,,,,
2025-08-13 16:25:52,,,15.587549913947207,33.29587881760892,,
2025-08-13 16:25:52,,,,,17.356240109631354,32.66282959902651
2025-08-13 16:25:53,15.613224999999986,33.87502332249198,,,,
2025-08-13 16:25:53,,,15.587549913947207,33.29587881760892,,
2025-08-13 16:25:53,,,,,17.356240109631354,32.66282959902651
2025-08-13 16:25:53,15.613224999999986,33.87502332249198,,,,
2025-08-13 16:25:53,,,15.58740901134984,33.29238832374941,,
2025-08-13 16:25:53,,,,,17.36882563525409,32.65436858043357
2025-08-13 16:25:53,15.613224999999986,33.87502332249198,,,,
2025-08-13 16:25:53,,,15.58740901134984,33.29238832374941,,
2025-08-13 16:25:53,,,,,17.36882563525409,32.65436858043357
2025-08-13 16:25:53,15.613224999999986,33.87502332249198,,,,
2025-08-13 16:25:53,,,15.58740901134984,33.29238832374941,,
2025-08-13 16:25:53,,,,,17.36882563525409,32.65436858043357
2025-08-13 16:25:53,15.613224999999986,33.87502332249198,,,,
2025-08-13 16:25:53,,,15.58740901134984,33.29238832374941,,
2025-08-13 16:25:53,,,,,17.36882563525409,32.65436858043357
2025-08-13 16:25:53,16.435568749999973,33.48375844889615,,,,
2025-08-13 16:25:53,,,16.409217116171618,32.943333127095066,,
2025-08-13 16:25:53,,,,,18.158247670920026,32.26935099876525
2025-08-13 16:25:53,16.435568749999973,33.48375844889615,,,,
2025-08-13 16:25:53,,,16.409217116171618,32.943333127095066,,
2025-08-13 16:25:53,,,,,18.158247670920026,32.26935099876525
2025-08-13 16:25:54,16.435568749999973,33.48375844889615,,,,
2025-08-13 16:25:54,,,16.409217116171618,32.943333127095066,,
2025-08-13 16:25:54,,,,,18.158247670920026,32.26935099876525
2025-08-13 16:25:54,16.435568749999973,33.48375844889615,,,,
2025-08-13 16:25:54,,,16.409217116171618,32.943333127095066,,
2025-08-13 16:25:54,,,,,18.158247670920026,32.26935099876525
2025-08-13 16:25:54,16.435568749999973,33.48375844889615,,,,
2025-08-13 16:25:54,,,16.409059692936054,32.93982336693591,,
2025-08-13 16:25:54,,,,,18.17124375076008,32.26029653520427
2025-08-13 16:25:54,16.608118749999974,33.39850882278876,,,,
2025-08-13 16:25:54,,,16.581530090852254,32.86361545164742,,
2025-08-13 16:25:54,,,,,18.33380618809835,32.177722365582795
2025-08-13 16:25:54,16.608118749999974,33.39850882278876,,,,
2025-08-13 16:25:54,,,16.58169120398953,32.8671294079401,,
2025-08-13 16:25:54,,,,,18.3212930060554,32.186632332394154
2025-08-13 16:25:54,16.608118749999974,33.39850882278876,,,,
2025-08-13 16:25:54,,,16.58185249385206,32.87064326221761,,
2025-08-13 16:25:54,,,,,18.307586284762586,32.196025998613024
2025-08-13 16:25:54,16.608118749999974,33.39850882278876,,,,
2025-08-13 16:25:54,,,16.58185249385206,32.87064326221761,,
2025-08-13 16:25:54,,,,,18.307586284762586,32.196025998613024
2025-08-13 16:25:55,16.608118749999974,33.39850882278876,,,,
2025-08-13 16:25:55,,,16.582013961865503,32.87415701446898,,
2025-08-13 16:25:55,,,,,18.294206578380038,32.20534605232163
2025-08-13 16:25:55,16.608118749999974,33.39850882278876,,,,
2025-08-13 16:25:55,,,16.582175606770747,32.87767066458873,,
2025-08-13 16:25:55,,,,,18.280943293136858,32.214506668811225
2025-08-13 16:25:55,16.608118749999974,33.39850882278876,,,,
2025-08-13 16:25:55,,,16.582337428495638,32.88118421307533,,
2025-08-13 16:25:55,,,,,18.26775271082552,32.223736495672156
2025-08-13 16:25:55,16.608118749999974,33.39850882278876,,,,
2025-08-13 16:25:55,,,16.58249942725117,32.88469765957793,,
2025-08-13 16:25:55,,,,,18.255445437372607,32.23242641489387
2025-08-13 16:25:55,16.608118749999974,33.39850882278876,,,,
2025-08-13 16:25:55,,,16.58266160292407,32.88821100449623,,
2025-08-13 16:25:55,,,,,18.241351438009673,32.24206691586335
2025-08-13 16:25:55,16.608118749999974,33.39850882278876,,,,
2025-08-13 16:25:55,,,16.58266160292407,32.88821100449623,,
2025-08-13 16:25:55,,,,,18.241351438009673,32.24206691586335
2025-08-13 16:25:55,16.608118749999974,33.39850882278876,,,,
2025-08-13 16:25:55,,,16.582986484027224,32.89523738947125,,
2025-08-13 16:25:55,,,,,18.215717613396407,32.25997595799819
2025-08-13 16:25:56,16.608118749999974,33.39850882278876,,,,
2025-08-13 16:25:56,,,16.582986484027224,32.89523738947125,,
2025-08-13 16:25:56,,,,,18.215717613396407,32.25997595799819
2025-08-13 16:25:56,16.47872499999997,33.4625405845757,,,,
2025-08-13 16:25:56,,,16.45362615183128,32.95245422976549,,
2025-08-13 16:25:56,,,,,18.095050575692987,32.32084719418748
2025-08-13 16:25:56,16.47872499999997,33.4625405845757,,,,
2025-08-13 16:25:56,,,16.453786069483733,32.95596413578357,,
2025-08-13 16:25:56,,,,,18.081400123155113,32.33014655061794
2025-08-13 16:25:56,16.47872499999997,33.4625405845757,,,,
2025-08-13 16:25:56,,,16.45362615183128,32.95245422976549,,
2025-08-13 16:25:56,,,,,18.095050575692987,32.32084719418748
2025-08-13 16:25:56,16.47872499999997,33.4625405845757,,,,
2025-08-13 16:25:56,,,16.45362615183128,32.95245422976549,,
2025-08-13 16:25:56,,,,,18.095050575692987,32.32084719418748
2025-08-13 16:25:56,16.47872499999997,33.4625405845757,,,,
2025-08-13 16:25:56,,,16.45362615183128,32.95245422976549,,
2025-08-13 16:25:56,,,,,18.095050575692987,32.32084719418748
2025-08-13 16:25:57,16.47872499999997,33.4625405845757,,,,
2025-08-13 16:25:57,,,16.45362615183128,32.95245422976549,,
2025-08-13 16:25:57,,,,,18.095050575692987,32.32084719418748
2025-08-13 16:25:57,16.47872499999997,33.4625405845757,,,,
2025-08-13 16:25:57,,,16.45362615183128,32.95245422976549,,
2025-08-13 16:25:57,,,,,18.095050575692987,32.32084719418748
2025-08-13 16:25:57,16.47872499999997,33.4625405845757,,,,
2025-08-13 16:25:57,,,16.45346640926764,32.94894422393394,,
2025-08-13 16:25:57,,,,,18.1076194408071,32.31200868240513
2025-08-13 16:25:57,16.47872499999997,33.4625405845757,,,,
2025-08-13 16:25:57,,,16.45346640926764,32.94894422393394,,
2025-08-13 16:25:57,,,,,18.1076194408071,32.31200868240513
2025-08-13 16:25:57,16.47872499999997,33.4625405845757,,,,
2025-08-13 16:25:57,,,16.45362615183128,32.95245422976549,,
2025-08-13 16:25:57,,,,,18.095050575692987,32.32084719418748
2025-08-13 16:25:57,16.47872499999997,33.4625405845757,,,,
2025-08-13 16:25:57,,,16.45362615183128,32.95245422976549,,
2025-08-13 16:25:57,,,,,18.095050575692987,32.32084719418748
2025-08-13 16:25:57,16.47872499999997,33.4625405845757,,,,
2025-08-13 16:25:57,,,16.45362615183128,32.95245422976549,,
2025-08-13 16:25:57,,,,,18.095050575692987,32.32084719418748
2025-08-13 16:25:58,16.47872499999997,33.4625405845757,,,,
2025-08-13 16:25:58,,,16.45362615183128,32.95245422976549,,
2025-08-13 16:25:58,,,,,18.095050575692987,32.32084719418748
2025-08-13 16:25:58,16.47872499999997,33.4625405845757,,,,
2025-08-13 16:25:58,,,16.453786069483733,32.95596413578357,,
2025-08-13 16:25:58,,,,,18.081400123155113,32.33014655061794
2025-08-13 16:25:58,16.47872499999997,33.4625405845757,,,,
2025-08-13 16:25:58,,,16.45362615183128,32.95245422976549,,
2025-08-13 16:25:58,,,,,18.095050575692987,32.32084719418748
2025-08-13 16:25:58,16.47872499999997,33.4625405845757,,,,
2025-08-13 16:25:58,,,16.45362615183128,32.95245422976549,,
2025-08-13 16:25:58,,,,,18.095050575692987,32.32084719418748
2025-08-13 16:25:58,16.47872499999997,33.4625405845757,,,,
2025-08-13 16:25:58,,,16.45362615183128,32.95245422976549,,
2025-08-13 16:25:58,,,,,18.095050575692987,32.32084719418748
2025-08-13 16:25:58,16.47872499999997,33.4625405845757,,,,
2025-08-13 16:25:58,,,16.45362615183128,32.95245422976549,,
2025-08-13 16:25:58,,,,,18.095050575692987,32.32084719418748
2025-08-13 16:25:58,16.47872499999997,33.4625405845757,,,,
2025-08-13 16:25:58,,,16.45362615183128,32.95245422976549,,
2025-08-13 16:25:58,,,,,18.095050575692987,32.32084719418748
2025-08-13 16:25:59,16.47872499999997,33.4625405845757,,,,
2025-08-13 16:25:59,,,16.45362615183128,32.95245422976549,,
2025-08-13 16:25:59,,,,,18.095050575692987,32.32084719418748
2025-08-13 16:25:59,16.47872499999997,33.4625405845757,,,,
2025-08-13 16:25:59,,,16.45346640926764,32.94894422393394,,
2025-08-13 16:25:59,,,,,18.1076194408071,32.31200868240513
2025-08-13 16:25:59,16.47872499999997,33.4625405845757,,,,
2025-08-13 16:25:59,,,16.45346640926764,32.94894422393394,,
2025-08-13 16:25:59,,,,,18.1076194408071,32.31200868240513
2025-08-13 16:25:59,16.47872499999997,33.4625405845757,,,,
2025-08-13 16:25:59,,,16.45346640926764,32.94894422393394,,
2025-08-13 16:25:59,,,,,18.1076194408071,32.31200868240513
2025-08-13 16:25:59,16.47872499999997,33.4625405845757,,,,
2025-08-13 16:25:59,,,16.45346640926764,32.94894422393394,,
2025-08-13 16:25:59,,,,,18.1076194408071,32.31200868240513
2025-08-13 16:25:59,16.34921874999999,33.52600552205181,,,,
2025-08-13 16:25:59,,,16.324004165867144,33.00562960174086,,
2025-08-13 16:25:59,,,,,17.985667092275097,32.372967368323664
2025-08-13 16:26:00,16.34921874999999,33.52600552205181,,,,
2025-08-13 16:26:00,,,16.324004165867144,33.00562960174086,,
2025-08-13 16:26:00,,,,,17.985667092275097,32.372967368323664
2025-08-13 16:26:00,16.34921874999999,33.52600552205181,,,,
2025-08-13 16:26:00,,,16.324004165867144,33.00562960174086,,
2025-08-13 16:26:00,,,,,17.985667092275097,32.372967368323664
2025-08-13 16:26:00,16.34921874999999,33.52600552205181,,,,
2025-08-13 16:26:00,,,16.324004165867144,33.00562960174086,,
2025-08-13 16:26:00,,,,,17.985667092275097,32.372967368323664
2025-08-13 16:26:00,16.34921874999999,33.52600552205181,,,,
2025-08-13 16:26:00,,,16.324004165867144,33.00562960174086,,
2025-08-13 16:26:00,,,,,17.985667092275097,32.372967368323664
2025-08-13 16:26:00,16.435568749999973,33.48375844889615,,,,
2025-08-13 16:26:00,,,16.4103239695428,32.96789867391623,,
2025-08-13 16:26:00,,,,,18.066795809787244,32.332399232700844
2025-08-13 16:26:00,16.435568749999973,33.48375844889615,,,,
2025-08-13 16:26:00,,,16.410482791711537,32.971407641110844,,
2025-08-13 16:26:00,,,,,18.053965712380673,32.34134397498867
2025-08-13 16:26:00,16.435568749999973,33.48375844889615,,,,
2025-08-13 16:26:00,,,16.4103239695428,32.96789867391623,,
2025-08-13 16:26:00,,,,,18.066795809787244,32.332399232700844
2025-08-13 16:26:01,16.435568749999973,33.48375844889615,,,,
2025-08-13 16:26:01,,,16.410482791711537,32.971407641110844,,
2025-08-13 16:26:01,,,,,18.053965712380673,32.34134397498867
2025-08-13 16:26:01,16.47872499999997,33.4625405845757,,,,
2025-08-13 16:26:01,,,16.45362615183128,32.95245422976549,,
2025-08-13 16:26:01,,,,,18.095050575692987,32.32084719418748
2025-08-13 16:26:01,16.47872499999997,33.4625405845757,,,,
2025-08-13 16:26:01,,,16.45362615183128,32.95245422976549,,
2025-08-13 16:26:01,,,,,18.095050575692987,32.32084719418748
2025-08-13 16:26:01,16.47872499999997,33.4625405845757,,,,
2025-08-13 16:26:01,,,16.45362615183128,32.95245422976549,,
2025-08-13 16:26:01,,,,,18.095050575692987,32.32084719418748
2025-08-13 16:26:01,16.47872499999997,33.4625405845757,,,,
2025-08-13 16:26:01,,,16.45362615183128,32.95245422976549,,
2025-08-13 16:26:01,,,,,18.095050575692987,32.32084719418748
2025-08-13 16:26:01,16.47872499999997,33.4625405845757,,,,
2025-08-13 16:26:01,,,16.453786069483733,32.95596413578357,,
2025-08-13 16:26:01,,,,,18.081400123155113,32.33014655061794
2025-08-13 16:26:01,16.47872499999997,33.4625405845757,,,,
2025-08-13 16:26:01,,,16.45362615183128,32.95245422976549,,
2025-08-13 16:26:01,,,,,18.095050575692987,32.32084719418748
2025-08-13 16:26:02,16.47872499999997,33.4625405845757,,,,
2025-08-13 16:26:02,,,16.453786069483733,32.95596413578357,,
2025-08-13 16:26:02,,,,,18.081400123155113,32.33014655061794
2025-08-13 16:26:02,16.47872499999997,33.4625405845757,,,,
2025-08-13 16:26:02,,,16.453786069483733,32.95596413578357,,
2025-08-13 16:26:02,,,,,18.081400123155113,32.33014655061794
2025-08-13 16:26:02,16.47872499999997,33.4625405845757,,,,
2025-08-13 16:26:02,,,16.453946161395685,32.95947394287287,,
2025-08-13 16:26:02,,,,,18.069001872126798,32.3388018947427
2025-08-13 16:26:02,16.608118749999974,33.39850882278876,,,,
2025-08-13 16:26:02,,,16.583312072053747,32.902263368101295,,
2025-08-13 16:26:02,,,,,18.18997199161448,32.27795708745481
2025-08-13 16:26:02,16.608118749999974,33.39850882278876,,,,
2025-08-13 16:26:02,,,16.583312072053747,32.902263368101295,,
2025-08-13 16:26:02,,,,,18.18997199161448,32.27795708745481
2025-08-13 16:26:02,16.608118749999974,33.39850882278876,,,,
2025-08-13 16:26:02,,,16.58314919040224,32.898750429341405,,
2025-08-13 16:26:02,,,,,18.2022807901769,32.26919759191921
2025-08-13 16:26:02,16.608118749999974,33.39850882278876,,,,
2025-08-13 16:26:02,,,16.582986484027224,32.89523738947125,,
2025-08-13 16:26:02,,,,,18.215717613396407,32.25997595799819
2025-08-13 16:26:03,16.608118749999974,33.39850882278876,,,,
2025-08-13 16:26:03,,,16.58314919040224,32.898750429341405,,
2025-08-13 16:26:03,,,,,18.2022807901769,32.26919759191921
2025-08-13 16:26:03,16.608118749999974,33.39850882278876,,,,
2025-08-13 16:26:03,,,16.58314919040224,32.898750429341405,,
2025-08-13 16:26:03,,,,,18.2022807901769,32.26919759191921
2025-08-13 16:26:03,16.608118749999974,33.39850882278876,,,,
2025-08-13 16:26:03,,,16.58314919040224,32.898750429341405,,
2025-08-13 16:26:03,,,,,18.2022807901769,32.26919759191921
2025-08-13 16:26:03,16.608118749999974,33.39850882278876,,,,
2025-08-13 16:26:03,,,16.58314919040224,32.898750429341405,,
2025-08-13 16:26:03,,,,,18.2022807901769,32.26919759191921
2025-08-13 16:26:03,16.608118749999974,33.39850882278876,,,,
2025-08-13 16:26:03,,,16.58314919040224,32.898750429341405,,
2025-08-13 16:26:03,,,,,18.2022807901769,32.26919759191921
2025-08-13 16:26:03,16.608118749999974,33.39850882278876,,,,
2025-08-13 16:26:03,,,16.58314919040224,32.898750429341405,,
2025-08-13 16:26:03,,,,,18.2022807901769,32.26919759191921
2025-08-13 16:26:04,16.608118749999974,33.39850882278876,,,,
2025-08-13 16:26:04,,,16.58314919040224,32.898750429341405,,
2025-08-13 16:26:04,,,,,18.2022807901769,32.26919759191921
2025-08-13 16:26:04,16.608118749999974,33.39850882278876,,,,
2025-08-13 16:26:04,,,16.582986484027224,32.89523738947125,,
2025-08-13 16:26:04,,,,,18.215717613396407,32.25997595799819
2025-08-13 16:26:04,16.608118749999974,33.39850882278876,,,,
2025-08-13 16:26:04,,,16.582986484027224,32.89523738947125,,
2025-08-13 16:26:04,,,,,18.215717613396407,32.25997595799819
2025-08-13 16:26:04,16.608118749999974,33.39850882278876,,,,
2025-08-13 16:26:04,,,16.58314919040224,32.898750429341405,,
2025-08-13 16:26:04,,,,,18.2022807901769,32.26919759191921
2025-08-13 16:26:04,16.608118749999974,33.39850882278876,,,,
2025-08-13 16:26:04,,,16.582986484027224,32.89523738947125,,
2025-08-13 16:26:04,,,,,18.215717613396407,32.25997595799819
2025-08-13 16:26:04,16.694318749999994,33.35550511494914,,,,
2025-08-13 16:26:04,,,16.66916865270079,32.85679507754702,,
2025-08-13 16:26:04,,,,,18.296205196081495,32.21906692329089
2025-08-13 16:26:05,16.694318749999994,33.35550511494914,,,,
2025-08-13 16:26:05,,,16.66916865270079,32.85679507754702,,
2025-08-13 16:26:05,,,,,18.296205196081495,32.21906692329089
2025-08-13 16:26:05,16.694318749999994,33.35550511494914,,,,
2025-08-13 16:26:05,,,16.66916865270079,32.85679507754702,,
2025-08-13 16:26:05,,,,,18.296205196081495,32.21906692329089
2025-08-13 16:26:05,16.694318749999994,33.35550511494914,,,,
2025-08-13 16:26:05,,,16.669004244107384,32.8532798290181,,
2025-08-13 16:26:05,,,,,18.30899202572818,32.21011670106502
2025-08-13 16:26:05,16.694318749999994,33.35550511494914,,,,
2025-08-13 16:26:05,,,16.668840015962992,32.84976447694089,,
2025-08-13 16:26:05,,,,,18.321744382393245,32.20109504849291
2025-08-13 16:26:05,16.694318749999994,33.35550511494914,,,,
2025-08-13 16:26:05,,,16.66916865270079,32.85679507754702,,
2025-08-13 16:26:05,,,,,18.296205196081495,32.21906692329089
2025-08-13 16:26:05,16.694318749999994,33.35550511494914,,,,
2025-08-13 16:26:05,,,16.669333236987022,32.86031022359575,,
2025-08-13 16:26:05,,,,,18.283111004289438,32.22820585857971
2025-08-13 16:26:06,16.694318749999994,33.35550511494914,,,,
2025-08-13 16:26:06,,,16.66949799852807,32.86382526738169,,
2025-08-13 16:26:06,,,,,18.2698633950304,32.23736751123977
2025-08-13 16:26:06,16.694318749999994,33.35550511494914,,,,
2025-08-13 16:26:06,,,16.66949799852807,32.86382526738169,,
2025-08-13 16:26:06,,,,,18.2698633950304,32.23736751123977
2025-08-13 16:26:06,16.521868749999996,33.44125974014396,,,,
2025-08-13 16:26:06,,,16.49707974365573,32.94046321694214,,
2025-08-13 16:26:06,,,,,18.108681379444015,32.31888700233675
2025-08-13 16:26:06,16.521868749999996,33.44125974014396,,,,
2025-08-13 16:26:06,,,16.49707974365573,32.94046321694214,,
2025-08-13 16:26:06,,,,,18.108681379444015,32.31888700233675
2025-08-13 16:26:06,16.521868749999996,33.44125974014396,,,,
2025-08-13 16:26:06,,,16.49707974365573,32.94046321694214,,
2025-08-13 16:26:06,,,,,18.108681379444015,32.31888700233675
2025-08-13 16:26:06,16.521868749999996,33.44125974014396,,,,
2025-08-13 16:26:06,,,16.49707974365573,32.94046321694214,,
2025-08-13 16:26:06,,,,,18.108681379444015,32.31888700233675
2025-08-13 16:26:06,16.521868749999996,33.44125974014396,,,,
2025-08-13 16:26:06,,,16.497240937928076,32.94397396437938,,
2025-08-13 16:26:06,,,,,18.0962691363057,32.32760580889658
2025-08-13 16:26:07,16.521868749999996,33.44125974014396,,,,
2025-08-13 16:26:07,,,16.497240937928076,32.94397396437938,,
2025-08-13 16:26:07,,,,,18.0962691363057,32.32760580889658
2025-08-13 16:26:07,16.521868749999996,33.44125974014396,,,,
2025-08-13 16:26:07,,,16.497402307650084,32.9474846110483,,
2025-08-13 16:26:07,,,,,18.08346621364397,32.33657612024156
2025-08-13 16:26:07,16.521868749999996,33.44125974014396,,,,
2025-08-13 16:26:07,,,16.497240937928076,32.94397396437938,,
2025-08-13 16:26:07,,,,,18.0962691363057,32.32760580889658
2025-08-13 16:26:07,16.521868749999996,33.44125974014396,,,,
2025-08-13 16:26:07,,,16.497402307650084,32.9474846110483,,
2025-08-13 16:26:07,,,,,18.08346621364397,32.33657612024156
2025-08-13 16:26:07,16.521868749999996,33.44125974014396,,,,
2025-08-13 16:26:07,,,16.497402307650084,32.9474846110483,,
2025-08-13 16:26:07,,,,,18.08346621364397,32.33657612024156
2025-08-13 16:26:07,16.521868749999996,33.44125974014396,,,,
2025-08-13 16:26:07,,,16.497240937928076,32.94397396437938,,
2025-08-13 16:26:07,,,,,18.0962691363057,32.32760580889658
2025-08-13 16:26:08,16.521868749999996,33.44125974014396,,,,
2025-08-13 16:26:08,,,16.497402307650084,32.9474846110483,,
2025-08-13 16:26:08,,,,,18.08346621364397,32.33657612024156
2025-08-13 16:26:08,16.521868749999996,33.44125974014396,,,,
2025-08-13 16:26:08,,,16.497402307650084,32.9474846110483,,
2025-08-13 16:26:08,,,,,18.08346621364397,32.33657612024156
2025-08-13 16:26:08,16.521868749999996,33.44125974014396,,,,
2025-08-13 16:26:08,,,16.497402307650084,32.9474846110483,,
2025-08-13 16:26:08,,,,,18.08346621364397,32.33657612024156
2025-08-13 16:26:08,16.521868749999996,33.44125974014396,,,,
2025-08-13 16:26:08,,,16.497402307650084,32.9474846110483,,
2025-08-13 16:26:08,,,,,18.08346621364397,32.33657612024156
2025-08-13 16:26:09,16.521868749999996,33.44125974014396,,,,
2025-08-13 16:26:09,,,16.497240937928076,32.94397396437938,,
2025-08-13 16:26:09,,,,,18.0962691363057,32.32760580889658
2025-08-13 16:26:09,16.521868749999996,33.44125974014396,,,,
2025-08-13 16:26:09,,,16.49707974365573,32.94046321694214,,
2025-08-13 16:26:09,,,,,18.108681379444015,32.31888700233675
2025-08-13 16:26:09,16.47872499999997,33.4625405845757,,,,
2025-08-13 16:26:09,,,16.453946161395685,32.95947394287287,,
2025-08-13 16:26:09,,,,,18.069001872126798,32.3388018947427
2025-08-13 16:26:09,16.47872499999997,33.4625405845757,,,,
2025-08-13 16:26:09,,,16.453946161395685,32.95947394287287,,
2025-08-13 16:26:09,,,,,18.069001872126798,32.3388018947427
2025-08-13 16:26:09,16.47872499999997,33.4625405845757,,,,
2025-08-13 16:26:09,,,16.454106429000404,32.96298365012108,,
2025-08-13 16:26:09,,,,,18.05611212742285,32.347796896532
2025-08-13 16:26:09,16.47872499999997,33.4625405845757,,,,
2025-08-13 16:26:09,,,16.453946161395685,32.95947394287287,,
2025-08-13 16:26:09,,,,,18.069001872126798,32.3388018947427
2025-08-13 16:26:09,16.47872499999997,33.4625405845757,,,,
2025-08-13 16:26:09,,,16.453946161395685,32.95947394287287,,
2025-08-13 16:26:09,,,,,18.069001872126798,32.3388018947427
2025-08-13 16:26:09,16.47872499999997,33.4625405845757,,,,
2025-08-13 16:26:09,,,16.453946161395685,32.95947394287287,,
2025-08-13 16:26:09,,,,,18.069001872126798,32.3388018947427
2025-08-13 16:26:10,16.47872499999997,33.4625405845757,,,,
2025-08-13 16:26:10,,,16.453946161395685,32.95947394287287,,
2025-08-13 16:26:10,,,,,18.069001872126798,32.3388018947427
2025-08-13 16:26:10,16.47872499999997,33.4625405845757,,,,
2025-08-13 16:26:10,,,16.453946161395685,32.95947394287287,,
2025-08-13 16:26:10,,,,,18.069001872126798,32.3388018947427
2025-08-13 16:26:10,16.47872499999997,33.4625405845757,,,,
2025-08-13 16:26:10,,,16.453946161395685,32.95947394287287,,
2025-08-13 16:26:10,,,,,18.069001872126798,32.3388018947427
2025-08-13 16:26:10,16.47872499999997,33.4625405845757,,,,
2025-08-13 16:26:10,,,16.454106429000404,32.96298365012108,,
2025-08-13 16:26:10,,,,,18.05611212742285,32.347796896532
2025-08-13 16:26:10,16.47872499999997,33.4625405845757,,,,
2025-08-13 16:26:10,,,16.454106429000404,32.96298365012108,,
2025-08-13 16:26:10,,,,,18.05611212742285,32.347796896532
2025-08-13 16:26:10,16.47872499999997,33.4625405845757,,,,
2025-08-13 16:26:10,,,16.454266871896046,32.96649325771899,,
2025-08-13 16:26:10,,,,,18.04310880738751,32.35674296802926
2025-08-13 16:26:11,16.47872499999997,33.4625405845757,,,,
2025-08-13 16:26:11,,,16.454266871896046,32.96649325771899,,
2025-08-13 16:26:11,,,,,18.04310880738751,32.35674296802926
2025-08-13 16:26:11,16.176368749999966,33.60974700981881,,,,
2025-08-13 16:26:11,,,16.151993277680496,33.09789422028127,,
2025-08-13 16:26:11,,,,,17.758196204919173,32.497601678927694
2025-08-13 16:26:11,16.176368749999966,33.60974700981881,,,,
2025-08-13 16:26:11,,,16.151993277680496,33.09789422028127,,
2025-08-13 16:26:11,,,,,17.758196204919173,32.497601678927694
2025-08-13 16:26:11,16.176368749999966,33.60974700981881,,,,
2025-08-13 16:26:11,,,16.151993277680496,33.09789422028127,,
2025-08-13 16:26:11,,,,,17.758196204919173,32.497601678927694
2025-08-13 16:26:11,16.176368749999966,33.60974700981881,,,,
2025-08-13 16:26:11,,,16.151993277680496,33.09789422028127,,
2025-08-13 16:26:11,,,,,17.758196204919173,32.497601678927694
2025-08-13 16:26:11,16.306024999999977,33.54703487194323,,,,
2025-08-13 16:26:11,,,16.28160892983097,33.04193458464303,,
2025-08-13 16:26:11,,,,,17.8811049341408,32.43724510090823
2025-08-13 16:26:12,16.306024999999977,33.54703487194323,,,,
2025-08-13 16:26:12,,,16.28160892983097,33.04193458464303,,
2025-08-13 16:26:12,,,,,17.8811049341408,32.43724510090823
2025-08-13 16:26:12,16.306024999999977,33.54703487194323,,,,
2025-08-13 16:26:12,,,16.28160892983097,33.04193458464303,,
2025-08-13 16:26:12,,,,,17.8811049341408,32.43724510090823
2025-08-13 16:26:12,16.306024999999977,33.54703487194323,,,,
2025-08-13 16:26:12,,,16.281452155692833,33.03842909983501,,
2025-08-13 16:26:12,,,,,17.89385054417006,32.4284178195612
2025-08-13 16:26:12,16.306024999999977,33.54703487194323,,,,
2025-08-13 16:26:12,,,16.281452155692833,33.03842909983501,,
2025-08-13 16:26:12,,,,,17.89385054417006,32.4284178195612
2025-08-13 16:26:12,16.306024999999977,33.54703487194323,,,,
2025-08-13 16:26:12,,,16.28129555448308,33.0349235181734,,
2025-08-13 16:26:12,,,,,17.90663515209284,32.419647257887775
2025-08-13 16:26:12,16.39239999999998,33.504913404454584,,,,
2025-08-13 16:26:12,,,16.367644127084993,32.99731728317377,,
2025-08-13 16:26:12,,,,,17.987509639839594,32.379529190753814
2025-08-13 16:26:13,16.39239999999998,33.504913404454584,,,,
2025-08-13 16:26:13,,,16.36780255411766,33.000824920669814,,
2025-08-13 16:26:13,,,,,17.97495502214253,32.388313797515764
2025-08-13 16:26:13,16.39239999999998,33.504913404454584,,,,
2025-08-13 16:26:13,,,16.36780255411766,33.000824920669814,,
2025-08-13 16:26:13,,,,,17.97495502214253,32.388313797515764
2025-08-13 16:26:13,16.39239999999998,33.504913404454584,,,,
2025-08-13 16:26:13,,,16.367644127084993,32.99731728317377,,
2025-08-13 16:26:13,,,,,17.987509639839594,32.379529190753814
2025-08-13 16:26:13,16.39239999999998,33.504913404454584,,,,
2025-08-13 16:26:13,,,16.367644127084993,32.99731728317377,,
2025-08-13 16:26:13,,,,,17.987509639839594,32.379529190753814
2025-08-13 16:26:13,16.564999999999984,33.41991584370015,,,,
2025-08-13 16:26:13,,,16.540201711481778,32.92139304474171,,
2025-08-13 16:26:13,,,,,18.149612034399972,32.298324914934604
2025-08-13 16:26:13,16.564999999999984,33.41991584370015,,,,
2025-08-13 16:26:13,,,16.53939373147555,32.90383257979064,,
2025-08-13 16:26:13,,,,,18.214183914465977,32.25333828645353
2025-08-13 16:26:13,16.564999999999984,33.41991584370015,,,,
2025-08-13 16:26:13,,,16.538911058963613,32.89329508796936,,
2025-08-13 16:26:13,,,,,18.254035819355686,32.225808426689525
2025-08-13 16:26:14,16.564999999999984,33.41991584370015,,,,
2025-08-13 16:26:14,,,16.53875052029013,32.88978238879666,,
2025-08-13 16:26:14,,,,,18.266709879854474,32.21679098775882
2025-08-13 16:26:14,16.564999999999984,33.41991584370015,,,,
2025-08-13 16:26:14,,,16.53826996784784,32.87924368202378,,
2025-08-13 16:26:14,,,,,18.306344603134626,32.18929354883363
2025-08-13 16:26:14,16.564999999999984,33.41991584370015,,,,
2025-08-13 16:26:14,,,16.537791005456995,32.86870406276763,,
2025-08-13 16:26:14,,,,,18.3466009997534,32.16140300297507
2025-08-13 16:26:14,16.564999999999984,33.41991584370015,,,,
2025-08-13 16:26:14,,,16.53747258177843,32.86167714201679,,
2025-08-13 16:26:14,,,,,18.37375654110625,32.142695987887166
2025-08-13 16:26:14,16.564999999999984,33.41991584370015,,,,
2025-08-13 16:26:14,,,16.537313634981615,32.85816352961023,,
2025-08-13 16:26:14,,,,,18.38709393939711,32.13341589411783
2025-08-13 16:26:14,16.564999999999984,33.41991584370015,,,,
2025-08-13 16:26:14,,,16.536679623584906,32.84410805991652,,
2025-08-13 16:26:14,,,,,18.441571359577686,32.095671561096836
2025-08-13 16:26:15,16.564999999999984,33.41991584370015,,,,
2025-08-13 16:26:15,,,16.536205977953294,32.83356538768682,,
2025-08-13 16:26:15,,,,,18.482697914726224,32.0672101105786
2025-08-13 16:26:15,17.124568749999995,33.13667371850294,,,,
2025-08-13 16:26:15,,,17.095428278236625,32.57986692756068,,
2025-08-13 16:26:15,,,,,19.010114208090407,31.78956197513706
2025-08-13 16:26:15,17.210468749999976,33.09214053827999,,,,
2025-08-13 16:26:15,,,17.18128780054761,32.53993405788019,,
2025-08-13 16:26:15,,,,,19.090286708902283,31.746320518369537
2025-08-13 16:26:15,17.167524999999983,33.114439227841004,,,,
2025-08-13 16:26:15,,,17.138363844579565,32.55993071872131,,
2025-08-13 16:26:15,,,,,19.05023869926189,31.767912166895847
2025-08-13 16:26:15,17.210468749999976,33.09214053827999,,,,
2025-08-13 16:26:15,,,17.18128780054761,32.53993405788019,,
2025-08-13 16:26:15,,,,,19.090286708902283,31.746320518369537
2025-08-13 16:26:15,17.210468749999976,33.09214053827999,,,,
2025-08-13 16:26:15,,,17.180601788107428,32.525810392374204,,
2025-08-13 16:26:15,,,,,19.1475685228555,31.705799632040353
2025-08-13 16:26:15,17.167524999999983,33.114439227841004,,,,
2025-08-13 16:26:15,,,17.13768174995547,32.54581150451807,,
2025-08-13 16:26:15,,,,,19.107401624431223,31.727535359962854
2025-08-13 16:26:16,17.167524999999983,33.114439227841004,,,,
2025-08-13 16:26:16,,,17.13768174995547,32.54581150451807,,
2025-08-13 16:26:16,,,,,19.107401624431223,31.727535359962854
2025-08-13 16:26:16,17.210468749999976,33.09214053827999,,,,
2025-08-13 16:26:16,,,17.180601788107428,32.525810392374204,,
2025-08-13 16:26:16,,,,,19.1475685228555,31.705799632040353
2025-08-13 16:26:16,17.210468749999976,33.09214053827999,,,,
2025-08-13 16:26:16,,,17.18008922497104,32.51521646088878,,
2025-08-13 16:26:16,,,,,19.190708536454625,31.675242342358082
2025-08-13 16:26:16,17.210468749999976,33.09214053827999,,,,
2025-08-13 16:26:16,,,17.179918742477362,32.511684924086936,,
2025-08-13 16:26:16,,,,,19.204852805862373,31.665141705437073
2025-08-13 16:26:16,17.210468749999976,33.09214053827999,,,,
2025-08-13 16:26:16,,,17.18025989408546,32.518747884152596,,
2025-08-13 16:26:16,,,,,19.17573375247966,31.685728490377656
2025-08-13 16:26:16,17.25339999999997,33.06977756865021,,,,
2025-08-13 16:26:16,,,17.2231663446396,32.49868400489543,,
2025-08-13 16:26:16,,,,,19.216221765094577,31.663729833586324
2025-08-13 16:26:16,17.296318749999998,33.047350237173305,,,,
2025-08-13 16:26:16,,,17.266061173503424,32.47855952149626,,
2025-08-13 16:26:16,,,,,19.25594188744562,31.641996331384227
2025-08-13 16:26:17,17.382118749999975,33.002302158499475,,,,
2025-08-13 16:26:17,,,17.35181599052271,32.438128475705135,,
2025-08-13 16:26:17,,,,,19.336280899259503,31.597919608577005
2025-08-13 16:26:17,17.382118749999975,33.002302158499475,,,,
2025-08-13 16:26:17,,,17.35181599052271,32.438128475705135,,
2025-08-13 16:26:17,,,,,19.336280899259503,31.597919608577005
2025-08-13 16:26:17,17.424999999999997,32.979681244669415,,,,
2025-08-13 16:26:17,,,17.39467599399046,32.41782177791604,,
2025-08-13 16:26:17,,,,,19.375405458545764,31.576240374415793
2025-08-13 16:26:17,17.467868749999994,32.95699563571858,,,,
2025-08-13 16:26:17,,,17.437524404559195,32.39745420611296,,
2025-08-13 16:26:17,,,,,19.415376903317714,31.554154787653243
2025-08-13 16:26:17,17.51072499999998,32.93424524676974,,,,
2025-08-13 16:26:17,,,17.480361228941412,32.377025691529184,,
2025-08-13 16:26:17,,,,,19.454950677100438,31.532145165130984
2025-08-13 16:26:17,17.51072499999998,32.93424524676974,,,,
2025-08-13 16:26:17,,,17.480361228941412,32.377025691529184,,
2025-08-13 16:26:17,,,,,19.454950677100438,31.532145165130984
2025-08-13 16:26:18,17.424999999999997,32.979681244669415,,,,
2025-08-13 16:26:18,,,17.39467599399046,32.41782177791604,,
2025-08-13 16:26:18,,,,,19.375405458545764,31.576240374415793
2025-08-13 16:26:18,17.424999999999997,32.979681244669415,,,,
2025-08-13 16:26:18,,,17.395556913279066,32.43550530296807,,
2025-08-13 16:26:18,,,,,19.303041582222285,31.627891442352052
2025-08-13 16:26:18,17.424999999999997,32.979681244669415,,,,
2025-08-13 16:26:18,,,17.395733661589507,32.439041658624205,,
2025-08-13 16:26:18,,,,,19.288580603033218,31.638148599925884
2025-08-13 16:26:18,17.424999999999997,32.979681244669415,,,,
2025-08-13 16:26:18,,,17.395556913279066,32.43550530296807,,
2025-08-13 16:26:18,,,,,19.303041582222285,31.627891442352052
2025-08-13 16:26:18,17.296318749999998,33.047350237173305,,,,
2025-08-13 16:26:18,,,17.26692715140282,32.496226136508234,,
2025-08-13 16:26:18,,,,,19.18408141074849,31.69300927587844
2025-08-13 16:26:18,17.296318749999998,33.047350237173305,,,,
2025-08-13 16:26:18,,,17.26710090484446,32.49975911765587,,
2025-08-13 16:26:18,,,,,19.169722808994344,31.703242565381075
2025-08-13 16:26:18,17.167524999999983,33.114439227841004,,,,
2025-08-13 16:26:18,,,17.138363844579565,32.55993071872131,,
2025-08-13 16:26:18,,,,,19.05023869926189,31.767912166895847
2025-08-13 16:26:19,17.081599999999966,33.15884409083044,,,,
2025-08-13 16:26:19,,,17.05248109212614,32.59974274916314,,
2025-08-13 16:26:19,,,,,18.9696981129096,31.81118853186105
2025-08-13 16:26:19,17.081599999999966,33.15884409083044,,,,
2025-08-13 16:26:19,,,17.052143566951685,32.59268779410528,,
2025-08-13 16:26:19,,,,,18.99832928179539,31.791088070063367
2025-08-13 16:26:19,17.081599999999966,33.15884409083044,,,,
2025-08-13 16:26:19,,,17.052143566951685,32.59268779410528,,
2025-08-13 16:26:19,,,,,18.99832928179539,31.791088070063367
