Time,tri_X,tri_Y,slide_tri_X,slide_tri_Y,Gradient_X,Gradient_Y,slide_grad_X,slide_grad_Y,Nelder_X,Nelder_Y,slide_nelder_X,slide_nelder_Y
2025-08-13 16:23:00,-0.3196999999999992,0.8198731060353184,,,,,,,,,,
2025-08-13 16:23:00,,,-0.3196999999999992,0.8198731060353184,,,,,,,,
2025-08-13 16:23:00,,,,,-0.31458481722294385,0.8113454583383162,,,,,,
2025-08-13 16:23:00,,,,,,,-0.31458481722294385,0.8113454583383162,,,,
2025-08-13 16:23:00,,,,,,,,,-0.3161759631347647,0.8074328927686938,,
2025-08-13 16:23:00,,,,,,,,,,,-0.3161759631347647,0.8074328927686938
2025-08-13 16:23:00,-0.33015624999999904,0.8157186099298814,,,,,,,,,,
2025-08-13 16:23:00,,,-0.3249281249999991,0.8177958579825999,,,,,,,,
2025-08-13 16:23:00,,,,,-0.32448789339480244,0.8060903713535769,,,,,,
2025-08-13 16:23:00,,,,,,,-0.31953635530887314,0.8087179148459465,,,,
2025-08-13 16:23:00,,,,,,,,,-0.3265974566452195,0.8017598833345928,,
2025-08-13 16:23:00,,,,,,,,,,,-0.3213867098899921,0.8045963880516434
2025-08-13 16:23:00,-0.33015624999999904,0.8157186099298814,,,,,,,,,,
2025-08-13 16:23:00,,,-0.3266708333333324,0.817103441965027,,,,,,,,
2025-08-13 16:23:00,,,,,-0.32448789339480244,0.8060903713535769,,,,,,
2025-08-13 16:23:00,,,,,,,-0.3211868680041829,0.8078420670151566,,,,
2025-08-13 16:23:00,,,,,,,,,-0.3265974566452195,0.8017598833345928,,
2025-08-13 16:23:00,,,,,,,,,,,-0.32312362547506784,0.8036508864792932
2025-08-13 16:23:00,-0.33015624999999904,0.8157186099298814,,,,,,,,,,
2025-08-13 16:23:00,,,-0.3275421874999991,0.8167572339562406,,,,,,,,
2025-08-13 16:23:00,,,,,-0.32448789339480244,0.8060903713535769,,,,,,
2025-08-13 16:23:00,,,,,,,-0.3220121243518378,0.8074041430997617,,,,
2025-08-13 16:23:00,,,,,,,,,-0.3265974566452195,0.8017598833345928,,
2025-08-13 16:23:00,,,,,,,,,,,-0.32399208326760576,0.803178135693118
2025-08-13 16:23:00,-0.33015624999999904,0.8157186099298814,,,,,,,,,,
2025-08-13 16:23:00,,,-0.32806499999999905,0.8165495091509687,,,,,,,,
2025-08-13 16:23:00,,,,,-0.32448789339480244,0.8060903713535769,,,,,,
2025-08-13 16:23:00,,,,,,,-0.32250727816043073,0.8071413887505248,,,,
2025-08-13 16:23:00,,,,,,,,,-0.3265974566452195,0.8017598833345928,,
2025-08-13 16:23:00,,,,,,,,,,,-0.3245131579431285,0.8028944852214129
2025-08-13 16:23:00,-0.34062500000000107,0.811402865027601,,,,,,,,,,
2025-08-13 16:23:00,,,-0.33224999999999943,0.8148554609494253,,,,,,,,
2025-08-13 16:23:00,,,,,-0.33442042916418574,0.8005786996056894,,,,,,
2025-08-13 16:23:00,,,,,,,-0.3264744005486791,0.8049880370039993,,,,
2025-08-13 16:23:00,,,,,,,,,-0.3373666309565317,0.7956801818288168,,
2025-08-13 16:23:00,,,,,,,,,,,-0.32875129150748195,0.8005439430334377
2025-08-13 16:23:00,-0.3395187500000011,0.8226949728778199,,,,,,,,,,
2025-08-13 16:23:00,,,-0.3341224999999999,0.8162507335390131,,,,,,,,
2025-08-13 16:23:00,,,,,-0.33167218032323037,0.8085061985941779,,,,,,
2025-08-13 16:23:00,,,,,,,-0.3279112579343647,0.8054712024521196,,,,
2025-08-13 16:23:00,,,,,,,,,-0.3350131551951924,0.8033319139474084,,
2025-08-13 16:23:00,,,,,,,,,,,-0.33043443121747657,0.8008583491560006
2025-08-13 16:23:00,-0.35000000000000087,0.818290901819151,,,,,,,,,,
2025-08-13 16:23:00,,,-0.3380912500000003,0.8167651919168669,,,,,,,,
2025-08-13 16:23:00,,,,,-0.34170559571816433,0.8028389976624785,,,,,,
2025-08-13 16:23:00,,,,,,,-0.33135479839903703,0.8048209277139,,,,
2025-08-13 16:23:00,,,,,,,,,-0.34565050125122154,0.7970126663404049,,
2025-08-13 16:23:00,,,,,,,,,,,-0.33424504013867695,0.7999089057571631
2025-08-13 16:23:00,-0.35000000000000087,0.818290901819151,,,,,,,,,,
2025-08-13 16:23:00,,,-0.34206000000000064,0.8172796502947209,,,,,,,,
2025-08-13 16:23:00,,,,,-0.34170559571816433,0.8028389976624785,,,,,,
2025-08-13 16:23:00,,,,,,,-0.3347983388637094,0.8041706529756801,,,,
2025-08-13 16:23:00,,,,,,,,,-0.34565050125122154,0.7970126663404049,,
2025-08-13 16:23:00,,,,,,,,,,,-0.33805564905987734,0.7989594623583255
2025-08-13 16:23:00,-0.35000000000000087,0.818290901819151,,,,,,,,,,
2025-08-13 16:23:00,,,-0.34602875000000094,0.8177941086725747,,,,,,,,
2025-08-13 16:23:00,,,,,-0.34170559571816433,0.8028389976624785,,,,,,
2025-08-13 16:23:00,,,,,,,-0.3382418793283818,0.8035203782374605,,,,
2025-08-13 16:23:00,,,,,,,,,-0.34565050125122154,0.7970126663404049,,
2025-08-13 16:23:00,,,,,,,,,,,-0.3418662579810777,0.7980100189594879
2025-08-13 16:23:00,-0.3709999999999999,0.8089864028523596,,,,,,,,,,
2025-08-13 16:23:00,,,-0.3521037500000007,0.8173108162375267,,,,,,,,
2025-08-13 16:23:00,,,,,-0.361967381474638,0.7911428618215419,,,,,,
2025-08-13 16:23:00,,,,,,,-0.34375126979047227,0.801633210680631,,,,
2025-08-13 16:23:00,,,,,,,,,-0.3663580552220344,0.7849089976544179,,
2025-08-13 16:23:00,,,,,,,,,,,-0.3476645428341783,0.7958557821246083
2025-08-13 16:23:00,-0.37210624999999986,0.7974565434623617,,,,,,,,,,
2025-08-13 16:23:00,,,-0.35862125000000045,0.8122631303544349,,,,,,,,
2025-08-13 16:23:00,,,,,-0.36459087907938276,0.7832898070045686,,,,,,
2025-08-13 16:23:00,,,,,,,-0.35033500954170277,0.7965899323627091,,,,
2025-08-13 16:23:00,,,,,,,,,-0.3685666684147341,0.7774168996306242,,
2025-08-13 16:23:00,,,,,,,,,,,-0.3543752454780867,0.7906727792612515
2025-08-13 16:23:00,-0.37210624999999986,0.7974565434623617,,,,,,,,,,
2025-08-13 16:23:00,,,-0.36304250000000027,0.808096258683077,,,,,,,,
2025-08-13 16:23:00,,,,,-0.36459087907938276,0.7832898070045686,,,,,,
2025-08-13 16:23:00,,,,,,,-0.35491206621394644,0.7926800942311273,,,,
2025-08-13 16:23:00,,,,,,,,,-0.3685666684147341,0.7774168996306242,,
2025-08-13 16:23:00,,,,,,,,,,,-0.3589584789107892,0.7867536259192953
2025-08-13 16:23:00,-0.37210624999999986,0.7974565434623617,,,,,,,,,,
2025-08-13 16:23:00,,,-0.3674637500000001,0.8039293870117191,,,,,,,,
2025-08-13 16:23:00,,,,,-0.36459087907938276,0.7832898070045686,,,,,,
2025-08-13 16:23:00,,,,,,,-0.35948912288619017,0.7887702560995453,,,,
2025-08-13 16:23:00,,,,,,,,,-0.3685666684147341,0.7774168996306242,,
2025-08-13 16:23:00,,,,,,,,,,,-0.3635417123434917,0.7828344725773391
2025-08-13 16:23:00,-0.37210624999999986,0.7974565434623617,,,,,,,,,,
2025-08-13 16:23:00,,,-0.3718849999999999,0.7997625153403612,,,,,,,,
2025-08-13 16:23:00,,,,,-0.36459087907938276,0.7832898070045686,,,,,,
2025-08-13 16:23:00,,,,,,,-0.3640661795584338,0.7848604179679632,,,,
2025-08-13 16:23:00,,,,,,,,,-0.3685666684147341,0.7774168996306242,,
2025-08-13 16:23:00,,,,,,,,,,,-0.3681249457761942,0.778915319235383
2025-08-13 16:23:00,-0.37210624999999986,0.7974565434623617,,,,,,,,,,
2025-08-13 16:23:00,,,-0.37210624999999986,0.7974565434623617,,,,,,,,
2025-08-13 16:23:00,,,,,-0.36646070611921083,0.7875108431238432,,,,,,
2025-08-13 16:23:00,,,,,,,-0.3649648444873484,0.7841340142284235,,,,
2025-08-13 16:23:00,,,,,,,,,-0.36956859656229607,0.7823087241811508,,
2025-08-13 16:23:00,,,,,,,,,,,-0.36876705404424653,0.7783952645407295
2025-08-13 16:23:00,-0.37210624999999986,0.7974565434623617,,,,,,,,,,
2025-08-13 16:23:00,,,-0.37210624999999986,0.7974565434623617,,,,,,,,
2025-08-13 16:23:00,,,,,-0.36646070611921083,0.7875108431238432,,,,,,
2025-08-13 16:23:00,,,,,,,-0.365338809895314,0.7849782214522785,,,,
2025-08-13 16:23:00,,,,,,,,,-0.36956859656229607,0.7823087241811508,,
2025-08-13 16:23:00,,,,,,,,,,,-0.3689674396737589,0.7793736294508349
2025-08-13 16:23:00,-0.36160000000000014,0.8022751647658052,,,,,,,,,,
2025-08-13 16:23:00,,,-0.3700049999999999,0.7984202677230504,,,,,,,,
2025-08-13 16:23:00,,,,,-0.3564015890911253,0.7933183816522414,,,,,,
2025-08-13 16:23:00,,,,,,,-0.3637009518976625,0.7869839363818131,,,,
2025-08-13 16:23:00,,,,,,,,,-0.35908816566467294,0.7882198214907967,,
2025-08-13 16:23:00,,,,,,,,,,,-0.3670717391237467,0.7815342138228694
2025-08-13 16:23:00,-0.36160000000000014,0.8022751647658052,,,,,,,,,,
2025-08-13 16:23:00,,,-0.36790375,0.7993839919837391,,,,,,,,
2025-08-13 16:23:00,,,,,-0.3544753538559485,0.7891785114894652,,,,,,
2025-08-13 16:23:00,,,,,,,-0.36167784685297566,0.7881616772787924,,,,
2025-08-13 16:23:00,,,,,,,,,-0.3580973314857484,0.783345071557829,,
2025-08-13 16:23:00,,,,,,,,,,,-0.3649778717379495,0.7827198482083103
2025-08-13 16:23:00,-0.36160000000000014,0.8022751647658052,,,,,,,,,,
2025-08-13 16:23:00,,,-0.36580250000000003,0.8003477162444279,,,,,,,,
2025-08-13 16:23:00,,,,,-0.3544753538559485,0.7891785114894652,,,,,,
2025-08-13 16:23:00,,,,,,,-0.35965474180828877,0.7893394181757716,,,,
2025-08-13 16:23:00,,,,,,,,,-0.3580973314857484,0.783345071557829,,
2025-08-13 16:23:00,,,,,,,,,,,-0.36288400435215246,0.7839054825937511
2025-08-13 16:23:00,-0.36160000000000014,0.8022751647658052,,,,,,,,,,
2025-08-13 16:23:00,,,-0.3637012500000001,0.8013114405051166,,,,,,,,
2025-08-13 16:23:00,,,,,-0.3544753538559485,0.7891785114894652,,,,,,
2025-08-13 16:23:00,,,,,,,-0.3572576713556363,0.7896729518488961,,,,
2025-08-13 16:23:00,,,,,,,,,-0.3580973314857484,0.783345071557829,,
2025-08-13 16:23:00,,,,,,,,,,,-0.3605897513368429,0.7841127520690868
2025-08-13 16:23:00,-0.36049375000000017,0.8137224687883071,,,,,,,,,,
2025-08-13 16:23:00,,,-0.3613787500000002,0.8045646255703055,,,,,,,,
2025-08-13 16:23:00,,,,,-0.351799606373589,0.797118130548469,,,,,,
2025-08-13 16:23:00,,,,,,,-0.35432545140651195,0.7915944093338212,,,,
2025-08-13 16:23:00,,,,,,,,,-0.3560412529055776,0.7907340500913949,,
2025-08-13 16:23:00,,,,,,,,,,,-0.35788428260549915,0.7857978172511355
2025-08-13 16:23:00,-0.36049375000000017,0.8137224687883071,,,,,,,,,,
2025-08-13 16:23:00,,,-0.3611575000000002,0.8068540863748058,,,,,,,,
2025-08-13 16:23:00,,,,,-0.351799606373589,0.797118130548469,,,,,,
2025-08-13 16:23:00,,,,,,,-0.35340505486300466,0.7923543591130667,,,,
2025-08-13 16:23:00,,,,,,,,,-0.3560412529055776,0.7907340500913949,,
2025-08-13 16:23:00,,,,,,,,,,,-0.35727490005368007,0.7863006629712552
2025-08-13 16:23:00,-0.36160000000000014,0.8022751647658052,,,,,,,,,,
2025-08-13 16:23:00,,,-0.3611575000000002,0.806854086374806,,,,,,,,
2025-08-13 16:23:00,,,,,-0.3544753538559485,0.7891785114894652,,,,,,
2025-08-13 16:23:00,,,,,,,-0.35340505486300466,0.7923543591130667,,,,
2025-08-13 16:23:00,,,,,,,,,-0.3580973314857484,0.783345071557829,,
2025-08-13 16:23:00,,,,,,,,,,,-0.35727490005368007,0.7863006629712552
2025-08-13 16:23:00,-0.36160000000000014,0.8022751647658052,,,,,,,,,,
2025-08-13 16:23:00,,,-0.36115750000000013,0.806854086374806,,,,,,,,
2025-08-13 16:23:00,,,,,-0.3526802898650835,0.784918539942676,,,,,,
2025-08-13 16:23:00,,,,,,,-0.3530460420648317,0.791502364803709,,,,
2025-08-13 16:23:00,,,,,,,,,-0.3571875582885744,0.7788513460160863,,
2025-08-13 16:23:00,,,,,,,,,,,-0.35709294541424524,0.7854019178629068
2025-08-13 16:24:00,-0.36160000000000014,0.8022751647658052,,,,,,,,,,
2025-08-13 16:24:00,,,-0.36115750000000013,0.806854086374806,,,,,,,,
2025-08-13 16:24:00,,,,,-0.3526802898650835,0.784918539942676,,,,,,
2025-08-13 16:24:00,,,,,,,-0.3526870292666587,0.790650370494351,,,,
2025-08-13 16:24:00,,,,,,,,,-0.3571875582885744,0.7788513460160863,,
2025-08-13 16:24:00,,,,,,,,,,,-0.3569109907748105,0.7845031727545584
2025-08-13 16:24:00,-0.382625,0.7924633173686969,,,,,,,,,,
2025-08-13 16:24:00,,,-0.36558375000000015,0.8026022560908841,,,,,,,,
2025-08-13 16:24:00,,,,,-0.3731579454177156,0.7726510182027854,,,,,,
2025-08-13 16:24:00,,,,,,,-0.356958697075484,0.7857569480252143,,,,
2025-08-13 16:24:00,,,,,,,,,-0.3784896426066756,0.7655267888106925,,
2025-08-13 16:24:00,,,,,,,,,,,-0.36140066871503007,0.7794617204984178
2025-08-13 16:24:00,-0.382625,0.7924633173686969,,,,,,,,,,
2025-08-13 16:24:00,,,-0.37001000000000006,0.7983504258069618,,,,,,,,
2025-08-13 16:24:00,,,,,-0.3731579454177156,0.7726510182027854,,,,,,
2025-08-13 16:24:00,,,,,,,-0.3612303648843094,0.7808635255560776,,,,
2025-08-13 16:24:00,,,,,,,,,-0.3784896426066756,0.7655267888106925,,
2025-08-13 16:24:00,,,,,,,,,,,-0.36589034665524967,0.7744202682422774
2025-08-13 16:24:00,-0.382625,0.7924633173686969,,,,,,,,,,
2025-08-13 16:24:00,,,-0.3742150000000001,0.7963880563275402,,,,,,,,
2025-08-13 16:24:00,,,,,-0.3731579454177156,0.7726510182027854,,,,,,
2025-08-13 16:24:00,,,,,,,-0.36496688319666276,0.7775580268987416,,,,
2025-08-13 16:24:00,,,,,,,,,-0.3784896426066756,0.7655267888106925,,
2025-08-13 16:24:00,,,,,,,,,,,-0.36996880887943506,0.77085661169285
2025-08-13 16:24:00,-0.382625,0.7924633173686969,,,,,,,,,,
2025-08-13 16:24:00,,,-0.37842000000000003,0.7944256868481185,,,,,,,,
2025-08-13 16:24:00,,,,,-0.3731579454177156,0.7726510182027854,,,,,,
2025-08-13 16:24:00,,,,,,,-0.36906241430718917,0.7751045225507635,,,,
2025-08-13 16:24:00,,,,,,,,,-0.3784896426066756,0.7655267888106925,,
2025-08-13 16:24:00,,,,,,,,,,,-0.37422922574305534,0.7681917002517713
2025-08-13 16:24:00,-0.36160000000000014,0.8022751647658052,,,,,,,,,,
2025-08-13 16:24:00,,,-0.37842000000000003,0.7944256868481185,,,,,,,,
2025-08-13 16:24:00,,,,,-0.3526802898650835,0.784918539942676,,,,,,
2025-08-13 16:24:00,,,,,,,-0.36906241430718917,0.7751045225507636,,,,
2025-08-13 16:24:00,,,,,,,,,-0.3571875582885744,0.7788513460160863,,
2025-08-13 16:24:00,,,,,,,,,,,-0.3742292257430554,0.7681917002517713
2025-08-13 16:24:00,-0.36049375000000017,0.8137224687883071,,,,,,,,,,
2025-08-13 16:24:00,,,-0.37399375000000007,0.7986775171320406,,,,,,,,
2025-08-13 16:24:00,,,,,-0.3500935996351666,0.7927383083049576,,,,,,
2025-08-13 16:24:00,,,,,,,-0.3644495451506794,0.779121980571198,,,,
2025-08-13 16:24:00,,,,,,,,,-0.35483234557777665,0.7867427532396689,,
2025-08-13 16:24:00,,,,,,,,,,,-0.3694977663372756,0.7724348931375665
2025-08-13 16:24:00,-0.35000000000000087,0.818290901819151,,,,,,,,,,
2025-08-13 16:24:00,,,-0.3674687500000003,0.8038430340221314,,,,,,,,
2025-08-13 16:24:00,,,,,-0.3399129650330589,0.798616282935729,,,,,,
2025-08-13 16:24:00,,,,,,,-0.35780054907374803,0.7843150335177866,,,,
2025-08-13 16:24:00,,,,,,,,,-0.3442424114048489,0.7924675937179644,,
2025-08-13 16:24:00,,,,,,,,,,,-0.3626483200969102,0.7778230541190209
2025-08-13 16:24:00,-0.3395187500000011,0.8226949728778199,,,,,,,,,,
2025-08-13 16:24:00,,,-0.35884750000000054,0.809889365123956,,,,,,,,
2025-08-13 16:24:00,,,,,-0.32980650503142367,0.8043423033520123,,,,,,
2025-08-13 16:24:00,,,,,,,-0.3491302609964896,0.790653290547632,,,,
2025-08-13 16:24:00,,,,,,,,,-0.3341890967094908,0.7985150642873821,,
2025-08-13 16:24:00,,,,,,,,,,,-0.3537882109174733,0.7844207092143588
2025-08-13 16:24:00,-0.3395187500000011,0.8226949728778199,,,,,,,,,,
2025-08-13 16:24:00,,,-0.3502262500000007,0.8159356962257807,,,,,,,,
2025-08-13 16:24:00,,,,,-0.33167218032323037,0.8085061985941779,,,,,,
2025-08-13 16:24:00,,,,,,,-0.3408331079775926,0.7978243266259106,,,,
2025-08-13 16:24:00,,,,,,,,,-0.3350131551951924,0.8033319139474084,,
2025-08-13 16:24:00,,,,,,,,,,,-0.3450929134351767,0.791981734241702
2025-08-13 16:24:00,-0.33726875000000106,0.845192161743965,,,,,,,,,,
2025-08-13 16:24:00,,,-0.3453600000000009,0.8245190956214126,,,,,,,,
2025-08-13 16:24:00,,,,,-0.32627524752252796,0.8240840487860632,,,,,,
2025-08-13 16:24:00,,,,,,,-0.3355520995090815,0.805657428394588,,,,
2025-08-13 16:24:00,,,,,,,,,-0.33061185278030214,0.8183724091119696,,
2025-08-13 16:24:00,,,,,,,,,,,-0.3397777723335222,0.7998859468608787
2025-08-13 16:24:00,-0.33612500000000106,0.8563994303915664,,,,,,,,,,
2025-08-13 16:24:00,,,-0.34048625000000105,0.8330544879420645,,,,,,,,
2025-08-13 16:24:00,,,,,-0.32361843477598395,0.8317948798979828,,,,,,
2025-08-13 16:24:00,,,,,,,-0.33025706653724496,0.8134687427131929,,,,
2025-08-13 16:24:00,,,,,,,,,-0.3281056580126295,0.8259745031561768,,
2025-08-13 16:24:00,,,,,,,,,,,-0.33443243482049273,0.8077322968441804
2025-08-13 16:24:00,-0.33496875000000104,0.8675805072288317,,,,,,,,,,
2025-08-13 16:24:00,,,-0.3374800000000011,0.8429124090240006,,,,,,,,
2025-08-13 16:24:00,,,,,-0.32098803593675335,0.8394458901582865,,,,,,
2025-08-13 16:24:00,,,,,,,-0.3264720807179839,0.8216346641577046,,,,
2025-08-13 16:24:00,,,,,,,,,-0.3262082989051948,0.8331241302476757,,
2025-08-13 16:24:00,,,,,,,,,,,-0.33082561232056196,0.8158636041501225
2025-08-13 16:24:00,-0.33496875000000104,0.8675805072288317,,,,,,,,,,
2025-08-13 16:24:00,,,-0.3365700000000011,0.851889515894203,,,,,,,,
2025-08-13 16:24:00,,,,,-0.3227195645580826,0.8437191743782977,,,,,,
2025-08-13 16:24:00,,,,,,,-0.32505469262331566,0.8295100383629617,,,,
2025-08-13 16:24:00,,,,,,,,,-0.3270247440241287,0.8379464443663539,,
2025-08-13 16:24:00,,,,,,,,,,,-0.32939274178348954,0.823749880165917
2025-08-13 16:24:00,-0.3326187500000011,0.8898678368996358,,,,,,,,,,
2025-08-13 16:24:00,,,-0.3351900000000011,0.865324088698566,,,,,,,,
2025-08-13 16:24:00,,,,,-0.31739721430843887,0.8590601032118252,,,,,,
2025-08-13 16:24:00,,,,,,,-0.3221996994203574,0.8396208192864911,,,,
2025-08-13 16:24:00,,,,,,,,,-0.3222048025567839,0.8533532695960845,,
2025-08-13 16:24:00,,,,,,,,,,,-0.3268310712558078,0.8337541512956521
2025-08-13 16:24:00,-0.33021875000000106,0.9120611696308734,,,,,,,,,,
2025-08-13 16:24:00,,,-0.3337800000000011,0.8786978902759477,,,,,,,,
2025-08-13 16:24:00,,,,,-0.31208968946133275,0.874330796379327,,,,,,
2025-08-13 16:24:00,,,,,,,-0.31936258780811827,0.8496701688051438,,,,
2025-08-13 16:24:00,,,,,,,,,-0.3174400098588328,0.8682882551784616,,
2025-08-13 16:24:00,,,,,,,,,,,-0.3241967026715139,0.8437373205089506
2025-08-13 16:24:00,-0.32776875000000105,0.9341668194297188,,,,,,,,,,
2025-08-13 16:24:00,,,-0.33210875000000106,0.8942513680835782,,,,,,,,
2025-08-13 16:24:00,,,,,-0.3067980763916751,0.8894898989314756,,,,,,
2025-08-13 16:24:00,,,,,,,-0.3159985161312565,0.8612091726118424,,,,
2025-08-13 16:24:00,,,,,,,,,-0.31256310346763694,0.8832173644744987,,
2025-08-13 16:24:00,,,,,,,,,,,-0.3210881917625154,0.8551858927726148
2025-08-13 16:24:00,-0.32400000000000106,0.9671732006212741,,,,,,,,,,
2025-08-13 16:24:00,,,-0.32991500000000107,0.9141699067620668,,,,,,,,
2025-08-13 16:24:00,,,,,-0.2987288304924593,0.9122591629129487,,,,,,
2025-08-13 16:24:00,,,,,,,-0.31154667504239775,0.8757718271627748,,,,
2025-08-13 16:24:00,,,,,,,,,-0.3044807687580593,0.9061054966614449,,
2025-08-13 16:24:00,,,,,,,,,,,-0.31674268573308834,0.8697821660553687
2025-08-13 16:24:00,-0.32400000000000106,0.9671732006212741,,,,,,,,,,
2025-08-13 16:24:00,,,-0.3277212500000011,0.9340884454405552,,,,,,,,
2025-08-13 16:24:00,,,,,-0.30526950692179766,0.929562535647112,,,,,,
2025-08-13 16:24:00,,,,,,,-0.30805666351514077,0.8929404994165377,,,,
2025-08-13 16:24:00,,,,,,,,,-0.3107134287357339,0.9237381653196021,,
2025-08-13 16:24:00,,,,,,,,,,,-0.3134804226754094,0.8869405102460183
2025-08-13 16:24:00,-0.32142500000000107,0.9890833985943751,,,,,,,,,,
2025-08-13 16:24:00,,,-0.3254825000000011,0.9539315577795031,,,,,,,,
2025-08-13 16:24:00,,,,,-0.29974542590394987,0.9447011502588358,,,,,,
2025-08-13 16:24:00,,,,,,,-0.30452630583424295,0.9100687088259398,,,,
2025-08-13 16:24:00,,,,,,,,,-0.3052172692266117,0.9389521305901285,,
2025-08-13 16:24:00,,,,,,,,,,,-0.31008291600937493,0.9040602824448272
2025-08-13 16:24:00,-0.32142500000000107,0.9890833985943751,,,,,,,,,,
2025-08-13 16:24:00,,,-0.3237237500000011,0.9693360035722035,,,,,,,,
2025-08-13 16:24:00,,,,,-0.30501714645512706,0.9574333118987216,,,,,,
2025-08-13 16:24:00,,,,,,,-0.3031117972330018,0.9266892119298188,,,,
2025-08-13 16:24:00,,,,,,,,,-0.30915127512127266,0.9522072456703972,,
2025-08-13 16:24:00,,,,,,,,,,,-0.3084251690618629,0.9208440805432143
2025-08-13 16:24:00,-0.3188000000000011,1.010923617292622,,,,,,,,,,
2025-08-13 16:24:00,,,-0.32193000000000105,0.9846873631447842,,,,,,,,
2025-08-13 16:24:00,,,,,-0.29935995844496666,0.9725860342019653,,,,,,
2025-08-13 16:24:00,,,,,,,-0.3016241736436601,0.9433084389839166,,,,
2025-08-13 16:24:00,,,,,,,,,-0.3045568142890941,0.9666601340453411,,
2025-08-13 16:24:00,,,,,,,,,,,-0.3068239112261543,0.9375326344573829
2025-08-13 16:24:00,-0.2561750000000005,1.028578810483183,,,,,,,,,,
2025-08-13 16:24:00,,,-0.308365000000001,0.9969684851171658,,,,,,,,
2025-08-13 16:24:00,,,,,-0.23995059768380908,0.9997906732876083,,,,,,
2025-08-13 16:24:00,,,,,,,-0.28986852708193,0.9608147410588487,,,,
2025-08-13 16:24:00,,,,,,,,,-0.24228670393943838,0.9959954816333354,,
2025-08-13 16:24:00,,,,,,,,,,,-0.29438509826243014,0.9555106314517609
2025-08-13 16:24:00,-0.25214375000000044,1.0604355375674361,,,,,,,,,,
2025-08-13 16:24:00,,,-0.29399375000000083,1.0156209525063982,,,,,,,,
2025-08-13 16:24:00,,,,,-0.23097206763589298,1.0222704901236037,,,,,,
2025-08-13 16:24:00,,,,,,,-0.2750090392247492,0.979356331954147,,,,
2025-08-13 16:24:00,,,,,,,,,-0.23407458931446107,1.017874752739804,,
2025-08-13 16:24:00,,,,,,,,,,,-0.2790573303781756,0.9743379489358013
2025-08-13 16:24:00,-0.27296874999999987,1.0552668200618447,,,,,,,,,,
2025-08-13 16:24:00,,,-0.2843025000000006,1.028857636799892,,,,,,,,
2025-08-13 16:24:00,,,,,-0.2506310367406594,1.0137862309228478,,,,,,
2025-08-13 16:24:00,,,,,,,-0.26518616139209106,0.9931733480869493,,,,
2025-08-13 16:24:00,,,,,,,,,-0.254784478612244,1.0087487767818155,,
2025-08-13 16:24:00,,,,,,,,,,,-0.268970772255302,0.9882972781741387
2025-08-13 16:24:00,-0.2674187499999999,1.097901276139361,,,,,,,,,,
2025-08-13 16:24:00,,,-0.27350125000000036,1.0506212123088894,,,,,,,,
2025-08-13 16:24:00,,,,,-0.2386246012397678,1.0437491001499553,,,,,,
2025-08-13 16:24:00,,,,,,,-0.2519076523490192,1.010436505737196,,,,
2025-08-13 16:24:00,,,,,,,,,-0.24257541620146317,1.0388730660928371,,
2025-08-13 16:24:00,,,,,,,,,,,-0.25565560047134017,1.0056304422586266
2025-08-13 16:24:00,-0.2778499999999998,1.0953078916450842,,,,,,,,,,
2025-08-13 16:24:00,,,-0.26531125000000017,1.0674980671793817,,,,,,,,
2025-08-13 16:24:00,,,,,-0.2486477575826368,1.0393529346763102,,,,,,
2025-08-13 16:24:00,,,,,,,-0.24176521217655322,1.023789885832065,,,,
2025-08-13 16:24:00,,,,,,,,,-0.2529865409758685,1.0342315300612712,,
2025-08-13 16:24:00,,,,,,,,,,,-0.24534154580869502,1.0191447214618126
2025-08-13 16:24:00,-0.2720999999999998,1.1379198521864358,,,,,,,,,,
2025-08-13 16:24:00,,,-0.26849625,1.0893662755200324,,,,,,,,
2025-08-13 16:24:00,,,,,-0.2364833008277671,1.0692735545439538,,,,,,
2025-08-13 16:24:00,,,,,,,-0.24107175280534482,1.037686462083334,,,,
2025-08-13 16:24:00,,,,,,,,,-0.2411271351018546,1.0640098334440022,,
2025-08-13 16:24:00,,,,,,,,,,,-0.24510963204117825,1.032747591823946
2025-08-13 16:24:00,-0.2720999999999998,1.1379198521864358,,,,,,,,,,
2025-08-13 16:24:00,,,-0.2724874999999999,1.1048631384438323,,,,,,,,
2025-08-13 16:24:00,,,,,-0.2720999999999998,1.1379198521864358,,,,,,
2025-08-13 16:24:00,,,,,,,-0.2492973392781662,1.0608163344959007,,,,
2025-08-13 16:24:00,,,,,,,,,-0.27242528968334173,1.139035551382329,,
2025-08-13 16:24:00,,,,,,,,,,,-0.2527797721149544,1.056979751552451
2025-08-13 16:24:00,-0.2825437499999992,1.1353717582078293,,,,,,,,,,
2025-08-13 16:24:00,,,-0.2744024999999997,1.1208841260730291,,,,,,,,
2025-08-13 16:24:00,,,,,-0.2825437499999992,1.1353717582078293,,,,,,
2025-08-13 16:24:00,,,,,,,-0.25567988193003416,1.0851334399528967,,,,
2025-08-13 16:24:00,,,,,,,,,-0.2817958043311528,1.1346941035458173,,
2025-08-13 16:24:00,,,,,,,,,,,-0.2581820372587361,1.0821688169052515
2025-08-13 16:24:00,-0.2765937499999992,1.1779626044407938,,,,,,,,,,
2025-08-13 16:24:00,,,-0.2762374999999995,1.1368963917333157,,,,,,,,
2025-08-13 16:24:00,,,,,-0.270148180218093,1.1671249730080504,,,,,,
2025-08-13 16:24:00,,,,,,,-0.2619845977256992,1.1098086145245158,,,,
2025-08-13 16:24:00,,,,,,,,,-0.27069211297333157,1.1642089078406728,,
2025-08-13 16:24:00,,,,,,,,,,,-0.2638053766131098,1.1072359852548186
2025-08-13 16:24:00,-0.2765937499999992,1.1779626044407938,,,,,,,,,,
2025-08-13 16:24:00,,,-0.27598624999999943,1.1534273342924575,,,,,,,,
2025-08-13 16:24:00,,,,,-0.27919849952198067,1.1820753599388325,,,,,,
2025-08-13 16:24:00,,,,,,,-0.268094746113568,1.1383530995770204,,,,
2025-08-13 16:24:00,,,,,,,,,-0.2795620835289351,1.184759017824856,,
2025-08-13 16:24:00,,,,,,,,,,,-0.26912048512372316,1.1373414828075354
2025-08-13 16:24:00,-0.2735437499999992,1.199197155115012,,,,,,,,,,
2025-08-13 16:24:00,,,-0.2762749999999993,1.165682794878173,,,,,,,,
2025-08-13 16:24:00,,,,,-0.2735437499999992,1.199197155115012,,,,,,
2025-08-13 16:24:00,,,,,,,-0.2755068359480144,1.1643378196912322,,,,
2025-08-13 16:24:00,,,,,,,,,-0.2735437499999992,1.199197155115012,,
2025-08-13 16:24:00,,,,,,,,,,,-0.27560380810335205,1.1643789471417374
2025-08-13 16:24:00,-0.31544375000000013,1.1888630032875687,,,,,,,,,,
2025-08-13 16:24:00,,,-0.28494374999999933,1.1758714250983995,,,,,,,,
2025-08-13 16:24:00,,,,,-0.3131626240790087,1.1852814169291122,,,,,,
2025-08-13 16:24:00,,,,,,,-0.2837193607638161,1.1738101326397674,,,,
2025-08-13 16:24:00,,,,,,,,,-0.31314453178703805,1.182188846187699,,
2025-08-13 16:24:00,,,,,,,,,,,-0.28374765652409134,1.1730096061028115
2025-08-13 16:24:00,-0.31234375000000014,1.2103476285084123,,,,,,,,,,
2025-08-13 16:24:00,,,-0.2909037499999996,1.1908665991585161,,,,,,,,
2025-08-13 16:24:00,,,,,-0.30664873403642845,1.200760073799215,,,,,,
2025-08-13 16:24:00,,,,,,,-0.288540357571102,1.1868877957580444,,,,
2025-08-13 16:24:00,,,,,,,,,-0.30796544589102265,1.1972782066843868,,
2025-08-13 16:24:00,,,,,,,,,,,-0.28898158483606534,1.1855264267305254
2025-08-13 16:24:00,-0.31234375000000014,1.2103476285084123,,,,,,,,,,
2025-08-13 16:24:00,,,-0.2980537499999998,1.1973436039720398,,,,,,,,
2025-08-13 16:24:00,,,,,-0.31335724104935536,1.2118780597701564,,,,,,
2025-08-13 16:24:00,,,,,,,-0.2971821697373545,1.1958384131104656,,,,
2025-08-13 16:24:00,,,,,,,,,-0.31407042255252604,1.2141256940209464,,
2025-08-13 16:24:00,,,,,,,,,,,-0.2976572467519042,1.19550978396658
2025-08-13 16:24:00,-0.33336875,1.2047262247180632,,,,,,,,,,
2025-08-13 16:24:00,,,-0.3094087499999999,1.2026963280274938,,,,,,,,
2025-08-13 16:24:00,,,,,-0.33336875,1.2047262247180632,,,,,,
2025-08-13 16:24:00,,,,,,,-0.30801621983295835,1.2003685860663118,,,,
2025-08-13 16:24:00,,,,,,,,,-0.33337991712316867,1.2053396886612473,,
2025-08-13 16:24:00,,,,,,,,,,,-0.3084208134707509,1.1996259181338584
2025-08-13 16:24:00,-0.32701874999999997,1.2478616658702348,,,,,,,,,,
2025-08-13 16:24:00,,,-0.32010375,1.2124292301785382,,,,,,,,
2025-08-13 16:24:00,,,,,-0.32151081170756457,1.2385238233907232,,,,,,
2025-08-13 16:24:00,,,,,,,-0.31760963217447147,1.208233919721454,,,,
2025-08-13 16:24:00,,,,,,,,,-0.32205547839252285,1.235488804814144,,
2025-08-13 16:24:00,,,,,,,,,,,-0.31812315914925565,1.2068842480736848
2025-08-13 16:24:00,-0.32701874999999997,1.2478616658702348,,,,,,,,,,
2025-08-13 16:24:00,,,-0.32241875000000003,1.2242289626950715,,,,,,,,
2025-08-13 16:24:00,,,,,-0.32701874999999997,1.2478616658702348,,,,,,
2025-08-13 16:24:00,,,,,,,-0.3203808573586696,1.2207499695096786,,,,
2025-08-13 16:24:00,,,,,,,,,-0.32701874999999997,1.2478616658702348,,
2025-08-13 16:24:00,,,,,,,,,,,-0.32089800279184805,1.2200188120101918
2025-08-13 16:24:00,-0.32376875,1.269359600949801,,,,,,,,,,
2025-08-13 16:24:00,,,-0.32470374999999996,1.2360313571833492,,,,,,,,
2025-08-13 16:24:00,,,,,-0.3212740105381399,1.2653702647429992,,,,,,
2025-08-13 16:24:00,,,,,,,-0.323305912659012,1.2336720076984353,,,,
2025-08-13 16:24:00,,,,,,,,,-0.3213602904228865,1.263106657324574,,
2025-08-13 16:24:00,,,,,,,,,,,-0.3235769716982208,1.2331845021382293
2025-08-13 16:24:00,-0.32376875,1.269359600949801,,,,,,,,,,
2025-08-13 16:24:00,,,-0.32698874999999994,1.247833751671627,,,,,,,,
2025-08-13 16:24:00,,,,,-0.3258887543311487,1.272708705690002,,,,,,
2025-08-13 16:24:00,,,,,,,-0.3258122153153707,1.2458381368824045,,,,
2025-08-13 16:24:00,,,,,,,,,-0.3261488104617595,1.2754545065349583,,
2025-08-13 16:24:00,,,,,,,,,,,-0.3259926492800675,1.2454502646410315
2025-08-13 16:24:00,-0.32376875,1.269359600949801,,,,,,,,,,
2025-08-13 16:24:00,,,-0.32506874999999996,1.2607604269179744,,,,,,,,
2025-08-13 16:24:00,,,,,-0.3301415666448043,1.2803562188698365,,,,,,
2025-08-13 16:24:00,,,,,,,-0.3251667786443315,1.2609641357127592,,,,
2025-08-13 16:24:00,,,,,,,,,-0.328944312195424,1.2836554990096163,,
2025-08-13 16:24:00,,,,,,,,,,,-0.32510552829451855,1.2611134267107054
2025-08-13 16:24:00,-0.31711875,1.3122254754417924,,,,,,,,,,
2025-08-13 16:24:00,,,-0.32308875,1.2736331888322858,,,,,,,,
2025-08-13 16:24:00,,,,,-0.31711875,1.3122254754417924,,,,,,
2025-08-13 16:24:00,,,,,,,-0.3242883663028186,1.2757044661229728,,,,
2025-08-13 16:24:00,,,,,,,,,-0.31735813310869043,1.313463802385749,,
2025-08-13 16:24:00,,,,,,,,,,,-0.3241660592377521,1.2767084262250266
2025-08-13 16:24:00,-0.38049375000000063,1.295270051460674,,,,,,,,,,
2025-08-13 16:24:00,,,-0.33378375000000016,1.283114865950374,,,,,,,,
2025-08-13 16:24:00,,,,,-0.3772732205402741,1.2899857796548633,,,,,,
2025-08-13 16:24:00,,,,,,,-0.3343392604108734,1.2841292888798985,,,,
2025-08-13 16:24:00,,,,,,,,,-0.37814482723910425,1.2864914962213916,,
2025-08-13 16:24:00,,,,,,,,,,,-0.3343912746855729,1.284434392295258
2025-08-13 16:24:00,-0.3770937500000006,1.3170802191631827,,,,,,,,,,
2025-08-13 16:24:00,,,-0.3444487500000003,1.29265898959305,,,,,,,,
2025-08-13 16:24:00,,,,,-0.3705926112363725,1.3056410870542936,,,,,,
2025-08-13 16:24:00,,,,,,,-0.3442029805505199,1.2921834533421575,,,,
2025-08-13 16:24:00,,,,,,,,,-0.37219147523846535,1.3020754324814412,,
2025-08-13 16:24:00,,,,,,,,,,,-0.3445575116486887,1.2922281473266313
2025-08-13 16:24:00,-0.39831875,1.310817368437891,,,,,,,,,,
2025-08-13 16:24:00,,,-0.3593587500000003,1.3009505430906683,,,,,,,,
2025-08-13 16:24:00,,,,,-0.390503597222061,1.2966980383704756,,,,,,
2025-08-13 16:24:00,,,,,,,-0.3571259491287024,1.296981319878252,,,,
2025-08-13 16:24:00,,,,,,,,,-0.392811274175234,1.2924696539942326,,
2025-08-13 16:24:00,,,,,,,,,,,-0.35789000439138363,1.295631176818486
2025-08-13 16:24:00,-0.39486875,1.3327335331090897,,,,,,,,,,
2025-08-13 16:24:00,,,-0.37357875000000024,1.313625329522526,,,,,,,,
2025-08-13 16:24:00,,,,,-0.38398995661367824,1.3122019276791266,,,,,,
2025-08-13 16:24:00,,,,,,,-0.36789562712247714,1.3033504616401101,,,,
2025-08-13 16:24:00,,,,,,,,,-0.38723118244171145,1.3073787331658446,,
2025-08-13 16:24:00,,,,,,,,,,,-0.36954737844064106,1.3003758236497318
2025-08-13 16:24:00,-0.39486875,1.3327335331090897,,,,,,,,,,
2025-08-13 16:24:00,,,-0.38912875000000025,1.3177269410559853,,,,,,,,
2025-08-13 16:24:00,,,,,-0.3985322282676771,1.338845187823764,,,,,,
2025-08-13 16:24:00,,,,,,,-0.3841783227760126,1.3086744041165046,,,,
2025-08-13 16:24:00,,,,,,,,,-0.3976718230779469,1.3418778882287792,,
2025-08-13 16:24:00,,,,,,,,,,,-0.3856101164344924,1.306058640818338
2025-08-13 16:24:00,-0.386025,1.387294020521605,,,,,,,,,,
2025-08-13 16:24:00,,,-0.3902350000000001,1.3361317348681716,,,,,,,,
2025-08-13 16:24:00,,,,,-0.3830569654354481,1.3824003524445305,,,,,,
2025-08-13 16:24:00,,,,,,,-0.3853350717550474,1.327157318674438,,,,
2025-08-13 16:24:00,,,,,,,,,-0.3837876714384556,1.3797073886495452,,
2025-08-13 16:24:00,,,,,,,,,,,-0.3867386852743626,1.3247018193039684
2025-08-13 16:24:00,-0.386025,1.387294020521605,,,,,,,,,,
2025-08-13 16:24:00,,,-0.39202125,1.350174495139856,,,,,,,,
2025-08-13 16:24:00,,,,,-0.3875817388271179,1.3897415481129882,,,,,,
2025-08-13 16:24:00,,,,,,,-0.38873289727319643,1.3439774108861768,,,,
2025-08-13 16:24:00,,,,,,,,,-0.3875038821494578,1.3927915932711945,,
2025-08-13 16:24:00,,,,,,,,,,,-0.38980116665656117,1.3428450514619192
2025-08-13 16:24:00,-0.378725,1.4307226755646951,,,,,,,,,,
2025-08-13 16:24:00,,,-0.3881025,1.374155556565217,,,,,,,,
2025-08-13 16:24:00,,,,,-0.3754008357076564,1.4251666519386945,,,,,,
2025-08-13 16:24:00,,,,,,,-0.38571234497031553,1.3696711335998206,,,,
2025-08-13 16:24:00,,,,,,,,,-0.3757144752448053,1.4221092765242938,,
2025-08-13 16:24:00,,,,,,,,,,,-0.3863818068704754,1.3687729759679317
2025-08-13 16:24:00,-0.378725,1.4307226755646951,,,,,,,,,,
2025-08-13 16:24:00,,,-0.38487375,1.393753385056338,,,,,,,,
2025-08-13 16:24:00,,,,,-0.37991107978881583,1.4325730463911064,,,,,,
2025-08-13 16:24:00,,,,,,,-0.3848965696053431,1.3937453573422167,,,,
2025-08-13 16:24:00,,,,,,,,,-0.38002689247012134,1.4352762327557445,,
2025-08-13 16:24:00,,,,,,,,,,,-0.3849409488761574,1.3943524758859114
2025-08-13 16:24:00,-0.3893562499999994,1.427866138889055,,,,,,,,,,
2025-08-13 16:24:00,,,-0.38377124999999984,1.412779906212331,,,,,,,,
2025-08-13 16:24:00,,,,,-0.38973744924047066,1.4284364353362293,,,,,,
2025-08-13 16:24:00,,,,,,,-0.38313761379990174,1.41166360684471,,,,
2025-08-13 16:24:00,,,,,,,,,-0.3899846146717662,1.4305965221851502,,
2025-08-13 16:24:00,,,,,,,,,,,-0.3834035071949212,1.4120962026771857
2025-08-13 16:24:00,-0.37994999999999945,1.482072197128062,,,,,,,,,,
2025-08-13 16:24:00,,,-0.38255624999999976,1.4317355415336224,,,,,,,,
2025-08-13 16:24:00,,,,,-0.3739720916373783,1.471501562088752,,,,,,
2025-08-13 16:24:00,,,,,,,-0.3813206390402878,1.4294838487735544,,,,
2025-08-13 16:24:00,,,,,,,,,-0.37502337314486434,1.4682239182532721,,
2025-08-13 16:24:00,,,,,,,,,,,-0.38165064753620304,1.429799508597931
2025-08-13 16:24:00,-0.37994999999999945,1.482072197128062,,,,,,,,,,
2025-08-13 16:24:00,,,-0.38134124999999963,1.4506911768549138,,,,,,,,
2025-08-13 16:24:00,,,,,-0.3846544035636842,1.4902195721288147,,,,,,
2025-08-13 16:24:00,,,,,,,-0.3807351719876011,1.4495794535767197,,,,
2025-08-13 16:24:00,,,,,,,,,-0.3837972324018175,1.493266640686881,,
2025-08-13 16:24:00,,,,,,,,,,,-0.3809093175866749,1.4498945180810687
2025-08-13 16:24:00,-0.3721999999999994,1.525243311737508,,,,,,,,,,
2025-08-13 16:24:00,,,-0.3800362499999996,1.4695953040894765,,,,,,,,
2025-08-13 16:24:00,,,,,-0.3721999999999994,1.525243311737508,,,,,,
2025-08-13 16:24:00,,,,,,,-0.38009500484606973,1.4695947855364822,,,,
2025-08-13 16:24:00,,,,,,,,,-0.37167434331893867,1.5236202853786778,,
2025-08-13 16:24:00,,,,,,,,,,,-0.3801012912015016,1.4701967198519452
2025-08-13 16:24:00,-0.3721999999999994,1.525243311737508,,,,,,,,,,
2025-08-13 16:24:00,,,-0.3787312499999994,1.4884994313240392,,,,,,,,
2025-08-13 16:24:00,,,,,-0.37452659000529265,1.5290711798598495,,,,,,
2025-08-13 16:24:00,,,,,,,-0.37901810688936505,1.488894412230231,,,,
2025-08-13 16:24:00,,,,,,,,,-0.3746016429901118,1.5315608669281076,,
2025-08-13 16:24:00,,,,,,,,,,,-0.3790162413054997,1.4894536466864179
2025-08-13 16:24:00,-0.38284374999999926,1.5226065358739067,,,,,,,,,,
2025-08-13 16:24:00,,,-0.3774287499999994,1.5074475107210095,,,,,,,,
2025-08-13 16:24:00,,,,,-0.38436275812681625,1.5250372668080596,,,,,,
2025-08-13 16:24:00,,,,,,,-0.37794316866663413,1.5082145785245966,,,,
2025-08-13 16:24:00,,,,,,,,,-0.38428015888333245,1.5278856842826278,,
2025-08-13 16:24:00,,,,,,,,,,,-0.3778753501478129,1.508911479105913
2025-08-13 16:24:00,-0.37489374999999925,1.5657441285890037,,,,,,,,,,
2025-08-13 16:24:00,,,-0.37641749999999935,1.5241818970131977,,,,,,,,
2025-08-13 16:24:00,,,,,-0.37167059980867845,1.5602981446756585,,,,,,
2025-08-13 16:24:00,,,,,,,-0.3774828703008942,1.5259738950419781,,,,
2025-08-13 16:24:00,,,,,,,,,-0.37251387458145546,1.5573675193469854,,
2025-08-13 16:24:00,,,,,,,,,,,-0.3773734504351312,1.526740199324656
2025-08-13 16:24:00,-0.37489374999999925,1.5657441285890037,,,,,,,,,,
2025-08-13 16:24:00,,,-0.3754062499999993,1.540916283305386,,,,,,,,
2025-08-13 16:24:00,,,,,-0.37489374999999925,1.5657441285890037,,,,,,
2025-08-13 16:24:00,,,,,,,-0.3755307395881572,1.5410788063340157,,,,
2025-08-13 16:24:00,,,,,,,,,-0.37489374999999925,1.5657441285890037,,
2025-08-13 16:24:00,,,,,,,,,,,-0.3755927539547675,1.5412356969050804
2025-08-13 16:24:00,-0.3855499999999995,1.5631542462277999,,,,,,,,,,
2025-08-13 16:24:00,,,-0.3780762499999993,1.5484984702034443,,,,,,,,
2025-08-13 16:24:00,,,,,-0.3855499999999995,1.5631542462277999,,,,,,
2025-08-13 16:24:00,,,,,,,-0.3782007395881572,1.5486609932320743,,,,
2025-08-13 16:24:00,,,,,,,,,-0.3850366692018504,1.561333456321925,,
2025-08-13 16:24:00,,,,,,,,,,,-0.3782652191313498,1.54877833109373
2025-08-13 16:24:00,-0.3773999999999995,1.6062593937468506,,,,,,,,,,
2025-08-13 16:24:00,,,-0.3791162499999994,1.564701686605313,,,,,,,,
2025-08-13 16:24:00,,,,,-0.3711303823528001,1.594983805304953,,,,,,
2025-08-13 16:24:00,,,,,,,-0.3775214980576587,1.5618435183210948,,,,
2025-08-13 16:24:00,,,,,,,,,-0.3726671248090261,1.5911632007945102,,
2025-08-13 16:24:00,,,,,,,,,,,-0.37787831549513273,1.5606987978670106
2025-08-13 16:24:00,-0.3773999999999995,1.6062593937468506,,,,,,,,,,
2025-08-13 16:24:00,,,-0.3780274999999994,1.5814322581799019,,,,,,,,
2025-08-13 16:24:00,,,,,-0.3796627000387539,1.6100204336831887,,,,,,
2025-08-13 16:24:00,,,,,,,-0.3765814864400462,1.5788401516961206,,,,
2025-08-13 16:24:00,,,,,,,,,-0.37914129492759663,1.6127444736489531,,
2025-08-13 16:24:00,,,,,,,,,,,-0.3768505427039856,1.5776705557402755
2025-08-13 16:24:00,-0.36904999999999955,1.64921256892494,,,,,,,,,,
2025-08-13 16:24:00,,,-0.37685874999999946,1.5981259462470891,,,,,,,,
2025-08-13 16:24:00,,,,,-0.3665875267189415,1.6450803701220125,,,,,,
2025-08-13 16:24:00,,,,,,,-0.37556487182209886,1.5957965967853915,,,,
2025-08-13 16:24:00,,,,,,,,,-0.36676582119308376,1.6422022180075246,,
2025-08-13 16:24:00,,,,,,,,,,,-0.3757009320263112,1.5946374954723832
2025-08-13 16:24:00,-0.36904999999999955,1.64921256892494,,,,,,,,,,
2025-08-13 16:24:00,,,-0.3756899999999995,1.614819634314276,,,,,,,,
2025-08-13 16:24:00,,,,,-0.36904999999999955,1.64921256892494,,,,,,
2025-08-13 16:24:00,,,,,,,-0.3743961218220989,1.6124902848525788,,,,
2025-08-13 16:24:00,,,,,,,,,-0.36957235179662656,1.6511359603153002,,
2025-08-13 16:24:00,,,,,,,,,,,-0.3746366523856367,1.6117158618176426
2025-08-13 16:24:00,-0.36904999999999955,1.64921256892494,,,,,,,,,,
2025-08-13 16:24:00,,,-0.3723899999999996,1.632031298853704,,,,,,,,
2025-08-13 16:24:00,,,,,-0.37890381307583765,1.667958191419195,,,,,,
2025-08-13 16:24:00,,,,,,,-0.37306688443726654,1.633451073890858,,,,
2025-08-13 16:24:00,,,,,,,,,-0.376274239468276,1.6719681457770763,,
2025-08-13 16:24:00,,,,,,,,,,,-0.37288416643892186,1.6338427997086729
2025-08-13 16:24:00,-0.3561499999999995,1.7133759591811717,,,,,,,,,,
2025-08-13 16:24:00,,,-0.3681399999999996,1.6534546119405682,,,,,,,,
2025-08-13 16:24:00,,,,,-0.3566699812899309,1.7141985443060828,,,,,,
2025-08-13 16:24:00,,,,,,,-0.3701748042246926,1.6572940216910836,,,,
2025-08-13 16:24:00,,,,,,,,,-0.35695477782607027,1.7163863639571701,,
2025-08-13 16:24:00,,,,,,,,,,,-0.3697416970423307,1.658887432341205
2025-08-13 16:24:00,-0.3775000000000004,1.7087989202946026,,,,,,,,,,
2025-08-13 16:24:00,,,-0.3681599999999997,1.673962517250119,,,,,,,,
2025-08-13 16:24:00,,,,,-0.3775000000000004,1.7087989202946026,,,,,,
2025-08-13 16:24:00,,,,,,,-0.36974226421694195,1.6770497190133664,,,,
2025-08-13 16:24:00,,,,,,,,,-0.3775000000000004,1.7087989202946026,,
2025-08-13 16:24:00,,,,,,,,,,,-0.36941343805681137,1.6780983216703347
2025-08-13 16:24:00,-0.3641500000000004,1.7729903489585044,,,,,,,,,,
2025-08-13 16:24:00,,,-0.3671799999999999,1.6987180732568319,,,,,,,,
2025-08-13 16:24:00,,,,,-0.355592536372684,1.7568683509303367,,,,,,
2025-08-13 16:24:00,,,,,,,-0.36754326614769045,1.6994073151750313,,,,
2025-08-13 16:24:00,,,,,,,,,-0.35755368034184015,1.7528372552910514,,
2025-08-13 16:24:00,,,,,,,,,,,-0.36757100988656266,1.7002253291270404
2025-08-13 16:24:00,-0.3641500000000004,1.7729903489585044,,,,,,,,,,
2025-08-13 16:24:00,,,-0.3662000000000001,1.7234736292635446,,,,,,,,
2025-08-13 16:24:00,,,,,-0.3575244266191305,1.760807735805052,,,,,,
2025-08-13 16:24:00,,,,,,,-0.36523815147151667,1.7217263485510539,,,,
2025-08-13 16:24:00,,,,,,,,,-0.35893949396170716,1.7570513899541509,,
2025-08-13 16:24:00,,,,,,,,,,,-0.36544443831957885,1.7214084150548103
2025-08-13 16:24:00,-0.35500000000000037,1.8156197289080112,,,,,,,,,,
2025-08-13 16:24:00,,,-0.3633900000000002,1.756755061260159,,,,,,,,
2025-08-13 16:24:00,,,,,-0.34253384443160717,1.7911360829595104,,,,,,
2025-08-13 16:24:00,,,,,,,-0.3579641577426706,1.746361926859117,,,,
2025-08-13 16:24:00,,,,,,,,,-0.3455016959905627,1.7868284419537768,,
2025-08-13 16:24:00,,,,,,,,,,,-0.3592899296240361,1.7443804742901503
2025-08-13 16:24:00,-0.37640000000000023,1.8113042372831794,,,,,,,,,,
2025-08-13 16:24:00,,,-0.3674400000000004,1.7763407168805603,,,,,,,,
2025-08-13 16:24:00,,,,,-0.3625723958956026,1.7836864031297186,,,,,,
2025-08-13 16:24:00,,,,,,,-0.3591446406638049,1.760259498623844,,,,
2025-08-13 16:24:00,,,,,,,,,-0.36598274529933933,1.7789790537393622,,
2025-08-13 16:24:00,,,,,,,,,,,-0.36109552311869,1.7568990122465888
2025-08-13 16:24:00,-0.3623000000000003,1.8753236280706325,,,,,,,,,,
2025-08-13 16:24:00,,,-0.3644000000000004,1.8096456584357665,,,,,,,,
2025-08-13 16:24:00,,,,,-0.3403384331193704,1.8288539577594343,,,,,,
2025-08-13 16:24:00,,,,,,,-0.3517123272876789,1.7842705061168105,,,,
2025-08-13 16:24:00,,,,,,,,,-0.3448905192562938,1.8235441803808479,,
2025-08-13 16:24:00,,,,,,,,,,,-0.35457362696994865,1.7798480642638377
2025-08-13 16:24:00,-0.3623000000000003,1.8753236280706325,,,,,,,,,,
2025-08-13 16:24:00,,,-0.36403000000000035,1.8301123142581919,,,,,,,,
2025-08-13 16:24:00,,,,,-0.3528490905785591,1.8570740342692404,,,,,,
2025-08-13 16:24:00,,,,,,,-0.351163638128854,1.8043116427845909,,,,
2025-08-13 16:24:00,,,,,,,,,-0.3548041533452275,1.8530227771963816,,
2025-08-13 16:24:00,,,,,,,,,,,-0.3540237215706261,1.799885168644904
2025-08-13 16:24:00,-0.35508125000000024,1.9072276492066795,,,,,,,,,,
2025-08-13 16:24:00,,,-0.3622162500000003,1.8569597743078272,,,,,,,,
2025-08-13 16:24:00,,,,,-0.3414034848418879,1.8798441121255995,,,,,,
2025-08-13 16:24:00,,,,,,,-0.3479394497734054,1.8281189180487007,,,,
2025-08-13 16:24:00,,,,,,,,,-0.34459710470771443,1.875234712334699,,
2025-08-13 16:24:00,,,,,,,,,,,-0.3511552437198276,1.8235218331210135
2025-08-13 16:24:00,-0.3443750000000001,1.909189843722986,,,,,,,,,,
2025-08-13 16:24:00,,,-0.36009125000000025,1.875673797270822,,,,,,,,
2025-08-13 16:24:00,,,,,-0.3313954472831259,1.8833565976259878,,,,,,
2025-08-13 16:24:00,,,,,,,-0.3457117703437092,1.8465630209819963,,,,
2025-08-13 16:24:00,,,,,,,,,-0.3342580528892578,1.8789571187567367,,
2025-08-13 16:24:00,,,,,,,,,,,-0.34890651509956655,1.8419475684816056
2025-08-13 16:24:00,-0.3345750000000001,1.951527496443491,,,,,,,,,,
2025-08-13 16:24:00,,,-0.3517262500000002,1.9037184491028842,,,,,,,,
2025-08-13 16:24:00,,,,,-0.3160964185883325,1.913393500252174,,,,,,
2025-08-13 16:24:00,,,,,,,-0.3364165748822551,1.8725044404064874,,,,
2025-08-13 16:24:00,,,,,,,,,-0.31958621104046714,1.9090303422295767,,
2025-08-13 16:24:00,,,,,,,,,,,-0.3396272082477922,1.8679578261796483
2025-08-13 16:24:00,-0.3345750000000001,1.951527496443491,,,,,,,,,,
2025-08-13 16:24:00,,,-0.34618125000000016,1.9189592227774561,,,,,,,,
2025-08-13 16:24:00,,,,,-0.327099262916019,1.937329684953075,,,,,,
2025-08-13 16:24:00,,,,,,,-0.3337687408415849,1.8941995858452152,,,,
2025-08-13 16:24:00,,,,,,,,,-0.3286677014366539,1.9338943807840385,,
2025-08-13 16:24:00,,,,,,,,,,,-0.33638264468386414,1.8900278662602865
2025-08-13 16:24:00,-0.3245750000000001,1.993753011126253,,,,,,,,,,
2025-08-13 16:24:00,,,-0.3386362500000001,1.9426450993885802,,,,,,,,
2025-08-13 16:24:00,,,,,-0.31143358187794273,1.9673992052516625,,,,,,
2025-08-13 16:24:00,,,,,,,-0.32548563910146167,1.9162646200416997,,,,
2025-08-13 16:24:00,,,,,,,,,-0.3142276001915336,1.9631715605219315,,
2025-08-13 16:24:00,,,,,,,,,,,-0.32826733405312536,1.9120576229253963
2025-08-13 16:24:00,-0.3245750000000001,1.993753011126253,,,,,,,,,,
2025-08-13 16:24:00,,,-0.3325350000000001,1.9599501717724948,,,,,,,,
2025-08-13 16:24:00,,,,,-0.31512034217108026,1.9753086622912253,,,,,,
2025-08-13 16:24:00,,,,,,,-0.3202290105673001,1.9353575300748247,,,,
2025-08-13 16:24:00,,,,,,,,,-0.31679782500594844,1.9716767678523675,,
2025-08-13 16:24:00,,,,,,,,,,,-0.32270747811277223,1.93134603402893
2025-08-13 16:24:00,-0.3138812500000004,1.995464497528943,,,,,,,,,,
2025-08-13 16:24:00,,,-0.32643625000000015,1.977205102533686,,,,,,,,
2025-08-13 16:24:00,,,,,-0.3051892376111812,1.9786477425191185,,,,,,
2025-08-13 16:24:00,,,,,,,-0.3149877686329111,1.954415759053451,,,,
2025-08-13 16:24:00,,,,,,,,,-0.30644579718580994,1.9753997727689954,,
2025-08-13 16:24:00,,,,,,,,,,,-0.31714502697208263,1.9506345648313819
2025-08-13 16:24:00,-0.3138812500000004,1.995464497528943,,,,,,,,,,
2025-08-13 16:24:00,,,-0.32229750000000024,1.9859925027507763,,,,,,,,
2025-08-13 16:24:00,,,,,-0.3138812500000004,1.995464497528943,,,,,,
2025-08-13 16:24:00,,,,,,,-0.3145447349152447,1.970829958508805,,,,
2025-08-13 16:24:00,,,,,,,,,-0.31393172254778484,1.9959725571586007,,
2025-08-13 16:24:00,,,,,,,,,,,-0.31601412927354616,1.9680230078171868
2025-08-13 16:24:00,-0.3138812500000004,1.995464497528943,,,,,,,,,,
2025-08-13 16:24:00,,,-0.31815875000000027,1.994779902967867,,,,,,,,
2025-08-13 16:24:00,,,,,-0.3138812500000004,1.995464497528943,,,,,,
2025-08-13 16:24:00,,,,,,,-0.311901132332041,1.9824569210239784,,,,
2025-08-13 16:24:00,,,,,,,,,-0.31393172254778484,1.9959725571586007,,
2025-08-13 16:24:00,,,,,,,,,,,-0.31306693349577236,1.9804386430920988
2025-08-13 16:24:00,-0.3138812500000004,1.995464497528943,,,,,,,,,,
2025-08-13 16:24:00,,,-0.3160200000000003,1.9951222002484048,,,,,,,,
2025-08-13 16:24:00,,,,,-0.3211601365953898,2.009403623466931,,,,,,
2025-08-13 16:24:00,,,,,,,-0.3138464432755304,1.9908578046670322,,,,
2025-08-13 16:24:00,,,,,,,,,-0.31959609393149646,2.0125549783457437,,
2025-08-13 16:24:00,,,,,,,,,,,-0.3141406322437649,1.9903153266568616
2025-08-13 16:24:00,-0.29590000000000044,2.06894736279104,,,,,,,,,,
2025-08-13 16:24:00,,,-0.3102850000000004,2.010161070581362,,,,,,,,
2025-08-13 16:24:00,,,,,-0.2943890084521902,2.066304850512776,,,,,,
2025-08-13 16:24:00,,,,,,,-0.30970017653175236,2.009057042311342,,,,
2025-08-13 16:24:00,,,,,,,,,-0.29377193195343065,2.0639419977341174,,
2025-08-13 16:24:00,,,,,,,,,,,-0.3095354536332614,2.0087683726332117
2025-08-13 16:24:00,-0.29590000000000044,2.06894736279104,,,,,,,,,,
2025-08-13 16:24:00,,,-0.30668875000000045,2.0248576436337817,,,,,,,,
2025-08-13 16:24:00,,,,,-0.2965670193117869,2.0700780446966913,,,,,,
2025-08-13 16:24:00,,,,,,,-0.3079757328718735,2.027343102746857,,,,
2025-08-13 16:24:00,,,,,,,,,-0.29662910712003754,2.072454255563006,,
2025-08-13 16:24:00,,,,,,,,,,,-0.3075721156201069,2.0281792691920137
2025-08-13 16:24:00,-0.33875000000000005,2.0623647682939112,,,,,,,,,,
2025-08-13 16:24:00,,,-0.31166250000000034,2.0382376977867755,,,,,,,,
2025-08-13 16:24:00,,,,,-0.33792937732978606,2.0609754524163515,,,,,,
2025-08-13 16:24:00,,,,,,,-0.31278535833783067,2.0404452937243382,,,,
2025-08-13 16:24:00,,,,,,,,,-0.3374345071464777,2.05895473747483,,
2025-08-13 16:24:00,,,,,,,,,,,-0.3122726725398454,2.0407757052552595
2025-08-13 16:24:00,-0.32820000000000005,2.1045628429676313,,,,,,,,,,
2025-08-13 16:24:00,,,-0.3145262500000003,2.060057366874513,,,,,,,,
2025-08-13 16:24:00,,,,,-0.32144081292949894,2.091542781687614,,,,,,
2025-08-13 16:24:00,,,,,,,-0.3142972709237304,2.059660950556073,,,,
2025-08-13 16:24:00,,,,,,,,,-0.32254557237625125,2.088550056794988,,
2025-08-13 16:24:00,,,,,,,,,,,-0.3139954425055387,2.0592912051825367
2025-08-13 16:24:00,-0.32820000000000005,2.1045628429676313,,,,,,,,,,
2025-08-13 16:24:00,,,-0.31739000000000017,2.081877035962251,,,,,,,,
2025-08-13 16:24:00,,,,,-0.3272883473990948,2.103001777218794,,,,,,
2025-08-13 16:24:00,,,,,,,-0.3155229130844714,2.0783805813064453,,,,
2025-08-13 16:24:00,,,,,,,,,-0.32692084733426574,2.100905476704165,,
2025-08-13 16:24:00,,,,,,,,,,,-0.3154603931860926,2.0769613048542213
2025-08-13 16:24:00,-0.3496999999999997,2.1010973109306477,,,,,,,,,,
2025-08-13 16:24:00,,,-0.32815000000000005,2.088307025590172,,,,,,,,
2025-08-13 16:24:00,,,,,-0.3471335900552194,2.0964918532339087,,,,,,
2025-08-13 16:24:00,,,,,,,-0.3260718294050772,2.084417981850672,,,,
2025-08-13 16:24:00,,,,,,,,,-0.3475326633012291,2.0935203333495083,,
2025-08-13 16:24:00,,,,,,,,,,,-0.32621253945565226,2.0828769719772993
2025-08-13 16:24:00,-0.3496999999999997,2.1010973109306477,,,,,,,,,,
2025-08-13 16:24:00,,,-0.33890999999999993,2.0947370152180937,,,,,,,,
2025-08-13 16:24:00,,,,,-0.35330047760725775,2.1077229249463953,,,,,,
2025-08-13 16:24:00,,,,,,,-0.33741852106417136,2.091946957900613,,,,
2025-08-13 16:24:00,,,,,,,,,-0.3525920111560818,2.1104120014820174,,
2025-08-13 16:24:00,,,,,,,,,,,-0.3374051202628611,2.090468521161102
2025-08-13 16:24:00,-0.37125000000000097,2.0973968240416494,,,,,,,,,,
2025-08-13 16:24:00,,,-0.3454100000000001,2.1017434263676416,,,,,,,,
2025-08-13 16:24:00,,,,,-0.3732723877447853,2.1009758285215017,,,,,,
2025-08-13 16:24:00,,,,,,,-0.3444871231471712,2.099947033121643,,,,
2025-08-13 16:24:00,,,,,,,,,-0.3729839676618586,2.1033147148226794,,
2025-08-13 16:24:00,,,,,,,,,,,-0.34451501236593735,2.0993405166306713
2025-08-13 16:24:00,-0.3550500000000009,2.1610274171097412,,,,,,,,,,
2025-08-13 16:24:00,,,-0.35078000000000026,2.1130363411960635,,,,,,,,
2025-08-13 16:24:00,,,,,-0.34981708549661583,2.151049292422792,,,,,,
2025-08-13 16:24:00,,,,,,,-0.35016237766059455,2.1118483352686783,,,,
2025-08-13 16:24:00,,,,,,,,,-0.35040520076394166,2.1480295268608716,,
2025-08-13 16:24:00,,,,,,,,,,,-0.35008693804347535,2.1112364106438486
2025-08-13 16:24:00,-0.3550500000000009,2.1610274171097412,,,,,,,,,,
2025-08-13 16:24:00,,,-0.35615000000000047,2.1243292560244855,,,,,,,,
2025-08-13 16:24:00,,,,,-0.3550500000000009,2.1610274171097412,,,,,,
2025-08-13 16:24:00,,,,,,,-0.35571470818077583,2.123453463246868,,,,
2025-08-13 16:24:00,,,,,,,,,-0.3548587363904724,2.1602094909354195,,
2025-08-13 16:24:00,,,,,,,,,,,-0.35567451585471666,2.1230972134900994
2025-08-13 16:24:00,-0.38746874999999975,2.1554507574457453,,,,,,,,,,
2025-08-13 16:24:00,,,-0.3637037500000005,2.135199945327505,,,,,,,,
2025-08-13 16:24:00,,,,,-0.3856799815348172,2.1522922215724236,,,,,,
2025-08-13 16:24:00,,,,,,,-0.3634239864766954,2.1346135369145705,,,,
2025-08-13 16:24:00,,,,,,,,,-0.38561573695130624,2.1500240300426885,,
2025-08-13 16:24:00,,,,,,,,,,,-0.36329113058473206,2.1343979528287353
2025-08-13 16:24:00,-0.37641874999999975,2.198001120256411,,,,,,,,,,
2025-08-13 16:24:00,,,-0.36904750000000053,2.1545807071926575,,,,,,,,
2025-08-13 16:24:00,,,,,-0.368885801638478,2.1830656302702605,,,,,,
2025-08-13 16:24:00,,,,,,,-0.36654105128293946,2.1496820779793437,,,,
2025-08-13 16:24:00,,,,,,,,,-0.3705176481815984,2.1795478564734845,,
2025-08-13 16:24:00,,,,,,,,,,,-0.3668762579898355,2.1482251238270287
2025-08-13 16:24:00,-0.37641874999999975,2.198001120256411,,,,,,,,,,
2025-08-13 16:24:00,,,-0.37008125000000025,2.1747015664356097,,,,,,,,
2025-08-13 16:24:00,,,,,-0.37071578926570947,2.1869723422006637,,,,,,
2025-08-13 16:24:00,,,,,,,-0.36602973158712426,2.166881380715176,,,,
2025-08-13 16:24:00,,,,,,,,,-0.3717235895263401,2.183670133080579,,
2025-08-13 16:24:00,,,,,,,,,,,-0.36662418236273175,2.1642962074786083
2025-08-13 16:24:00,-0.40894999999999965,2.192181538445208,,,,,,,,,,
2025-08-13 16:24:00,,,-0.38086125,2.1809323907027034,,,,,,,,
2025-08-13 16:24:00,,,,,-0.40109164836511696,2.176501870897571,,,,,,
2025-08-13 16:24:00,,,,,,,-0.3762846441608245,2.171971896410132,,,,
2025-08-13 16:24:00,,,,,,,,,-0.40339061607211774,2.172771867779576,,
2025-08-13 16:24:00,,,,,,,,,,,-0.37722126542436696,2.1692446756623496
2025-08-13 16:24:00,-0.39769999999999966,2.234890312744677,,,,,,,,,,
2025-08-13 16:24:00,,,-0.38939124999999974,2.1957049698296904,,,,,,,,
2025-08-13 16:24:00,,,,,-0.3845557486105631,2.206961554802776,,,,,,
2025-08-13 16:24:00,,,,,,,-0.382185793882937,2.1811587239487387,,,,
2025-08-13 16:24:00,,,,,,,,,-0.3881147735106941,2.202641861507262,,
2025-08-13 16:24:00,,,,,,,,,,,-0.3838724728484113,2.177731149776718
2025-08-13 16:24:00,-0.39769999999999966,2.234890312744677,,,,,,,,,,
2025-08-13 16:24:00,,,-0.3914374999999997,2.211592880889477,,,,,,,,
2025-08-13 16:24:00,,,,,-0.3915569742985897,2.222835523522931,,,,,,
2025-08-13 16:24:00,,,,,,,-0.3833611924356915,2.19526738433884,,,,
2025-08-13 16:24:00,,,,,,,,,-0.3932999365153905,2.2191789443930086,,
2025-08-13 16:24:00,,,,,,,,,,,-0.38540931276122814,2.1915621326467822
2025-08-13 16:24:00,-0.39769999999999966,2.234890312744677,,,,,,,,,,
2025-08-13 16:24:00,,,-0.3956937499999997,2.2189707193871295,,,,,,,,
2025-08-13 16:24:00,,,,,-0.3915569742985897,2.222835523522931,,,,,,
2025-08-13 16:24:00,,,,,,,-0.3878954269677138,2.2032213629893747,,,,
2025-08-13 16:24:00,,,,,,,,,-0.3932999365153905,2.2191789443930086,,
2025-08-13 16:24:00,,,,,,,,,,,-0.3899657704279866,2.199488350230687
2025-08-13 16:24:00,-0.3833562499999997,2.288107948848991,,,,,,,,,,
2025-08-13 16:24:00,,,-0.39708124999999966,2.2369920851056455,,,,,,,,
2025-08-13 16:24:00,,,,,-0.3705802022183792,2.2609314552003323,,,,,,
2025-08-13 16:24:00,,,,,,,-0.38786830955824775,2.2180131855893084,,,,
2025-08-13 16:24:00,,,,,,,,,-0.37380869894513824,2.256836229002045,,
2025-08-13 16:24:00,,,,,,,,,,,-0.3903827923117462,2.2141215694149805
2025-08-13 16:24:00,-0.3833562499999997,2.288107948848991,,,,,,,,,,
2025-08-13 16:24:00,,,-0.39196249999999966,2.2561773671864023,,,,,,,,
2025-08-13 16:24:00,,,,,-0.381342680881135,2.2844545058843235,,,,,,
2025-08-13 16:24:00,,,,,,,-0.38391851606145133,2.239603712586659,,,,
2025-08-13 16:24:00,,,,,,,,,-0.3815152131384608,2.2821451156532806,,
2025-08-13 16:24:00,,,,,,,,,,,-0.38600771172501486,2.235996218989721
2025-08-13 16:24:00,-0.394224999999999,2.286260407166034,,,,,,,,,,
2025-08-13 16:24:00,,,-0.39126749999999955,2.266451386070674,,,,,,,,
2025-08-13 16:24:00,,,,,-0.39143691831071553,2.2810985512287867,,,,,,
2025-08-13 16:24:00,,,,,,,-0.38529475000148183,2.254431111871861,,,,
2025-08-13 16:24:00,,,,,,,,,-0.3916081335055818,2.278188977530712,,
2025-08-13 16:24:00,,,,,,,,,,,-0.38670638372399246,2.2511056421944113
2025-08-13 16:24:00,-0.394224999999999,2.286260407166034,,,,,,,,,,
2025-08-13 16:24:00,,,-0.3905724999999994,2.276725404954946,,,,,,,,
2025-08-13 16:24:00,,,,,-0.39143691831071553,2.2810985512287867,,,,,,
2025-08-13 16:24:00,,,,,,,-0.385270738803907,2.266083717413032,,,,
2025-08-13 16:24:00,,,,,,,,,-0.3916081335055818,2.278188977530712,,
2025-08-13 16:24:00,,,,,,,,,,,-0.38636802312203067,2.262907648821952
2025-08-13 16:24:00,-0.376599999999999,2.3500154127154147,,,,,,,,,,
2025-08-13 16:24:00,,,-0.38635249999999927,2.299750424949093,,,,,,,,
2025-08-13 16:24:00,,,,,-0.3656737785839706,2.3270430057425004,,,,,,
2025-08-13 16:24:00,,,,,,,-0.3800940996609832,2.2869252138569456,,,,
2025-08-13 16:24:00,,,,,,,,,-0.3688922687649716,2.322642518907586,,
2025-08-13 16:24:00,,,,,,,,,,,-0.38148648957194686,2.2836003637248674
2025-08-13 16:24:00,-0.376599999999999,2.3500154127154147,,,,,,,,,,
2025-08-13 16:24:00,,,-0.38500124999999913,2.312131917722378,,,,,,,,
2025-08-13 16:24:00,,,,,-0.3656737785839706,2.3270430057425004,,,,,,
2025-08-13 16:24:00,,,,,,,-0.3791128149341014,2.3001475239653795,,,,
2025-08-13 16:24:00,,,,,,,,,-0.3688922687649716,2.322642518907586,,
2025-08-13 16:24:00,,,,,,,,,,,-0.38050320353591355,2.296761621705975
2025-08-13 16:24:00,-0.36156874999999894,2.402949861945405,,,,,,,,,,
2025-08-13 16:24:00,,,-0.38064374999999895,2.3351003003416606,,,,,,,,
2025-08-13 16:24:00,,,,,-0.34438849197378196,2.3646496184447803,,,,,,
2025-08-13 16:24:00,,,,,,,-0.3717219771526309,2.3161865464774705,,,,
2025-08-13 16:24:00,,,,,,,,,-0.3487460411143293,2.360224683011203,,
2025-08-13 16:24:00,,,,,,,,,,,-0.37394936913108723,2.3123775351775597
2025-08-13 16:24:00,-0.36156874999999894,2.402949861945405,,,,,,,,,,
2025-08-13 16:24:00,,,-0.37411249999999896,2.3584381912975347,,,,,,,,
2025-08-13 16:24:00,,,,,-0.34438849197378196,2.3646496184447803,,,,,,
2025-08-13 16:24:00,,,,,,,-0.36231229188524416,2.3328967599206694,,,,
2025-08-13 16:24:00,,,,,,,,,-0.3487460411143293,2.360224683011203,,
2025-08-13 16:24:00,,,,,,,,,,,-0.3653769506528367,2.3287846762736577
2025-08-13 16:24:00,-0.3554687499999989,2.4240754872267156,,,,,,,,,,
2025-08-13 16:24:00,,,-0.366361249999999,2.386001207309671,,,,,,,,
2025-08-13 16:24:00,,,,,-0.33589191557982145,2.3795799322729687,,,,,,
2025-08-13 16:24:00,,,,,,,-0.35120329133906536,2.352593036129506,,,,
2025-08-13 16:24:00,,,,,,,,,-0.3405857045952866,2.3746888328359805,,
2025-08-13 16:24:00,,,,,,,,,,,-0.35517246487077764,2.3480846473347117
2025-08-13 16:24:00,-0.3663500000000013,2.422454886576838,,,,,,,,,,
2025-08-13 16:24:00,,,-0.3643112499999994,2.4004891020819557,,,,,,,,
2025-08-13 16:24:00,,,,,-0.3461668894680706,2.3763182743070894,,,,,,
2025-08-13 16:24:00,,,,,,,-0.3473019135158853,2.362448089842424,,,,
2025-08-13 16:24:00,,,,,,,,,-0.3514772069013129,2.3713322601456515,,
2025-08-13 16:24:00,,,,,,,,,,,-0.35168945249804595,2.3578225955823244
2025-08-13 16:24:00,-0.3663500000000013,2.422454886576838,,,,,,,,,,
2025-08-13 16:24:00,,,-0.36226124999999987,2.4149769968542403,,,,,,,,
2025-08-13 16:24:00,,,,,-0.3461668894680706,2.3763182743070894,,,,,,
2025-08-13 16:24:00,,,,,,,-0.34340053569270534,2.3723031435553414,,,,
2025-08-13 16:24:00,,,,,,,,,-0.3514772069013129,2.3713322601456515,,
2025-08-13 16:24:00,,,,,,,,,,,-0.3482064401253142,2.3675605438299376
2025-08-13 16:24:00,-0.3663500000000013,2.422454886576838,,,,,,,,,,
2025-08-13 16:24:00,,,-0.3632175000000003,2.4188780017805263,,,,,,,,
2025-08-13 16:24:00,,,,,-0.36126654700198774,2.412388522259677,,,,,,
2025-08-13 16:24:00,,,,,,,-0.34677614669834644,2.381850924318321,,,,
2025-08-13 16:24:00,,,,,,,,,-0.3622103651709495,2.4094489930799785,,
2025-08-13 16:24:00,,,,,,,,,,,-0.35089930493663823,2.377405405843693
2025-08-13 16:24:00,-0.3554687499999989,2.4240754872267156,,,,,,,,,,
2025-08-13 16:24:00,,,-0.3619975000000003,2.423103126836789,,,,,,,,
2025-08-13 16:24:00,,,,,-0.3511295059244033,2.4155856845905506,,,,,,
2025-08-13 16:24:00,,,,,,,-0.34812434948847076,2.3920381375474746,,,,
2025-08-13 16:24:00,,,,,,,,,-0.35179857499315287,2.4128647989779806,,
2025-08-13 16:24:00,,,,,,,,,,,-0.35150981171240303,2.387933429037049
2025-08-13 16:24:00,-0.3554687499999989,2.4240754872267156,,,,,,,,,,
2025-08-13 16:24:00,,,-0.3619975000000003,2.423103126836789,,,,,,,,
2025-08-13 16:24:00,,,,,-0.35705059189121247,2.4269745763307107,,,,,,
2025-08-13 16:24:00,,,,,,,-0.352356084750749,2.4015170663590233,,,,
2025-08-13 16:24:00,,,,,,,,,-0.35730133233591804,2.429003158759154,,
2025-08-13 16:24:00,,,,,,,,,,,-0.35485293726052924,2.3987962942216834
2025-08-13 16:24:00,-0.37724375000000054,2.4207823431869993,,,,,,,,,,
2025-08-13 16:24:00,,,-0.3641762500000002,2.4227686181588215,,,,,,,,
2025-08-13 16:24:00,,,,,-0.37724375000000054,2.4207823431869993,,,,,,
2025-08-13 16:24:00,,,,,,,-0.3585714568571349,2.4104098801350053,,,,
2025-08-13 16:24:00,,,,,,,,,-0.3780496217229781,2.422288253290388,,
2025-08-13 16:24:00,,,,,,,,,,,-0.36016742022486226,2.4089874928506303
2025-08-13 16:24:00,-0.3491750000000006,2.5158848978788755,,,,,,,,,,
2025-08-13 16:24:00,,,-0.36074125000000007,2.4414546204192287,,,,,,,,
2025-08-13 16:24:00,,,,,-0.33859858216753463,2.4931393272757876,,,,,,
2025-08-13 16:24:00,,,,,,,-0.3570577953970277,2.433774090728745,,,,
2025-08-13 16:24:00,,,,,,,,,-0.34121384433638363,2.4894439358521856,,
2025-08-13 16:24:00,,,,,,,,,,,-0.3581147477118764,2.432609827991937
2025-08-13 16:24:00,-0.33828125000000137,2.517372796368952,,,,,,,,,,
2025-08-13 16:24:00,,,-0.3551275000000001,2.4604382023776514,,,,,,,,
2025-08-13 16:24:00,,,,,-0.32839740443022136,2.496295496055937,,,,,,
2025-08-13 16:24:00,,,,,,,-0.35048396688267447,2.450555485487997,,,,
2025-08-13 16:24:00,,,,,,,,,-0.3307383620850324,2.4926792455134303,,
2025-08-13 16:24:00,,,,,,,,,,,-0.351820347094693,2.449255878478628
2025-08-13 16:24:00,-0.3124812500000013,2.6012988041358183,,,,,,,,,,
2025-08-13 16:24:00,,,-0.34653000000000056,2.495882865759472,,,,,,,,
2025-08-13 16:24:00,,,,,-0.29290706802025235,2.5560049355962793,,,,,,
2025-08-13 16:24:00,,,,,,,-0.33883947930184427,2.478639335689143,,,,
2025-08-13 16:24:00,,,,,,,,,-0.29744541652046275,2.5516989060474584,,
2025-08-13 16:24:00,,,,,,,,,,,-0.34094971540015495,2.4770226998925233
2025-08-13 16:24:00,-0.3233750000000006,2.599967040055508,,,,,,,,,,
2025-08-13 16:24:00,,,-0.3401112500000009,2.5310611763252306,,,,,,,,
2025-08-13 16:24:00,,,,,-0.303205589800735,2.55289753190708,,,,,,
2025-08-13 16:24:00,,,,,,,-0.3280704788837488,2.5038239268044165,,,,
2025-08-13 16:24:00,,,,,,,,,-0.3076410610921689,2.548188658739275,,
2025-08-13 16:24:00,,,,,,,,,,,-0.3310176611514052,2.5008597998885476
2025-08-13 16:24:00,-0.3101750000000006,2.6418537940951614,,,,,,,,,,
2025-08-13 16:24:00,,,-0.32669750000000086,2.575275466506863,,,,,,,,
2025-08-13 16:24:00,,,,,-0.285481181070681,2.5825174488784426,,,,,,
2025-08-13 16:24:00,,,,,,,-0.30971796509788485,2.536170947942705,,,,
2025-08-13 16:24:00,,,,,,,,,-0.290961393489093,2.5777713431420555,,
2025-08-13 16:24:00,,,,,,,,,,,-0.3136000155046282,2.531956417858881
2025-08-13 16:24:00,-0.3101750000000006,2.6418537940951614,,,,,,,,,,
2025-08-13 16:24:00,,,-0.31889750000000083,2.6004692457501206,,,,,,,,
2025-08-13 16:24:00,,,,,-0.29482794436256243,2.6070449721063302,,,,,,
2025-08-13 16:24:00,,,,,,,-0.3009638375368905,2.558952076908814,,,,
2025-08-13 16:24:00,,,,,,,,,-0.2989699993587662,2.6026302027741446,,
2025-08-13 16:24:00,,,,,,,,,,,-0.3051512465091047,2.5545936712432726
2025-08-13 16:24:00,-0.29677500000000057,2.683640176956479,,,,,,,,,,
2025-08-13 16:24:00,,,-0.31059625000000074,2.6337227218676253,,,,,,,,
2025-08-13 16:24:00,,,,,-0.27678147068373526,2.6366649804212834,,,,,,
2025-08-13 16:24:00,,,,,,,-0.2906406507875932,2.5870259737818833,,,,
2025-08-13 16:24:00,,,,,,,,,-0.2816102173984056,2.6318085984845876,,
2025-08-13 16:24:00,,,,,,,,,,,-0.2953256175717793,2.5824195418375044
2025-08-13 16:24:00,-0.3186000000000003,2.681136706697367,,,,,,,,,,
2025-08-13 16:24:00,,,-0.31182000000000054,2.6496903023799354,,,,,,,,
2025-08-13 16:24:00,,,,,-0.2974080269801358,2.630680410199127,,,,,,
2025-08-13 16:24:00,,,,,,,-0.2915408425795699,2.6019610687024524,,,,
2025-08-13 16:24:00,,,,,,,,,-0.3022576828633631,2.6261032168417846,,
2025-08-13 16:24:00,,,,,,,,,,,-0.29628807084035935,2.597300403996369
2025-08-13 16:24:00,-0.3186000000000003,2.681136706697367,,,,,,,,,,
2025-08-13 16:24:00,,,-0.3108650000000005,2.6659242357083066,,,,,,,,
2025-08-13 16:24:00,,,,,-0.30524054522713207,2.6510375826004435,,,,,,
2025-08-13 16:24:00,,,,,,,-0.29194783366484933,2.6215890788411254,,,,
2025-08-13 16:24:00,,,,,,,,,-0.30882082832336466,2.646900420488265,,
2025-08-13 16:24:00,,,,,,,,,,,-0.2965240242865985,2.6170427563461676
2025-08-13 16:24:00,-0.32953124999999994,2.679815134533246,,,,,,,,,,
2025-08-13 16:24:00,,,-0.31473625000000033,2.6735165037959243,,,,,,,,
2025-08-13 16:24:00,,,,,-0.31552042422145044,2.6479824221621326,,,,,,
2025-08-13 16:24:00,,,,,,,-0.2979556822950032,2.6346820734978635,,,,
2025-08-13 16:24:00,,,,,,,,,-0.3188156021106986,2.6438805492885815,,
2025-08-13 16:24:00,,,,,,,,,,,-0.3020948660109196,2.630264597575473
2025-08-13 16:24:00,-0.31593124999999994,2.721725086277716,,,,,,,,,,
2025-08-13 16:24:00,,,-0.3158875000000002,2.6894907622324347,,,,,,,,
2025-08-13 16:24:00,,,,,-0.29729649921163076,2.6777849370513653,,,,,,
2025-08-13 16:24:00,,,,,,,-0.29844939326481684,2.6488300664868705,,,,
2025-08-13 16:24:00,,,,,,,,,-0.30182846545368425,2.6733254978632597,,
2025-08-13 16:24:00,,,,,,,,,,,-0.3026665592299032,2.644403656593296
2025-08-13 16:24:00,-0.31593124999999994,2.721725086277716,,,,,,,,,,
2025-08-13 16:24:00,,,-0.3197187500000001,2.6971077440966824,,,,,,,,
2025-08-13 16:24:00,,,,,-0.29729649921163076,2.6777849370513653,,,,,,
2025-08-13 16:24:00,,,,,,,-0.30255239897039593,2.6570540578128865,,,,
2025-08-13 16:24:00,,,,,,,,,-0.30182846545368425,2.6733254978632597,,
2025-08-13 16:24:00,,,,,,,,,,,-0.30671020884095895,2.6527070364690304
2025-08-13 16:24:00,-0.3021312500000001,2.763533373739756,,,,,,,,,,
2025-08-13 16:24:00,,,-0.31642500000000007,2.7135870775051596,,,,,,,,
2025-08-13 16:24:00,,,,,-0.2790912664327422,2.7073110696364564,,,,,,
2025-08-13 16:24:00,,,,,,,-0.2988890468609172,2.6723801897003527,,,,
2025-08-13 16:24:00,,,,,,,,,-0.28430634578480396,2.702328506961967,,
2025-08-13 16:24:00,,,,,,,,,,,-0.3031199414252471,2.667952094493067
2025-08-13 16:24:00,-0.3130750000000001,2.7623149792112773,,,,,,,,,,
2025-08-13 16:24:00,,,-0.31532,2.729822732007942,,,,,,,,
2025-08-13 16:24:00,,,,,-0.28945561733754743,2.7043859152686505,,,,,,
2025-08-13 16:24:00,,,,,,,-0.2957320612830003,2.6830498562339944,,,,
2025-08-13 16:24:00,,,,,,,,,-0.2948980070595071,2.6993089202518856,,
2025-08-13 16:24:00,,,,,,,,,,,-0.3003353771724756,2.6784337944457906
2025-08-13 16:24:00,-0.3061000000000001,2.783218063680961,,,,,,,,,,
2025-08-13 16:24:00,,,-0.31063375,2.7505033178374854,,,,,,,,
2025-08-13 16:24:00,,,,,-0.2803503193226641,2.719142322678827,,,,,,
2025-08-13 16:24:00,,,,,,,-0.2886980403032431,2.697281836337333,,,,
2025-08-13 16:24:00,,,,,,,,,-0.2859339673290963,2.714081857251418,,
2025-08-13 16:24:00,,,,,,,,,,,-0.29375905021615517,2.6924740560383578
2025-08-13 16:24:00,-0.3061000000000001,2.783218063680961,,,,,,,,,,
2025-08-13 16:24:00,,,-0.30866750000000004,2.762801913318134,,,,,,,,
2025-08-13 16:24:00,,,,,-0.2803503193226641,2.719142322678827,,,,,,
2025-08-13 16:24:00,,,,,,,-0.28530880432544975,2.7055533134628256,,,,
2025-08-13 16:24:00,,,,,,,,,-0.2859339673290963,2.714081857251418,,
2025-08-13 16:24:00,,,,,,,,,,,-0.2905801505912376,2.70062532791599
2025-08-13 16:24:00,-0.29200000000000004,2.8249488490944397,,,,,,,,,,
2025-08-13 16:24:00,,,-0.30388125000000005,2.783446665881479,,,,,,,,
2025-08-13 16:24:00,,,,,-0.26211595476435423,2.748534772841641,,,,,,
2025-08-13 16:24:00,,,,,,,-0.2782726954359944,2.7197032806208803,,,,
2025-08-13 16:24:00,,,,,,,,,-0.2677859611213208,2.7437864632704625,,
2025-08-13 16:24:00,,,,,,,,,,,-0.2837716497247649,2.7147175209974304
2025-08-13 16:24:00,-0.3029562499999996,2.8237948775691795,,,,,,,,,,
2025-08-13 16:24:00,,,-0.30404624999999996,2.7954989666473637,,,,,,,,
2025-08-13 16:24:00,,,,,-0.27261524907068785,2.745562938983512,,,,,,
2025-08-13 16:24:00,,,,,,,-0.27697749196358357,2.7273536544902917,,,,
2025-08-13 16:24:00,,,,,,,,,-0.27853695458893174,2.7409795581948897,,
2025-08-13 16:24:00,,,,,,,,,,,-0.2826177714855905,2.722447731244015
2025-08-13 16:24:00,-0.29583124999999966,2.8446588321841757,,,,,,,,,,
2025-08-13 16:24:00,,,-0.30059749999999985,2.811967737241943,,,,,,,,
2025-08-13 16:24:00,,,,,-0.2635003217197165,2.7602371604859357,,,,,,
2025-08-13 16:24:00,,,,,,,-0.27178643284001736,2.7385239035337485,,,,
2025-08-13 16:24:00,,,,,,,,,-0.2698968147734098,2.754965065144316,,
2025-08-13 16:24:00,,,,,,,,,,,-0.277617533028371,2.7335789602225007
2025-08-13 16:24:00,-0.29583124999999966,2.8446588321841757,,,,,,,,,,
2025-08-13 16:24:00,,,-0.2985437499999998,2.8242558909425868,,,,,,,,
2025-08-13 16:24:00,,,,,-0.2635003217197165,2.7602371604859357,,,,,,
2025-08-13 16:24:00,,,,,,,-0.2684164333194278,2.74674287109517,,,,
2025-08-13 16:24:00,,,,,,,,,-0.2698968147734098,2.754965065144316,,
2025-08-13 16:24:00,,,,,,,,,,,-0.2744101025172337,2.74175560180108
2025-08-13 16:24:00,-0.2814312499999996,2.886311911683046,,,,,,,,,,
2025-08-13 16:24:00,,,-0.2936099999999997,2.8448746605430033,,,,,,,,
2025-08-13 16:24:00,,,,,-0.24515007520950588,2.7895729868393535,,,,,,
2025-08-13 16:24:00,,,,,,,-0.2613763844967962,2.7608290039272756,,,,
2025-08-13 16:24:00,,,,,,,,,-0.25164503080341455,2.7849114944601006,,
2025-08-13 16:24:00,,,,,,,,,,,-0.2675523152120973,2.755921529242817
2025-08-13 16:24:00,-0.2814312499999996,2.886311911683046,,,,,,,,,,
2025-08-13 16:24:00,,,-0.2914962499999996,2.8571472730607246,,,,,,,,
2025-08-13 16:24:00,,,,,-0.27137097511764513,2.8635112095225126,,,,,,
2025-08-13 16:24:00,,,,,,,-0.2632273885674544,2.7838242912634494,,,,
2025-08-13 16:24:00,,,,,,,,,-0.2739794718495007,2.8595849765168126,,
2025-08-13 16:24:00,,,,,,,,,,,-0.26879101735773336,2.7790812318920866
2025-08-13 16:24:00,-0.2814312499999996,2.886311911683046,,,,,,,,,,
2025-08-13 16:24:00,,,-0.2871912499999996,2.869650679883498,,,,,,,,
2025-08-13 16:24:00,,,,,-0.2817547625872703,2.8869182242799116,,,,,,
2025-08-13 16:24:00,,,,,,,-0.2650552912707709,2.8120953483227296,,,,
2025-08-13 16:24:00,,,,,,,,,-0.28230005400448993,2.888864949610756,,
2025-08-13 16:24:00,,,,,,,,,,,-0.26954363724084496,2.80865831017526
2025-08-13 16:24:00,-0.2814312499999996,2.886311911683046,,,,,,,,,,
2025-08-13 16:24:00,,,-0.2843112499999996,2.877981295783272,,,,,,,,
2025-08-13 16:24:00,,,,,-0.2817547625872703,2.8869182242799116,,,,,,
2025-08-13 16:24:00,,,,,,,-0.26870617944428166,2.837431561081525,,,,
2025-08-13 16:24:00,,,,,,,,,-0.28230005400448993,2.888864949610756,,
2025-08-13 16:24:00,,,,,,,,,,,-0.272024285087061,2.8354382870685484
2025-08-13 16:24:00,-0.2594562499999996,2.948606866697549,,,,,,,,,,
2025-08-13 16:24:00,,,-0.27703624999999954,2.8987709026859467,,,,,,,,
2025-08-13 16:24:00,,,,,-0.25363937322777896,2.935890789305886,,,,,,
2025-08-13 16:24:00,,,,,,,-0.26673398974589413,2.8725622868455147,,,,
2025-08-13 16:24:00,,,,,,,,,-0.2546920871224252,2.9330767646465534,,
2025-08-13 16:24:00,,,,,,,,,,,-0.26898333955686404,2.8710606269689958
2025-08-13 16:24:00,-0.2520312499999996,2.9693231971315344,,,,,,,,,,
2025-08-13 16:24:00,,,-0.2711562499999996,2.915373159775644,,,,,,,,
2025-08-13 16:24:00,,,,,-0.24382520352084122,2.9508275276149534,,,,,,
2025-08-13 16:24:00,,,,,,,-0.26646901540816115,2.9048131950006346,,,,
2025-08-13 16:24:00,,,,,,,,,-0.24572729905880947,2.947503226813449,,
2025-08-13 16:24:00,,,,,,,,,,,-0.26779979320794306,2.9035789734396653
2025-08-13 16:24:00,-0.26299999999999957,2.968371775906785,,,,,,,,,,
2025-08-13 16:24:00,,,-0.2674699999999996,2.931785132620392,,,,,,,,
2025-08-13 16:24:00,,,,,-0.25409911249216616,2.948160867610819,,,,,,
2025-08-13 16:24:00,,,,,,,-0.26301464288306536,2.9217431266182965,,,,
2025-08-13 16:24:00,,,,,,,,,-0.25606099337339355,2.9449129351151973,,
2025-08-13 16:24:00,,,,,,,,,,,-0.26421609751272157,2.9206445651593427
2025-08-13 16:24:00,-0.24799999999999955,3.00979999335504,,,,,,,,,,
2025-08-13 16:24:00,,,-0.26078374999999954,2.9564827489547914,,,,,,,,
2025-08-13 16:24:00,,,,,-0.23453244803930917,2.9777320067724156,,,,,,
2025-08-13 16:24:00,,,,,,,-0.2535701799734732,2.939905883116797,,,,
2025-08-13 16:24:00,,,,,,,,,-0.23792756614684998,2.9734860946429453,,
2025-08-13 16:24:00,,,,,,,,,,,-0.25534159994119365,2.9375687941657804
2025-08-13 16:24:00,-0.24799999999999955,3.00979999335504,,,,,,,,,,
2025-08-13 16:24:00,,,-0.25409749999999953,2.9811803652891897,,,,,,,,
2025-08-13 16:24:00,,,,,-0.24586224571435236,3.0054009920807068,,,,,,
2025-08-13 16:24:00,,,,,,,-0.2463916765988896,2.963602436676956,,,,
2025-08-13 16:24:00,,,,,,,,,-0.2462164215087886,3.002518441399681,,
2025-08-13 16:24:00,,,,,,,,,,,-0.24812487344205336,2.9602994925235655
2025-08-13 16:24:00,-0.23279999999999956,3.0511316195798566,,,,,,,,,,
2025-08-13 16:24:00,,,-0.24876624999999955,3.001685315865651,,,,,,,,
2025-08-13 16:24:00,,,,,-0.22576761835633033,3.035244151484666,,,,,,
2025-08-13 16:24:00,,,,,,,-0.24081732562459984,2.9834731091127127,,,,
2025-08-13 16:24:00,,,,,,,,,-0.22774797340393027,3.0316994876391314,,
2025-08-13 16:24:00,,,,,,,,,,,-0.24273605069835438,2.9800240371220807
2025-08-13 16:24:00,-0.23279999999999956,3.0511316195798566,,,,,,,,,,
2025-08-13 16:24:00,,,-0.24491999999999958,3.0180470003553155,,,,,,,,
2025-08-13 16:24:00,,,,,-0.2325936199926593,3.05073511135536,,,,,,
2025-08-13 16:24:00,,,,,,,-0.2385710089189635,3.0034546258607935,,,,
2025-08-13 16:24:00,,,,,,,,,-0.23230647645950275,3.0487393391337685,,
2025-08-13 16:24:00,,,,,,,,,,,-0.24005188617849305,3.0002712595861447
2025-08-13 16:24:00,-0.21739999999999948,3.0923675784097853,,,,,,,,,,
2025-08-13 16:24:00,,,-0.2357999999999995,3.042846160855915,,,,,,,,
2025-08-13 16:24:00,,,,,-0.21213135691521284,3.0806502072477016,,,,,,
2025-08-13 16:24:00,,,,,,,-0.23017745780357277,3.02995249378817,,,,
2025-08-13 16:24:00,,,,,,,,,-0.2130673869714136,3.0777198482869466,,
2025-08-13 16:24:00,,,,,,,,,,,-0.23145316489809703,3.0268326422204943
2025-08-13 16:24:00,-0.21739999999999948,3.0923675784097853,,,,,,,,,,
2025-08-13 16:24:00,,,-0.22967999999999952,3.0593596778668646,,,,,,,,
2025-08-13 16:24:00,,,,,-0.21547229964764897,3.0883521720263056,,,,,,
2025-08-13 16:24:00,,,,,,,-0.2263654281252408,3.052076526838948,,,,
2025-08-13 16:24:00,,,,,,,,,-0.21581000971436448,3.0857809221126695,,
2025-08-13 16:24:00,,,,,,,,,,,-0.22702965361159996,3.0492916077144394
2025-08-13 16:24:00,-0.2096249999999995,3.112949944887486,,,,,,,,,,
2025-08-13 16:24:00,,,-0.2220049999999995,3.079989668173354,,,,,,,,
2025-08-13 16:24:00,,,,,-0.2052327386423009,3.1032569661779905,,,,,,
2025-08-13 16:24:00,,,,,,,-0.2182395267108305,3.0716477216584046,,,,
2025-08-13 16:24:00,,,,,,,,,-0.2064245271384711,3.100137158148957,,
2025-08-13 16:24:00,,,,,,,,,,,-0.21907127473753643,3.068815351064295
2025-08-13 16:24:00,-0.253625,3.109674317251728,,,,,,,,,,
2025-08-13 16:24:00,,,-0.2261699999999996,3.091698207707728,,,,,,,,
2025-08-13 16:24:00,,,,,-0.2464159964649377,3.0931821231330976,,,,,,
2025-08-13 16:24:00,,,,,,,-0.22236920233255195,3.083235315988091,,,,
2025-08-13 16:24:00,,,,,,,,,-0.24820304025504739,3.0899911403807883,,
2025-08-13 16:24:00,,,,,,,,,,,-0.22316228810775987,3.080473681612626
2025-08-13 16:24:00,-0.24186875000000008,3.1407004804300325,,,,,,,,,,
2025-08-13 16:24:00,,,-0.2279837499999997,3.109611979877763,,,,,,,,
2025-08-13 16:24:00,,,,,-0.231269238528597,3.1154504259713613,,,,,,
2025-08-13 16:24:00,,,,,,,-0.2221043260397395,3.0961783789112913,,,,
2025-08-13 16:24:00,,,,,,,,,-0.23390722583040602,3.1117624533755777,,
2025-08-13 16:24:00,,,,,,,,,,,-0.2234824379819405,3.0930783044609877
2025-08-13 16:24:00,-0.26394375000000014,3.1389223782750566,,,,,,,,,,
2025-08-13 16:24:00,,,-0.23729249999999985,3.1189229398508176,,,,,,,,
2025-08-13 16:24:00,,,,,-0.25204554715889455,3.1102495901305454,,,,,,
2025-08-13 16:24:00,,,,,,,-0.2300871640884758,3.1020982554878596,,,,
2025-08-13 16:24:00,,,,,,,,,-0.25551243578497385,3.106230245780032,,
2025-08-13 16:24:00,,,,,,,,,,,-0.23197144774465256,3.0987803839596046
2025-08-13 16:24:00,-0.2560437500000001,3.1596426377180595,,,,,,,,,,
2025-08-13 16:24:00,,,-0.24502124999999997,3.132377951712473,,,,,,,,
2025-08-13 16:24:00,,,,,-0.2419936280836396,3.125018822735904,,,,,,
2025-08-13 16:24:00,,,,,,,-0.23539142977567393,3.1094315856297796,,,,
2025-08-13 16:24:00,,,,,,,,,-0.24626268418550473,3.1203905769652187,,
2025-08-13 16:24:00,,,,,,,,,,,-0.23806198263888062,3.105702314930115
2025-08-13 16:24:00,-0.2781687499999992,3.157771705890633,,,,,,,,,,
2025-08-13 16:24:00,,,-0.2587299999999999,3.1413423039131017,,,,,,,,
2025-08-13 16:24:00,,,,,-0.2628982160684123,3.1196770908991427,,,,,,
2025-08-13 16:24:00,,,,,,,-0.24692452526089625,3.1127156105740097,,,,
2025-08-13 16:24:00,,,,,,,,,-0.2671153744569412,3.115245009547465,,
2025-08-13 16:24:00,,,,,,,,,,,-0.2502001521025746,3.1087238852098165
2025-08-13 16:24:00,-0.2581999999999991,3.2096312498478703,,,,,,,,,,
2025-08-13 16:24:00,,,-0.25964499999999974,3.1613336904323304,,,,,,,,
2025-08-13 16:24:00,,,,,-0.2378816793173623,3.156479752756525,,,,,,
2025-08-13 16:24:00,,,,,,,-0.2452176618313812,3.1253751364986955,,,,
2025-08-13 16:24:00,,,,,,,,,-0.2430725896501534,3.1518793690477986,,
2025-08-13 16:24:00,,,,,,,,,,,-0.2491740619815958,3.1211015309432186
2025-08-13 16:24:00,-0.25012499999999904,3.230330862988341,,,,,,,,,,
2025-08-13 16:24:00,,,-0.2612962499999995,3.179259766943992,,,,,,,,
2025-08-13 16:24:00,,,,,-0.22786793948933526,3.1711403910852853,,,,,,
2025-08-13 16:24:00,,,,,,,-0.24453740202352883,3.13651312952148,,,,
2025-08-13 16:24:00,,,,,,,,,-0.23359206515550524,3.1666167813746546,,
2025-08-13 16:24:00,,,,,,,,,,,-0.24911102984661565,3.1320723965430335
2025-08-13 16:24:00,-0.25012499999999904,3.230330862988341,,,,,,,,,,
2025-08-13 16:24:00,,,-0.2585324999999993,3.197541463886649,,,,,,,,
2025-08-13 16:24:00,,,,,-0.2453658822836906,3.2196359498229326,,,,,,
2025-08-13 16:24:00,,,,,,,-0.243201469048488,3.1583904014599584,,,,
2025-08-13 16:24:00,,,,,,,,,-0.24653616244755583,3.2165216410892628,,
2025-08-13 16:24:00,,,,,,,,,,,-0.24731577517913209,3.1541306756048804
2025-08-13 16:24:00,-0.22559999999999925,3.2922795507064704,,,,,,,,,,
2025-08-13 16:24:00,,,-0.25244374999999913,3.224068846484331,,,,,,,,
2025-08-13 16:24:00,,,,,-0.21417844464353938,3.2641420482769754,,,,,,
2025-08-13 16:24:00,,,,,,,-0.23763843236046797,3.1862150465681727,,,,
2025-08-13 16:24:00,,,,,,,,,-0.2176843106460564,3.259880184997434,,
2025-08-13 16:24:00,,,,,,,,,,,-0.24160010047124242,3.1820285972113234
2025-08-13 16:24:00,-0.22559999999999925,3.2922795507064704,,,,,,,,,,
2025-08-13 16:24:00,,,-0.24192999999999915,3.2509704154474988,,,,,,,,
2025-08-13 16:24:00,,,,,-0.23035752552480002,3.303156827726618,,,,,,
2025-08-13 16:24:00,,,,,,,-0.23113029425174553,3.2229109939336675,,,,
2025-08-13 16:24:00,,,,,,,,,-0.22908173892974779,3.3063637401162795,,
2025-08-13 16:24:00,,,,,,,,,,,-0.23399337336580373,3.220252343325086
2025-08-13 16:24:00,-0.2922750000000002,3.2870313847566166,,,,,,,,,,
2025-08-13 16:24:00,,,-0.24874499999999938,3.266450442429248,,,,,,,,
2025-08-13 16:24:00,,,,,-0.2927225831268368,3.287918383806906,,,,,,
2025-08-13 16:24:00,,,,,,,-0.24209847501364043,3.249198720143743,,,,
2025-08-13 16:24:00,,,,,,,,,-0.2926139558923246,3.2905319683550944,,
2025-08-13 16:24:00,,,,,,,,,,,-0.243901646614238,3.2479828631865444
2025-08-13 16:24:00,-0.2922750000000002,3.2870313847566166,,,,,,,,,,
2025-08-13 16:24:00,,,-0.2571749999999996,3.277790546782903,,,,,,,,
2025-08-13 16:24:00,,,,,-0.3090792515693612,3.331603012104797,,,,,,
2025-08-13 16:24:00,,,,,,,-0.25834073742964564,3.2812912443476456,,,,
2025-08-13 16:24:00,,,,,,,,,-0.3035249322688582,3.3361125949829353,,
2025-08-13 16:24:00,,,,,,,,,,,-0.2578882200369086,3.281882025908201
2025-08-13 16:24:00,-0.2922750000000002,3.2870313847566166,,,,,,,,,,
2025-08-13 16:24:00,,,-0.26560499999999976,3.2891306511365586,,,,,,,,
2025-08-13 16:24:00,,,,,-0.31509263868999116,3.352413367252421,,,,,,
2025-08-13 16:24:00,,,,,,,-0.2722860887109057,3.3078467278335437,,,,
2025-08-13 16:24:00,,,,,,,,,-0.30864370315656087,3.3571290666325826,,
2025-08-13 16:24:00,,,,,,,,,,,-0.2703097281787096,3.310003511016865
2025-08-13 16:24:00,-0.2922750000000002,3.2870313847566166,,,,,,,,,,
2025-08-13 16:24:00,,,-0.27893999999999997,3.2880810179465874,,,,,,,,
2025-08-13 16:24:00,,,,,-0.31824748491144383,3.3650933181382605,,,,,,
2025-08-13 16:24:00,,,,,,,-0.2930998967644866,3.3280369818058007,,,,
2025-08-13 16:24:00,,,,,,,,,-0.3108410961180928,3.3702518272820363,,
2025-08-13 16:24:00,,,,,,,,,,,-0.28894108527311685,3.3320778394737856
2025-08-13 16:24:00,-0.2922750000000002,3.2870313847566166,,,,,,,,,,
2025-08-13 16:24:00,,,-0.2922750000000002,3.2870313847566166,,,,,,,,
2025-08-13 16:24:00,,,,,-0.3221688001415396,3.382001620086468,,,,,,
2025-08-13 16:24:00,,,,,,,-0.31146215168783453,3.343805940277771,,,,
2025-08-13 16:24:00,,,,,,,,,-0.3149062742292883,3.3869777956506395,,
2025-08-13 16:24:00,,,,,,,,,,,-0.30610599233302493,3.348200650580657
2025-08-13 16:24:00,-0.2922750000000002,3.2870313847566166,,,,,,,,,,
2025-08-13 16:24:00,,,-0.2922750000000002,3.2870313847566166,,,,,,,,
2025-08-13 16:24:00,,,,,-0.32492293128232597,3.394718375098686,,,,,,
2025-08-13 16:24:00,,,,,,,-0.31790222131893237,3.3651659385361263,,,,
2025-08-13 16:24:00,,,,,,,,,-0.31710296861082354,3.399407030407846,,
2025-08-13 16:24:00,,,,,,,,,,,-0.3110037948767247,3.369975662991208
2025-08-13 16:24:00,-0.22467500000000007,3.452697661883386,,,,,,,,,,
2025-08-13 16:24:00,,,-0.27875500000000014,3.32016464018197,,,,,,,,
2025-08-13 16:24:00,,,,,-0.2452235647289134,3.5108269109239756,,,,,,
2025-08-13 16:24:00,,,,,,,-0.30513108395084276,3.401010718299962,,,,
2025-08-13 16:24:00,,,,,,,,,-0.2388465323182941,3.5159433868408043,,
2025-08-13 16:24:00,,,,,,,,,,,-0.2980681148866119,3.4059418213627817
2025-08-13 16:24:00,-0.22467500000000007,3.452697661883386,,,,,,,,,,
2025-08-13 16:24:00,,,-0.2652350000000001,3.3532978956073243,,,,,,,,
2025-08-13 16:24:00,,,,,-0.24857412998982184,3.523398509695985,,,,,,
2025-08-13 16:24:00,,,,,,,-0.29182738221080895,3.435207746788675,,,,
2025-08-13 16:24:00,,,,,,,,,-0.2414290763902665,3.528453281473591,,
2025-08-13 16:24:00,,,,,,,,,,,-0.28462518953335303,3.440206664330984
2025-08-13 16:24:00,-0.18080000000000007,3.5554059346296873,,,,,,,,,,
2025-08-13 16:24:00,,,-0.2429400000000001,3.406972805581938,,,,,,,,
2025-08-13 16:24:00,,,,,-0.19578449488740884,3.596034494421999,,,,,,
2025-08-13 16:24:00,,,,,,,-0.26733478420600193,3.4813959820454228,,,,
2025-08-13 16:24:00,,,,,,,,,-0.19083688842773447,3.6007436534341624,,
2025-08-13 16:24:00,,,,,,,,,,,-0.2606243479952814,3.4863050295614086
2025-08-13 16:24:00,-0.18080000000000007,3.5554059346296873,,,,,,,,,,
2025-08-13 16:24:00,,,-0.22064500000000012,3.460647715556553,,,,,,,,
2025-08-13 16:24:00,,,,,-0.20305800177342592,3.620754683219134,,,,,,
2025-08-13 16:24:00,,,,,,,-0.24351262453237918,3.5291465946719556,,,,
2025-08-13 16:24:00,,,,,,,,,-0.1963343101501466,3.6255371250329773,,
2025-08-13 16:24:00,,,,,,,,,,,-0.23690995517945307,3.534016895437876
2025-08-13 16:24:00,-0.16290000000000004,3.5963124989355415,,,,,,,,,,
2025-08-13 16:24:00,,,-0.19477000000000005,3.522503938392338,,,,,,,,
2025-08-13 16:24:00,,,,,-0.18168884222520146,3.649629250781873,,,,,,
2025-08-13 16:24:00,,,,,,,-0.2148658067209543,3.5801287698085935,,,,
2025-08-13 16:24:00,,,,,,,,,-0.1761168116855622,3.6539611369642677,,
2025-08-13 16:24:00,,,,,,,,,,,-0.20871272379440078,3.58492771674916
2025-08-13 16:24:00,-0.16290000000000004,3.5963124989355415,,,,,,,,,,
2025-08-13 16:24:00,,,-0.18241500000000005,3.551226905802769,,,,,,,,
2025-08-13 16:24:00,,,,,-0.18837062015172829,3.6746152372591254,,,,,,
2025-08-13 16:24:00,,,,,,,-0.20349521780551724,3.612886435075623,,,,
2025-08-13 16:24:00,,,,,,,,,-0.1814713942547147,3.6790264339235303,,
2025-08-13 16:24:00,,,,,,,,,,,-0.19723769618168488,3.6175443261657056
2025-08-13 16:24:00,-0.1402437500000001,3.647304715894456,,,,,,,,,,
2025-08-13 16:24:00,,,-0.16552875000000006,3.590148316604983,,,,,,,,
2025-08-13 16:24:00,,,,,-0.1616859342288735,3.7104930983196622,,,,,,
2025-08-13 16:24:00,,,,,,,-0.18611757865332762,3.650305352800358,,,,
2025-08-13 16:24:00,,,,,,,,,-0.15513666374981422,3.7151942765785506,,
2025-08-13 16:24:00,,,,,,,,,,,-0.17997921365359443,3.6548925251866975
2025-08-13 16:24:00,-0.1402437500000001,3.647304715894456,,,,,,,,,,
2025-08-13 16:24:00,,,-0.15741750000000007,3.6085280728579363,,,,,,,,
2025-08-13 16:24:00,,,,,-0.1649389218159764,3.7230078507990494,,,,,,
2025-08-13 16:24:00,,,,,,,-0.1799484640390411,3.675700024075769,,,,
2025-08-13 16:24:00,,,,,,,,,-0.15787824705958367,3.727488820082121,,
2025-08-13 16:24:00,,,,,,,,,,,-0.17338748537996426,3.6802415585162898
2025-08-13 16:24:00,-0.10799999999999998,3.7184319275737727,,,,,,,,,,
2025-08-13 16:24:00,,,-0.14285750000000005,3.6411332714467535,,,,,,,,
2025-08-13 16:24:00,,,,,-0.12686675891712812,3.7731672163934045,,,,,,
2025-08-13 16:24:00,,,,,,,-0.16471021546778158,3.7061825307106226,,,,
2025-08-13 16:24:00,,,,,,,,,-0.12107437591552735,3.77760762610379,,
2025-08-13 16:24:00,,,,,,,,,,,-0.15833549853304044,3.7106556587304516
2025-08-13 16:24:00,-0.10799999999999998,3.7184319275737727,,,,,,,,,,
2025-08-13 16:24:00,,,-0.13187750000000004,3.6655571571744,,,,,,,,
2025-08-13 16:24:00,,,,,-0.12918735383628727,3.7814225037200595,,,,,,
2025-08-13 16:24:00,,,,,,,-0.15420991778999876,3.7325411812982603,,,,
2025-08-13 16:24:00,,,,,,,,,-0.12254241800308235,3.786393092468618,,
2025-08-13 16:24:00,,,,,,,,,,,-0.14762061979654448,3.737142049831322
2025-08-13 16:24:00,-0.07987500000000014,3.7791559883623487,,,,,,,,,,
2025-08-13 16:24:00,,,-0.11527250000000007,3.7021258550597613,,,,,,,,
2025-08-13 16:24:00,,,,,-0.09576537436278675,3.824454866848093,,,,,,
2025-08-13 16:24:00,,,,,,,-0.1356888686322104,3.7625091072160535,,,,
2025-08-13 16:24:00,,,,,,,,,-0.0904018000602724,3.8289500129587664,,
2025-08-13 16:24:00,,,,,,,,,,,-0.129406700957656,3.767126765638369
2025-08-13 16:24:00,-0.07987500000000014,3.7791559883623487,,,,,,,,,,
2025-08-13 16:24:00,,,-0.10319875000000008,3.7284961095533395,,,,,,,,
2025-08-13 16:24:00,,,,,-0.10679416922722637,3.865882409869785,,,,,,
2025-08-13 16:24:00,,,,,,,-0.12471051563188099,3.7935869695260775,,,,
2025-08-13 16:24:00,,,,,,,,,-0.09964162795543699,3.8706636812186774,,
2025-08-13 16:24:00,,,,,,,,,,,-0.11830769379878055,3.7982206465663944
2025-08-13 16:24:00,-0.03200000000000014,3.879868038993079,,,,,,,,,,
2025-08-13 16:24:00,,,-0.08155000000000008,3.775008774173064,,,,,,,,
2025-08-13 16:24:00,,,,,-0.05097276452714737,3.9368804068747107,,,,,,
2025-08-13 16:24:00,,,,,,,-0.10191728417411519,3.8363614807412105,,,,
2025-08-13 16:24:00,,,,,,,,,-0.04535828018188484,3.940981429400095,,
2025-08-13 16:24:00,,,,,,,,,,,-0.09580370042324078,3.84091916842999
2025-08-13 16:24:00,-0.03200000000000014,3.879868038993079,,,,,,,,,,
2025-08-13 16:24:00,,,-0.0663500000000001,3.8072959964569257,,,,,,,,
2025-08-13 16:24:00,,,,,-0.059440853914220826,3.969994131242241,,,,,,
2025-08-13 16:24:00,,,,,,,-0.08843210317353371,3.8757268637109776,,,,
2025-08-13 16:24:00,,,,,,,,,-0.05190621337890663,3.974410813420434,,
2025-08-13 16:24:00,,,,,,,,,,,-0.08197006791591664,3.8802798058933177
2025-08-13 16:24:00,-0.15540624999999963,3.8768864953027626,,,,,,,,,,
2025-08-13 16:24:00,,,-0.07583125000000004,3.838986910002723,,,,,,,,
2025-08-13 16:24:00,,,,,-0.1773309749992959,3.9467326358982744,,,,,,
2025-08-13 16:24:00,,,,,,,-0.09806082740613545,3.908788890146621,,,,
2025-08-13 16:24:00,,,,,,,,,-0.17022075728326994,3.9517443575888027,,
2025-08-13 16:24:00,,,,,,,,,,,-0.09150573577195416,3.913350058917355
2025-08-13 16:24:00,-0.15540624999999963,3.8768864953027626,,,,,,,,,,
2025-08-13 16:24:00,,,-0.09093749999999994,3.8585330113908065,,,,,,,,
2025-08-13 16:24:00,,,,,-0.17917067025261957,3.95515966152902,,,,,,
2025-08-13 16:24:00,,,,,,,-0.114741886584102,3.934929849082806,,,,
2025-08-13 16:24:00,,,,,,,,,-0.17152530680755113,3.9598535017971823,,
2025-08-13 16:24:00,,,,,,,,,,,-0.10773043712140991,3.9395307566850386
2025-08-13 16:24:00,-0.22335625000000026,3.873565797244954,,,,,,,,,,
2025-08-13 16:24:00,,,-0.11963374999999996,3.8774149731673275,,,,,,,,
2025-08-13 16:24:00,,,,,-0.24426402278522552,3.941095569260169,,,,,,
2025-08-13 16:24:00,,,,,,,-0.14223585729570182,3.9499724809608834,,,,
2025-08-13 16:24:00,,,,,,,,,-0.23721283400774035,3.945660247336347,,
2025-08-13 16:24:00,,,,,,,,,,,-0.13524467833187057,3.9545300699085724
2025-08-13 16:24:00,-0.22335625000000026,3.873565797244954,,,,,,,,,,
2025-08-13 16:24:00,,,-0.157905,3.8761545248177027,,,,,,,,
2025-08-13 16:24:00,,,,,-0.2460547611993763,3.949504337065474,,,,,,
2025-08-13 16:24:00,,,,,,,-0.1812522566301476,3.9524972669990355,,,,
2025-08-13 16:24:00,,,,,,,,,-0.23876684203565135,3.9539565025123684,,
2025-08-13 16:24:00,,,,,,,,,,,-0.1739263907026239,3.9571250845310266
2025-08-13 16:24:00,-0.2803250000000005,3.869860190546294,,,,,,,,,,
2025-08-13 16:24:00,,,-0.20757000000000003,3.874152955128346,,,,,,,,
2025-08-13 16:24:00,,,,,-0.3007962468343536,3.936956310205888,,,,,,
2025-08-13 16:24:00,,,,,,,-0.22952333521417417,3.945889702791765,,,,
2025-08-13 16:24:00,,,,,,,,,-0.2927856392151123,3.941931250967336,,
2025-08-13 16:24:00,,,,,,,,,,,-0.22210227586986503,3.950629172040407
2025-08-13 16:24:00,-0.2803250000000005,3.869860190546294,,,,,,,,,,
2025-08-13 16:24:00,,,-0.2325537500000002,3.872747694177052,,,,,,,,
2025-08-13 16:24:00,,,,,-0.30319764538106886,3.949706044170761,,,,,,
2025-08-13 16:24:00,,,,,,,-0.25469666929052875,3.9464843844462623,,,,
2025-08-13 16:24:00,,,,,,,,,-0.29507480080366194,3.9549865153745403,,
2025-08-13 16:24:00,,,,,,,,,,,-0.24707308457394342,3.9512776035975548
2025-08-13 16:24:00,-0.360606250000001,3.8632063279691566,,,,,,,,,,
2025-08-13 16:24:00,,,-0.27359375000000047,3.8700116607103303,,,,,,,,
2025-08-13 16:24:00,,,,,-0.38049883667272577,3.930966799110373,,,,,,
2025-08-13 16:24:00,,,,,,,-0.29496230257455003,3.9416458119625326,,,,
2025-08-13 16:24:00,,,,,,,,,-0.37284363319657843,3.9361551218717574,,
2025-08-13 16:24:00,,,,,,,,,,,-0.28733674985174884,3.9465379276124692
2025-08-13 16:24:00,-0.2560000000000011,4.081980401716794,,,,,,,,,,
2025-08-13 16:24:00,,,-0.28012250000000066,3.9116945816046984,,,,,,,,
2025-08-13 16:24:00,,,,,-0.2583859172179242,4.087720372360672,,,,,,
2025-08-13 16:24:00,,,,,,,-0.2977866814610897,3.9709707725826333,,,,
2025-08-13 16:24:00,,,,,,,,,-0.2573944396972667,4.0903452273357175,,
2025-08-13 16:24:00,,,,,,,,,,,-0.29137307098965415,3.9754749236123437
2025-08-13 16:24:00,-0.2560000000000011,4.081980401716794,,,,,,,,,,
2025-08-13 16:24:00,,,-0.28665125000000086,3.953377502499067,,,,,,,,
2025-08-13 16:24:00,,,,,-0.26254129468558485,4.0994096266704405,,,,,,
2025-08-13 16:24:00,,,,,,,-0.3010839881583315,4.0009518305036265,,,,
2025-08-13 16:24:00,,,,,,,,,-0.2592371559143078,4.103274916880753,,
2025-08-13 16:24:00,,,,,,,,,,,-0.29546713376538547,4.005338606486021
2025-08-13 16:24:00,-0.2675187500000007,4.081241688309874,,,,,,,,,,
2025-08-13 16:24:00,,,-0.2840900000000009,3.9956538020517827,,,,,,,,
2025-08-13 16:24:00,,,,,-0.2735053262160166,4.097006569536263,,,,,,
2025-08-13 16:24:00,,,,,,,-0.2956258040346641,4.032961882369702,,,,
2025-08-13 16:24:00,,,,,,,,,-0.27072039971292083,4.100244066936378,,
2025-08-13 16:24:00,,,,,,,,,,,-0.2910540858649472,4.0370011696798285
2025-08-13 16:24:00,-0.2675187500000007,4.081241688309874,,,,,,,,,,
2025-08-13 16:24:00,,,-0.2815287500000009,4.037930101604498,,,,,,,,
2025-08-13 16:24:00,,,,,-0.2773303716493168,4.108931387293406,,,,,,
2025-08-13 16:24:00,,,,,,,-0.29045234928831365,4.064806950994231,,,,
2025-08-13 16:24:00,,,,,,,,,-0.27252255467189546,4.113236610541259,,
2025-08-13 16:24:00,,,,,,,,,,,-0.28654363663859383,4.068651188713173
2025-08-13 16:24:00,-0.30215000000000014,4.078824018942224,,,,,,,,,,
2025-08-13 16:24:00,,,-0.26983750000000073,4.081053639799112,,,,,,,,
2025-08-13 16:24:00,,,,,-0.3104057322081617,4.1014473421893625,,,,,,
2025-08-13 16:24:00,,,,,,,-0.2764337283954008,4.098903059610029,,,,
2025-08-13 16:24:00,,,,,,,,,-0.3061697156834604,4.105538477135898,,
2025-08-13 16:24:00,,,,,,,,,,,-0.27320885313597026,4.102527859766001
2025-08-13 16:24:00,-0.24515624999999996,4.192838944329479,,,,,,,,,,
2025-08-13 16:24:00,,,-0.2676687500000005,4.103225348321649,,,,,,,,
2025-08-13 16:24:00,,,,,-0.24346746432125632,4.188811563555077,,,,,,
2025-08-13 16:24:00,,,,,,,-0.27345003781606725,4.11912129784891,,,,
2025-08-13 16:24:00,,,,,,,,,-0.24401084424555303,4.186018127649298,,
2025-08-13 16:24:00,,,,,,,,,,,-0.27053213404562754,4.121662439828717
2025-08-13 16:24:00,-0.24515624999999996,4.192838944329479,,,,,,,,,,
2025-08-13 16:24:00,,,-0.2655000000000003,4.125397056844186,,,,,,,,
2025-08-13 16:24:00,,,,,-0.24947240589031033,4.203997429067148,,,,,,
2025-08-13 16:24:00,,,,,,,-0.27083626005701233,4.140038858328252,,,,
2025-08-13 16:24:00,,,,,,,,,-0.2476077385609969,4.207015640728894,,
2025-08-13 16:24:00,,,,,,,,,,,-0.26820625057496533,4.142410584598346
2025-08-13 16:24:00,-0.2683062499999993,4.191421209591198,,,,,,,,,,
2025-08-13 16:24:00,,,-0.2656575,4.147432961100451,,,,,,,,
2025-08-13 16:24:00,,,,,-0.2714634550666376,4.199306151300439,,,,,,
2025-08-13 16:24:00,,,,,,,-0.27042788582713656,4.160498774681086,,,,
2025-08-13 16:24:00,,,,,,,,,-0.27026266786418784,4.202116753372511,,
2025-08-13 16:24:00,,,,,,,,,,,-0.26811470420521877,4.162785121885571
2025-08-13 16:24:00,-0.21518124999999944,4.294612558735472,,,,,,,,,,
2025-08-13 16:24:00,,,-0.25518999999999975,4.1901071351855705,,,,,,,,
2025-08-13 16:24:00,,,,,-0.2094170860371871,4.278901964289385,,,,,,
2025-08-13 16:24:00,,,,,,,-0.2568452287047106,4.194492890080283,,,,
2025-08-13 16:24:00,,,,,,,,,-0.21195280967038074,4.275527235993205,,
2025-08-13 16:24:00,,,,,,,,,,,-0.25600075520491583,4.195243246975961
2025-08-13 16:24:00,-0.21518124999999944,4.294612558735472,,,,,,,,,,
2025-08-13 16:24:00,,,-0.23779624999999963,4.23326484314422,,,,,,,,
2025-08-13 16:24:00,,,,,-0.21351174868335798,4.29055915932655,,,,,,
2025-08-13 16:24:00,,,,,,,-0.23746643199974987,4.2323152535077195,,,,
2025-08-13 16:24:00,,,,,,,,,-0.2144220035660261,4.288038202580761,,
2025-08-13 16:24:00,,,,,,,,,,,-0.23765121278142892,4.231743192064934
2025-08-13 16:24:00,-0.25000000000000067,4.292726406376255,,,,,,,,,,
2025-08-13 16:24:00,,,-0.23876499999999976,4.253242335553575,,,,,,,,
2025-08-13 16:24:00,,,,,-0.2465270952182991,4.283827996902219,,,,,,
2025-08-13 16:24:00,,,,,,,-0.23807835817915843,4.251318540177148,,,,
2025-08-13 16:24:00,,,,,,,,,-0.24862489104271002,4.280610414368056,,
2025-08-13 16:24:00,,,,,,,,,,,-0.23857402214086032,4.250661649408686
2025-08-13 16:24:00,-0.22296875000000083,4.344281866606198,,,,,,,,,,
2025-08-13 16:24:00,,,-0.23432749999999994,4.2835309200089196,,,,,,,,
2025-08-13 16:24:00,,,,,-0.21493863856688367,4.321311692904449,,,,,,
2025-08-13 16:24:00,,,,,,,-0.2311716047144731,4.274781392944608,,,,
2025-08-13 16:24:00,,,,,,,,,-0.21911082878208332,4.317284905373241,,
2025-08-13 16:24:00,,,,,,,,,,,-0.23287464018507759,4.272715502337555
2025-08-13 16:24:00,-0.22296875000000083,4.344281866606198,,,,,,,,,,
2025-08-13 16:24:00,,,-0.22526000000000024,4.314103051411919,,,,,,,,
2025-08-13 16:24:00,,,,,-0.22153011264396244,4.340806529052958,,,,,,
2025-08-13 16:24:00,,,,,,,-0.22118493622993807,4.303081468495112,,,,
2025-08-13 16:24:00,,,,,,,,,-0.22229127501323903,4.338316110500948,,
2025-08-13 16:24:00,,,,,,,,,,,-0.22328036161488782,4.299955373763242
2025-08-13 16:24:00,-0.23460000000000059,4.343669282991051,,,,,,,,,,
2025-08-13 16:24:00,,,-0.22914375000000048,4.323914396263035,,,,,,,,
2025-08-13 16:24:00,,,,,-0.23255247231446063,4.338612153628049,,,,,,
2025-08-13 16:24:00,,,,,,,-0.2258120134853928,4.315023506362845,,,,
2025-08-13 16:24:00,,,,,,,,,-0.23364141187906323,4.33561087954873,,
2025-08-13 16:24:00,,,,,,,,,,,-0.22761808205662434,4.311972102474347
2025-08-13 16:24:00,-0.20725625000000014,4.395116021999413,,,,,,,,,,
2025-08-13 16:24:00,,,-0.22755875000000061,4.344015088915823,,,,,,,,
2025-08-13 16:24:00,,,,,-0.2005309996302209,4.376206420675987,,,,,,
2025-08-13 16:24:00,,,,,,,-0.22321586367476534,4.332152958632732,,,,
2025-08-13 16:24:00,,,,,,,,,-0.20478203050347088,4.371819482504279,,
2025-08-13 16:24:00,,,,,,,,,,,-0.2256900874441133,4.328728358459051
2025-08-13 16:24:00,-0.23055625000000002,4.39395537250732,,,,,,,,,,
2025-08-13 16:24:00,,,-0.22367000000000048,4.364260882142036,,,,,,,,
2025-08-13 16:24:00,,,,,-0.22277767890208672,4.371669578506325,,,,,,
2025-08-13 16:24:00,,,,,,,-0.2184659804115229,4.349721274953554,,,,
2025-08-13 16:24:00,,,,,,,,,-0.22624519359350206,4.367636293200104,,
2025-08-13 16:24:00,,,,,,,,,,,-0.2212141479542717,4.34613353422546
2025-08-13 16:24:00,-0.2539062499999998,4.3926679383047995,,,,,,,,,,
2025-08-13 16:24:00,,,-0.22985750000000027,4.373938096481757,,,,,,,,
2025-08-13 16:24:00,,,,,-0.2451000307853211,4.36708293693577,,,,,,
2025-08-13 16:24:00,,,,,,,-0.22449825885521033,4.358875523759818,,,,
2025-08-13 16:24:00,,,,,,,,,-0.24988935864530482,4.362893484612552,,
2025-08-13 16:24:00,,,,,,,,,,,-0.227369853926916,4.355255250073323
2025-08-13 16:24:00,-0.2539062499999998,4.3926679383047995,,,,,,,,,,
2025-08-13 16:24:00,,,-0.23604500000000006,4.383615310821478,,,,,,,,
2025-08-13 16:24:00,,,,,-0.25738769558795155,4.401707277723072,,,,,,
2025-08-13 16:24:00,,,,,,,-0.23166977544400816,4.37105567349384,,,,
2025-08-13 16:24:00,,,,,,,,,-0.2558667481644077,4.404889279169135,,
2025-08-13 16:24:00,,,,,,,,,,,-0.23408494855714973,4.36856988380696
2025-08-13 16:24:00,-0.26559999999999895,4.391976393379181,,,,,,,,,,
2025-08-13 16:24:00,,,-0.24224499999999974,4.3932767328991025,,,,,,,,
2025-08-13 16:24:00,,,,,-0.2685202384093846,4.399424233468747,,,,,,
2025-08-13 16:24:00,,,,,,,-0.23886332866299295,4.38321808946198,,,,
2025-08-13 16:24:00,,,,,,,,,-0.2673548719787586,4.402288936369044,,
2025-08-13 16:24:00,,,,,,,,,,,-0.24082764057708878,4.381905495171022
2025-08-13 16:24:00,-0.26559999999999895,4.391976393379181,,,,,,,,,,
2025-08-13 16:24:00,,,-0.2539137499999995,4.392648807175056,,,,,,,,
2025-08-13 16:24:00,,,,,-0.27591773965860367,4.42308894891912,,,,,,
2025-08-13 16:24:00,,,,,,,-0.2539406766686695,4.392594595110607,,,,
2025-08-13 16:24:00,,,,,,,,,-0.26996902021407976,4.427838616603084,,
2025-08-13 16:24:00,,,,,,,,,,,-0.2538650385192106,4.393109321990783
2025-08-13 16:24:00,-0.2890250000000003,4.390497073154132,,,,,,,,,,
2025-08-13 16:24:00,,,-0.26560749999999955,4.391957147304419,,,,,,,,
2025-08-13 16:24:00,,,,,-0.2984023381992988,4.4182436360127255,,,,,,
2025-08-13 16:24:00,,,,,,,-0.26906560852811195,4.401909406611887,,,,
2025-08-13 16:24:00,,,,,,,,,-0.2932199551391605,4.4229756037489985,,
2025-08-13 16:24:00,,,,,,,,,,,-0.2672599908283423,4.404177184100563
2025-08-13 16:24:00,-0.2890250000000003,4.390497073154132,,,,,,,,,,
2025-08-13 16:24:00,,,-0.27263124999999966,4.391522974274286,,,,,,,,
2025-08-13 16:24:00,,,,,-0.3044222149360454,4.4428181321468765,,,,,,
2025-08-13 16:24:00,,,,,,,-0.2809300453582568,4.417056445654108,,,,
2025-08-13 16:24:00,,,,,,,,,-0.2962529808240386,4.44795636519115,,
2025-08-13 16:24:00,,,,,,,,,,,-0.276532715264089,4.421189760216282
2025-08-13 16:24:00,-0.31250000000000067,4.388888669127984,,,,,,,,,,
2025-08-13 16:24:00,,,-0.2843499999999998,4.390767120438922,,,,,,,,
2025-08-13 16:24:00,,,,,-0.32712901568088326,4.437765994915607,,,,,,
2025-08-13 16:24:00,,,,,,,-0.2948783093768431,4.424268189092616,,,,
2025-08-13 16:24:00,,,,,,,,,-0.31921603833325274,4.443269856065895,,
2025-08-13 16:24:00,,,,,,,,,,,-0.28920257329785803,4.428865875595635
2025-08-13 16:24:00,-0.31250000000000067,4.388888669127984,,,,,,,,,,
2025-08-13 16:24:00,,,-0.29373000000000016,4.390149575588683,,,,,,,,
2025-08-13 16:24:00,,,,,-0.3306435055134772,4.458964311452376,,,,,,
2025-08-13 16:24:00,,,,,,,-0.30730296279766167,4.436176204689341,,,,
2025-08-13 16:24:00,,,,,,,,,-0.3224348612129695,4.463910309804833,,
2025-08-13 16:24:00,,,,,,,,,,,-0.3002185711447002,4.441190150282791
2025-08-13 16:24:00,-0.32425625000000013,4.388035766073009,,,,,,,,,,
2025-08-13 16:24:00,,,-0.3054612500000004,4.389361450127448,,,,,,,,
2025-08-13 16:24:00,,,,,-0.34211304687692246,4.45635683714912,,,,,,
2025-08-13 16:24:00,,,,,,,-0.32054202424132544,4.442829782335341,,,,
2025-08-13 16:24:00,,,,,,,,,-0.33291852136820566,4.461875385031275,,
2025-08-13 16:24:00,,,,,,,,,,,-0.3128084713755254,4.4479975039684305
2025-08-13 16:24:00,-0.32425625000000013,4.388035766073009,,,,,,,,,,
2025-08-13 16:24:00,,,-0.3125075000000004,4.388869188711224,,,,,,,,
2025-08-13 16:24:00,,,,,-0.345294675834473,4.481885272512782,,,,,,
2025-08-13 16:24:00,,,,,,,-0.3299204917683603,4.455558109635352,,,,
2025-08-13 16:24:00,,,,,,,,,-0.3364837750805917,4.486809213483578,,
2025-08-13 16:24:00,,,,,,,,,,,-0.3214612353638116,4.460764225915346
2025-08-13 16:24:00,-0.34780624999999943,4.386231960631009,,,,,,,,,,
2025-08-13 16:24:00,,,-0.3242637500000002,4.388016166206599,,,,,,,,
2025-08-13 16:24:00,,,,,-0.3681736261764956,4.47669613445048,,,,,,
2025-08-13 16:24:00,,,,,,,-0.3426707740164503,4.462333710096073,,,,
2025-08-13 16:24:00,,,,,,,,,-0.358893029053993,4.481639656676085,,
2025-08-13 16:24:00,,,,,,,,,,,-0.33398924500980254,4.467500884212333
2025-08-13 16:24:00,-0.34780624999999943,4.386231960631009,,,,,,,,,,
2025-08-13 16:24:00,,,-0.331325,4.387484824507204,,,,,,,,
2025-08-13 16:24:00,,,,,-0.3710252007392075,4.502187799337197,,,,,,
2025-08-13 16:24:00,,,,,,,-0.35145001102811513,4.475218070980391,,,,
2025-08-13 16:24:00,,,,,,,,,-0.36146555044854006,4.507591765799984,,
2025-08-13 16:24:00,,,,,,,,,,,-0.34243914743285997,4.480365266159151
2025-08-13 16:24:00,-0.34780624999999943,4.386231960631009,,,,,,,,,,
2025-08-13 16:24:00,,,-0.3383862499999997,4.386953482807809,,,,,,,,
2025-08-13 16:24:00,,,,,-0.3750546458705516,4.540412120945164,,,,,,
2025-08-13 16:24:00,,,,,,,-0.36033223909953005,4.491507632878948,,,,
2025-08-13 16:24:00,,,,,,,,,-0.36620007380373626,4.545404134248802,,
2025-08-13 16:24:00,,,,,,,,,,,-0.35119218995101337,4.496664031047945
2025-08-13 16:24:00,-0.35959999999999925,4.385280816549837,,,,,,,,,,
2025-08-13 16:24:00,,,-0.3454549999999995,4.386402492903175,,,,,,,,
2025-08-13 16:24:00,,,,,-0.38650509944620814,4.537792622810889,,,,,,
2025-08-13 16:24:00,,,,,,,-0.3692106496133872,4.507794790011301,,,,
2025-08-13 16:24:00,,,,,,,,,-0.37693915419578505,4.5431748226346516,,
2025-08-13 16:24:00,,,,,,,,,,,-0.3599963165165292,4.51292391856862
2025-08-13 16:24:00,-0.35959999999999925,4.385280816549837,,,,,,,,,,
2025-08-13 16:24:00,,,-0.35252374999999936,4.38585150299854,,,,,,,,
2025-08-13 16:24:00,,,,,-0.387755650072386,4.550562781990994,,,,,,
2025-08-13 16:24:00,,,,,,,-0.3777028444609698,4.521530291906945,,,,
2025-08-13 16:24:00,,,,,,,,,-0.3789491453868143,4.555618762581444,,
2025-08-13 16:24:00,,,,,,,,,,,-0.36848939057777375,4.526685828388193
2025-08-13 16:24:00,-0.38322500000000104,4.38327943432483,,,,,,,,,,
2025-08-13 16:24:00,,,-0.3596074999999997,4.385260997737304,,,,,,,,
2025-08-13 16:24:00,,,,,-0.410510653502394,4.54535352693272,,,,,,
2025-08-13 16:24:00,,,,,,,-0.38617024992614946,4.535261770403393,,,,
2025-08-13 16:24:00,,,,,,,,,-0.40159085536122424,4.550364122486483,,
2025-08-13 16:24:00,,,,,,,,,,,-0.37702895583921997,4.540430721550273
2025-08-13 16:24:00,-0.38322500000000104,4.38327943432483,,,,,,,,,,
2025-08-13 16:24:00,,,-0.36669125,4.384670492476069,,,,,,,,
2025-08-13 16:24:00,,,,,-0.4126654721723495,4.562091141912486,,,,,,
2025-08-13 16:24:00,,,,,,,-0.3944983042127779,4.547242438918451,,,,
2025-08-13 16:24:00,,,,,,,,,-0.4029023693323147,4.567876322397806,,
2025-08-13 16:24:00,,,,,,,,,,,-0.3853163196159749,4.552487632869837
2025-08-13 16:24:00,-0.40690000000000004,4.381145100313388,,,,,,,,,,
2025-08-13 16:24:00,,,-0.3785100000000001,4.383653120412545,,,,,,,,
2025-08-13 16:24:00,,,,,-0.43545475894215924,4.556790018323397,,,,,,
2025-08-13 16:24:00,,,,,,,-0.4065783268270994,4.550518018394097,,,,
2025-08-13 16:24:00,,,,,,,,,-0.4255606340698899,4.562516231420861,,
2025-08-13 16:24:00,,,,,,,,,,,-0.3971884316692056,4.55591005230425
2025-08-13 16:24:00,-0.40690000000000004,4.381145100313388,,,,,,,,,,
2025-08-13 16:24:00,,,-0.38797000000000026,4.382825977165256,,,,,,,,
2025-08-13 16:24:00,,,,,-0.43923384687328926,4.581556536494271,,,,,,
2025-08-13 16:24:00,,,,,,,-0.4171240763125157,4.559270801130774,,,,
2025-08-13 16:24:00,,,,,,,,,-0.42827701918602,4.587698717226338,,
2025-08-13 16:24:00,,,,,,,,,,,-0.4074560046672526,4.564814831222586
2025-08-13 16:24:00,-0.1101437500000002,4.908764442742791,,,,,,,,,,
2025-08-13 16:24:00,,,-0.3380787500000005,4.4875227024038455,,,,,,,,
2025-08-13 16:24:00,,,,,-0.12317448483994325,4.95509288814242,,,,,,
2025-08-13 16:24:00,,,,,,,-0.36420784326602706,4.640176822361059,,,,
2025-08-13 16:24:00,,,,,,,,,-0.11571292235076448,4.959865260331685,,
2025-08-13 16:24:00,,,,,,,,,,,-0.3548087600600427,4.645664130772635
2025-08-13 16:24:00,-0.1101437500000002,4.908764442742791,,,,,,,,,,
2025-08-13 16:24:00,,,-0.2834625000000003,4.592619704087437,,,,,,,,
2025-08-13 16:24:00,,,,,-0.129328237305181,4.996882774708039,,,,,,
2025-08-13 16:24:00,,,,,,,-0.30797136002658443,4.730482671916123,,,,
2025-08-13 16:24:00,,,,,,,,,-0.12023800553083445,5.001444186444385,,
2025-08-13 16:24:00,,,,,,,,,,,-0.29853819009396476,4.735880143564215
2025-08-13 16:24:00,-0.14575000000000005,4.907836278595691,,,,,,,,,,
2025-08-13 16:24:00,,,-0.2359675000000001,4.69753107294161,,,,,,,,
2025-08-13 16:24:00,,,,,-0.16410195953764015,4.990653469143042,,,,,,
2025-08-13 16:24:00,,,,,,,-0.25825865749964255,4.816195137362234,,,,
2025-08-13 16:24:00,,,,,,,,,-0.1543919141948223,4.995768173636357,,
2025-08-13 16:24:00,,,,,,,,,,,-0.24883609906646625,4.821458513811925
2025-08-13 16:24:00,-0.14575000000000005,4.907836278595691,,,,,,,,,,
2025-08-13 16:24:00,,,-0.1837375000000001,4.802869308598071,,,,,,,,
2025-08-13 16:24:00,,,,,-0.16698571526038014,5.020047684223135,,,,,,
2025-08-13 16:24:00,,,,,,,-0.20456484876328673,4.9088466705421805,,,,
2025-08-13 16:24:00,,,,,,,,,-0.1571398253560066,5.024871148135576,,
2025-08-13 16:24:00,,,,,,,,,,,-0.19515193732368954,4.913929497154868
2025-08-13 16:24:00,-0.07748125000000039,5.019402021745064,,,,,,,,,,
2025-08-13 16:24:00,,,-0.11785375000000017,4.930520692884405,,,,,,,,
2025-08-13 16:24:00,,,,,-0.09540486483442637,5.098990117862943,,,,,,
2025-08-13 16:24:00,,,,,,,-0.1357990523555142,5.012333386815916,,,,
2025-08-13 16:24:00,,,,,,,,,-0.08608238284111067,5.1037276080784,,
2025-08-13 16:24:00,,,,,,,,,,,-0.1267130100547077,5.0171352753252805
2025-08-13 16:24:00,-0.07748125000000039,5.019402021745064,,,,,,,,,,
2025-08-13 16:24:00,,,-0.11132125000000022,4.95264820868486,,,,,,,,
2025-08-13 16:24:00,,,,,-0.09910817207360911,5.136646498910936,,,,,,
2025-08-13 16:24:00,,,,,,,-0.13098578980224734,5.048644108969619,,,,
2025-08-13 16:24:00,,,,,,,,,-0.08342732943296483,5.143759284587731,,
2025-08-13 16:24:00,,,,,,,,,,,-0.12025589147114776,5.053914080176489
2025-08-13 16:24:00,-0.07748125000000039,5.019402021745064,,,,,,,,,,
2025-08-13 16:24:00,,,-0.10478875000000025,4.974775724485315,,,,,,,,
2025-08-13 16:24:00,,,,,-0.1009393907067978,5.157536415601124,,,,,,
2025-08-13 16:24:00,,,,,,,-0.1253080204825707,5.080774837148236,,,,
2025-08-13 16:24:00,,,,,,,,,-0.09116655761992604,5.162420467194271,,
2025-08-13 16:24:00,,,,,,,,,,,-0.1144416018889661,5.086109336326467
2025-08-13 16:24:00,-0.07748125000000039,5.019402021745064,,,,,,,,,,
2025-08-13 16:24:00,,,-0.09113500000000033,4.997088873115189,,,,,,,,
2025-08-13 16:24:00,,,,,-0.10354252804220854,5.18669291585735,,,,,,
2025-08-13 16:24:00,,,,,,,-0.1131961341834844,5.119982726491098,,,,
2025-08-13 16:24:00,,,,,,,,,-0.09422958679109866,5.191200564587378,,
2025-08-13 16:24:00,,,,,,,,,,,-0.10240913640822136,5.125195814516671
2025-08-13 16:24:00,-0.07748125000000039,5.019402021745064,,,,,,,,,,
2025-08-13 16:24:00,,,-0.07748125000000039,5.019402021745064,,,,,,,,
2025-08-13 16:24:00,,,,,-0.1057527680387198,5.21164781188356,,,,,,
2025-08-13 16:24:00,,,,,,,-0.10094954473915232,5.158302752023182,,,,
2025-08-13 16:24:00,,,,,,,,,-0.09615478169987136,5.216095879907832,,
2025-08-13 16:24:00,,,,,,,,,,,-0.0902121276769943,5.163440760871123
2025-08-13 16:24:00,-0.07748125000000039,5.019402021745064,,,,,,,,,,
2025-08-13 16:24:00,,,-0.07748125000000039,5.019402021745064,,,,,,,,
2025-08-13 16:24:00,,,,,-0.10908846378153747,5.2360144093666126,,,,,,
2025-08-13 16:24:00,,,,,,,-0.10368626452857455,5.185707610323917,,,,
2025-08-13 16:24:00,,,,,,,,,-0.09845055872783119,5.241416556560125,,
2025-08-13 16:24:00,,,,,,,,,,,-0.09268576285433841,5.1909785505674675
2025-08-13 16:24:00,-0.07748125000000039,5.019402021745064,,,,,,,,,,
2025-08-13 16:24:00,,,-0.07748125000000039,5.019402021745064,,,,,,,,
2025-08-13 16:24:00,,,,,-0.11128252226268498,5.252254051512372,,,,,,
2025-08-13 16:24:00,,,,,,,-0.10612113456638972,5.208829120844205,,,,
2025-08-13 16:24:00,,,,,,,,,-0.09962579819658819,5.257881939863707,,
2025-08-13 16:24:00,,,,,,,,,,,-0.09592545660706309,5.213803081622663
2025-08-13 16:24:00,-0.07748125000000039,5.019402021745064,,,,,,,,,,
2025-08-13 16:24:00,,,-0.07748125000000039,5.019402021745064,,,,,,,,
2025-08-13 16:24:00,,,,,-0.11291266853870652,5.26443125631188,,,,,,
2025-08-13 16:24:00,,,,,,,-0.10851579013277146,5.2302080889863545,,,,
2025-08-13 16:24:00,,,,,,,,,-0.10002774576783233,5.270477434077741,,
2025-08-13 16:24:00,,,,,,,,,,,-0.09769769423664434,5.235414474999357
2025-08-13 16:24:00,-0.07748125000000039,5.019402021745064,,,,,,,,,,
2025-08-13 16:24:00,,,-0.07748125000000039,5.019402021745064,,,,,,,,
2025-08-13 16:24:00,,,,,-0.11613391096386749,5.288779092700604,,,,,,
2025-08-13 16:24:00,,,,,,,-0.11103406671710325,5.250625324355005,,,,
2025-08-13 16:24:00,,,,,,,,,-0.10227225220650504,5.295909621159403,,
2025-08-13 16:24:00,,,,,,,,,,,-0.09930622731972563,5.256356286313762
2025-08-13 16:24:00,-0.07748125000000039,5.019402021745064,,,,,,,,,,
2025-08-13 16:24:00,,,-0.07748125000000039,5.019402021745064,,,,,,,,
2025-08-13 16:24:00,,,,,-0.11930390824659343,5.313118049794507,,,,,,
2025-08-13 16:24:00,,,,,,,-0.11374429475867798,5.270919371937195,,,,
2025-08-13 16:24:00,,,,,,,,,-0.1040084250114865,5.320731242361349,,
2025-08-13 16:24:00,,,,,,,,,,,-0.10087695598204864,5.277283358804465
2025-08-13 16:24:00,-0.07748125000000039,5.019402021745064,,,,,,,,,,
2025-08-13 16:24:00,,,-0.07748125000000039,5.019402021745064,,,,,,,,
2025-08-13 16:24:00,,,,,-0.12293875893036921,5.341502096104244,,,,,,
2025-08-13 16:24:00,,,,,,,-0.11651435378844432,5.292016909284722,,,,
2025-08-13 16:24:00,,,,,,,,,-0.10640591950375679,5.349336020465184,,
2025-08-13 16:24:00,,,,,,,,,,,-0.10246802813723377,5.2988672515854764
2025-08-13 16:24:00,0.5527187500000004,5.9142287733396355,,,,,,,,,,
2025-08-13 16:24:00,,,0.04855874999999976,5.198367372063979,,,,,,,,
2025-08-13 16:24:00,,,,,0.5393909588707514,5.976874384381048,,,,,,
2025-08-13 16:24:00,,,,,,,0.01362034243824295,5.436940975858457,,,,
2025-08-13 16:24:00,,,,,,,,,0.5478174449445257,5.981187079919562,,
2025-08-13 16:24:00,,,,,,,,,,,0.027020620490989012,5.443528279596648
2025-08-13 16:24:00,0.5527187500000004,5.9142287733396355,,,,,,,,,,
2025-08-13 16:24:00,,,0.1745987499999999,5.377332722382893,,,,,,,,
2025-08-13 16:24:00,,,,,0.5356155217861382,6.005333059496791,,,,,,
2025-08-13 16:24:00,,,,,,,0.1433259805032119,5.585121336495439,,,,
2025-08-13 16:24:00,,,,,,,,,0.5452678557033186,6.009288333594892,,
2025-08-13 16:24:00,,,,,,,,,,,0.1560797407852192,5.591290459500078
2025-08-13 16:24:00,0.11666875000000143,5.938854132134703,,,,,,,,,,
2025-08-13 16:24:00,,,0.21342875000000028,5.56122314446082,,,,,,,,
2025-08-13 16:24:00,,,,,0.10986437281314981,5.964605986890512,,,,,,
2025-08-13 16:24:00,,,,,,,0.18852563725861535,5.720286715333421,,,,
2025-08-13 16:24:00,,,,,,,,,0.11535897255778453,5.96881980886419,,
2025-08-13 16:24:00,,,,,,,,,,,0.19960598573807709,5.725872497041036
2025-08-13 16:24:00,0.11666875000000143,5.938854132134703,,,,,,,,,,
2025-08-13 16:24:00,,,0.25225875000000064,5.745113566538748,,,,,,,,
2025-08-13 16:24:00,,,,,0.10527748392015802,5.988530327843618,,,,,,
2025-08-13 16:24:00,,,,,,,0.23344191569196565,5.855369170943243,,,,
2025-08-13 16:24:00,,,,,,,,,0.1143876706053703,5.99327757638364,,
2025-08-13 16:24:00,,,,,,,,,,,0.2432852048614485,5.860381763845494
2025-08-13 16:24:00,-0.08233124999999841,5.939429397279965,,,,,,,,,,
2025-08-13 16:24:00,,,0.25128875000000106,5.929119041645729,,,,,,,,
2025-08-13 16:24:00,,,,,-0.08853651654979237,5.96169741278581,,,,,,
2025-08-13 16:24:00,,,,,,,0.240322364168081,5.979408234279556,,,,
2025-08-13 16:24:00,,,,,,,,,-0.0829632506346687,5.9662780905011585,,
2025-08-13 16:24:00,,,,,,,,,,,0.24797373863526612,5.983770177852689
2025-08-13 16:24:00,-0.08233124999999841,5.939429397279965,,,,,,,,,,
2025-08-13 16:24:00,,,0.12427875000000128,5.934159166433795,,,,,,,,
2025-08-13 16:24:00,,,,,-0.0937741680806433,5.989727719487668,,,,,,
2025-08-13 16:24:00,,,,,,,0.1136893387778021,5.98197890130088,,,,
2025-08-13 16:24:00,,,,,,,,,-0.08334746276825508,5.9949059344693545,,
2025-08-13 16:24:00,,,,,,,,,,,0.1217407570927099,5.9865139487626475
2025-08-13 16:24:00,-0.170399999999999,5.937555375741772,,,,,,,,,,
2025-08-13 16:24:00,,,-0.020344999999998593,5.938824486914221,,,,,,,,
2025-08-13 16:24:00,,,,,-0.17998186389183193,5.975981054819762,,,,,,
2025-08-13 16:24:00,,,,,,,-0.029430138357791957,5.976108500365474,,,,
2025-08-13 16:24:00,,,,,,,,,-0.17195924606323146,5.981027475170562,,
2025-08-13 16:24:00,,,,,,,,,,,-0.021704663260600075,5.980861777077782
2025-08-13 16:24:00,-0.170399999999999,5.937555375741772,,,,,,,,,,
2025-08-13 16:24:00,,,-0.07775874999999868,5.9385647356356355,,,,,,,,
2025-08-13 16:24:00,,,,,-0.1826421925857406,6.0008564151403645,,,,,,
2025-08-13 16:24:00,,,,,,,-0.08793145143757004,5.983358586015445,,,,
2025-08-13 16:24:00,,,,,,,,,-0.17147296686172384,6.006236615619166,,
2025-08-13 16:24:00,,,,,,,,,,,-0.07907105114450175,5.988345138428777
2025-08-13 16:24:00,-0.3228,5.931222484446188,,,,,,,,,,
2025-08-13 16:24:00,,,-0.16565249999999895,5.9370384060979315,,,,,,,,
2025-08-13 16:24:00,,,,,-0.33307552271093244,5.97406901546808,,,,,,
2025-08-13 16:24:00,,,,,,,-0.17560205276378812,5.980466323540337,,,,
2025-08-13 16:24:00,,,,,,,,,-0.32278403048515314,5.979635796102426,,
2025-08-13 16:24:00,,,,,,,,,,,-0.16650539136260645,5.985616782372533
2025-08-13 16:24:00,-0.3228,5.931222484446188,,,,,,,,,,
2025-08-13 16:24:00,,,-0.21374624999999928,5.935397023531176,,,,,,,,
2025-08-13 16:24:00,,,,,-0.334296647884957,6.003781436171886,,,,,,
2025-08-13 16:24:00,,,,,,,-0.22475407903082104,5.988883128217552,,,,
2025-08-13 16:24:00,,,,,,,,,-0.3228399861830655,6.009230522625017,,
2025-08-13 16:24:00,,,,,,,,,,,-0.21448073847228583,5.994207268797305
2025-08-13 16:24:00,-0.4769999999999994,5.920816751091019,,,,,,,,,,
2025-08-13 16:24:00,,,-0.2926799999999995,5.931674494293388,,,,,,,,
2025-08-13 16:24:00,,,,,-0.4875397823424529,5.973365449224541,,,,,,
2025-08-13 16:24:00,,,,,,,-0.303507201883183,5.985610674164926,,,,
2025-08-13 16:24:00,,,,,,,,,-0.47590055502802076,5.979594790584001,,
2025-08-13 16:24:00,,,,,,,,,,,-0.29299135692423894,5.991145040020234
2025-08-13 16:24:00,-0.6330000000000009,5.906175666198899,,,,,,,,,,
2025-08-13 16:24:00,,,-0.3851999999999999,5.925398552384813,,,,,,,,
2025-08-13 16:24:00,,,,,-0.6417129387316017,5.9391630904482575,,,,,,
2025-08-13 16:24:00,,,,,,,-0.39585341685113695,5.978247081290625,,,,
2025-08-13 16:24:00,,,,,,,,,-0.631438694481087,5.9456467811366664,,
2025-08-13 16:24:00,,,,,,,,,,,-0.38488724660781004,5.984068901213455
2025-08-13 16:24:00,-0.6330000000000009,5.906175666198899,,,,,,,,,,
2025-08-13 16:24:00,,,-0.47772000000000026,5.919122610476238,,,,,,,,
2025-08-13 16:24:00,,,,,-0.6421617149970876,5.978143964806313,,,,,,
2025-08-13 16:24:00,,,,,,,-0.4877573213334063,5.973704591223816,,,,
2025-08-13 16:24:00,,,,,,,,,-0.6298153024345643,5.984723270876727,,
2025-08-13 16:24:00,,,,,,,,,,,-0.4765557137223781,5.979766232264967
2025-08-13 16:24:00,-0.6985312499999994,5.898784119865165,,,,,,,,,,
2025-08-13 16:24:00,,,-0.5528662500000001,5.912634937560034,,,,,,,,
2025-08-13 16:24:00,,,,,-0.7075402244054347,5.962785699942137,,,,,,
2025-08-13 16:24:00,,,,,,,-0.5626502616723068,5.971447928118627,,,,
2025-08-13 16:24:00,,,,,,,,,-0.6953759243746744,5.969470962477101,,
2025-08-13 16:24:00,,,,,,,,,,,-0.5510740925002824,5.977733265539902
2025-08-13 16:24:00,-0.39944999999999986,6.317383928296586,,,,,,,,,,
2025-08-13 16:24:00,,,-0.5681962500000001,5.989867226330114,,,,,,,,
2025-08-13 16:24:00,,,,,-0.38989558208377634,6.275717782536161,,,,,,
2025-08-13 16:24:00,,,,,,,-0.5737700485120707,6.0258351973914825,,,,
2025-08-13 16:24:00,,,,,,,,,-0.400950357454419,6.2694956342415455,,
2025-08-13 16:24:00,,,,,,,,,,,-0.566696166754553,6.029786287863208
2025-08-13 16:24:00,-0.39944999999999986,6.317383928296586,,,,,,,,,,
2025-08-13 16:24:00,,,-0.5526862500000002,6.0691806617712265,,,,,,,,
2025-08-13 16:24:00,,,,,-0.39431487118105746,6.299621494435358,,,,,,
2025-08-13 16:24:00,,,,,,,-0.5551250662797915,6.091086406433646,,,,
2025-08-13 16:24:00,,,,,,,,,-0.4007731488874553,6.294775161964129,,
2025-08-13 16:24:00,,,,,,,,,,,-0.5516706855264399,6.092822362139234
2025-08-13 16:24:00,-0.2955312499999998,6.453236496539813,,,,,,,,,,
2025-08-13 16:24:00,,,-0.48519249999999997,6.1785928278394096,,,,,,,,
2025-08-13 16:24:00,,,,,-0.28525623295417774,6.399206964392826,,,,,,
2025-08-13 16:24:00,,,,,,,-0.48383372512430683,6.183095181222559,,,,
2025-08-13 16:24:00,,,,,,,,,-0.2975205969516186,6.393412991119914,,
2025-08-13 16:24:00,,,,,,,,,,,-0.4848870660205463,6.182375604135883
2025-08-13 16:24:00,-0.2955312499999998,6.453236496539813,,,,,,,,,,
2025-08-13 16:24:00,,,-0.41769874999999973,6.288004993907593,,,,,,,,
2025-08-13 16:24:00,,,,,-0.28884257058116164,6.427801126454318,,,,,,
2025-08-13 16:24:00,,,,,,,-0.41316989624112155,6.27302661355216,,,,
2025-08-13 16:24:00,,,,,,,,,-0.2963575924381612,6.422770935027036,,
2025-08-13 16:24:00,,,,,,,,,,,-0.4181955240212657,6.2699851369659445
2025-08-13 16:24:00,-0.05609999999999982,6.749766869307413,,,,,,,,,,
2025-08-13 16:24:00,,,-0.2892124999999998,6.458201543796042,,,,,,,,
2025-08-13 16:24:00,,,,,-0.04641591987747029,6.643036334338896,,,,,,
2025-08-13 16:24:00,,,,,,,-0.28094503533552867,6.409076740431511,,,,
2025-08-13 16:24:00,,,,,,,,,-0.05886063686370831,6.637838934352274,,
2025-08-13 16:24:00,,,,,,,,,,,-0.2908924665190725,6.40365873134098
2025-08-13 16:24:00,-0.21465000000000067,6.746586201739365,,,,,,,,,,
2025-08-13 16:24:00,,,-0.2522525,6.544041998484599,,,,,,,,
2025-08-13 16:24:00,,,,,-0.20718724763503893,6.618314032036199,,,,,,
2025-08-13 16:24:00,,,,,,,-0.24440336844578123,6.47759599033152,,,,
2025-08-13 16:24:00,,,,,,,,,-0.22026142068889062,6.612584376296173,,
2025-08-13 16:24:00,,,,,,,,,,,-0.25475467916596684,6.472276479751905
2025-08-13 16:24:00,-0.24125000000000085,6.745687395477202,,,,,,,,,,
2025-08-13 16:24:00,,,-0.22061250000000018,6.629702691920722,,,,,,,,
2025-08-13 16:24:00,,,,,-0.23372723206918877,6.614036976351472,,,,,,
2025-08-13 16:24:00,,,,,,,-0.21228584062340747,6.540479086714742,,,,
2025-08-13 16:24:00,,,,,,,,,-0.24720427804812872,6.608026201495734,,
2025-08-13 16:24:00,,,,,,,,,,,-0.2240409049981015,6.534926687658226
2025-08-13 16:24:00,-0.2545687499999998,6.745197903065813,,,,,,,,,,
2025-08-13 16:24:00,,,-0.2124200000000002,6.688094973225921,,,,,,,,
2025-08-13 16:24:00,,,,,-0.2470195481726577,6.611860047070335,,,,,,
2025-08-13 16:24:00,,,,,,,-0.2046385036671035,6.5830097032502435,,,,
2025-08-13 16:24:00,,,,,,,,,-0.26105524120319623,6.605518501255734,,
2025-08-13 16:24:00,,,,,,,,,,,-0.216747833848417,6.5773477896853905
2025-08-13 16:24:00,-0.2545687499999998,6.745197903065813,,,,,,,,,,
2025-08-13 16:24:00,,,-0.20422750000000017,6.7464872545311225,,,,,,,,
2025-08-13 16:24:00,,,,,-0.2453714519997201,6.670350744689347,,,,,,
2025-08-13 16:24:00,,,,,,,-0.19594427995081515,6.631519626897249,,,,
2025-08-13 16:24:00,,,,,,,,,-0.25851830667681974,6.664383134135322,,
2025-08-13 16:24:00,,,,,,,,,,,-0.2091799766961487,6.625670229507047
2025-08-13 16:24:00,-0.2812437499999998,6.744138340298629,,,,,,,,,,
2025-08-13 16:24:00,,,-0.24925625000000018,6.745361548729365,,,,,,,,
2025-08-13 16:24:00,,,,,-0.27232620115517536,6.665798406421561,,,,,,
2025-08-13 16:24:00,,,,,,,-0.24112633620635618,6.636072041313783,,,,
2025-08-13 16:24:00,,,,,,,,,-0.2854452559711388,6.660064241500711,,
2025-08-13 16:24:00,,,,,,,,,,,-0.25449690051763485,6.630115290936734
2025-08-13 16:24:00,-0.2812437499999998,6.744138340298629,,,,,,,,,,
2025-08-13 16:24:00,,,-0.262575,6.7448719764412175,,,,,,,,
2025-08-13 16:24:00,,,,,-0.2715900116286997,6.6954800566079085,,,,,,
2025-08-13 16:24:00,,,,,,,-0.25400688900508833,6.651505246228124,,,,
2025-08-13 16:24:00,,,,,,,,,-0.2841657219138786,6.6893851097698205,,
2025-08-13 16:24:00,,,,,,,,,,,-0.26727776076263243,6.6454754376314655
2025-08-13 16:24:00,-0.3079687499999988,6.7429708029193955,,,,,,,,,,
2025-08-13 16:24:00,,,-0.2759187499999996,6.744328657929657,,,,,,,,
2025-08-13 16:24:00,,,,,-0.2983430506705163,6.69079372555297,,,,,,
2025-08-13 16:24:00,,,,,,,-0.26693005272535386,6.666856596068425,,,,
2025-08-13 16:24:00,,,,,,,,,-0.3112132371165778,6.684589050873348,,
2025-08-13 16:24:00,,,,,,,,,,,-0.2800795525763222,6.660788007506987
2025-08-13 16:24:00,-0.3079687499999988,6.7429708029193955,,,,,,,,,,
2025-08-13 16:24:00,,,-0.2865987499999994,6.743883237900373,,,,,,,,
2025-08-13 16:24:00,,,,,-0.3018150489087182,6.719211320658706,,,,,,
2025-08-13 16:24:00,,,,,,,-0.2778891528725659,6.688326850786099,,,,
2025-08-13 16:24:00,,,,,,,,,-0.30921460862411076,6.714430964664206,,
2025-08-13 16:24:00,,,,,,,,,,,-0.2897114260605051,6.682570500188682
2025-08-13 16:24:00,-0.33474375000000123,6.741694640209977,,,,,,,,,,
2025-08-13 16:24:00,,,-0.3026337499999997,6.743182585329206,,,,,,,,
2025-08-13 16:24:00,,,,,-0.3279307119920812,6.714842054384563,,,,,,
2025-08-13 16:24:00,,,,,,,-0.2944010048710381,6.697225112725141,,,,
2025-08-13 16:24:00,,,,,,,,,-0.33638227930873754,6.7092822016364355,,
2025-08-13 16:24:00,,,,,,,,,,,-0.30528422058688864,6.6915503136889045
2025-08-13 16:24:00,-0.33474375000000123,6.741694640209977,,,,,,,,,,
2025-08-13 16:24:00,,,-0.31333374999999997,6.742693845311474,,,,,,,,
2025-08-13 16:24:00,,,,,-0.33340525770259655,6.737610710826192,,,,,,
2025-08-13 16:24:00,,,,,,,-0.3066168161805224,6.711587573606067,,,,
2025-08-13 16:24:00,,,,,,,,,-0.3351952501963837,6.734980919806619,,
2025-08-13 16:24:00,,,,,,,,,,,-0.31523421943193763,6.706533649350085
2025-08-13 16:24:00,-0.36156875,6.740309194615885,,,,,,,,,,
2025-08-13 16:24:00,,,-0.32939875,6.741928016174926,,,,,,,,
2025-08-13 16:24:00,,,,,-0.3593632594637881,6.733245112477214,,,,,,
2025-08-13 16:24:00,,,,,,,-0.3241714657475401,6.719140584779929,,,,
2025-08-13 16:24:00,,,,,,,,,-0.3625751166874914,6.729711413185227,,
2025-08-13 16:24:00,,,,,,,,,,,-0.33091609838666025,6.7145989100331676
2025-08-13 16:24:00,-0.2679999999999998,6.854763015597257,,,,,,,,,,
2025-08-13 16:24:00,,,-0.3214050000000002,6.764286458710498,,,,,,,,
2025-08-13 16:24:00,,,,,-0.2597879646309408,6.818654790932406,,,,,,
2025-08-13 16:24:00,,,,,,,-0.3164604485396249,6.744712797855817,,,,
2025-08-13 16:24:00,,,,,,,,,-0.2707279111921784,6.812892850518651,,
2025-08-13 16:24:00,,,,,,,,,,,-0.3228190332017804,6.740259669962228
2025-08-13 16:24:00,-0.2679999999999998,6.854763015597257,,,,,,,,,,
2025-08-13 16:24:00,,,-0.3134112500000004,6.786644901246071,,,,,,,,
2025-08-13 16:24:00,,,,,-0.2597879646309408,6.818654790932406,,,,,,
2025-08-13 16:24:00,,,,,,,-0.30805503168406945,6.764601491910557,,,,
2025-08-13 16:24:00,,,,,,,,,-0.2707279111921784,6.812892850518651,,
2025-08-13 16:24:00,,,,,,,,,,,-0.3151216937153939,6.759952047133117
2025-08-13 16:24:00,-0.2679999999999998,6.854763015597257,,,,,,,,,,
2025-08-13 16:24:00,,,-0.3000625000000001,6.8092585763235265,,,,,,,,
2025-08-13 16:24:00,,,,,-0.2679999999999998,6.854763015597257,,,,,,
2025-08-13 16:24:00,,,,,,,-0.2960688892856532,6.792585684153096,,,,
2025-08-13 16:24:00,,,,,,,,,-0.2679999999999998,6.854763015597257,,
2025-08-13 16:24:00,,,,,,,,,,,-0.30144523785364635,6.789048209925281
2025-08-13 16:24:00,-0.29487499999999933,6.853659514038832,,,,,,,,,,
2025-08-13 16:24:00,,,-0.29208874999999973,6.831651551089299,,,,,,,,
2025-08-13 16:24:00,,,,,-0.29450318368928763,6.852590183910577,,,,,,
2025-08-13 16:24:00,,,,,,,-0.2882884744829914,6.815581578769972,,,,
2025-08-13 16:24:00,,,,,,,,,-0.29499207671582633,6.850235547119477,,
2025-08-13 16:24:00,,,,,,,,,,,-0.2934046031575349,6.812099135387852
2025-08-13 16:24:00,-0.3083312499999993,6.853067330785058,,,,,,,,,,
2025-08-13 16:24:00,,,-0.2814412499999996,6.854203178323132,,,,,,,,
2025-08-13 16:24:00,,,,,-0.307509974349172,6.850615801704755,,,,,,
2025-08-13 16:24:00,,,,,,,-0.2779178174600682,6.839055716615481,,,,
2025-08-13 16:24:00,,,,,,,,,-0.3082220241833844,6.848351981191113,,
2025-08-13 16:24:00,,,,,,,,,,,-0.2825339846567135,6.8358272489890295
2025-08-13 16:24:00,-0.3487750000000007,6.8511280822485725,,,,,,,,,,
2025-08-13 16:24:00,,,-0.2975962499999998,6.853476191653395,,,,,,,,
2025-08-13 16:24:00,,,,,-0.346640163619338,6.844201191140094,,,,,,
2025-08-13 16:24:00,,,,,,,-0.29528825725774765,6.844164996657018,,,,
2025-08-13 16:24:00,,,,,,,,,-0.34930174992026364,6.841104712704772,,
2025-08-13 16:24:00,,,,,,,,,,,-0.29824875240233056,6.841469621426254
2025-08-13 16:24:00,-0.3487750000000007,6.8511280822485725,,,,,,,,,,
2025-08-13 16:24:00,,,-0.31375125,6.852749204983658,,,,,,,,
2025-08-13 16:24:00,,,,,-0.3577287285141031,6.893966495922144,,,,,,
2025-08-13 16:24:00,,,,,,,-0.31487641003438005,6.859227337654966,,,,
2025-08-13 16:24:00,,,,,,,,,-0.34592508932770316,6.899751869722599,,
2025-08-13 16:24:00,,,,,,,,,,,-0.3132881880294355,6.858841425267043
2025-08-13 16:24:00,-0.3757999999999999,6.849698851774434,,,,,,,,,,
2025-08-13 16:24:00,,,-0.33531125,6.851736372219094,,,,,,,,
2025-08-13 16:24:00,,,,,-0.3844239330327831,6.889294516717793,,,,,,
2025-08-13 16:24:00,,,,,,,-0.3381611966409367,6.866133637879072,,,,
2025-08-13 16:24:00,,,,,,,,,-0.3721225843971966,6.8957165016497415,,
2025-08-13 16:24:00,,,,,,,,,,,-0.33411270490887485,6.867032122477541
2025-08-13 16:24:00,-0.3757999999999999,6.849698851774434,,,,,,,,,,
2025-08-13 16:24:00,,,-0.3514962500000001,6.850944239766214,,,,,,,,
2025-08-13 16:24:00,,,,,-0.3826829197319778,6.935885407998924,,,,,,
2025-08-13 16:24:00,,,,,,,-0.3557971438494748,6.882792682696743,,,,
2025-08-13 16:24:00,,,,,,,,,-0.3690842529983628,6.9417469062558235,,
2025-08-13 16:24:00,,,,,,,,,,,-0.3489311401653821,6.88533439430481
2025-08-13 16:24:00,-0.3757999999999999,6.849698851774434,,,,,,,,,,
2025-08-13 16:24:00,,,-0.36499000000000026,6.850270543964089,,,,,,,,
2025-08-13 16:24:00,,,,,-0.3815024197384208,6.985391253404073,,,,,,
2025-08-13 16:24:00,,,,,,,-0.37059563292732456,6.909747773036605,,,,
2025-08-13 16:24:00,,,,,,,,,-0.3651135264033077,6.992570331232027,,
2025-08-13 16:24:00,,,,,,,,,,,-0.36030944060936676,6.914178064312992
2025-08-13 16:24:00,-0.4707812500000008,6.84382678146141,,,,,,,,,,
2025-08-13 16:24:00,,,-0.38939125000000024,6.848810283806657,,,,,,,,
2025-08-13 16:24:00,,,,,-0.47558468929739556,6.968808860000171,,,,,,
2025-08-13 16:24:00,,,,,,,-0.3963845380629361,6.934669306808621,,,,
2025-08-13 16:24:00,,,,,,,,,-0.4594943120741526,6.976118479254625,,
2025-08-13 16:24:00,,,,,,,,,,,-0.3823479530401445,6.941180817622962
2025-08-13 16:24:00,-0.5116749999999994,6.84089092840801,,,,,,,,,,
2025-08-13 16:24:00,,,-0.42197125,6.846762853038544,,,,,,,,
2025-08-13 16:24:00,,,,,-0.5161120097017697,6.9613213053266385,,,,,,
2025-08-13 16:24:00,,,,,,,-0.4280611943004694,6.948140268689519,,,,
2025-08-13 16:24:00,,,,,,,,,-0.4998569190130374,6.968575082499756,,
2025-08-13 16:24:00,,,,,,,,,,,-0.41313431897721137,6.9549454601783935
2025-08-13 16:24:00,-0.5389999999999988,6.838792217928543,,,,,,,,,,
2025-08-13 16:24:00,,,-0.4546112499999998,6.844581526269366,,,,,,,,
2025-08-13 16:24:00,,,,,-0.5431992613164847,6.956200778339979,,,,,,
2025-08-13 16:24:00,,,,,,,-0.4598162599572097,6.961521521013957,,,,
2025-08-13 16:24:00,,,,,,,,,-0.5277466787878411,6.9634585146169945,,
2025-08-13 16:24:00,,,,,,,,,,,-0.4442591378553403,6.968493862771846
2025-08-13 16:24:00,-0.5663750000000007,6.836579507281035,,,,,,,,,,
2025-08-13 16:24:00,,,-0.4927262499999999,6.841957657370687,,,,,,,,
2025-08-13 16:24:00,,,,,-0.5703418598259689,6.950976296653971,,,,,,
2025-08-13 16:24:00,,,,,,,-0.4973480479760079,6.964539698744967,,,,
2025-08-13 16:24:00,,,,,,,,,-0.5554301149428826,6.957935778353811,,
2025-08-13 16:24:00,,,,,,,,,,,-0.4815283102442443,6.971731637191442
2025-08-13 16:24:00,-0.580081250000001,6.835430179834949,,,,,,,,,,
2025-08-13 16:24:00,,,-0.5335825000000002,6.8391039229827895,,,,,,,,
2025-08-13 16:24:00,,,,,-0.5839339449820364,6.948324830505535,,,,,,
2025-08-13 16:24:00,,,,,,,-0.537834353024731,6.957126414165259,,,,
2025-08-13 16:24:00,,,,,,,,,-0.5690711402482174,6.955184621286548,,
2025-08-13 16:24:00,,,,,,,,,,,-0.5223198330132263,6.964254495202347
2025-08-13 16:24:00,-0.6075312500000001,6.833045132316443,,,,,,,,,,
2025-08-13 16:24:00,,,-0.5609325000000001,6.836947593153797,,,,,,,,
2025-08-13 16:24:00,,,,,-0.6111597476843293,6.942942958650912,,,,,,
2025-08-13 16:24:00,,,,,,,-0.5649493647021178,6.951953233895407,,,,
2025-08-13 16:24:00,,,,,,,,,-0.5962750941604382,6.950108835248752,,
2025-08-13 16:24:00,,,,,,,,,,,-0.5496759894304833,6.959052566401172
2025-08-13 16:24:00,-0.6487999999999996,6.829250219460406,,,,,,,,,,
2025-08-13 16:24:00,,,-0.5883575000000001,6.834619451364276,,,,,,,,
2025-08-13 16:24:00,,,,,-0.6521027124151156,6.934671320442472,,,,,,
2025-08-13 16:24:00,,,,,,,-0.5921475052447869,6.946623236918574,,,,
2025-08-13 16:24:00,,,,,,,,,-0.6370601191121339,6.941800213676469,,
2025-08-13 16:24:00,,,,,,,,,,,-0.5771166294503026,6.953697592636516
2025-08-13 16:24:00,-0.6487999999999996,6.829250219460406,,,,,,,,,,
2025-08-13 16:24:00,,,-0.6103175000000002,6.832711051670648,,,,,,,,
2025-08-13 16:24:00,,,,,-0.65375858264303,6.991306482134104,,,,,,
2025-08-13 16:24:00,,,,,,,-0.6142593695100961,6.953644377677399,,,,
2025-08-13 16:24:00,,,,,,,,,-0.6313305578815935,7.002270040108522,,
2025-08-13 16:24:00,,,,,,,,,,,-0.5978334052690532,6.961459897734821
2025-08-13 16:24:00,-0.6763749999999984,6.8265743136199,,,,,,,,,,
2025-08-13 16:24:00,,,-0.6323174999999998,6.830710012938421,,,,,,,,
2025-08-13 16:24:00,,,,,-0.6810664666697995,6.985724573096277,,,,,,
2025-08-13 16:24:00,,,,,,,-0.6364042908788623,6.960594032965861,,,,
2025-08-13 16:24:00,,,,,,,,,-0.6581403684108964,6.996756027232992,,
2025-08-13 16:24:00,,,,,,,,,,,-0.6183754559626559,6.969223947510656
2025-08-13 16:24:00,0.0019062500000015525,7.609999761249072,,,,,,,,,,
2025-08-13 16:24:00,,,-0.5159199999999993,6.985623929221246,,,,,,,,
2025-08-13 16:24:00,,,,,0.010163150972870669,7.566878491244551,,,,,,
2025-08-13 16:24:00,,,,,,,-0.5175848716878808,7.084304765113663,,,,
2025-08-13 16:24:00,,,,,,,,,0.0019598632812515963,7.562437262741266,,
2025-08-13 16:24:00,,,,,,,,,,,-0.504169255256762,7.090674475801601
2025-08-13 16:24:00,-0.03955000000000064,7.609897226474218,,,,,,,,,,
2025-08-13 16:24:00,,,-0.4023237499999993,7.1409943480528,,,,,,,,
2025-08-13 16:24:00,,,,,-0.03086411382763292,7.561712642541945,,,,,,
2025-08-13 16:24:00,,,,,,,-0.4015257449165415,7.208058701891869,,,,
2025-08-13 16:24:00,,,,,,,,,-0.04414034912109446,7.555646982574551,,
2025-08-13 16:24:00,,,,,,,,,,,-0.39374230624889334,7.211782105266761
2025-08-13 16:24:00,0.05619999999999914,7.7097951697823985,,,,,,,,,,
2025-08-13 16:24:00,,,-0.2613237499999996,7.317103338117198,,,,,,,,
2025-08-13 16:24:00,,,,,0.06403851754577233,7.634307599429502,,,,,,
2025-08-13 16:24:00,,,,,,,-0.25829749892436393,7.347985957689277,,,,
2025-08-13 16:24:00,,,,,,,,,0.04887031463622975,7.628504452278735,,
2025-08-13 16:24:00,,,,,,,,,,,-0.25655621949922064,7.349122952987213
2025-08-13 16:24:00,0.028499999999999748,7.7099473247227825,,,,,,,,,,
2025-08-13 16:24:00,,,-0.12586374999999972,7.493242759169673,,,,,,,,
2025-08-13 16:24:00,,,,,0.03591965491666041,7.630930817981477,,,,,,
2025-08-13 16:24:00,,,,,,,-0.12036185141242581,7.475910824858751,,,,
2025-08-13 16:24:00,,,,,,,,,0.020907769775390442,7.625431544722772,,
2025-08-13 16:24:00,,,,,,,,,,,-0.1261085539678238,7.473755253910063
2025-08-13 16:24:00,0.028499999999999748,7.7099473247227825,,,,,,,,,,
2025-08-13 16:24:00,,,0.01511124999999991,7.66991736139025,,,,,,,,
2025-08-13 16:24:00,,,,,0.03288177409091471,7.691118311108285,,,,,,
2025-08-13 16:24:00,,,,,,,0.02242779673971704,7.6169895724611525,,,,
2025-08-13 16:24:00,,,,,,,,,0.026399181747436284,7.6870890061620845,,
2025-08-13 16:24:00,,,,,,,,,,,0.010799356063842722,7.611821849695882
2025-08-13 16:24:00,0.0007500000000004725,7.7099999635214,,,,,,,,,,
2025-08-13 16:24:00,,,0.014879999999999694,7.689917401844717,,,,,,,,
2025-08-13 16:24:00,,,,,0.0057430342436418265,7.687947533764228,,,,,,
2025-08-13 16:24:00,,,,,,,0.02154377339387127,7.641203380965088,,,,
2025-08-13 16:24:00,,,,,,,,,0.0007512451171879733,7.684400354267519,,
2025-08-13 16:24:00,,,,,,,,,,,0.010557632431029997,7.636214468001131
2025-08-13 16:24:00,0.0007500000000004725,7.7099999635214,,,,,,,,,,
2025-08-13 16:24:00,,,0.022939999999999915,7.709937949254153,,,,,,,,
2025-08-13 16:24:00,,,,,-0.0028689449432680626,7.724976801903304,,,,,,
2025-08-13 16:24:00,,,,,,,0.02714280717074425,7.67385621283736,,,,
2025-08-13 16:24:00,,,,,,,,,0.0007866210937504956,7.7280702759359015,,
2025-08-13 16:24:00,,,,,,,,,,,0.01954302647399899,7.670699126673402
2025-08-13 16:24:00,-0.040968750000000664,7.70989115108141,,,,,,,,,,
2025-08-13 16:24:00,,,0.003506249999999955,7.709957145513956,,,,,,,,
2025-08-13 16:24:00,,,,,-0.04361801727065742,7.720259093751866,,,,,,
2025-08-13 16:24:00,,,,,,,0.005611500207458292,7.691046511701832,,,,
2025-08-13 16:24:00,,,,,,,,,-0.03990852355957094,7.723443694120421,,
2025-08-13 16:24:00,,,,,,,,,,,0.0017872588348388507,7.68968697504174
2025-08-13 16:24:00,-0.040968750000000664,7.70989115108141,,,,,,,,,,
2025-08-13 16:24:00,,,-0.010387500000000128,7.70994591078568,,,,,,,,
2025-08-13 16:24:00,,,,,-0.04947168900043414,7.758841146854083,,,,,,
2025-08-13 16:24:00,,,,,,,-0.011466768575960618,7.716628577476354,,,,
2025-08-13 16:24:00,,,,,,,,,-0.03621373443603575,7.764854242295172,,
2025-08-13 16:24:00,,,,,,,,,,,-0.009637042007446386,7.717571514556219
2025-08-13 16:24:00,-0.06884375000000054,7.709692635772579,,,,,,,,,,
2025-08-13 16:24:00,,,-0.029856250000000185,7.70989497299564,,,,,,,,
2025-08-13 16:24:00,,,,,-0.07720386954682676,7.755253788884345,,,,,,
2025-08-13 16:24:00,,,,,,,-0.03348389730350891,7.7294556730315644,,,,
2025-08-13 16:24:00,,,,,,,,,-0.06414778569657406,7.761121877844902,,
2025-08-13 16:24:00,,,,,,,,,,,-0.027746435496248455,7.732378088892783
2025-08-13 16:24:00,-0.06884375000000054,7.709692635772579,,,,,,,,,,
2025-08-13 16:24:00,,,-0.04377500000000038,7.709833507445876,,,,,,,,
2025-08-13 16:24:00,,,,,-0.0769979068393474,7.771828545047226,,,,,,
2025-08-13 16:24:00,,,,,,,-0.05003208552010676,7.746231875288165,,,,
2025-08-13 16:24:00,,,,,,,,,-0.06192343653850303,7.777762228896641,,
2025-08-13 16:24:00,,,,,,,,,,,-0.040281371827386656,7.751050463818608
2025-08-13 16:24:00,-0.11074999999999902,7.709204526895106,,,,,,,,,,
2025-08-13 16:24:00,,,-0.06607500000000029,7.709674420120616,,,,,,,,
2025-08-13 16:24:00,,,,,-0.11908878931790529,7.766267794169994,,,,,,
2025-08-13 16:24:00,,,,,,,-0.07327605439503419,7.754490073741502,,,,
2025-08-13 16:24:00,,,,,,,,,-0.10363916127681633,7.772424979896866,,
2025-08-13 16:24:00,,,,,,,,,,,-0.061166528301500024,7.7599214046108
2025-08-13 16:24:00,-0.15276875000000123,7.708486343571184,,,,,,,,,,
2025-08-13 16:24:00,,,-0.0884350000000004,7.709393458618571,,,,,,,,
2025-08-13 16:24:00,,,,,-0.1612050484678893,7.760478305907945,,,,,,
2025-08-13 16:24:00,,,,,,,-0.09679346063448058,7.762533916172719,,,,
2025-08-13 16:24:00,,,,,,,,,-0.14684284457509483,7.766374851224856,,
2025-08-13 16:24:00,,,,,,,,,,,-0.08255339250460479,7.768507636031687
2025-08-13 16:24:00,0.20228124999999952,8.067464427928916,,,,,,,,,,
2025-08-13 16:24:00,,,-0.03978500000000036,7.780908113988073,,,,,,,,
2025-08-13 16:24:00,,,,,0.2089516766445545,8.032673987426726,,,,,,
2025-08-13 16:24:00,,,,,,,-0.04510878750548285,7.817300484287247,,,,
2025-08-13 16:24:00,,,,,,,,,0.19864752337736963,8.027600741648303,,
2025-08-13 16:24:00,,,,,,,,,,,-0.03558114094192373,7.821056935902314
2025-08-13 16:24:00,0.16015000000000068,8.068410746702229,,,,,,,,,,
2025-08-13 16:24:00,,,0.006013749999999885,7.852651736174002,,,,,,,,
2025-08-13 16:24:00,,,,,0.1674896277724574,8.02866138061131,,,,,,
2025-08-13 16:24:00,,,,,,,0.003829911958373977,7.87198200263264,,,,
2025-08-13 16:24:00,,,,,,,,,0.15522213616371228,8.023046250091348,,
2025-08-13 16:24:00,,,,,,,,,,,0.008292843430133544,7.873441810351602
2025-08-13 16:24:00,0.16015000000000068,8.068410746702229,,,,,,,,,,
2025-08-13 16:24:00,,,0.05181250000000013,7.9243953583599325,,,,,,,,
2025-08-13 16:24:00,,,,,0.1607487742579543,8.066214794075066,,,,,,
2025-08-13 16:24:00,,,,,,,0.051379248177834326,7.930859252438208,,,,
2025-08-13 16:24:00,,,,,,,,,0.15980644511044095,8.063889570893808,,
2025-08-13 16:24:00,,,,,,,,,,,0.05263881975992234,7.930667278751036
2025-08-13 16:24:00,0.4665000000000017,8.05650530627269,,,,,,,,,,
2025-08-13 16:24:00,,,0.16726250000000026,7.993855514235449,,,,,,,,
2025-08-13 16:24:00,,,,,0.4609558832264061,8.085883292759764,,,,,,
2025-08-13 16:24:00,,,,,,,0.1673881826866966,7.994782352156162,,,,
2025-08-13 16:24:00,,,,,,,,,0.46886784916492336,8.089955600770182,,
2025-08-13 16:24:00,,,,,,,,,,,0.16714022184827027,7.994173402925699
2025-08-13 16:24:00,0.4665000000000017,8.05650530627269,,,,,,,,,,
2025-08-13 16:24:00,,,0.29111625000000085,8.063459306775751,,,,,,,,
2025-08-13 16:24:00,,,,,0.45759427412652903,8.12498547017396,,,,,,
2025-08-13 16:24:00,,,,,,,0.29114804720558024,8.067683785009367,,,,
2025-08-13 16:24:00,,,,,,,,,0.47260392476935115,8.130244328550631,,
2025-08-13 16:24:00,,,,,,,,,,,0.2910295757171595,8.066947298390854
2025-08-13 16:24:00,0.4388999999999994,8.058056018048026,,,,,,,,,,
2025-08-13 16:24:00,,,0.33844000000000085,8.061577624799572,,,,,,,,
2025-08-13 16:24:00,,,,,0.4300423157136764,8.12307118310427,,,,,,
2025-08-13 16:24:00,,,,,,,0.3353661750194047,8.085763224144875,,,,
2025-08-13 16:24:00,,,,,,,,,0.44479469093620705,8.128399150869209,,
2025-08-13 16:24:00,,,,,,,,,,,0.34025900922892693,8.087106980235035
2025-08-13 16:24:00,0.4388999999999994,8.058056018048026,,,,,,,,,,
2025-08-13 16:24:00,,,0.3941900000000006,8.059506679068733,,,,,,,,
2025-08-13 16:24:00,,,,,0.43109535681396705,8.14329296244919,,,,,,
2025-08-13 16:24:00,,,,,,,0.3880873208277066,8.108689540512449,,,,
2025-08-13 16:24:00,,,,,,,,,0.44589967292725974,8.147992025560422,,
2025-08-13 16:24:00,,,,,,,,,,,0.39839451658163644,8.11209613532885
2025-08-13 16:24:00,0.4388999999999994,8.058056018048026,,,,,,,,,,
2025-08-13 16:24:00,,,0.44994000000000034,8.057435733337893,,,,,,,,
2025-08-13 16:24:00,,,,,0.4340915280190292,8.17940491512652,,,,,,
2025-08-13 16:24:00,,,,,,,0.4427558715799216,8.13132756472274,,,,
2025-08-13 16:24:00,,,,,,,,,0.4495361328173423,8.184143867296873,,
2025-08-13 16:24:00,,,,,,,,,,,0.45634045412301677,8.136146994609463
2025-08-13 16:24:00,0.4388999999999994,8.058056018048026,,,,,,,,,,
2025-08-13 16:24:00,,,0.44441999999999987,8.05774587569296,,,,,,,,
2025-08-13 16:24:00,,,,,0.4351936900296106,8.214782486467998,,,,,,
2025-08-13 16:24:00,,,,,,,0.4376034329405624,8.157107403464387,,,,
2025-08-13 16:24:00,,,,,,,,,0.4519397958500677,8.220148737977965,,
2025-08-13 16:24:00,,,,,,,,,,,0.45295484346004555,8.16218562205102
2025-08-13 16:24:00,0.5301937499999987,8.142757185834595,,,,,,,,,,
2025-08-13 16:24:00,,,0.4571587499999993,8.07499625160534,,,,,,,,
2025-08-13 16:24:00,,,,,0.5260905750719769,8.276334751361615,,,,,,
2025-08-13 16:24:00,,,,,,,0.4513026931296521,8.187377259701918,,,,
2025-08-13 16:24:00,,,,,,,,,0.5410916652712211,8.280930187012643,,
2025-08-13 16:24:00,,,,,,,,,,,0.4666523915604196,8.192322793743422
2025-08-13 16:24:00,0.5301937499999987,8.142757185834595,,,,,,,,,,
2025-08-13 16:24:00,,,0.4754174999999991,8.091936485162654,,,,,,,,
2025-08-13 16:24:00,,,,,0.5267811071488432,8.292063249921998,,,,,,
2025-08-13 16:24:00,,,,,,,0.4706504514166854,8.221175673065465,,,,
2025-08-13 16:24:00,,,,,,,,,0.542576607187447,8.296912035101595,,
2025-08-13 16:24:00,,,,,,,,,,,0.4862087748106675,8.2260253705899
2025-08-13 16:24:00,0.4886999999999997,8.145352804513749,,,,,,,,,,
2025-08-13 16:24:00,,,0.4853774999999992,8.109395842455799,,,,,,,,
2025-08-13 16:24:00,,,,,0.48550660235396004,8.289679777317854,,,,,,
2025-08-13 16:24:00,,,,,,,0.481532700524684,8.250453036039199,,,,
2025-08-13 16:24:00,,,,,,,,,0.5016440550372001,8.294619412918216,,
2025-08-13 16:24:00,,,,,,,,,,,0.4973576512326556,8.255350848061457
2025-08-13 16:24:00,0.4886999999999997,8.145352804513749,,,,,,,,,,
2025-08-13 16:24:00,,,0.4953374999999992,8.126855199748942,,,,,,,,
2025-08-13 16:24:00,,,,,0.4853506175169686,8.297387871437712,,,,,,
2025-08-13 16:24:00,,,,,,,0.49178451842427184,8.274049627301435,,,,
2025-08-13 16:24:00,,,,,,,,,0.5018875310322106,8.302462764922051,,
2025-08-13 16:24:00,,,,,,,,,,,0.5078279308756293,8.279014627586495
2025-08-13 16:24:00,0.46097500000000036,8.14696888722272,,,,,,,,,,
2025-08-13 16:24:00,,,0.49975249999999943,8.144637773583883,,,,,,,,
2025-08-13 16:24:00,,,,,0.45777261967637284,8.29569877480832,,,,,,
2025-08-13 16:24:00,,,,,,,0.49630030435362427,8.2902328849695,,,,
2025-08-13 16:24:00,,,,,,,,,0.4745561922067406,8.30116153305249,,
2025-08-13 16:24:00,,,,,,,,,,,0.5123512101469638,8.2952171866014
2025-08-13 16:24:00,0.46097500000000036,8.14696888722272,,,,,,,,,,
2025-08-13 16:24:00,,,0.4859087499999998,8.145480113861506,,,,,,,,
2025-08-13 16:24:00,,,,,0.4575462867601445,8.307264113091763,,,,,,
2025-08-13 16:24:00,,,,,,,0.48259144669125786,8.29641875731553,,,,
2025-08-13 16:24:00,,,,,,,,,0.4756388992058584,8.313079065274012,,
2025-08-13 16:24:00,,,,,,,,,,,0.4992606569338913,8.301646962253674
2025-08-13 16:24:00,0.43320000000000114,8.148492974777607,,,,,,,,,,
2025-08-13 16:24:00,,,0.46651000000000026,8.14662727165011,,,,,,,,
2025-08-13 16:24:00,,,,,0.4299213584850534,8.305497364510712,,,,,,
2025-08-13 16:24:00,,,,,,,0.4632194969584999,8.299105580233272,,,,
2025-08-13 16:24:00,,,,,,,,,0.44734003130257255,8.31102208695729,,
2025-08-13 16:24:00,,,,,,,,,,,0.48021334175691643,8.304468972624813
2025-08-13 16:24:00,0.43320000000000114,8.148492974777607,,,,,,,,,,
2025-08-13 16:24:00,,,0.45541000000000054,8.147255305702881,,,,,,,,
2025-08-13 16:24:00,,,,,0.4297032445517499,8.317065494695646,,,,,,
2025-08-13 16:24:00,,,,,,,0.45205882539805786,8.304582723708831,,,,
2025-08-13 16:24:00,,,,,,,,,0.44884382815897594,8.323340786717516,,
2025-08-13 16:24:00,,,,,,,,,,,0.4696532963812716,8.31021324738467
2025-08-13 16:24:00,0.515200000000001,8.223877975748424,,,,,,,,,,
2025-08-13 16:24:00,,,0.4607100000000008,8.162960339949816,,,,,,,,
2025-08-13 16:24:00,,,,,0.5121934973357437,8.37216399948883,,,,,,
2025-08-13 16:24:00,,,,,,,0.45742740136181287,8.319537949319056,,,,
2025-08-13 16:24:00,,,,,,,,,0.5287814534878741,8.377180359348293,,
2025-08-13 16:24:00,,,,,,,,,,,0.4750320808724043,8.32515676626992
2025-08-13 16:24:00,0.515200000000001,8.223877975748424,,,,,,,,,,
2025-08-13 16:24:00,,,0.47155500000000095,8.178342157654956,,,,,,,,
2025-08-13 16:24:00,,,,,0.5120517524032162,8.379858827106075,,,,,,
2025-08-13 16:24:00,,,,,,,0.4682832279071816,8.336369959778605,,,,
2025-08-13 16:24:00,,,,,,,,,0.5292246787086138,8.384987990476837,,
2025-08-13 16:24:00,,,,,,,,,,,0.485965778172779,8.34192205775479
2025-08-13 16:24:00,0.4873749999999992,8.225573877206076,,,,,,,,,,
2025-08-13 16:24:00,,,0.4768350000000007,8.194063155651627,,,,,,,,
2025-08-13 16:24:00,,,,,0.484367892835889,8.378250933911636,,,,,,
2025-08-13 16:24:00,,,,,,,0.4736475491223304,8.350567323942581,,,,
2025-08-13 16:24:00,,,,,,,,,0.5016939013563986,8.38351558479472,,
2025-08-13 16:24:00,,,,,,,,,,,0.491176778602887,8.35600936165893
2025-08-13 16:24:00,0.539031249999999,8.272457029898883,,,,,,,,,,
2025-08-13 16:24:00,,,0.4980012500000003,8.218855966675882,,,,,,,,
2025-08-13 16:24:00,,,,,0.5362184813758715,8.412495449902034,,,,,,
2025-08-13 16:24:00,,,,,,,0.494906973700494,8.371966941020844,,,,
2025-08-13 16:24:00,,,,,,,,,0.5512611917546939,8.417444950064406,,
2025-08-13 16:24:00,,,,,,,,,,,0.5119610106933112,8.377293934280356
2025-08-13 16:24:00,0.539031249999999,8.272457029898883,,,,,,,,,,
2025-08-13 16:24:00,,,0.5191674999999998,8.243648777700137,,,,,,,,
2025-08-13 16:24:00,,,,,0.5359099679893671,8.435583853268504,,,,,,
2025-08-13 16:24:00,,,,,,,0.5161483183880174,8.395670612735415,,,,
2025-08-13 16:24:00,,,,,,,,,0.5540138101423614,8.441290369028534,,
2025-08-13 16:24:00,,,,,,,,,,,0.5329950070899884,8.40088385074256
2025-08-13 16:24:00,0.5111562499999991,8.274226204793166,,,,,,,,,,
2025-08-13 16:24:00,,,0.5183587499999994,8.253718423509087,,,,,,,,
2025-08-13 16:24:00,,,,,0.50817458266627,8.43404993743756,,,,,,
2025-08-13 16:24:00,,,,,,,0.5153445354541228,8.40804780032516,,,,
2025-08-13 16:24:00,,,,,,,,,0.526029294258396,8.439485399438187,,
2025-08-13 16:24:00,,,,,,,,,,,0.5324445752440926,8.413344858760539
2025-08-13 16:24:00,0.7741249999999988,8.504841590786684,,,,,,,,,,
2025-08-13 16:24:00,,,0.5701437499999991,8.309911146516738,,,,,,,,
2025-08-13 16:24:00,,,,,0.7667899467915992,8.600806224294194,,,,,,
2025-08-13 16:24:00,,,,,,,0.5662921743317992,8.452237279762786,,,,
2025-08-13 16:24:00,,,,,,,,,0.7826573988402251,8.605152591712653,,
2025-08-13 16:24:00,,,,,,,,,,,0.583131119270415,8.4573777790077
2025-08-13 16:24:00,0.7322187500000004,8.508551915699194,,,,,,,,,,
2025-08-13 16:24:00,,,0.6191124999999993,8.366506754215361,,,,,,,,
2025-08-13 16:24:00,,,,,0.7246733249780195,8.59929309102186,,,,,,
2025-08-13 16:24:00,,,,,,,0.6143532607602256,8.49644571118483,,,,
2025-08-13 16:24:00,,,,,,,,,0.7405452430598731,8.603867963877292,,
2025-08-13 16:24:00,,,,,,,,,,,0.6309013876111098,8.501448254824215
2025-08-13 16:24:00,0.7643000000000013,8.53585060260546,,,,,,,,,,
2025-08-13 16:24:00,,,0.6641662499999997,8.419185468756677,,,,,,,,
2025-08-13 16:24:00,,,,,0.7561767079744154,8.618941510622351,,,,,,
2025-08-13 16:24:00,,,,,,,0.6583449060799343,8.537734923328893,,,,
2025-08-13 16:24:00,,,,,,,,,0.7725095694299056,8.623604168178536,,
2025-08-13 16:24:00,,,,,,,,,,,0.6751510631461523,8.54268009844704
2025-08-13 16:24:00,0.7643000000000013,8.53585060260546,,,,,,,,,,
2025-08-13 16:24:00,,,0.7092200000000002,8.471864183297992,,,,,,,,
2025-08-13 16:24:00,,,,,0.7584287021065096,8.646632767514529,,,,,,
2025-08-13 16:24:00,,,,,,,0.7028486529033627,8.5799447061781,,,,
2025-08-13 16:24:00,,,,,,,,,0.774048015434222,8.651000184324314,,
2025-08-13 16:24:00,,,,,,,,,,,0.7191579042045244,8.584622061506195
2025-08-13 16:24:00,0.7222812499999991,8.539508756122828,,,,,,,,,,
2025-08-13 16:24:00,,,0.7514450000000001,8.524920693563924,,,,,,,,
2025-08-13 16:24:00,,,,,0.7162026664551899,8.645112888168962,,,,,,
2025-08-13 16:24:00,,,,,,,0.7444542696611467,8.622157296324378,,,,
2025-08-13 16:24:00,,,,,,,,,0.732136705090576,8.649682614416472,,
2025-08-13 16:24:00,,,,,,,,,,,0.7603793863709605,8.626661504501852
2025-08-13 16:24:00,0.7544749999999985,8.566841160799878,,,,,,,,,,
2025-08-13 16:24:00,,,0.7475150000000002,8.537320607566565,,,,,,,,
2025-08-13 16:24:00,,,,,0.747682378256898,8.664827544602375,,,,,,
2025-08-13 16:24:00,,,,,,,0.7406327559542065,8.634961560386015,,,,
2025-08-13 16:24:00,,,,,,,,,0.7636433451757564,8.669636671771002,,
2025-08-13 16:24:00,,,,,,,,,,,0.7565765756380666,8.639558320513524
2025-08-13 16:24:00,0.6982749999999998,8.571604985320718,,,,,,,,,,
2025-08-13 16:24:00,,,0.74072625,8.54993122149087,,,,,,,,
2025-08-13 16:24:00,,,,,0.6911704868681762,8.662661116062566,,,,,,
2025-08-13 16:24:00,,,,,,,0.7339321883322378,8.647635165394156,,,,
2025-08-13 16:24:00,,,,,,,,,0.706927759066075,8.66719362720341,,
2025-08-13 16:24:00,,,,,,,,,,,0.7498530788393071,8.652223453178745
2025-08-13 16:24:00,0.7197999999999993,8.5898945255457,,,,,,,,,,
2025-08-13 16:24:00,,,0.7318262499999996,8.560740006078918,,,,,,,,
2025-08-13 16:24:00,,,,,0.7122054467919513,8.675834231993672,,,,,,
2025-08-13 16:24:00,,,,,,,0.725137936095745,8.65901370966842,,,,
2025-08-13 16:24:00,,,,,,,,,0.7282661449233995,8.680504776505881,,
2025-08-13 16:24:00,,,,,,,,,,,0.7410043939380058,8.663603574844217
2025-08-13 16:24:00,0.7197999999999993,8.5898945255457,,,,,,,,,,
2025-08-13 16:24:00,,,0.7229262499999992,8.571548790666965,,,,,,,,
2025-08-13 16:24:00,,,,,0.7173928815154618,8.731104035611283,,,,,,
2025-08-13 16:24:00,,,,,,,0.7169307719775355,8.67590796328777,,,,
2025-08-13 16:24:00,,,,,,,,,0.7336759912163571,8.735838937606827,,
2025-08-13 16:24:00,,,,,,,,,,,0.7329299890944329,8.680571325500718
2025-08-13 16:24:00,0.7413750000000006,8.60813354388598,,,,,,,,,,
2025-08-13 16:24:00,,,0.7267449999999995,8.585273748219596,,,,,,,,
2025-08-13 16:24:00,,,,,0.7383169261593168,8.744213149624958,,,,,,
2025-08-13 16:24:00,,,,,,,0.7213536239183608,8.69572801557897,,,,
2025-08-13 16:24:00,,,,,,,,,0.7543810729031052,8.74871171871792,,
2025-08-13 16:24:00,,,,,,,,,,,0.7373788626569386,8.700377146361008
2025-08-13 16:24:00,0.7413750000000006,8.60813354388598,,,,,,,,,,
2025-08-13 16:24:00,,,0.7241249999999999,8.593532224836817,,,,,,,,
2025-08-13 16:24:00,,,,,0.7391448763373174,8.752100941925384,,,,,,
2025-08-13 16:24:00,,,,,,,0.7196461235344447,8.713182695043573,,,,
2025-08-13 16:24:00,,,,,,,,,0.7552382865495986,8.75681370118661,,
2025-08-13 16:24:00,,,,,,,,,,,0.735697850931707,8.71781255224413
2025-08-13 16:24:00,0.8172812500000015,8.67157144688311,,,,,,,,,,
2025-08-13 16:24:00,,,0.7479262500000002,8.613525517149293,,,,,,,,
2025-08-13 16:24:00,,,,,0.8130533685141911,8.797757402338334,,,,,,
2025-08-13 16:24:00,,,,,,,0.7440226998636478,8.740201952298728,,,,
2025-08-13 16:24:00,,,,,,,,,0.8290407218665043,8.802041413086748,,
2025-08-13 16:24:00,,,,,,,,,,,0.760120443491793,8.744782109420797
2025-08-13 16:24:00,0.7750000000000021,8.675452437769456,,,,,,,,,,
2025-08-13 16:24:00,,,0.7589662500000008,8.630637099594045,,,,,,,,
2025-08-13 16:24:00,,,,,0.7705900526504176,8.796491053544974,,,,,,
2025-08-13 16:24:00,,,,,,,0.755699621035341,8.764333316608987,,,,
2025-08-13 16:24:00,,,,,,,,,0.7866998435216397,8.801019856221776,,
2025-08-13 16:24:00,,,,,,,,,,,0.7718071832114409,8.768885125363976
2025-08-13 16:24:00,0.8077187500000012,8.702596763087351,,,,,,,,,,
2025-08-13 16:24:00,,,0.7765500000000012,8.653177547102375,,,,,,,,
2025-08-13 16:24:00,,,,,0.8025085312591789,8.816062240464678,,,,,,
2025-08-13 16:24:00,,,,,,,0.7727227509840844,8.781324957579665,,,,
2025-08-13 16:24:00,,,,,,,,,0.8184966964711913,8.820616165541214,,
2025-08-13 16:24:00,,,,,,,,,,,0.7887713242624079,8.785840570950853
2025-08-13 16:24:00,0.8077187500000012,8.702596763087351,,,,,,,,,,
2025-08-13 16:24:00,,,0.7898187500000013,8.67207019094265,,,,,,,,
2025-08-13 16:24:00,,,,,0.8043645384880572,8.835673482304093,,,,,,
2025-08-13 16:24:00,,,,,,,0.7859322734498325,8.799617024115493,,,,
2025-08-13 16:24:00,,,,,,,,,0.8210155388993572,8.840145993397428,,
2025-08-13 16:24:00,,,,,,,,,,,0.8020982174616582,8.804127425886756
2025-08-13 16:24:00,0.8186500000000008,8.711619377446423,,,,,,,,,,
2025-08-13 16:24:00,,,0.8052737500000013,8.692767357654738,,,,,,,,
2025-08-13 16:24:00,,,,,0.814988953128159,8.842162977411805,,,,,,
2025-08-13 16:24:00,,,,,,,0.8011010888080008,8.817629431212776,,,,
2025-08-13 16:24:00,,,,,,,,,0.8317212803232958,8.846884418090763,,
2025-08-13 16:24:00,,,,,,,,,,,0.8173948162163978,8.822141569267586
2025-08-13 16:24:00,0.12685000000000102,8.749080470398019,,,,,,,,,,
2025-08-13 16:24:00,,,0.6671875000000013,8.70826916235772,,,,,,,,
2025-08-13 16:24:00,,,,,0.11923022963508295,8.798139413023634,,,,,,
2025-08-13 16:24:00,,,,,,,0.6623364610321791,8.817705833349837,,,,
2025-08-13 16:24:00,,,,,,,,,0.13509490643501387,8.804065936687465,,
2025-08-13 16:24:00,,,,,,,,,,,0.6786056531300997,8.822546473987728
2025-08-13 16:24:00,0.1487500000000006,8.768738417668757,,,,,,,,,,
2025-08-13 16:24:00,,,0.541937500000001,8.72692635833758,,,,,,,,
2025-08-13 16:24:00,,,,,0.14151522330121355,8.812686576261298,,,,,,
2025-08-13 16:24:00,,,,,,,0.5365214951623384,8.8209449378931,,,,
2025-08-13 16:24:00,,,,,,,,,0.1564006467759615,8.81841638951542,,
2025-08-13 16:24:00,,,,,,,,,,,0.5525458137809639,8.826025780646457
2025-08-13 16:24:00,0.10455624999999902,8.769376716197447,,,,,,,,,,
2025-08-13 16:24:00,,,0.4013050000000005,8.7402823489596,,,,,,,,
2025-08-13 16:24:00,,,,,0.0977230323150955,8.808426168576768,,,,,,
2025-08-13 16:24:00,,,,,,,0.3955643953735216,8.81941772351552,,,,
2025-08-13 16:24:00,,,,,,,,,0.1116055526363839,8.814520888402452,,
2025-08-13 16:24:00,,,,,,,,,,,0.4111675850140025,8.824806725218707
2025-08-13 16:24:00,0.10455624999999902,8.769376716197447,,,,,,,,,,
2025-08-13 16:24:00,,,0.2606725000000001,8.753638339581618,,,,,,,,
2025-08-13 16:24:00,,,,,0.09750125565481704,8.83243572451017,,,,,,
2025-08-13 16:24:00,,,,,,,0.2541917388068736,8.818770171956734,,,,
2025-08-13 16:24:00,,,,,,,,,0.11482464463174238,8.83814338355071,,
2025-08-13 16:24:00,,,,,,,,,,,0.2699294061604795,8.824406203249362
2025-08-13 16:24:00,0.1265062499999985,8.78908960977819,,,,,,,,,,
2025-08-13 16:24:00,,,0.12224374999999962,8.769132386047973,,,,,,,,
2025-08-13 16:24:00,,,,,0.11893136935776596,8.84673397120846,,,,,,
2025-08-13 16:24:00,,,,,,,0.11498022205279498,8.819684370716065,,,,
2025-08-13 16:24:00,,,,,,,,,0.13628916116034923,8.853014849877438,,
2025-08-13 16:24:00,,,,,,,,,,,0.13084298232789018,8.825632289606698
2025-08-13 16:24:00,0.09698124999999891,8.78946498014233,,,,,,,,,,
2025-08-13 16:24:00,,,0.11626999999999921,8.777209287996834,,,,,,,,
2025-08-13 16:24:00,,,,,0.08936229782034864,8.843770739185713,,,,,,
2025-08-13 16:24:00,,,,,,,0.10900663568984814,8.828810635948482,,,,
2025-08-13 16:24:00,,,,,,,,,0.10633750907849401,8.849963403161725,,
2025-08-13 16:24:00,,,,,,,,,,,0.12509150285658618,8.83481178290155
2025-08-13 16:24:00,0.09698124999999891,8.78946498014233,,,,,,,,,,
2025-08-13 16:24:00,,,0.10591624999999887,8.781354600491548,,,,,,,,
2025-08-13 16:24:00,,,,,0.0904317863602562,8.85606629037097,,,,,,
2025-08-13 16:24:00,,,,,,,0.09878994830165666,8.837486578770415,,,,
2025-08-13 16:24:00,,,,,,,,,0.10763698444809644,8.861951330924104,,
2025-08-13 16:24:00,,,,,,,,,,,0.11533877039101319,8.843518771183287
2025-08-13 16:24:00,0.06740624999999945,8.789741543268546,,,,,,,,,,
2025-08-13 16:24:00,,,0.09848624999999896,8.785427565905769,,,,,,,,
2025-08-13 16:24:00,,,,,0.06050897838573488,8.852964482202745,,,,,,
2025-08-13 16:24:00,,,,,,,0.09134713751578454,8.846394241495611,,,,
2025-08-13 16:24:00,,,,,,,,,0.07802744507789547,8.859242948110488,,
2025-08-13 16:24:00,,,,,,,,,,,0.10862314887931553,8.852463183124893
2025-08-13 16:24:00,0.022949999999999804,8.789970039624707,,,,,,,,,,
2025-08-13 16:24:00,,,0.08216499999999911,8.78954623059122,,,,,,,,
2025-08-13 16:24:00,,,,,0.015646625504585787,8.848139775639495,,,,,,
2025-08-13 16:24:00,,,,,,,0.07497621148573828,8.849535051721476,,,,
2025-08-13 16:24:00,,,,,,,,,0.03343403019905053,8.854621304705745,,
2025-08-13 16:24:00,,,,,,,,,,,0.09234502599277714,8.8557587673559
2025-08-13 16:24:00,0.022949999999999804,8.789970039624707,,,,,,,,,,
2025-08-13 16:24:00,,,0.06145374999999938,8.789722316560525,,,,,,,,
2025-08-13 16:24:00,,,,,0.01674453573249124,8.856432893704211,,,,,,
2025-08-13 16:24:00,,,,,,,0.054538844760683346,8.851474836220627,,,,
2025-08-13 16:24:00,,,,,,,,,0.03440174743652298,8.862719059239744,,
2025-08-13 16:24:00,,,,,,,,,,,0.07196754324801188,8.85769960922836
2025-08-13 16:24:00,-0.006750000000002032,8.789997408276067,,,,,,,,,,
2025-08-13 16:24:00,,,0.04070749999999919,8.78982880218727,,,,,,,,
2025-08-13 16:24:00,,,,,-0.013317977827132788,8.853108967358436,,,,,,
2025-08-13 16:24:00,,,,,,,0.034002789631187066,8.853342481855172,,,,
2025-08-13 16:24:00,,,,,,,,,-0.006893371582033325,8.856094068475016,,
2025-08-13 16:24:00,,,,,,,,,,,0.049321367115906414,8.858925742291019
2025-08-13 16:24:00,-0.006750000000002032,8.789997408276067,,,,,,,,,,
2025-08-13 16:24:00,,,0.019961249999998997,8.789935287814018,,,,,,,,
2025-08-13 16:24:00,,,,,-0.01212826870803041,8.861333576349235,,,,,,
2025-08-13 16:24:00,,,,,,,0.013490778617529741,8.854395939050823,,,,
2025-08-13 16:24:00,,,,,,,,,0.005352091830970455,8.867483352588664,,
2025-08-13 16:24:00,,,,,,,,,,,0.02886438859248122,8.860032146623931
2025-08-13 16:24:00,-0.09614999999999974,8.7894741126816,,,,,,,,,,
2025-08-13 16:24:00,,,-0.012750000000000839,8.789881801696628,,,,,,,,
2025-08-13 16:24:00,,,,,-0.10260736771423865,8.850854087988251,,,,,,
2025-08-13 16:24:00,,,,,,,-0.019132490602464962,8.853973860207926,,,,
2025-08-13 16:24:00,,,,,,,,,-0.08518673497080782,8.857170790228237,,
2025-08-13 16:24:00,,,,,,,,,,,-0.003778447417259437,8.85961771504748
2025-08-13 16:24:00,-0.09614999999999974,8.7894741126816,,,,,,,,,,
2025-08-13 16:24:00,,,-0.03657000000000075,8.789782616308008,,,,,,,,
2025-08-13 16:24:00,,,,,-0.0992279947642401,8.87150248934907,,,,,,
2025-08-13 16:24:00,,,,,,,-0.04210741465623014,8.85864640294984,,,,
2025-08-13 16:24:00,,,,,,,,,-0.08100768490844895,8.877694616421262,,
2025-08-13 16:24:00,,,,,,,,,,,-0.026666790438759337,8.864232377390584
2025-08-13 16:24:00,-0.09614999999999974,8.7894741126816,,,,,,,,,,
2025-08-13 16:24:00,,,-0.06039000000000065,8.789683430919387,,,,,,,,
2025-08-13 16:24:00,,,,,-0.09783934196902144,8.879724031590762,,,,,,
2025-08-13 16:24:00,,,,,,,-0.06502419019653267,8.86330463052715,,,,
2025-08-13 16:24:00,,,,,,,,,-0.07983895351655751,8.88598422449572,,
2025-08-13 16:24:00,,,,,,,,,,,-0.04951493062937543,8.86888541044178
2025-08-13 16:24:00,-0.24615000000000187,8.786552804001122,,,,,,,,,,
2025-08-13 16:24:00,,,-0.10827000000000062,8.788994510064398,,,,,,,,
2025-08-13 16:24:00,,,,,-0.24975832899618827,8.86055619185934,,,,,,
2025-08-13 16:24:00,,,,,,,-0.11231226043034379,8.86479407542733,,,,
2025-08-13 16:24:00,,,,,,,,,-0.2322327454647813,8.866869632362654,,
2025-08-13 16:24:00,,,,,,,,,,,-0.09458280540592504,8.871040523219307
2025-08-13 16:24:00,-0.24615000000000187,8.786552804001122,,,,,,,,,,
2025-08-13 16:24:00,,,-0.1561500000000006,8.78830558920941,,,,,,,,
2025-08-13 16:24:00,,,,,-0.24668086360540292,8.877190273449132,,,,,,
2025-08-13 16:24:00,,,,,,,-0.1592227794098183,8.86796541484731,,,,
2025-08-13 16:24:00,,,,,,,,,-0.22829509105771956,8.883752498375841,,
2025-08-13 16:24:00,,,,,,,,,,,-0.14131224198366305,8.874294352376742
2025-08-13 16:24:00,-0.291393750000001,8.78516873386396,,,,,,,,,,
2025-08-13 16:24:00,,,-0.19519875000000084,8.78744451344588,,,,,,,,
2025-08-13 16:24:00,,,,,-0.2924705333530557,8.870999887991035,,,,,,
2025-08-13 16:24:00,,,,,,,-0.19719541253758172,8.871994574847866,,,,
2025-08-13 16:24:00,,,,,,,,,-0.27435613585712376,8.877581289758668,,
2025-08-13 16:24:00,,,,,,,,,,,-0.1791461221609262,8.878376452282827
2025-08-13 16:24:00,-0.291393750000001,8.78516873386396,,,,,,,,,,
2025-08-13 16:24:00,,,-0.2342475000000011,8.786583437682353,,,,,,,,
2025-08-13 16:24:00,,,,,-0.29099958505206297,8.879296482383117,,,,,,
2025-08-13 16:24:00,,,,,,,-0.23554973059514625,8.873553373454676,,,,
2025-08-13 16:24:00,,,,,,,,,-0.2728465482057644,8.885844832527326,,
2025-08-13 16:24:00,,,,,,,,,,,-0.21751389482038933,8.880006495504041
2025-08-13 16:24:00,-0.291393750000001,8.78516873386396,,,,,,,,,,
2025-08-13 16:24:00,,,-0.27329625000000135,8.785722361918825,,,,,,,,
2025-08-13 16:24:00,,,,,-0.29028244239121725,8.89505347414289,,,,,,
2025-08-13 16:24:00,,,,,,,-0.2740383506795855,8.876619261965104,,,,
2025-08-13 16:24:00,,,,,,,,,-0.26999963693891266,8.90254891264206,,
2025-08-13 16:24:00,,,,,,,,,,,-0.2555460315048603,8.88331943313331
2025-08-13 16:24:00,-0.291393750000001,8.78516873386396,,,,,,,,,,
2025-08-13 16:24:00,,,-0.2823450000000012,8.785445547891394,,,,,,,,
2025-08-13 16:24:00,,,,,-0.29024160052146997,8.89894012810966,,,,,,
2025-08-13 16:24:00,,,,,,,-0.2821350049846417,8.884296049215166,,,,
2025-08-13 16:24:00,,,,,,,,,-0.2691201484664608,8.906814993220419,,
2025-08-13 16:24:00,,,,,,,,,,,-0.26292351210519627,8.891308505304863
2025-08-13 16:24:00,-0.291393750000001,8.78516873386396,,,,,,,,,,
2025-08-13 16:24:00,,,-0.291393750000001,8.78516873386396,,,,,,,,
2025-08-13 16:24:00,,,,,-0.29011851747549244,8.910597756345446,,,,,,
2025-08-13 16:24:00,,,,,,,-0.2908225357586597,8.89097754579443,,,,
2025-08-13 16:24:00,,,,,,,,,-0.26620215470681596,8.919294209523242,,
2025-08-13 16:24:00,,,,,,,,,,,-0.27050492483501554,8.898416847534344
2025-08-13 16:24:00,-0.0803749999999992,8.979640296769967,,,,,,,,,,
2025-08-13 16:24:00,,,-0.24919000000000063,8.824063046445161,,,,,,,,
2025-08-13 16:24:00,,,,,-0.08447301749255273,9.054047588295429,,,,,,
2025-08-13 16:24:00,,,,,,,-0.24922303258655906,8.927587085855308,,,,
2025-08-13 16:24:00,,,,,,,,,-0.06631493702977834,9.0603208202961,,
2025-08-13 16:24:00,,,,,,,,,,,-0.22889668506954647,8.934964753641829
2025-08-13 16:24:00,-0.0803749999999992,8.979640296769967,,,,,,,,,,
2025-08-13 16:24:00,,,-0.2069862500000003,8.862957359026362,,,,,,,,
2025-08-13 16:24:00,,,,,-0.08371640005190792,9.058167489820935,,,,,,
2025-08-13 16:24:00,,,,,,,-0.20776639558652804,8.963361287342872,,,,
2025-08-13 16:24:00,,,,,,,,,-0.06514701233953174,9.064719112128458,,
2025-08-13 16:24:00,,,,,,,,,,,-0.1873567778962999,8.970739609562056
2025-08-13 16:24:00,0.021156250000000654,9.069975325935895,,,,,,,,,,
2025-08-13 16:24:00,,,-0.14447624999999994,8.91991867744075,,,,,,,,
2025-08-13 16:24:00,,,,,0.01381596835155846,9.123928458415136,,,,,,
2025-08-13 16:24:00,,,,,,,-0.14694671343797294,9.009136284197321,,,,
2025-08-13 16:24:00,,,,,,,,,0.031343521182239986,9.130303373603173,,
2025-08-13 16:24:00,,,,,,,,,,,-0.12708814627206938,9.016290501754279
2025-08-13 16:24:00,0.021156250000000654,9.069975325935895,,,,,,,,,,
2025-08-13 16:24:00,,,-0.08196624999999962,8.976879995855136,,,,,,,,
2025-08-13 16:24:00,,,,,0.015266705250381735,9.136284746965822,,,,,,
2025-08-13 16:24:00,,,,,,,-0.08584505228360259,9.056605207968554,,,,
2025-08-13 16:24:00,,,,,,,,,0.03392698205914445,9.142531707546503,,
2025-08-13 16:24:00,,,,,,,,,,,-0.06647872016694831,9.063433844619494
2025-08-13 16:24:00,0.11225625000000061,9.149311369405675,,,,,,,,,,
2025-08-13 16:24:00,,,-0.0012362499999992948,9.04970852296348,,,,,,,,
2025-08-13 16:24:00,,,,,0.10513420218455106,9.194382340772618,,,,,,
2025-08-13 16:24:00,,,,,,,-0.0067945083515938785,9.113362124853989,,,,
2025-08-13 16:24:00,,,,,,,,,0.12078588888421721,9.200278109160738,,
2025-08-13 16:24:00,,,,,,,,,,,0.010918888551258313,9.119630624546994
2025-08-13 16:24:00,0.11225625000000061,9.149311369405675,,,,,,,,,,
2025-08-13 16:24:00,,,0.03729000000000067,9.08364273749062,,,,,,,,
2025-08-13 16:24:00,,,,,0.1053310443048543,9.210402083489512,,,,,,
2025-08-13 16:24:00,,,,,,,0.031166304007887523,9.144633023892805,,,,
2025-08-13 16:24:00,,,,,,,,,0.12343158204499374,9.216549887323023,,
2025-08-13 16:24:00,,,,,,,,,,,0.048868192366212725,9.15087643795238
2025-08-13 16:24:00,0.22725624999999994,9.247207935200546,,,,,,,,,,
2025-08-13 16:24:00,,,0.0988162500000005,9.137156265176737,,,,,,,,
2025-08-13 16:24:00,,,,,0.22121734548489663,9.282788932705724,,,,,,
2025-08-13 16:24:00,,,,,,,0.09215305311524843,9.189557312469763,,,,
2025-08-13 16:24:00,,,,,,,,,0.23416540123999113,9.288506491300003,,
2025-08-13 16:24:00,,,,,,,,,,,0.10873067508211731,9.19563391378669
2025-08-13 16:24:00,-0.07724374999999917,9.249677475625079,,,,,,,,,,
2025-08-13 16:24:00,,,0.07913625000000053,9.173096695114575,,,,,,,,
2025-08-13 16:24:00,,,,,-0.0784524547516545,9.254530103030076,,,,,,
2025-08-13 16:24:00,,,,,,,0.07369936849460586,9.21567764139275,,,,
2025-08-13 16:24:00,,,,,,,,,-0.07666167562961493,9.257200177795655,,
2025-08-13 16:24:00,,,,,,,,,,,0.08712963571974634,9.221013274625184
2025-08-13 16:24:00,-0.07724374999999917,9.249677475625079,,,,,,,,,,
2025-08-13 16:24:00,,,0.059456250000000564,9.20903712505241,,,,,,,,
2025-08-13 16:24:00,,,,,-0.08246103342179312,9.276470585394053,,,,,,
2025-08-13 16:24:00,,,,,,,0.054153820760170876,9.243714809078396,,,,
2025-08-13 16:24:00,,,,,,,,,-0.08068994172990235,9.279371331214422,,
2025-08-13 16:24:00,,,,,,,,,,,0.06420625096193697,9.248381199358768
2025-08-13 16:24:00,0.004000000000001336,9.319999141630863,,,,,,,,,,
2025-08-13 16:24:00,,,0.03780500000000071,9.243174679497448,,,,,,,,
2025-08-13 16:24:00,,,,,0.0017479552799687494,9.329993753916316,,,,,,
2025-08-13 16:24:00,,,,,,,0.03347657137925441,9.270837091707136,,,,
2025-08-13 16:24:00,,,,,,,,,0.0040972656250013685,9.332741327957311,,
2025-08-13 16:24:00,,,,,,,,,,,0.04086852631009381,9.274873843118081
2025-08-13 16:24:00,0.004000000000001336,9.319999141630863,,,,,,,,,,
2025-08-13 16:24:00,,,0.016153750000000855,9.277312233942485,,,,,,,,
2025-08-13 16:24:00,,,,,-0.00020080911282422537,9.341054541745539,,,,,,
2025-08-13 16:24:00,,,,,,,0.01237020069571871,9.296967583358342,,,,
2025-08-13 16:24:00,,,,,,,,,0.004294726562501436,9.34457335811759,,
2025-08-13 16:24:00,,,,,,,,,,,0.01704115521359533,9.300478537276996
2025-08-13 16:24:00,0.10935625000000115,9.409364548713475,,,,,,,,,,
2025-08-13 16:24:00,,,-0.007426249999998902,9.309743556645072,,,,,,,,
2025-08-13 16:24:00,,,,,0.10935625000000115,9.409364548713475,,,,,,
2025-08-13 16:24:00,,,,,,,-0.010002018401260387,9.322282706559893,,,,
2025-08-13 16:24:00,,,,,,,,,0.11002378058374045,9.411419473184047,,
2025-08-13 16:24:00,,,,,,,,,,,-0.007787168917654805,9.325061133653806
2025-08-13 16:24:00,0.10935625000000115,9.409364548713475,,,,,,,,,,
2025-08-13 16:24:00,,,0.029893750000001162,9.34168097126275,,,,,,,,
2025-08-13 16:24:00,,,,,0.10576088216635814,9.427291533764526,,,,,,
2025-08-13 16:24:00,,,,,,,0.02684064898234214,9.356834992706782,,,,
2025-08-13 16:24:00,,,,,,,,,0.1132732456696046,9.43124186687617,,
2025-08-13 16:24:00,,,,,,,,,,,0.0301998153421891,9.359869471469908
2025-08-13 16:24:00,-0.013843749999999488,9.409989816710002,,,,,,,,,,
2025-08-13 16:24:00,,,0.0425737500000011,9.373743439479735,,,,,,,,
2025-08-13 16:24:00,,,,,-0.015240787482330249,9.415833304845277,,,,,,
2025-08-13 16:24:00,,,,,,,0.040284698170234716,9.384707536597027,,,,
2025-08-13 16:24:00,,,,,,,,,-0.014183760070800258,9.418260315572347,,
2025-08-13 16:24:00,,,,,,,,,,,0.043501051674009514,9.387647268341492
2025-08-13 16:24:00,-0.013843749999999488,9.409989816710002,,,,,,,,,,
2025-08-13 16:24:00,,,0.039005000000000935,9.391741574495564,,,,,,,,
2025-08-13 16:24:00,,,,,-0.01667669406980526,9.423128044738716,,,,,,
2025-08-13 16:24:00,,,,,,,0.03659976830027992,9.403334394761506,,,,
2025-08-13 16:24:00,,,,,,,,,-0.01210111389160112,9.426530814434688,,
2025-08-13 16:24:00,,,,,,,,,,,0.04026137577068902,9.406405165636968
2025-08-13 16:24:00,-0.13784374999999827,9.408990333749204,,,,,,,,,,
2025-08-13 16:24:00,,,0.010636250000001013,9.409539812919231,,,,,,,,
2025-08-13 16:24:00,,,,,-0.13820204650397092,9.410299862066104,,,,,,
2025-08-13 16:24:00,,,,,,,0.008999520822050577,9.41718345882562,,,,
2025-08-13 16:24:00,,,,,,,,,-0.13693499861694702,9.412652485257498,,
2025-08-13 16:24:00,,,,,,,,,,,0.012015430734799326,9.42002099106495
2025-08-13 16:24:00,0.06392500000000112,9.579786719670485,,,,,,,,,,
2025-08-13 16:24:00,,,0.001550000000001006,9.443624247110634,,,,,,,,
2025-08-13 16:24:00,,,,,0.06999550870392332,9.544350225978409,,,,,,
2025-08-13 16:24:00,,,,,,,0.0011273725628350051,9.444180594278606,,,,
2025-08-13 16:24:00,,,,,,,,,0.0562366105815779,9.538491330059331,,
2025-08-13 16:24:00,,,,,,,,,,,0.0012579967343668203,9.445435362440007
2025-08-13 16:24:00,0.06392500000000112,9.579786719670485,,,,,,,,,,
2025-08-13 16:24:00,,,-0.007536249999999,9.477708681302037,,,,,,,,
2025-08-13 16:24:00,,,,,0.0666942101020279,9.566544570652955,,,,,,
2025-08-13 16:24:00,,,,,,,-0.006685961850031038,9.472031201656293,,,,
2025-08-13 16:24:00,,,,,,,,,0.06738122330665705,9.56443093666723,,
2025-08-13 16:24:00,,,,,,,,,,,-0.007920407738222687,9.472073176398219
2025-08-13 16:24:00,-0.060874999999999346,9.57980658648049,,,,,,,,,,
2025-08-13 16:24:00,,,-0.016942499999998972,9.511672035256135,,,,,,,,
2025-08-13 16:24:00,,,,,-0.05602800533031399,9.554427258623678,,,,,,
2025-08-13 16:24:00,,,,,,,-0.01484340541962779,9.499749992411973,,,,
2025-08-13 16:24:00,,,,,,,,,-0.0670403750564896,9.549317818461585,,
2025-08-13 16:24:00,,,,,,,,,,,-0.01849173073536056,9.498284676976066
2025-08-13 16:24:00,-0.060874999999999346,9.57980658648049,,,,,,,,,,
2025-08-13 16:24:00,,,-0.026348749999998942,9.54563538921023,,,,,,,,
2025-08-13 16:24:00,,,,,-0.05922357797601049,9.572735927511665,,,,,,
2025-08-13 16:24:00,,,,,,,-0.02335278220086883,9.529671568966561,,,,
2025-08-13 16:24:00,,,,,,,,,-0.061696918392180736,9.569968924992605,,
2025-08-13 16:24:00,,,,,,,,,,,-0.02841089163547648,9.526972299087651
2025-08-13 16:24:00,0.07160625000000032,9.689735421824526,,,,,,,,,,
2025-08-13 16:24:00,,,0.015541250000000773,9.601784406825294,,,,,,,,
2025-08-13 16:24:00,,,,,0.07735285821019172,9.656528404966553,,,,,,
2025-08-13 16:24:00,,,,,,,0.01975819874196369,9.578917277546651,,,,
2025-08-13 16:24:00,,,,,,,,,0.06338806163683555,9.650616585922833,,
2025-08-13 16:24:00,,,,,,,,,,,0.011653720415280034,9.574565119220717
2025-08-13 16:24:00,0.07160625000000032,9.689735421824526,,,,,,,,,,
2025-08-13 16:24:00,,,0.017077500000000613,9.623774147256103,,,,,,,,
2025-08-13 16:24:00,,,,,0.07581407258279346,9.667703912459844,,,,,,
2025-08-13 16:24:00,,,,,,,0.020921911517737722,9.603588014842938,,,,
2025-08-13 16:24:00,,,,,,,,,0.06633368041992212,9.663240051530474,,
2025-08-13 16:24:00,,,,,,,,,,,0.013673134382948876,9.599514863514944
2025-08-13 16:24:00,-0.22800000000000153,9.687317275696094,,,,,,,,,,
2025-08-13 16:24:00,,,-0.04130749999999992,9.645280258461225,,,,,,,,
2025-08-13 16:24:00,,,,,-0.22131632289718986,9.635197291363143,,,,,,
2025-08-13 16:24:00,,,,,,,-0.036680195082105835,9.617318558984975,,,,
2025-08-13 16:24:00,,,,,,,,,-0.24224481546878984,9.627544693514647,,
2025-08-13 16:24:00,,,,,,,,,,,-0.048252073372140505,9.612137614884428
2025-08-13 16:24:00,-0.1551000000000009,9.748766280406972,,,,,,,,,,
2025-08-13 16:24:00,,,-0.060152500000000234,9.679072197246521,,,,,,,,
2025-08-13 16:24:00,,,,,-0.15125003221023917,9.680551453169235,,,,,,
2025-08-13 16:24:00,,,,,,,-0.05572460045809087,9.642543397894087,,,,
2025-08-13 16:24:00,,,,,,,,,-0.17240148224115467,9.673563974374183,,
2025-08-13 16:24:00,,,,,,,,,,,-0.06932429480907351,9.636986846066948
2025-08-13 16:24:00,-0.1551000000000009,9.748766280406972,,,,,,,,,,
2025-08-13 16:24:00,,,-0.07899750000000054,9.712864136031817,,,,,,,,
2025-08-13 16:24:00,,,,,-0.14976813991703164,9.720501624132261,,,,,,
2025-08-13 16:24:00,,,,,,,-0.0738335128462951,9.672096537218208,,,,
2025-08-13 16:24:00,,,,,,,,,-0.162543482004405,9.714829133424576,,
2025-08-13 16:24:00,,,,,,,,,,,-0.08949360753151837,9.665958887753343
2025-08-13 16:24:00,-0.1551000000000009,9.748766280406972,,,,,,,,,,
2025-08-13 16:24:00,,,-0.12433875000000079,9.724670307748307,,,,,,,,
2025-08-13 16:24:00,,,,,-0.1535726000678275,9.742342053149883,,,,,,
2025-08-13 16:24:00,,,,,,,-0.12001860450189894,9.689259266854872,,,,
2025-08-13 16:24:00,,,,,,,,,-0.15739363109350293,9.739200909668373,,
2025-08-13 16:24:00,,,,,,,,,,,-0.13364994607758604,9.683675752502449
2025-08-13 16:24:00,-0.42699375000000117,9.740645581144042,,,,,,,,,,
2025-08-13 16:24:00,,,-0.22405875000000108,9.73485233961221,,,,,,,,
2025-08-13 16:24:00,,,,,-0.4209918322903694,9.709290562302895,,,,,,
2025-08-13 16:24:00,,,,,,,-0.2193797854765315,9.697576596823485,,,,
2025-08-13 16:24:00,,,,,,,,,-0.43672488532114895,9.70224841229857,,
2025-08-13 16:24:00,,,,,,,,,,,-0.23426165922580028,9.691477424656071
2025-08-13 16:24:00,-0.42699375000000117,9.740645581144042,,,,,,,,,,
2025-08-13 16:24:00,,,-0.263857500000001,9.7455180007018,,,,,,,,
2025-08-13 16:24:00,,,,,-0.4255311516692512,9.734946899175196,,,,,,
2025-08-13 16:24:00,,,,,,,-0.26022275123094374,9.717526518385895,,,,
2025-08-13 16:24:00,,,,,,,,,-0.42963096142339163,9.731488624201658,,
2025-08-13 16:24:00,,,,,,,,,,,-0.2717388884167206,9.712266210793473
2025-08-13 16:24:00,-0.3658999999999999,9.793166862154449,,,,,,,,,,
2025-08-13 16:24:00,,,-0.30601750000000083,9.754398117051297,,,,,,,,
2025-08-13 16:24:00,,,,,-0.362093237982513,9.77560631431297,,,,,,
2025-08-13 16:24:00,,,,,,,-0.3023913923853986,9.73653749061464,,,,
2025-08-13 16:24:00,,,,,,,,,-0.3713727871342002,9.770538003382324,,
2025-08-13 16:24:00,,,,,,,,,,,-0.3115331493953297,9.731661016595101
2025-08-13 16:24:00,-0.3658999999999999,9.793166862154449,,,,,,,,,,
2025-08-13 16:24:00,,,-0.3481775000000006,9.763278233400792,,,,,,,,
2025-08-13 16:24:00,,,,,-0.366023820498447,9.793592935310313,,,,,,
2025-08-13 16:24:00,,,,,,,-0.34564252850168165,9.751155752850252,,,,
2025-08-13 16:24:00,,,,,,,,,-0.36558378127468744,9.795625523478446,,
2025-08-13 16:24:00,,,,,,,,,,,-0.3521412092493862,9.747820294605877
2025-08-13 16:24:00,-0.625099999999998,9.78004345542493,,,,,,,,,,
2025-08-13 16:24:00,,,-0.4421775,9.769533668404382,,,,,,,,
2025-08-13 16:24:00,,,,,-0.6209212367910875,9.761418935488763,,,,,,
2025-08-13 16:24:00,,,,,,,-0.4391122558463336,9.754971129318026,,,,
2025-08-13 16:24:00,,,,,,,,,-0.6319630351422707,9.756022615039226,,
2025-08-13 16:24:00,,,,,,,,,,,-0.4470550900591398,9.751184635680044
2025-08-13 16:24:00,-0.625099999999998,9.78004345542493,,,,,,,,,,
2025-08-13 16:24:00,,,-0.4817987499999994,9.77741324326056,,,,,,,,
2025-08-13 16:24:00,,,,,-0.625099999999998,9.78004345542493,,,,,,
2025-08-13 16:24:00,,,,,,,-0.4799338893882593,9.769121707942436,,,,
2025-08-13 16:24:00,,,,,,,,,-0.6246218836687298,9.781632287613522,,
2025-08-13 16:24:00,,,,,,,,,,,-0.48463448972865597,9.767061410743034
2025-08-13 16:24:00,-0.6903999999999986,9.775650762992713,,,,,,,,,,
2025-08-13 16:24:00,,,-0.5344799999999988,9.784414279630294,,,,,,,,
2025-08-13 16:24:00,,,,,-0.6896619728345328,9.773112199918478,,,,,,
2025-08-13 16:24:00,,,,,,,-0.5327600536213156,9.776754768091092,,,,
2025-08-13 16:24:00,,,,,,,,,-0.6922172261095032,9.770083311096023,,
2025-08-13 16:24:00,,,,,,,,,,,-0.5371517426658783,9.77478034812191
2025-08-13 16:24:00,-0.739506249999998,9.772058662646831,,,,,,,,,,
2025-08-13 16:24:00,,,-0.6092012499999985,9.78019263972877,,,,,,,,
2025-08-13 16:24:00,,,,,-0.7377291797046547,9.76545608828973,,,,,,
2025-08-13 16:24:00,,,,,,,-0.607887241965744,9.774724722886443,,,,
2025-08-13 16:24:00,,,,,,,,,-0.7420236889414529,9.761818530177113,,
2025-08-13 16:24:00,,,,,,,,,,,-0.6112819230273289,9.773036453480865
2025-08-13 16:24:00,-0.6780999999999997,9.826631182149862,,,,,,,,,,
2025-08-13 16:24:00,,,-0.6716412499999984,9.786885503727852,,,,,,,,
2025-08-13 16:24:00,,,,,-0.6738706586455117,9.807914998594311,,,,,,
2025-08-13 16:24:00,,,,,,,-0.6694566095951568,9.777589135543243,,,,
2025-08-13 16:24:00,,,,,,,,,-0.6843420906818283,9.802508854220985,,
2025-08-13 16:24:00,,,,,,,,,,,-0.675033584908757,9.774413119629376
2025-08-13 16:24:00,-0.6780999999999997,9.826631182149862,,,,,,,,,,
2025-08-13 16:24:00,,,-0.6822412499999988,9.79620304907284,,,,,,,,
2025-08-13 16:24:00,,,,,-0.6820439954180761,9.843752362009559,,,,,,
2025-08-13 16:24:00,,,,,,,-0.6816811613205547,9.794055820847403,,,,
2025-08-13 16:24:00,,,,,,,,,-0.6715510838304085,9.849326801406399,,
2025-08-13 16:24:00,,,,,,,,,,,-0.6829511946463845,9.79307395690281
2025-08-13 16:24:00,-0.616381249999999,9.880793194609856,,,,,,,,,,
2025-08-13 16:24:00,,,-0.680497499999999,9.816352996909824,,,,,,,,
2025-08-13 16:24:00,,,,,-0.6177649218034879,9.885981626120891,,,,,,
2025-08-13 16:24:00,,,,,,,-0.6802141456812526,9.815243454986595,,,,
2025-08-13 16:24:00,,,,,,,,,-0.6137820614690744,9.889315217488114,,
2025-08-13 16:24:00,,,,,,,,,,,-0.6807832302064534,9.814610542877727
2025-08-13 16:24:00,-0.6656000000000004,9.877599740827728,,,,,,,,,,
2025-08-13 16:24:00,,,-0.6755374999999993,9.836742792476828,,,,,,,,
2025-08-13 16:24:00,,,,,-0.6659324609096605,9.878707425928075,,,,,,
2025-08-13 16:24:00,,,,,,,-0.6754682432962782,9.836362500188512,,,,
2025-08-13 16:24:00,,,,,,,,,-0.6647725129604344,9.880879748940584,,
2025-08-13 16:24:00,,,,,,,,,,,-0.6752942875766397,9.836769830446638
2025-08-13 16:24:00,-0.5786687500000003,9.953192577146966,,,,,,,,,,
2025-08-13 16:24:00,,,-0.6433699999999998,9.872969575376853,,,,,,,,
2025-08-13 16:24:00,,,,,-0.5758324376665223,9.941313354387315,,,,,,
2025-08-13 16:24:00,,,,,,,-0.6430888948886516,9.87153395340803,,,,
2025-08-13 16:24:00,,,,,,,,,-0.5828869900340227,9.936900158135053,,
2025-08-13 16:24:00,,,,,,,,,,,-0.6434669477951536,9.871786156038228
2025-08-13 16:24:00,-0.6280000000000001,9.95020180699869,,,,,,,,,,
2025-08-13 16:24:00,,,-0.6333499999999999,9.89768370034662,,,,,,,,
2025-08-13 16:24:00,,,,,-0.6243118871965319,9.934052536506522,,,,,,
2025-08-13 16:24:00,,,,,,,-0.6331771405988558,9.896761460990472,,,,
2025-08-13 16:24:00,,,,,,,,,-0.633970489859581,9.928741507965434,,
2025-08-13 16:24:00,,,,,,,,,,,-0.6333926276307043,9.897032686787117
2025-08-13 16:24:00,-0.5655312500000012,10.0040279090611,,,,,,,,,,
2025-08-13 16:24:00,,,-0.6108362500000002,9.933163045728868,,,,,,,,
2025-08-13 16:24:00,,,,,-0.5598886019763369,9.975713713810642,,,,,,
2025-08-13 16:24:00,,,,,,,-0.6087460619105078,9.92315373135069,,,,
2025-08-13 16:24:00,,,,,,,,,-0.5750963882149149,9.96890362493318,,
2025-08-13 16:24:00,,,,,,,,,,,-0.6141016885076056,9.920948051492473
2025-08-13 16:24:00,-0.5820000000000007,10.003083324655453,,,,,,,,,,
2025-08-13 16:24:00,,,-0.6039600000000005,9.957621071737986,,,,,,,,
2025-08-13 16:24:00,,,,,-0.576164428494654,9.973261791944209,,,,,,
2025-08-13 16:24:00,,,,,,,-0.600425963248741,9.940609764515353,,,,
2025-08-13 16:24:00,,,,,,,,,-0.5922342707633981,9.966358404501904,,
2025-08-13 16:24:00,,,,,,,,,,,-0.6097921303664702,9.93635668889523
2025-08-13 16:24:00,-0.5820000000000007,10.003083324655453,,,,,,,,,,
2025-08-13 16:24:00,,,-0.5872400000000007,9.982717788503532,,,,,,,,
2025-08-13 16:24:00,,,,,-0.5827690417227693,10.005849249344998,,,,,,
2025-08-13 16:24:00,,,,,,,-0.5837932794113628,9.966038129198738,,,,
2025-08-13 16:24:00,,,,,,,,,-0.580280865743012,10.008560049586954,,
2025-08-13 16:24:00,,,,,,,,,,,-0.5928938009229857,9.961892749024504
2025-08-13 16:24:00,-0.4940187500000004,10.077898862096625,,,,,,,,,,
2025-08-13 16:24:00,,,-0.5703100000000006,10.007659045493465,,,,,,,,
2025-08-13 16:24:00,,,,,-0.4916245011224348,10.06787111664246,,,,,,
2025-08-13 16:24:00,,,,,,,-0.5669516921025455,9.991349681649766,,,,
2025-08-13 16:24:00,,,,,,,,,-0.4980581323938822,10.06398280669396,,
2025-08-13 16:24:00,,,,,,,,,,,-0.5759280293949576,9.987309278736285
2025-08-13 16:24:00,-0.5435000000000016,10.07535149510924,,,,,,,,,,
2025-08-13 16:24:00,,,-0.553410000000001,10.032688983115573,,,,,,,,
2025-08-13 16:24:00,,,,,-0.5402346504369723,10.061087190210548,,,,,,
2025-08-13 16:24:00,,,,,,,-0.5501362447506335,10.016756612390571,,,,
2025-08-13 16:24:00,,,,,,,,,-0.5485194094073975,10.056418450411664,,
2025-08-13 16:24:00,,,,,,,,,,,-0.5588378133045209,10.012844667225533
2025-08-13 16:24:00,-0.5435000000000016,10.07535149510924,,,,,,,,,,
2025-08-13 16:24:00,,,-0.549003750000001,10.0469537003252,,,,,,,,
2025-08-13 16:24:00,,,,,-0.5452664475920033,10.082378384092367,,,,,,
2025-08-13 16:24:00,,,,,,,-0.5472118138737667,10.038089546446916,,,,
2025-08-13 16:24:00,,,,,,,,,-0.5407573769330996,10.085593306059174,,
2025-08-13 16:24:00,,,,,,,,,,,-0.5519700110481579,10.036182603450731
2025-08-13 16:24:00,-0.6593937499999996,10.06843085502706,,,,,,,,,,
2025-08-13 16:24:00,,,-0.5644825000000008,10.060023206399524,,,,,,,,
2025-08-13 16:24:00,,,,,-0.6593937499999996,10.06843085502706,,,,,,
2025-08-13 16:24:00,,,,,,,-0.5638576781748358,10.057123359063485,,,,
2025-08-13 16:24:00,,,,,,,,,-0.659288039487799,10.067588920567555,,
2025-08-13 16:24:00,,,,,,,,,,,-0.565380764793038,10.056428706663862
2025-08-13 16:24:00,-0.6593937499999996,10.06843085502706,,,,,,,,,,
2025-08-13 16:24:00,,,-0.5799612500000005,10.073092712473844,,,,,,,,
2025-08-13 16:24:00,,,,,-0.6641904644611012,10.090966899607533,,,,,,
2025-08-13 16:24:00,,,,,,,-0.5801419627225022,10.074146889115994,,,,
2025-08-13 16:24:00,,,,,,,,,-0.6508672439352947,10.097307146120531,,
2025-08-13 16:24:00,,,,,,,,,,,-0.5794980404314947,10.074178125970576
2025-08-13 16:24:00,-0.5071437499999982,10.197396982408597,,,,,,,,,,
2025-08-13 16:24:00,,,-0.5825862500000001,10.096992336536239,,,,,,,,
2025-08-13 16:24:00,,,,,-0.5065060696674448,10.195067237550253,,,,,,
2025-08-13 16:24:00,,,,,,,-0.5831182764315042,10.099586113297551,,,,
2025-08-13 16:24:00,,,,,,,,,-0.508469020440018,10.192348858756993,,
2025-08-13 16:24:00,,,,,,,,,,,-0.5815802180407217,10.099851336383184
2025-08-13 16:24:00,-0.5071437499999982,10.197396982408597,,,,,,,,,,
2025-08-13 16:24:00,,,-0.5753149999999995,10.12140143399611,,,,,,,,
2025-08-13 16:24:00,,,,,-0.5098828612167956,10.209229473874599,,,,,,
2025-08-13 16:24:00,,,,,,,-0.577047918587469,10.129214570030362,,,,
2025-08-13 16:24:00,,,,,,,,,-0.5022813423514838,10.213570721354326,,
2025-08-13 16:24:00,,,,,,,,,,,-0.572332604629539,10.131281790571716
2025-08-13 16:24:00,-0.3917749999999982,10.292546446306424,,,,,,,,,,
2025-08-13 16:24:00,,,-0.5449699999999987,10.164840424235548,,,,,,,,
2025-08-13 16:24:00,,,,,-0.3904164127102351,10.287054949116701,,,,,,
2025-08-13 16:24:00,,,,,,,-0.5460779116111152,10.17014988303523,,,,
2025-08-13 16:24:00,,,,,,,,,-0.394473920670895,10.28364565851357,,
2025-08-13 16:24:00,,,,,,,,,,,-0.5430759133770982,10.170892261062594
2025-08-13 16:24:00,-0.4249999999999998,10.291228060829281,,,,,,,,,,
2025-08-13 16:24:00,,,-0.4980912499999988,10.209399865395993,,,,,,,,
2025-08-13 16:24:00,,,,,-0.423022185237359,10.282912486256837,,,,,,
2025-08-13 16:24:00,,,,,,,-0.4988035986585871,10.213046209281185,,,,
2025-08-13 16:24:00,,,,,,,,,-0.4287939213030038,10.27924128383677,,
2025-08-13 16:24:00,,,,,,,,,,,-0.4969770897401391,10.213222733716439
2025-08-13 16:24:00,-0.4249999999999998,10.291228060829281,,,,,,,,,,
2025-08-13 16:24:00,,,-0.45121249999999885,10.253959306556435,,,,,,,,
2025-08-13 16:24:00,,,,,-0.4271833640062019,10.300560065519173,,,,,,
2025-08-13 16:24:00,,,,,,,-0.4514021785676072,10.254964842463512,,,,
2025-08-13 16:24:00,,,,,,,,,-0.4210966711281799,10.304427541409583,,
2025-08-13 16:24:00,,,,,,,,,,,-0.45102297517871615,10.254646812774249
2025-08-13 16:24:00,-0.33456875000000164,10.364601475769506,,,,,,,,,,
2025-08-13 16:24:00,,,-0.41669749999999955,10.287400205228618,,,,,,,,
2025-08-13 16:24:00,,,,,-0.3337296970445719,10.361295173654145,,,,,,
2025-08-13 16:24:00,,,,,,,-0.41684690404303265,10.288210429684293,,,,
2025-08-13 16:24:00,,,,,,,,,-0.3359697731275524,10.358813610430062,,
2025-08-13 16:24:00,,,,,,,,,,,-0.41652312571622296,10.287939763108863
2025-08-13 16:24:00,-0.4178500000000005,10.361578131611997,,,,,,,,,,
2025-08-13 16:24:00,,,-0.39883875,10.3202364350693,,,,,,,,
2025-08-13 16:24:00,,,,,-0.4154756219146269,10.35119458386146,,,,,,
2025-08-13 16:24:00,,,,,,,-0.397965456182599,10.316603451681663,,,,
2025-08-13 16:24:00,,,,,,,,,-0.421564794756426,10.347451873972668,,
2025-08-13 16:24:00,,,,,,,,,,,-0.40037981619721136,10.314715993632529
2025-08-13 16:24:00,-0.4178500000000005,10.361578131611997,,,,,,,,,,
2025-08-13 16:24:00,,,-0.40405375000000043,10.334042772130413,,,,,,,,
2025-08-13 16:24:00,,,,,-0.42033296122797076,10.372530331986832,,,,,,
2025-08-13 16:24:00,,,,,,,-0.40394876588614614,10.33369852825569,,,,
2025-08-13 16:24:00,,,,,,,,,-0.4135713733259593,10.37663909708266,,
2025-08-13 16:24:00,,,,,,,,,,,-0.40419930672822424,10.333314681346348
2025-08-13 16:24:00,-0.3658999999999999,10.40356752224928,,,,,,,,,,
2025-08-13 16:24:00,,,-0.3922337500000005,10.356510664414412,,,,,,,,
2025-08-13 16:24:00,,,,,-0.3663443918436767,10.405233652363208,,,,,,
2025-08-13 16:24:00,,,,,,,-0.3926132072074096,10.358162761476965,,,,
2025-08-13 16:24:00,,,,,,,,,-0.3650100535437464,10.407511550299688,,
2025-08-13 16:24:00,,,,,,,,,,,-0.3914425331763728,10.358968734638932
2025-08-13 16:24:00,-0.44949375000000025,10.400291119421174,,,,,,,,,,
2025-08-13 16:24:00,,,-0.39713250000000055,10.378323276132791,,,,,,,,
2025-08-13 16:24:00,,,,,-0.4489927780494582,10.398436693949382,,,,,,
2025-08-13 16:24:00,,,,,,,-0.39697509001606085,10.377738087163005,,,,
2025-08-13 16:24:00,,,,,,,,,-0.45065599684901325,10.396121006312779,,
2025-08-13 16:24:00,,,,,,,,,,,-0.3973543983205395,10.37730742761957
2025-08-13 16:24:00,-0.44949375000000025,10.400291119421174,,,,,,,,,,
2025-08-13 16:24:00,,,-0.42011750000000025,10.385461204863125,,,,,,,,
2025-08-13 16:24:00,,,,,-0.4529333004256869,10.41623234994661,,,,,,
2025-08-13 16:24:00,,,,,,,-0.42081581069228385,10.388725522421499,,,,
2025-08-13 16:24:00,,,,,,,,,-0.4435220830869422,10.421211362359076,,
2025-08-13 16:24:00,,,,,,,,,,,-0.4188648603124173,10.389786978005372
2025-08-13 16:24:00,-0.44949375000000025,10.400291119421174,,,,,,,,,,
2025-08-13 16:24:00,,,-0.42644625000000025,10.39320380242496,,,,,,,,
2025-08-13 16:24:00,,,,,-0.4562109929420173,10.442381739506882,,,,,,
2025-08-13 16:24:00,,,,,,,-0.4289628848977619,10.40696295355058,,,,
2025-08-13 16:24:00,,,,,,,,,-0.4349432188742237,10.450454505150653,,
2025-08-13 16:24:00,,,,,,,,,,,-0.42154054513597694,10.41038750424097
2025-08-13 16:24:00,-0.5333999999999985,10.39632552587692,,,,,,,,,,
2025-08-13 16:24:00,,,-0.4495562499999998,10.400153281277944,,,,,,,,
2025-08-13 16:24:00,,,,,-0.5396316828598169,10.4308480813095,,,,,,
2025-08-13 16:24:00,,,,,,,-0.4528226292241312,10.418626503415116,,,,
2025-08-13 16:24:00,,,,,,,,,-0.5212651015010883,10.438428814903894,,
2025-08-13 16:24:00,,,,,,,,,,,-0.44307929077100283,10.422745447805218
2025-08-13 16:24:00,-0.5333999999999985,10.39632552587692,,,,,,,,,,
2025-08-13 16:24:00,,,-0.4830562499999996,10.398704882003472,,,,,,,,
2025-08-13 16:24:00,,,,,-0.5360507308959945,10.45963467511333,,,,,,
2025-08-13 16:24:00,,,,,,,-0.4867638970345947,10.42950670796514,,,,
2025-08-13 16:24:00,,,,,,,,,-0.5126757688106582,10.467627726248589,,
2025-08-13 16:24:00,,,,,,,,,,,-0.4726124338243851,10.434768682994997
2025-08-13 16:24:00,-0.6176187500000001,10.391662382874475,,,,,,,,,,
2025-08-13 16:24:00,,,-0.5166812499999995,10.396979134694131,,,,,,,,
2025-08-13 16:24:00,,,,,-0.6221075454202611,10.446955765882503,,,,,,
2025-08-13 16:24:00,,,,,,,-0.5213868505087553,10.439210522351763,,,,
2025-08-13 16:24:00,,,,,,,,,-0.5983001386033928,10.455483537971833,,
2025-08-13 16:24:00,,,,,,,,,,,-0.502141262175261,10.446641189326808
2025-08-13 16:24:00,-0.6176187500000001,10.391662382874475,,,,,,,,,,
2025-08-13 16:24:00,,,-0.5503062499999996,10.395253387384793,,,,,,,,
2025-08-13 16:24:00,,,,,-0.6171751398125458,10.463911622182435,,,,,,
2025-08-13 16:24:00,,,,,,,-0.5542352183861272,10.448746376798931,,,,
2025-08-13 16:24:00,,,,,,,,,-0.5934175131613444,10.47251576344545,,
2025-08-13 16:24:00,,,,,,,,,,,-0.5321203481901415,10.456902069544084
2025-08-13 16:24:00,-0.6513937499999987,10.389599904830837,,,,,,,,,,
2025-08-13 16:24:00,,,-0.5906862499999992,10.393115144466726,,,,,,,,
2025-08-13 16:24:00,,,,,-0.6516865259541388,10.458692246607448,,,,,,
2025-08-13 16:24:00,,,,,,,-0.5933303249885513,10.452008478219044,,,,
2025-08-13 16:24:00,,,,,,,,,-0.6282775956749078,10.467079370265562,,
2025-08-13 16:24:00,,,,,,,,,,,-0.5707872235502782,10.460227042567066
2025-08-13 16:24:00,-0.6513937499999987,10.389599904830837,,,,,,,,,,
2025-08-13 16:24:00,,,-0.6142849999999992,10.391770020257509,,,,,,,,
2025-08-13 16:24:00,,,,,-0.6503508473570045,10.462956488004655,,,,,,
2025-08-13 16:24:00,,,,,,,-0.615474157887989,10.458430159558075,,,,
2025-08-13 16:24:00,,,,,,,,,-0.6267823467146506,10.471303727152787,,
2025-08-13 16:24:00,,,,,,,,,,,-0.5918906725929908,10.466802025016843
2025-08-13 16:24:00,-0.4547999999999979,10.550201749729718,,,,,,,,,,
2025-08-13 16:24:00,,,-0.5985649999999991,10.422545265028068,,,,,,,,
2025-08-13 16:24:00,,,,,-0.4606645167009858,10.58244112606301,,,,,,
2025-08-13 16:24:00,,,,,,,-0.6003969150489873,10.48299144974801,,,,
2025-08-13 16:24:00,,,,,,,,,-0.4434110615390516,10.589417313798634,,
2025-08-13 16:24:00,,,,,,,,,,,-0.5780377311386694,10.491159942526853
2025-08-13 16:24:00,-0.4886249999999981,10.548689283952534,,,,,,,,,,
2025-08-13 16:24:00,,,-0.5727662499999987,10.45395064524368,,,,,,,,
2025-08-13 16:24:00,,,,,-0.49412192603437805,10.578051602009115,,,,,,
2025-08-13 16:24:00,,,,,,,-0.5747997911718106,10.509210616973334,,,,
2025-08-13 16:24:00,,,,,,,,,-0.47784832316860376,10.584757578046968,,
2025-08-13 16:24:00,,,,,,,,,,,-0.5539473680517115,10.517014750541879
2025-08-13 16:24:00,-0.4489687499999988,10.580478583765643,,,,,,,,,,
2025-08-13 16:24:00,,,-0.5390362499999984,10.491713885421913,,,,,,,,
2025-08-13 16:24:00,,,,,-0.45340596775190417,10.602518473974422,,,,,,
2025-08-13 16:24:00,,,,,,,-0.5420459567596823,10.53693198733173,,,,
2025-08-13 16:24:00,,,,,,,,,-0.4409187573428421,10.608146809989583,,
2025-08-13 16:24:00,,,,,,,,,,,-0.5234476168880112,10.544140959850706
2025-08-13 16:24:00,-0.4659000000000013,10.579746556038097,,,,,,,,,,
2025-08-13 16:24:00,,,-0.5019374999999989,10.529743215663366,,,,,,,,
2025-08-13 16:24:00,,,,,-0.4701108160760364,10.60038256693601,,,,,,
2025-08-13 16:24:00,,,,,,,-0.5057308147840618,10.565270051397444,,,,
2025-08-13 16:24:00,,,,,,,,,-0.45841161344113873,10.605935519653123,,
2025-08-13 16:24:00,,,,,,,,,,,-0.48947442044125733,10.57191218972822
2025-08-13 16:24:00,-0.3729312500000015,10.653474657724278,,,,,,,,,,
2025-08-13 16:24:00,,,-0.4462449999999995,10.582518166242053,,,,,,,,
2025-08-13 16:24:00,,,,,-0.37398693650636483,10.657764346589175,,,,,,
2025-08-13 16:24:00,,,,,,,-0.45045803261393386,10.604231623114348,,,,
2025-08-13 16:24:00,,,,,,,,,-0.371366473783461,10.660763465882834,,
2025-08-13 16:24:00,,,,,,,,,,,-0.4383912458550194,10.609804137474228
2025-08-13 16:24:00,-0.3729312500000015,10.653474657724278,,,,,,,,,,
2025-08-13 16:24:00,,,-0.42987125000000026,10.603172747840967,,,,,,,,
2025-08-13 16:24:00,,,,,-0.3795968089416318,10.6982858605368,,,,,,
2025-08-13 16:24:00,,,,,,,-0.4342444910620631,10.627400570009105,,,,
2025-08-13 16:24:00,,,,,,,,,-0.357495040848862,10.706205884356756,,
2025-08-13 16:24:00,,,,,,,,,,,-0.42120804171698156,10.633161851585852
2025-08-13 16:24:00,-0.40683125000000064,10.65223395978625,,,,,,,,,,
2025-08-13 16:24:00,,,-0.4135125000000007,10.62388168300771,,,,,,,,
2025-08-13 16:24:00,,,,,-0.4134028872751624,10.693970673693292,,,,,,
2025-08-13 16:24:00,,,,,,,-0.4181006833102199,10.65058438434594,,,,
2025-08-13 16:24:00,,,,,,,,,-0.39250184900477814,10.701843916575276,,
2025-08-13 16:24:00,,,,,,,,,,,-0.40413874688421636,10.656579119291514
2025-08-13 16:24:00,-0.36680000000000135,10.683705244904504,,,,,,,,,,
2025-08-13 16:24:00,,,-0.39707875000000126,10.64452701523548,,,,,,,,
2025-08-13 16:24:00,,,,,-0.3727356746001197,10.717973489259531,,,,,,
2025-08-13 16:24:00,,,,,,,-0.40196662467986305,10.673675387402962,,,,
2025-08-13 16:24:00,,,,,,,,,-0.35447950554672786,10.725135563413158,,
2025-08-13 16:24:00,,,,,,,,,,,-0.3868508965249935,10.67997686997623
2025-08-13 16:24:00,-0.41774374999999964,10.681834587716471,,,,,,,,,,
2025-08-13 16:24:00,,,-0.38744750000000094,10.664944621571156,,,,,,,,
2025-08-13 16:24:00,,,,,-0.423200550280163,10.7116631987978,,,,,,
2025-08-13 16:24:00,,,,,,,-0.3925845715206883,10.695931513775319,,,,
2025-08-13 16:24:00,,,,,,,,,-0.406689554303778,10.718584401562374,,
2025-08-13 16:24:00,,,,,,,,,,,-0.37650648469752135,10.702506646358078
2025-08-13 16:24:00,-0.39099374999999714,10.702860546950099,,,,,,,,,,
2025-08-13 16:24:00,,,-0.3910600000000001,10.67482179941632,,,,,,,,
2025-08-13 16:24:00,,,,,-0.3957774341565377,10.727843886320272,,,,,,
2025-08-13 16:24:00,,,,,,,-0.3969426710507229,10.70994742172154,,,,
2025-08-13 16:24:00,,,,,,,,,-0.38163785519214055,10.734101307914429,,
2025-08-13 16:24:00,,,,,,,,,,,-0.37856076097925734,10.7171742147644
2025-08-13 16:24:00,-0.4250187499999969,10.701563393362134,,,,,,,,,,
2025-08-13 16:24:00,,,-0.40147749999999915,10.684439546543892,,,,,,,,
2025-08-13 16:24:00,,,,,-0.4294011287347535,10.723609096140358,,,,,,
2025-08-13 16:24:00,,,,,,,-0.4069035350093473,10.71501206884225,,,,
2025-08-13 16:24:00,,,,,,,,,-0.41697016673337517,10.72930509072733,,
2025-08-13 16:24:00,,,,,,,,,,,-0.39045578615615995,10.721794056038513
2025-08-13 16:24:00,-0.3847999999999985,10.73310434869614,,,,,,,,,,
2025-08-13 16:24:00,,,-0.3970712499999987,10.70061362432587,,,,,,,,
2025-08-13 16:24:00,,,,,-0.3879602909159647,10.748132850900967,,,,,,
2025-08-13 16:24:00,,,,,,,-0.40181501573750766,10.725844504283785,,,,
2025-08-13 16:24:00,,,,,,,,,-0.37868372380137305,10.752787733473095,,
2025-08-13 16:24:00,,,,,,,,,,,-0.38769216111547894,10.731982819418075
2025-08-13 16:24:00,-0.4359312500000012,10.731149236930472,,,,,,,,,,
2025-08-13 16:24:00,,,-0.4108974999999987,10.710102422731063,,,,,,,,
2025-08-13 16:24:00,,,,,-0.4383341401161916,10.74186470911418,,,,,,
2025-08-13 16:24:00,,,,,,,-0.4149347088407221,10.730622748254715,,,,
2025-08-13 16:24:00,,,,,,,,,-0.4313119892148697,10.745878820092347,,
2025-08-13 16:24:00,,,,,,,,,,,-0.4030586578491072,10.736131470753914
2025-08-13 16:24:00,-0.4359312500000012,10.731149236930472,,,,,,,,,,
2025-08-13 16:24:00,,,-0.414534999999999,10.719965352573862,,,,,,,,
2025-08-13 16:24:00,,,,,-0.4419074255275274,10.783419355064478,,,,,,
2025-08-13 16:24:00,,,,,,,-0.41867608389019495,10.744973979508051,,,,
2025-08-13 16:24:00,,,,,,,,,-0.4176441868580858,10.79165707213549,,
2025-08-13 16:24:00,,,,,,,,,,,-0.40524958435996883,10.750746004868537
2025-08-13 16:24:00,-0.4529999999999994,10.730442255564306,,,,,,,,,,
2025-08-13 16:24:00,,,-0.42693624999999946,10.725481694296704,,,,,,,,
2025-08-13 16:24:00,,,,,-0.45918066191931173,10.781105470542208,,,,,,
2025-08-13 16:24:00,,,,,,,-0.4313567294427497,10.755626296352439,,,,
2025-08-13 16:24:00,,,,,,,,,-0.4349363170344377,10.789548270061662,,
2025-08-13 16:24:00,,,,,,,,,,,-0.41590927672842826,10.761835397297983
2025-08-13 16:24:00,-0.3451999999999993,10.814491988068603,,,,,,,,,,
2025-08-13 16:24:00,,,-0.4109724999999999,10.748067413238,,,,,,,,
2025-08-13 16:24:00,,,,,-0.3506272969761181,10.844869148038509,,,,,,
2025-08-13 16:24:00,,,,,,,-0.4156019630910227,10.779878306732067,,,,
2025-08-13 16:24:00,,,,,,,,,-0.3340070798873894,10.851643289490172,,
2025-08-13 16:24:00,,,,,,,,,,,-0.3993166593592311,10.786303037050553
2025-08-13 16:24:00,-0.3964812499999999,10.812733355558086,,,,,,,,,,
2025-08-13 16:24:00,,,-0.4133087500000002,10.76399321461039,,,,,,,,
2025-08-13 16:24:00,,,,,-0.40137252958683584,10.83869273757706,,,,,,
2025-08-13 16:24:00,,,,,,,-0.41828441082519696,10.797990284067287,,,,
2025-08-13 16:24:00,,,,,,,,,-0.3867920636242138,10.84502336469425,,
2025-08-13 16:24:00,,,,,,,,,,,-0.4009383273237993,10.804750163294782
2025-08-13 16:24:00,-0.3964812499999999,10.812733355558086,,,,,,,,,,
2025-08-13 16:24:00,,,-0.40541874999999994,10.78031003833591,,,,,,,,
2025-08-13 16:24:00,,,,,-0.40231311053350416,10.84610135638601,,,,,,
2025-08-13 16:24:00,,,,,,,-0.4110802049086594,10.818837613521653,,,,
2025-08-13 16:24:00,,,,,,,,,-0.38401251123793423,10.853325601171022,,
2025-08-13 16:24:00,,,,,,,,,,,-0.39147843172841224,10.82623951951052
2025-08-13 16:24:00,-0.4307312500000018,10.811423152863522,,,,,,,,,,
2025-08-13 16:24:00,,,-0.40437875000000006,10.796364821522522,,,,,,,,
2025-08-13 16:24:00,,,,,-0.4362591572213509,10.841809286042714,,,,,,
2025-08-13 16:24:00,,,,,,,-0.40995055124742413,10.830515599717298,,,,
2025-08-13 16:24:00,,,,,,,,,-0.4192022893640508,10.848604219747214,,
2025-08-13 16:24:00,,,,,,,,,,,-0.39179005222960517,10.837628949032865
2025-08-13 16:24:00,-0.48219999999999974,10.80924988886833,,,,,,,,,,
2025-08-13 16:24:00,,,-0.41021875000000013,10.812126348183325,,,,,,,,
2025-08-13 16:24:00,,,,,-0.4871883841896554,10.835250417557011,,,,,,
2025-08-13 16:24:00,,,,,,,-0.4155520957014929,10.841344589120261,,,,
2025-08-13 16:24:00,,,,,,,,,-0.47202913624316434,10.84188187705897,,
2025-08-13 16:24:00,,,,,,,,,,,-0.3992086160713505,10.848095670432325
2025-08-13 16:24:00,-0.33266874999999985,10.924936224197076,,,,,,,,,,
2025-08-13 16:24:00,,,-0.40771250000000026,10.83421519540902,,,,,,,,
2025-08-13 16:24:00,,,,,-0.3327866152178846,10.925376086658671,,,,,,
2025-08-13 16:24:00,,,,,,,-0.41198395934984616,10.857445976844293,,,,
2025-08-13 16:24:00,,,,,,,,,-0.33168684949286265,10.92751514536149,,
2025-08-13 16:24:00,,,,,,,,,,,-0.3987445699924452,10.86327004160659
2025-08-13 16:24:00,-0.2916249999999989,10.956119516479136,,,,,,,,,,
2025-08-13 16:24:00,,,-0.38674125000000004,10.862892427593229,,,,,,,,
2025-08-13 16:24:00,,,,,-0.2909239343836649,10.953262445073326,,,,,,
2025-08-13 16:24:00,,,,,,,-0.389894240309212,10.880359918343547,,,,
2025-08-13 16:24:00,,,,,,,,,-0.29300417341915774,10.950752102503726,,
2025-08-13 16:24:00,,,,,,,,,,,-0.37998699195143393,10.884415789168484
2025-08-13 16:24:00,-0.22296874999999972,11.007742045329888,,,,,,,,,,
2025-08-13 16:24:00,,,-0.35203875,10.901894165547592,,,,,,,,
2025-08-13 16:24:00,,,,,-0.22008254190876597,10.993404237904684,,,,,,
2025-08-13 16:24:00,,,,,,,-0.35344812658426433,10.909820494647281,,,,
2025-08-13 16:24:00,,,,,,,,,-0.22883851117268175,10.988831831732256,,
2025-08-13 16:24:00,,,,,,,,,,,-0.34895219193838345,10.911517035280731
2025-08-13 16:24:00,-0.22296874999999972,11.007742045329888,,,,,,,,,,
2025-08-13 16:24:00,,,-0.3104862499999996,10.941157944040864,,,,,,,,
2025-08-13 16:24:00,,,,,-0.225808970657507,11.02172565801735,,,,,,
2025-08-13 16:24:00,,,,,,,-0.3113580892714956,10.94580376904221,,,,
2025-08-13 16:24:00,,,,,,,,,-0.21750706011056875,11.026192980139452,,
2025-08-13 16:24:00,,,,,,,,,,,-0.3086131460876871,10.947034787359177
2025-08-13 16:24:00,-0.11246874999999967,11.08942968688081,,,,,,,,,,
2025-08-13 16:24:00,,,-0.23653999999999958,10.99719390364336,,,,,,,,
2025-08-13 16:24:00,,,,,-0.11229993822950399,11.088752106766682,,,,,,
2025-08-13 16:24:00,,,,,,,-0.23638040007946529,10.996504106884142,,,,
2025-08-13 16:24:00,,,,,,,,,-0.11311596959233251,11.086878827009446,,
2025-08-13 16:24:00,,,,,,,,,,,-0.23683051275752068,10.996034177349273
2025-08-13 16:24:00,-0.11246874999999967,11.08942968688081,,,,,,,,,,
2025-08-13 16:24:00,,,-0.19249999999999953,11.030092596180108,,,,,,,,
2025-08-13 16:24:00,,,,,-0.11573070154962947,11.106597207016717,,,,,,
2025-08-13 16:24:00,,,,,,,-0.1929692173458143,11.032748330955753,,,,
2025-08-13 16:24:00,,,,,,,,,-0.10630343153774709,11.111276976774116,,
2025-08-13 16:24:00,,,,,,,,,,,-0.19175382916649758,11.032786543631799
2025-08-13 16:24:00,-0.029068749999999532,11.149962107907518,,,,,,,,,,
2025-08-13 16:24:00,,,-0.13998874999999966,11.068861114465784,,,,,,,,
2025-08-13 16:24:00,,,,,-0.02986961058962249,11.153547941874994,,,,,,
2025-08-13 16:24:00,,,,,,,-0.14075835258700578,11.072805430316086,,,,
2025-08-13 16:24:00,,,,,,,,,-0.02953865102767897,11.155338371375077,,
2025-08-13 16:24:00,,,,,,,,,,,-0.1390607246882018,11.073703797406068
2025-08-13 16:24:00,-0.029068749999999532,11.149962107907518,,,,,,,,,,
2025-08-13 16:24:00,,,-0.10120874999999963,11.09730512698131,,,,,,,,
2025-08-13 16:24:00,,,,,-0.032360877683663324,11.167696197154983,,,,,,
2025-08-13 16:24:00,,,,,,,-0.10321401974198526,11.107663822166145,,,,
2025-08-13 16:24:00,,,,,,,,,-0.02302155756950334,11.172249782409123,,
2025-08-13 16:24:00,,,,,,,,,,,-0.09789733396756614,11.110387387541442
2025-08-13 16:24:00,-0.0011687499999997186,11.169999938855122,,,,,,,,,,
2025-08-13 16:24:00,,,-0.05684874999999963,11.129756705686356,,,,,,,,
2025-08-13 16:24:00,,,,,-0.0037103382950040113,11.183192926869987,,,,,,
2025-08-13 16:24:00,,,,,,,-0.058794293269484654,11.139957275936672,,,,
2025-08-13 16:24:00,,,,,,,,,-0.0011971412658688522,11.18581683329979,,
2025-08-13 16:24:00,,,,,,,,,,,-0.054635350198626156,11.142312158173512
2025-08-13 16:24:00,-0.15625,11.168907105778077,,,,,,,,,,
2025-08-13 16:24:00,,,-0.06560499999999969,11.145652189465808,,,,,,,,
2025-08-13 16:24:00,,,,,-0.1563025145006126,11.169112408765274,,,,,,
2025-08-13 16:24:00,,,,,,,-0.06759480852370639,11.15602933633639,,,,
2025-08-13 16:24:00,,,,,,,,,-0.15544211864471436,11.170969236148862,,
2025-08-13 16:24:00,,,,,,,,,,,-0.06310058000910253,11.159130240001394
2025-08-13 16:24:00,-0.15625,11.168907105778077,,,,,,,,,,
2025-08-13 16:24:00,,,-0.07436124999999975,11.161547673245263,,,,,,,,
2025-08-13 16:24:00,,,,,-0.16072944917350526,11.194004162021937,,,,,,
2025-08-13 16:24:00,,,,,,,-0.07659455804848155,11.173510727337435,,,,
2025-08-13 16:24:00,,,,,,,,,-0.14697267673909664,11.19977648377828,,
2025-08-13 16:24:00,,,,,,,,,,,-0.07123442904937242,11.176830141402226
2025-08-13 16:24:00,-0.1283000000000012,11.189264457952541,,,,,,,,,,
2025-08-13 16:24:00,,,-0.09420750000000008,11.169408143254266,,,,,,,,
2025-08-13 16:24:00,,,,,-0.13207448993463594,11.209751014034934,,,,,,
2025-08-13 16:24:00,,,,,,,-0.09703553391748423,11.184751341769424,,,,
2025-08-13 16:24:00,,,,,,,,,-0.1203316404342289,11.215113505278664,,
2025-08-13 16:24:00,,,,,,,,,,,-0.08939302693068242,11.188785168182944
2025-08-13 16:24:00,-0.07224999999999948,11.229767581633201,,,,,,,,,,
2025-08-13 16:24:00,,,-0.10284375000000008,11.185369237999405,,,,,,,,
2025-08-13 16:24:00,,,,,-0.07451007851314362,11.241145700453687,,,,,,
2025-08-13 16:24:00,,,,,,,-0.10546537408338028,11.199441242429163,,,,
2025-08-13 16:24:00,,,,,,,,,-0.06770864582546596,11.244922535333147,,
2025-08-13 16:24:00,,,,,,,,,,,-0.09833044458187494,11.203319718767748
2025-08-13 16:24:00,-0.044150000000000134,11.249913367555326,,,,,,,,,,
2025-08-13 16:24:00,,,-0.11144000000000016,11.201351923739443,,,,,,,,
2025-08-13 16:24:00,,,,,-0.045585749809901106,11.25674185412662,,,,,,
2025-08-13 16:24:00,,,,,,,-0.11384045638635973,11.21415102788049,,,,
2025-08-13 16:24:00,,,,,,,,,-0.0448801421785356,11.25897058120974,,
2025-08-13 16:24:00,,,,,,,,,,,-0.10706704476440829,11.217950468349738
2025-08-13 16:24:00,-0.044150000000000134,11.249913367555326,,,,,,,,,,
2025-08-13 16:24:00,,,-0.08902000000000018,11.217553176094892,,,,,,,,
2025-08-13 16:24:00,,,,,-0.05062023424033013,11.304663001564018,,,,,,
2025-08-13 16:24:00,,,,,,,-0.0927040003343032,11.24126114644024,,,,
2025-08-13 16:24:00,,,,,,,,,-0.026403499764986477,11.312333405944866,,
2025-08-13 16:24:00,,,,,,,,,,,-0.0812593209884627,11.24622330230894
2025-08-13 16:24:00,0.026318750000000612,11.299969350551287,,,,,,,,,,
2025-08-13 16:24:00,,,-0.05250625000000007,11.243765625049535,,,,,,,,
2025-08-13 16:24:00,,,,,0.020188101611713083,11.342479769737018,,,,,,
2025-08-13 16:24:00,,,,,,,-0.05652049017725954,11.270956267983255,,,,
2025-08-13 16:24:00,,,,,,,,,0.040520457696915715,11.349523964677058,,
2025-08-13 16:24:00,,,,,,,,,,,-0.043760694101260246,11.276172798488696
2025-08-13 16:24:00,0.08291874999999926,11.339696842548236,,,,,,,,,,
2025-08-13 16:24:00,,,-0.010262499999999975,11.273852101968675,,,,,,,,
2025-08-13 16:24:00,,,,,0.07772983896589553,11.372753087898053,,,,,,
2025-08-13 16:24:00,,,,,,,-0.014559624397153248,11.303556682755879,,,,
2025-08-13 16:24:00,,,,,,,,,0.09367072553375197,11.378710774405256,,
2025-08-13 16:24:00,,,,,,,,,,,-0.0009602209076640695,11.308892252314013
2025-08-13 16:24:00,0.08291874999999926,11.339696842548236,,,,,,,,,,
2025-08-13 16:24:00,,,0.020771249999999776,11.295837954151683,,,,,,,,
2025-08-13 16:24:00,,,,,0.07633868930607807,11.391459536251537,,,,,,
2025-08-13 16:24:00,,,,,,,0.015610129166691088,11.33361944991545,,,,
2025-08-13 16:24:00,,,,,,,,,0.0996390260992515,11.398696082223235,,
2025-08-13 16:24:00,,,,,,,,,,,0.03250931347727942,11.339646961692031
2025-08-13 16:24:00,0.12549999999999883,11.369307355771502,,,,,,,,,,
2025-08-13 16:24:00,,,0.05470124999999957,11.319716751794918,,,,,,,,
2025-08-13 16:24:00,,,,,0.11932005269368186,11.413887535236713,,,,,,
2025-08-13 16:24:00,,,,,,,0.04859128966740768,11.365048586137467,,,,
2025-08-13 16:24:00,,,,,,,,,0.139372962570189,11.42050185346267,,
2025-08-13 16:24:00,,,,,,,,,,,0.06935993442702434,11.371953216142618
2025-08-13 16:24:00,0.12549999999999883,11.369307355771502,,,,,,,,,,
2025-08-13 16:24:00,,,0.08863124999999936,11.343595549438152,,,,,,,,
2025-08-13 16:24:00,,,,,0.1263473927462146,11.457399739788286,,,,,,
2025-08-13 16:24:00,,,,,,,0.08398481506471663,11.395595933782321,,,,
2025-08-13 16:24:00,,,,,,,,,0.15177339586689903,11.464563705357433,,
2025-08-13 16:24:00,,,,,,,,,,,0.10499531355340146,11.40239927602513
2025-08-13 16:24:00,0.18244999999999933,11.408541186212197,,,,,,,,,,
2025-08-13 16:24:00,,,0.1198574999999991,11.365309916570336,,,,,,,,
2025-08-13 16:24:00,,,,,0.18003495414137474,11.486341396901546,,,,,,
2025-08-13 16:24:00,,,,,,,0.11595418557064896,11.424368259215226,,,,
2025-08-13 16:24:00,,,,,,,,,0.20583485683761465,11.493284299040148,,
2025-08-13 16:24:00,,,,,,,,,,,0.13805819338154124,11.43115134289775
2025-08-13 16:24:00,0.23959999999999937,11.447492818953851,,,,,,,,,,
2025-08-13 16:24:00,,,0.15119374999999913,11.386869111851459,,,,,,,,
2025-08-13 16:24:00,,,,,0.23431257996366414,11.515055700275388,,,,,,
2025-08-13 16:24:00,,,,,,,0.14727073377020267,11.452828781690695,,,,
2025-08-13 16:24:00,,,,,,,,,0.2598872022199623,11.521971730660912,,
2025-08-13 16:24:00,,,,,,,,,,,0.1713014887187833,11.45980353414888
2025-08-13 16:24:00,-0.1437500000000025,11.44909760363235,,,,,,,,,,
2025-08-13 16:24:00,,,0.10585999999999877,11.40874926406828,,,,,,,,
2025-08-13 16:24:00,,,,,-0.14910891843651994,11.482049499244393,,,,,,
2025-08-13 16:24:00,,,,,,,0.10218121222168308,11.470946774289265,,,,
2025-08-13 16:24:00,,,,,,,,,-0.1319387048552767,11.4884607400779,,
2025-08-13 16:24:00,,,,,,,,,,,0.12498594252787765,11.477756465719812
2025-08-13 16:24:00,-0.08640000000000114,11.489675149454836,,,,,,,,,,
2025-08-13 16:24:00,,,0.06347999999999879,11.432822822804948,,,,,,,,
2025-08-13 16:24:00,,,,,-0.09051875070640918,11.513343358498659,,,,,,
2025-08-13 16:24:00,,,,,,,0.060213451541664874,11.490837938941656,,,,
2025-08-13 16:24:00,,,,,,,,,-0.07775956973075962,11.518664547694632,,
2025-08-13 16:24:00,,,,,,,,,,,0.08155943606768794,11.497389004566205
2025-08-13 16:24:00,-0.04325625000000244,11.519918788638916,,,,,,,,,,
2025-08-13 16:24:00,,,0.029728749999998527,11.46294510937843,,,,,,,,
2025-08-13 16:24:00,,,,,-0.046340766949490214,11.536695295726414,,,,,,
2025-08-13 16:24:00,,,,,,,0.0256758196025239,11.506697050129281,,,,
2025-08-13 16:24:00,,,,,,,,,-0.03729213430702896,11.541018981686864,,
2025-08-13 16:24:00,,,,,,,,,,,0.043746330032902334,11.512680059832093
2025-08-13 16:24:00,-0.3614062500000017,11.514329573295221,,,,,,,,,,
2025-08-13 16:24:00,,,-0.07904250000000168,11.484102786795036,,,,,,,,
2025-08-13 16:24:00,,,,,-0.3601648808486853,11.5088835285156,,,,,,
2025-08-13 16:24:00,,,,,,,-0.0823641473954881,11.51120547645209,,,,
2025-08-13 16:24:00,,,,,,,,,-0.3634806062006409,11.505914001804651,,
2025-08-13 16:24:00,,,,,,,,,,,-0.07011676257474878,11.515206000384993
2025-08-13 16:24:00,-0.3470000000000013,11.524777264658958,,,,,,,,,,
2025-08-13 16:24:00,,,-0.19636250000000183,11.499559675936057,,,,,,,,
2025-08-13 16:24:00,,,,,-0.3453127947427523,11.51705542899394,,,,,,
2025-08-13 16:24:00,,,,,,,-0.19828922233677138,11.511605422195803,,,,
2025-08-13 16:24:00,,,,,,,,,-0.3502497831746948,11.513750076315377,,
2025-08-13 16:24:00,,,,,,,,,,,-0.1921441596536802,11.513561669515886
2025-08-13 16:24:00,-0.33258125000000227,11.53520653097067,,,,,,,,,,
2025-08-13 16:24:00,,,-0.23412875000000177,11.51678146140372,,,,,,,,
2025-08-13 16:24:00,,,,,-0.33047392355421673,11.52520293371583,,,,,,
2025-08-13 16:24:00,,,,,,,-0.2345622233603107,11.520236109090089,,,,
2025-08-13 16:24:00,,,,,,,,,-0.3375626917827711,11.521347753836086,,
2025-08-13 16:24:00,,,,,,,,,,,-0.2332689570391791,11.52013907226752
2025-08-13 16:24:00,-0.7450000000000028,11.515927014357116,,,,,,,,,,
2025-08-13 16:24:00,,,-0.3658487500000021,11.522031834384176,,,,,,,,
2025-08-13 16:24:00,,,,,-0.7385179002291875,11.47249963351597,,,,,,
2025-08-13 16:24:00,,,,,,,-0.3641620532648664,11.51206736409355,,,,
2025-08-13 16:24:00,,,,,,,,,-0.7632745854109555,11.463056500188117,,
2025-08-13 16:24:00,,,,,,,,,,,-0.37037196017521823,11.509017462766218
2025-08-13 16:24:00,-0.7016687500000014,11.548703865164844,,,,,,,,,,
2025-08-13 16:24:00,,,-0.49753125000000187,11.527788849689362,,,,,,,,
2025-08-13 16:24:00,,,,,-0.6962303401595262,11.497222207368727,,,,,,
2025-08-13 16:24:00,,,,,,,-0.4941399679068736,11.504172746422013,,,,
2025-08-13 16:24:00,,,,,,,,,-0.7236560539785442,11.487665295865936,,
2025-08-13 16:24:00,,,,,,,,,,,-0.5076447441095213,11.498346725602033
2025-08-13 16:24:00,-0.7016687500000014,11.548703865164844,,,,,,,,,,
2025-08-13 16:24:00,,,-0.5655837500000018,11.534663708063288,,,,,,,,
2025-08-13 16:24:00,,,,,-0.7008871606191294,11.545666623742767,,,,,,
2025-08-13 16:24:00,,,,,,,-0.5622844238609624,11.511529365467448,,,,
2025-08-13 16:24:00,,,,,,,,,-0.7036521839699164,11.54308137015908,,
2025-08-13 16:24:00,,,,,,,,,,,-0.5756790596633763,11.50578019927292
2025-08-13 16:24:00,-0.6727187500000014,11.570460210527429,,,,,,,,,,
2025-08-13 16:24:00,,,-0.6307275000000019,11.54380029723698,,,,,,,,
2025-08-13 16:24:00,,,,,-0.6709399711340618,11.562851338745345,,,,,,
2025-08-13 16:24:00,,,,,,,-0.6274098591392243,11.520688547417729,,,,
2025-08-13 16:24:00,,,,,,,,,-0.6764169399575521,11.559417117579347,,
2025-08-13 16:24:00,,,,,,,,,,,-0.6409124910199478,11.514913607525713
2025-08-13 16:24:00,-0.6727187500000014,11.570460210527429,,,,,,,,,,
2025-08-13 16:24:00,,,-0.6987550000000017,11.550851033148332,,,,,,,,
2025-08-13 16:24:00,,,,,-0.6717063971046244,11.566414366347269,,,,,,
2025-08-13 16:24:00,,,,,,,-0.6956563538493059,11.528930833944015,,,,
2025-08-13 16:24:00,,,,,,,,,-0.6751159788863746,11.563645471686113,,
2025-08-13 16:24:00,,,,,,,,,,,-0.7084231484406687,11.52337315109572
2025-08-13 16:24:00,-0.6292000000000026,11.602952527697422,,,,,,,,,,
2025-08-13 16:24:00,,,-0.6755950000000016,11.568256135816394,,,,,,,,
2025-08-13 16:24:00,,,,,-0.6267789220444516,11.592037936571215,,,,,,
2025-08-13 16:24:00,,,,,,,-0.6733085582123587,11.552838494555065,,,,
2025-08-13 16:24:00,,,,,,,,,-0.6341918362766532,11.587664899179533,,
2025-08-13 16:24:00,,,,,,,,,,,-0.682606598613808,11.548294830894003
2025-08-13 16:24:00,-0.6472812500000025,11.601957894398618,,,,,,,,,,
2025-08-13 16:24:00,,,-0.6647175000000018,11.578906941663147,,,,,,,,
2025-08-13 16:24:00,,,,,-0.6445890734674317,11.589655135357276,,,,,,
2025-08-13 16:24:00,,,,,,,-0.6629803048739398,11.571325080152775,,,,
2025-08-13 16:24:00,,,,,,,,,-0.6533341198411795,11.584798738682853,,
2025-08-13 16:24:00,,,,,,,,,,,-0.6685422117863352,11.567721519457384
2025-08-13 16:24:00,-0.6472812500000025,11.601957894398618,,,,,,,,,,
2025-08-13 16:24:00,,,-0.6538400000000021,11.589557747509904,,,,,,,,
2025-08-13 16:24:00,,,,,-0.6445890734674317,11.589655135357276,,,,,,
2025-08-13 16:24:00,,,,,,,-0.6517206874436001,11.580122782475677,,,,
2025-08-13 16:24:00,,,,,,,,,-0.6533341198411795,11.584798738682853,,
2025-08-13 16:24:00,,,,,,,,,,,-0.6584785989605878,11.576064993162138
2025-08-13 16:24:00,-0.6036500000000018,11.634350290304138,,,,,,,,,,
2025-08-13 16:24:00,,,-0.6400262500000021,11.602335763465245,,,,,,,,
2025-08-13 16:24:00,,,,,-0.5997756179697558,11.6150767729371,,,,,,
2025-08-13 16:24:00,,,,,,,-0.637487816810739,11.590567869314027,,,,
2025-08-13 16:24:00,,,,,,,,,-0.6124610612254887,11.609362508308916,,
2025-08-13 16:24:00,,,,,,,,,,,-0.6456874232141752,11.586054071308052
2025-08-13 16:24:00,-0.6036500000000018,11.634350290304138,,,,,,,,,,
2025-08-13 16:24:00,,,-0.6262125000000023,11.615113779420588,,,,,,,,
2025-08-13 16:24:00,,,,,-0.6063287330408014,11.646725521445841,,,,,,
2025-08-13 16:24:00,,,,,,,-0.6244122839979744,11.606630100333742,,,,
2025-08-13 16:24:00,,,,,,,,,-0.5981173178226521,11.651349488953,,
2025-08-13 16:24:00,,,,,,,,,,,-0.6302876910014306,11.603594874761432
2025-08-13 16:24:00,-0.5745000000000022,11.655850451597258,,,,,,,,,,
2025-08-13 16:24:00,,,-0.6152725000000021,11.625693364200554,,,,,,,,
2025-08-13 16:24:00,,,,,-0.5762805000478675,11.663663552282802,,,,,,
2025-08-13 16:24:00,,,,,,,-0.6143125995986576,11.62095522347606,,,,
2025-08-13 16:24:00,,,,,,,,,-0.5706288574218772,11.667233118053895,,
2025-08-13 16:24:00,,,,,,,,,,,-0.6175750952304754,11.619508518536303
2025-08-13 16:24:00,-0.5745000000000022,11.655850451597258,,,,,,,,,,
2025-08-13 16:24:00,,,-0.6007162500000021,11.636471875640282,,,,,,,,
2025-08-13 16:24:00,,,,,-0.576964163051618,11.667218603486159,,,,,,
2025-08-13 16:24:00,,,,,,,-0.6007876175154948,11.636467917101836,,,,
2025-08-13 16:24:00,,,,,,,,,-0.5693385621696733,11.671555946864105,,
2025-08-13 16:24:00,,,,,,,,,,,-0.6007759836961741,11.636859960172554
2025-08-13 16:24:00,-0.6107000000000014,11.654009846829544,,,,,,,,,,
2025-08-13 16:24:00,,,-0.5934000000000019,11.646882266126468,,,,,,,,
2025-08-13 16:24:00,,,,,-0.6126429288864047,11.662538332022995,,,,,,
2025-08-13 16:24:00,,,,,,,-0.5943983885992895,11.65104455643498,,,,
2025-08-13 16:24:00,,,,,,,,,-0.6063380951439974,11.66629418170147,,
2025-08-13 16:24:00,,,,,,,,,,,-0.5913767787567377,11.653159048776278
2025-08-13 16:24:00,-0.6107000000000014,11.654009846829544,,,,,,,,,,
2025-08-13 16:24:00,,,-0.5948100000000018,11.650814177431549,,,,,,,,
2025-08-13 16:24:00,,,,,-0.6145677035948486,11.673241299403037,,,,,,
2025-08-13 16:24:00,,,,,,,-0.597356805724308,11.662677461728169,,,,
2025-08-13 16:24:00,,,,,,,,,-0.6022549059370547,11.678823852307453,,
2025-08-13 16:24:00,,,,,,,,,,,-0.5893355476990509,11.667051317575984
2025-08-13 16:24:00,-0.6107000000000014,11.654009846829544,,,,,,,,,,
2025-08-13 16:24:00,,,-0.5962200000000017,11.65474608873663,,,,,,,,
2025-08-13 16:24:00,,,,,-0.6151230739032973,11.676891872800098,,,,,,
2025-08-13 16:24:00,,,,,,,-0.5991156738968073,11.668710731999019,,,,
2025-08-13 16:24:00,,,,,,,,,-0.6009512148848745,11.683161545246314,,
2025-08-13 16:24:00,,,,,,,,,,,-0.5899023271114954,11.673413728834648
2025-08-13 16:24:00,-0.7014187499999984,11.64890173952671,,,,,,,,,,
2025-08-13 16:24:00,,,-0.6216037500000009,11.65335634632252,,,,,,,,
2025-08-13 16:24:00,,,,,-0.7047665447590092,11.66477650752837,,,,,,
2025-08-13 16:24:00,,,,,,,-0.6248128828390356,11.668933323048131,,,,
2025-08-13 16:24:00,,,,,,,,,-0.6932380274030387,11.670179137243547,,
2025-08-13 16:24:00,,,,,,,,,,,-0.6144241611077277,11.674002932672579
2025-08-13 16:24:00,-0.6575999999999986,11.681505135897513,,,,,,,,,,
2025-08-13 16:24:00,,,-0.6382237500000002,11.65848728318257,,,,,,,,
2025-08-13 16:24:00,,,,,-0.6596274723464889,11.690404148085992,,,,,,
2025-08-13 16:24:00,,,,,,,-0.6413455446980098,11.673570431968098,,,,
2025-08-13 16:24:00,,,,,,,,,-0.6528558971679197,11.694453757833667,,
2025-08-13 16:24:00,,,,,,,,,,,-0.6311276281073771,11.678582494866493
2025-08-13 16:24:00,-0.6394312499999995,11.682513756744454,,,,,,,,,,
2025-08-13 16:24:00,,,-0.6439699999999998,11.664188065165552,,,,,,,,
2025-08-13 16:24:00,,,,,-0.6417202558476974,11.692769432262912,,,,,,
2025-08-13 16:24:00,,,,,,,-0.6471610100902684,11.679616652016081,,,,
2025-08-13 16:24:00,,,,,,,,,-0.6340086189927596,11.697081659314517,,
2025-08-13 16:24:00,,,,,,,,,,,-0.6366617328771295,11.684739990389101
2025-08-13 16:24:00,-0.6394312499999995,11.682513756744454,,,,,,,,,,
2025-08-13 16:24:00,,,-0.6497162499999994,11.669888847148536,,,,,,,,
2025-08-13 16:24:00,,,,,-0.6441523077268769,11.707082024427155,,,,,,
2025-08-13 16:24:00,,,,,,,-0.653077930916674,11.686384797020906,,,,
2025-08-13 16:24:00,,,,,,,,,-0.6282105707672547,11.713915483058186,,
2025-08-13 16:24:00,,,,,,,,,,,-0.6418528658431695,11.691758316539246
2025-08-13 16:24:00,-0.6394312499999995,11.682513756744454,,,,,,,,,,
2025-08-13 16:24:00,,,-0.6554624999999991,11.675589629131519,,,,,,,,
2025-08-13 16:24:00,,,,,-0.6441523077268769,11.707082024427155,,,,,,
2025-08-13 16:24:00,,,,,,,-0.65888377768139,11.692422827346316,,,,
2025-08-13 16:24:00,,,,,,,,,-0.6282105707672547,11.713915483058186,,
2025-08-13 16:24:00,,,,,,,,,,,-0.6473047370196456,11.69790910410162
2025-08-13 16:24:00,-0.6394312499999995,11.682513756744454,,,,,,,,,,
2025-08-13 16:24:00,,,-0.6430649999999993,11.682312032575066,,,,,,,,
2025-08-13 16:24:00,,,,,-0.6446407943290238,11.710785492295685,,,,,,
2025-08-13 16:24:00,,,,,,,-0.6468586275953928,11.701624624299779,,,,
2025-08-13 16:24:00,,,,,,,,,-0.6270491040626954,11.717813110496703,,
2025-08-13 16:24:00,,,,,,,,,,,-0.6340669523515768,11.707435898752252
2025-08-13 16:24:00,-0.6394312499999995,11.682513756744454,,,,,,,,,,
2025-08-13 16:24:00,,,-0.6394312499999995,11.682513756744454,,,,,,,,
2025-08-13 16:24:00,,,,,-0.6451217069645542,11.714421309034053,,,,,,
2025-08-13 16:24:00,,,,,,,-0.6439574745190059,11.706428056489392,,,,
2025-08-13 16:24:00,,,,,,,,,-0.6251416813948872,11.722353356701749,,
2025-08-13 16:24:00,,,,,,,,,,,-0.6285241091969704,11.713015818525866
2025-08-13 16:24:00,-0.6575999999999986,11.681505135897513,,,,,,,,,,
2025-08-13 16:24:00,,,-0.6430649999999993,11.682312032575066,,,,,,,,
2025-08-13 16:24:00,,,,,-0.6631194520967572,11.712001529692822,,,,,,
2025-08-13 16:24:00,,,,,,,-0.6482373137688178,11.710274475975373,,,,
2025-08-13 16:24:00,,,,,,,,,-0.6435216783745574,11.719663522351299,,
2025-08-13 16:24:00,,,,,,,,,,,-0.6304267210733299,11.717532191133225
2025-08-13 16:24:00,-0.6757812500000018,11.68046744364918,,,,,,,,,,
2025-08-13 16:24:00,,,-0.6503349999999998,11.681902769956011,,,,,,,,
2025-08-13 16:24:00,,,,,-0.6811238345857981,11.709558589215552,,,,,,
2025-08-13 16:24:00,,,,,,,-0.6556316191406021,11.710769788933053,,,,
2025-08-13 16:24:00,,,,,,,,,-0.6624254629612569,11.716955841768343,,
2025-08-13 16:24:00,,,,,,,,,,,-0.6372696995121304,11.718140262875256
2025-08-13 16:24:00,-0.6757812500000018,11.68046744364918,,,,,,,,,,
2025-08-13 16:24:00,,,-0.6576050000000002,11.681493507336956,,,,,,,,
2025-08-13 16:24:00,,,,,-0.6815967555611213,11.713198642431555,,,,,,
2025-08-13 16:24:00,,,,,,,-0.6631205087074509,11.711993112533934,,,,
2025-08-13 16:24:00,,,,,,,,,-0.6611634966451689,11.72139875011624,,
2025-08-13 16:24:00,,,,,,,,,,,-0.6438602846877132,11.719636916286865
2025-08-13 16:24:00,-0.7121812500000022,11.678304580166952,,,,,,,,,,
2025-08-13 16:24:00,,,-0.6721550000000007,11.680651672021455,,,,,,,,
2025-08-13 16:24:00,,,,,-0.7176565692282418,11.70822429940433,,,,,,
2025-08-13 16:24:00,,,,,,,-0.6777236636872945,11.711480873955662,,,,
2025-08-13 16:24:00,,,,,,,,,-0.6980811424904493,11.716062207109438,,
2025-08-13 16:24:00,,,,,,,,,,,-0.658066692373264,11.719286735609414
2025-08-13 16:24:00,-0.5800500000000017,11.775722567957349,,,,,,,,,,
2025-08-13 16:24:00,,,-0.6602787500000012,11.699293434264035,,,,,,,,
2025-08-13 16:24:00,,,,,-0.5820238193237444,11.784575458659159,,,,,,
2025-08-13 16:24:00,,,,,,,-0.6651040861591325,11.725511703880684,,,,
2025-08-13 16:24:00,,,,,,,,,-0.5758167102494808,11.788267375002222,,
2025-08-13 16:24:00,,,,,,,,,,,-0.6482016981441826,11.732469539269509
2025-08-13 16:24:00,-0.5800500000000017,11.775722567957349,,,,,,,,,,
2025-08-13 16:24:00,,,-0.6447687500000019,11.718136920675999,,,,,,,,
2025-08-13 16:24:00,,,,,-0.582689827726471,11.788076645273481,,,,,,
2025-08-13 16:24:00,,,,,,,-0.6490181612850753,11.740726726996815,,,,
2025-08-13 16:24:00,,,,,,,,,-0.57422328031948,11.792555424478476,,
2025-08-13 16:24:00,,,,,,,,,,,-0.6343420185331672,11.747047919694944
2025-08-13 16:24:00,-0.4914000000000023,11.839806841329802,,,,,,,,,,
2025-08-13 16:24:00,,,-0.607892500000002,11.750004800212125,,,,,,,,
2025-08-13 16:24:00,,,,,-0.4914000000000023,11.839806841329802,,,,,,
2025-08-13 16:24:00,,,,,,,-0.6110733943679162,11.766776377419665,,,,
2025-08-13 16:24:00,,,,,,,,,-0.49139380755773043,11.840470940738776,,
2025-08-13 16:24:00,,,,,,,,,,,-0.6001356874524618,11.771750939489031
2025-08-13 16:24:00,-0.4914000000000023,11.839806841329802,,,,,,,,,,
2025-08-13 16:24:00,,,-0.571016250000002,11.78187267974825,,,,,,,,
2025-08-13 16:24:00,,,,,-0.49272403451495606,11.845601088009978,,,,,,
2025-08-13 16:24:00,,,,,,,-0.5732988501586831,11.793256866535351,,,,
2025-08-13 16:24:00,,,,,,,,,-0.48772458320662615,11.848974352004245,,
2025-08-13 16:24:00,,,,,,,,,,,-0.5654479047647534,11.79726605986663
2025-08-13 16:24:00,-0.5643499999999992,11.836553935901277,,,,,,,,,,
2025-08-13 16:24:00,,,-0.5414500000000014,11.813522550895117,,,,,,,,
2025-08-13 16:24:00,,,,,-0.5644340601740934,11.836867110161824,,,,,,
2025-08-13 16:24:00,,,,,,,-0.5426543483478534,11.81898542868685,,,,
2025-08-13 16:24:00,,,,,,,,,-0.5635828452291332,11.839098123743643,,
2025-08-13 16:24:00,,,,,,,,,,,-0.5385482453124901,11.82187324319347
2025-08-13 16:24:00,-0.49013124999999746,11.88990207519698,,,,,,,,,,
2025-08-13 16:24:00,,,-0.5234662500000006,11.836358452343042,,,,,,,,
2025-08-13 16:24:00,,,,,-0.48845669099389405,11.882319349548412,,,,,,
2025-08-13 16:24:00,,,,,,,-0.5239409226818833,11.838534206864699,,,,
2025-08-13 16:24:00,,,,,,,,,-0.49427308222498323,11.878889456075871,,
2025-08-13 16:24:00,,,,,,,,,,,-0.5222395197075906,11.839997659408201
2025-08-13 16:24:00,-0.5632812499999993,11.886661189476145,,,,,,,,,,
2025-08-13 16:24:00,,,-0.5201125000000001,11.8585461766468,,,,,,,,
2025-08-13 16:24:00,,,,,-0.5605356595960456,11.873570945549515,,,,,,
2025-08-13 16:24:00,,,,,,,-0.5195100890557982,11.855633066919907,,,,
2025-08-13 16:24:00,,,,,,,,,-0.5695041157666123,11.86911535870827,,
2025-08-13 16:24:00,,,,,,,,,,,-0.5212956867970171,11.855309646254161
2025-08-13 16:24:00,-0.39890000000000114,12.00337364202248,,,,,,,,,,
2025-08-13 16:24:00,,,-0.5016124999999999,11.891259536785338,,,,,,,,
2025-08-13 16:24:00,,,,,-0.3928607597945766,11.964563343799366,,,,,,
2025-08-13 16:24:00,,,,,,,-0.4998022410147131,11.880584367413821,,,,
2025-08-13 16:24:00,,,,,,,,,-0.41574327917724974,11.956357182325137,,
2025-08-13 16:24:00,,,,,,,,,,,-0.5061655811209209,11.878486894571433
2025-08-13 16:24:00,-0.39890000000000114,12.00337364202248,,,,,,,,,,
2025-08-13 16:24:00,,,-0.48311249999999967,11.923972896923873,,,,,,,,
2025-08-13 16:24:00,,,,,-0.39453345514391236,11.979286157986571,,,,,,
2025-08-13 16:24:00,,,,,,,-0.4801641251405043,11.907321381409137,,,,
2025-08-13 16:24:00,,,,,,,,,-0.40941482111549127,11.973126099564537,,
2025-08-13 16:24:00,,,,,,,,,,,-0.49050362870269393,11.903317244083492
2025-08-13 16:24:00,-0.24815000000000076,12.107457271347275,,,,,,,,,,
2025-08-13 16:24:00,,,-0.4198725,11.978153564013073,,,,,,,,
2025-08-13 16:24:00,,,,,-0.2416824396417067,12.059819499982318,,,,,,
2025-08-13 16:24:00,,,,,,,-0.415613801034027,11.951911859373237,,,,
2025-08-13 16:24:00,,,,,,,,,-0.26719105558991507,12.051438504634323,,
2025-08-13 16:24:00,,,,,,,,,,,-0.43122527077485034,11.945785320261626
2025-08-13 16:24:00,-0.24815000000000076,12.107457271347275,,,,,,,,,,
2025-08-13 16:24:00,,,-0.3714762500000006,12.02166460324313,,,,,,,,
2025-08-13 16:24:00,,,,,-0.2421399495608401,12.067323110025834,,,,,,
2025-08-13 16:24:00,,,,,,,-0.3663504527474163,11.98891261146872,,,,
2025-08-13 16:24:00,,,,,,,,,-0.26453001796707587,12.059636786568566,,
2025-08-13 16:24:00,,,,,,,,,,,-0.3852766579232688,11.981934786360167
2025-08-13 16:24:00,-0.12665000000000148,12.189342056792892,,,,,,,,,,
2025-08-13 16:24:00,,,-0.28415000000000107,12.08220077670648,,,,,,,,
2025-08-13 16:24:00,,,,,-0.120961118981847,12.129761859541091,,,,,,
2025-08-13 16:24:00,,,,,,,-0.27843554462457654,12.040150794267037,,,,
2025-08-13 16:24:00,,,,,,,,,-0.13276171574026502,12.125572500663694,,
2025-08-13 16:24:00,,,,,,,,,,,-0.2979281779179994,12.03322621475125
2025-08-13 16:24:00,-0.12665000000000148,12.189342056792892,,,,,,,,,,
2025-08-13 16:24:00,,,-0.22970000000000113,12.119394459660564,,,,,,,,
2025-08-13 16:24:00,,,,,-0.12020419863938397,12.137716923122479,,,,,,
2025-08-13 16:24:00,,,,,,,-0.22390423239353802,12.074781510131658,,,,
2025-08-13 16:24:00,,,,,,,,,-0.1470307001275587,12.12948532571846,,
2025-08-13 16:24:00,,,,,,,,,,,-0.24418566210806122,12.067851843429915
2025-08-13 16:24:00,-0.00435000000000052,12.269999228911956,,,,,,,,,,
2025-08-13 16:24:00,,,-0.150790000000001,12.172719577038459,,,,,,,,
2025-08-13 16:24:00,,,,,-0.0014609298202784005,12.198401317688617,,,,,,
2025-08-13 16:24:00,,,,,,,-0.14528972732881124,12.118604542072068,,,,
2025-08-13 16:24:00,,,,,,,,,-0.0052669807434088355,12.196681789671814,,
2025-08-13 16:24:00,,,,,,,,,,,-0.1633560940336447,12.11256298145137
2025-08-13 16:24:00,-0.00435000000000052,12.269999228911956,,,,,,,,,,
2025-08-13 16:24:00,,,-0.10203000000000095,12.205227968551394,,,,,,,,
2025-08-13 16:24:00,,,,,0.0009396833559705831,12.20653408480122,,,,,,
2025-08-13 16:24:00,,,,,,,-0.09676530272927578,12.147947459035848,,,,
2025-08-13 16:24:00,,,,,,,,,-0.004687932128906811,12.204095912741044,,
2025-08-13 16:24:00,,,,,,,,,,,-0.11085546934144304,12.143094463072716
2025-08-13 16:24:00,0.010993749999999025,12.27999507888586,,,,,,,,,,
2025-08-13 16:24:00,,,-0.050201250000000995,12.23973553005911,,,,,,,,
2025-08-13 16:24:00,,,,,0.01568791156499258,12.21401530188361,,,,,,
2025-08-13 16:24:00,,,,,,,-0.04519973050410924,12.177285897407405,,,,
2025-08-13 16:24:00,,,,,,,,,-0.01369358851829551,12.20579791039758,,
2025-08-13 16:24:00,,,,,,,,,,,-0.06068818345168697,12.172326687838519
2025-08-13 16:24:00,0.010993749999999025,12.27999507888586,,,,,,,,,,
2025-08-13 16:24:00,,,-0.022672500000000893,12.257866134477705,,,,,,,,
2025-08-13 16:24:00,,,,,0.01740839464053935,12.225986625318091,,,,,,
2025-08-13 16:24:00,,,,,,,-0.01752582777963197,12.196530850562805,,,,
2025-08-13 16:24:00,,,,,,,,,-0.009869651995076863,12.218018389588286,,
2025-08-13 16:24:00,,,,,,,,,,,-0.03610977070264934,12.190815865623437
2025-08-13 16:24:00,-0.09910625000000195,12.279600072934416,,,,,,,,,,
2025-08-13 16:24:00,,,-0.017163750000000987,12.27591773770601,,,,,,,,
2025-08-13 16:24:00,,,,,-0.09434238945068127,12.21552086530805,,,,,,
2025-08-13 16:24:00,,,,,,,-0.01235346594189143,12.212091638999919,,,,
2025-08-13 16:24:00,,,,,,,,,-0.1243337865033771,12.207118794771072,,
2025-08-13 16:24:00,,,,,,,,,,,-0.03157038797781302,12.20634255943396
2025-08-13 16:24:00,-0.08375000000000199,12.28971464019812,,,,,,,,,,
2025-08-13 16:24:00,,,-0.03304375000000128,12.279860819963243,,,,,,,,
2025-08-13 16:24:00,,,,,-0.07970361743360962,12.223090973464922,,,,,,
2025-08-13 16:24:00,,,,,,,-0.028002003464557678,12.217029570155178,,,,
2025-08-13 16:24:00,,,,,,,,,-0.10900806878507407,12.21488085967191,,
2025-08-13 16:24:00,,,,,,,,,,,-0.05231860558614607,12.209982373433977
2025-08-13 16:24:00,-0.08375000000000199,12.28971464019812,,,,,,,,,,
2025-08-13 16:24:00,,,-0.04892375000000158,12.283803902220475,,,,,,,,
2025-08-13 16:24:00,,,,,-0.07732004858421332,12.235248451059187,,,,,,
2025-08-13 16:24:00,,,,,,,-0.04365394985259445,12.222772443406772,,,,
2025-08-13 16:24:00,,,,,,,,,-0.10530858441109384,12.226651241651467,,
2025-08-13 16:24:00,,,,,,,,,,,-0.07244273604258347,12.214493439216062
2025-08-13 16:24:00,-0.15740000000000087,12.288992035150807,,,,,,,,,,
2025-08-13 16:24:00,,,-0.08260250000000155,12.285603293473464,,,,,,,,
2025-08-13 16:24:00,,,,,-0.15213177557683755,12.22777245543129,,,,,,
2025-08-13 16:24:00,,,,,,,-0.07721788728096049,12.225523874116309,,,,
2025-08-13 16:24:00,,,,,,,,,-0.18193945736821826,12.21917551203036,,
2025-08-13 16:24:00,,,,,,,,,,,-0.10609190981256802,12.217168959542619
2025-08-13 16:24:00,-0.14203124999999872,12.299179937053667,,,,,,,,,,
2025-08-13 16:24:00,,,-0.1132075000000011,12.289440265107025,,,,,,,,
2025-08-13 16:24:00,,,,,-0.13744611850358981,12.235391724734683,,,,,,
2025-08-13 16:24:00,,,,,,,-0.10818878990978631,12.227404893999626,,,,
2025-08-13 16:24:00,,,,,,,,,-0.16748412381321967,12.226770281330483,,
2025-08-13 16:24:00,,,,,,,,,,,-0.1376148041761966,12.218919337891059
2025-08-13 16:24:00,-0.14203124999999872,12.299179937053667,,,,,,,,,,
2025-08-13 16:24:00,,,-0.12179250000000046,12.293356237930876,,,,,,,,
2025-08-13 16:24:00,,,,,-0.13559047045385592,12.247459852184004,,,,,,
2025-08-13 16:24:00,,,,,,,-0.11643840611042125,12.233792691374816,,,,
2025-08-13 16:24:00,,,,,,,,,-0.16227073038462386,12.239146900311857,,
2025-08-13 16:24:00,,,,,,,,,,,-0.14520219295244594,12.225324958999215
2025-08-13 16:24:00,-0.178931249999998,12.29869845177828,,,,,,,,,,
2025-08-13 16:24:00,,,-0.14082874999999967,12.295153000246907,,,,,,,,
2025-08-13 16:24:00,,,,,-0.17267058282666653,12.24372432435033,,,,,,
2025-08-13 16:24:00,,,,,,,-0.13503179918903263,12.2379193615519,,,,
2025-08-13 16:24:00,,,,,,,,,-0.20119037993721445,12.234960096590815,,
2025-08-13 16:24:00,,,,,,,,,,,-0.16363865518287402,12.229340806382996
2025-08-13 16:24:00,-0.178931249999998,12.29869845177828,,,,,,,,,,
2025-08-13 16:24:00,,,-0.15986499999999887,12.29694976256294,,,,,,,,
2025-08-13 16:24:00,,,,,-0.17267058282666653,12.24372432435033,,,,,,
2025-08-13 16:24:00,,,,,,,-0.15410190603752327,12.23961453621013,,,,
2025-08-13 16:24:00,,,,,,,,,-0.20119037993721445,12.234960096590815,,
2025-08-13 16:24:00,,,,,,,,,,,-0.18281501428809813,12.231002577370864
2025-08-13 16:24:00,-0.178931249999998,12.29869845177828,,,,,,,,,,
2025-08-13 16:24:00,,,-0.16417124999999827,12.298891045888436,,,,,,,,
2025-08-13 16:24:00,,,,,-0.17252641804819213,12.25150162824413,,,,,,
2025-08-13 16:24:00,,,,,,,-0.15818083453179418,12.244360370772695,,,,
2025-08-13 16:24:00,,,,,,,,,-0.19829988663431025,12.243384270355307,,
2025-08-13 16:24:00,,,,,,,,,,,-0.18608710014131655,12.235844329035853
2025-08-13 16:24:00,-0.234375,12.297766803748354,,,,,,,,,,
2025-08-13 16:24:00,,,-0.18263999999999853,12.298608419227373,,,,,,,,
2025-08-13 16:24:00,,,,,-0.22794739035997777,12.245811478974215,,,,,,
2025-08-13 16:24:00,,,,,,,-0.1762810889030718,12.2464443216206,,,,
2025-08-13 16:24:00,,,,,,,,,-0.25569559980067424,12.23716792274013,,
2025-08-13 16:24:00,,,,,,,,,,,-0.20372939533880743,12.237923857317785
2025-08-13 16:24:00,-0.14190000000000147,12.35918542582803,,,,,,,,,,
2025-08-13 16:24:00,,,-0.18261374999999908,12.310609516982245,,,,,,,,
2025-08-13 16:24:00,,,,,-0.13838109393048248,12.292028603608934,,,,,,
2025-08-13 16:24:00,,,,,,,-0.1768392135983971,12.255358071905588,,,,
2025-08-13 16:24:00,,,,,,,,,-0.16811056680266004,12.28347201552942,,
2025-08-13 16:24:00,,,,,,,,,,,-0.2048973626224147,12.246788880361297
2025-08-13 16:24:00,-0.14190000000000147,12.35918542582803,,,,,,,,,,
2025-08-13 16:24:00,,,-0.1752074999999998,12.322706911792196,,,,,,,,
2025-08-13 16:24:00,,,,,-0.1360301404416374,12.300267153021277,,,,,,
2025-08-13 16:24:00,,,,,,,-0.16951112512139127,12.266666637639776,,,,
2025-08-13 16:24:00,,,,,,,,,-0.1656452123321609,12.291642282583823,,
2025-08-13 16:24:00,,,,,,,,,,,-0.19778832910140398,12.258125317559898
2025-08-13 16:24:00,-0.14190000000000147,12.35918542582803,,,,,,,,,,
2025-08-13 16:24:00,,,-0.16780125000000048,12.334804306602146,,,,,,,,
2025-08-13 16:24:00,,,,,-0.1360301404416374,12.300267153021277,,,,,,
2025-08-13 16:24:00,,,,,,,-0.16218303664438544,12.277975203373966,,,,
2025-08-13 16:24:00,,,,,,,,,-0.1656452123321609,12.291642282583823,,
2025-08-13 16:24:00,,,,,,,,,,,-0.19067929558039326,12.2694617547585
2025-08-13 16:24:00,-0.14190000000000147,12.35918542582803,,,,,,,,,,
2025-08-13 16:24:00,,,-0.16039500000000118,12.346901701412095,,,,,,,,
2025-08-13 16:24:00,,,,,-0.13556288352596946,12.311942790096126,,,,,,
2025-08-13 16:24:00,,,,,,,-0.15479032973994092,12.290063435744367,,,,
2025-08-13 16:24:00,,,,,,,,,-0.16060799190491598,12.303988822420726,,
2025-08-13 16:24:00,,,,,,,,,,,-0.18314091663451443,12.281582665171586
2025-08-13 16:24:00,-0.14190000000000147,12.35918542582803,,,,,,,,,,
2025-08-13 16:24:00,,,-0.14190000000000147,12.35918542582803,,,,,,,,
2025-08-13 16:24:00,,,,,-0.13556288352596946,12.311942790096126,,,,,,
2025-08-13 16:24:00,,,,,,,-0.13631342837313926,12.303289697968747,,,,
2025-08-13 16:24:00,,,,,,,,,-0.16060799190491598,12.303988822420726,,
2025-08-13 16:24:00,,,,,,,,,,,-0.16412339505536275,12.294946845107704
2025-08-13 16:24:00,-0.14190000000000147,12.35918542582803,,,,,,,,,,
2025-08-13 16:24:00,,,-0.14190000000000147,12.35918542582803,,,,,,,,
2025-08-13 16:24:00,,,,,-0.1368258423323769,12.326670885384972,,,,,,
2025-08-13 16:24:00,,,,,,,-0.13600237805351814,12.310218154323955,,,,
2025-08-13 16:24:00,,,,,,,,,-0.1553628052715973,12.32011592630383,,
2025-08-13 16:24:00,,,,,,,,,,,-0.1615738427491502,12.302275627262585
2025-08-13 16:24:00,-0.12644375000000174,12.36935374132723,,,,,,,,,,
2025-08-13 16:24:00,,,-0.13880875000000154,12.361219088927871,,,,,,,,
2025-08-13 16:24:00,,,,,-0.12110350466182536,12.334617096579937,,,,,,
2025-08-13 16:24:00,,,,,,,-0.13301705089755572,12.317088143035686,,,,
2025-08-13 16:24:00,,,,,,,,,-0.14099884917256328,12.327800070819823,,
2025-08-13 16:24:00,,,,,,,,,,,-0.15664457011723068,12.309507184909785
2025-08-13 16:24:00,-0.12644375000000174,12.36935374132723,,,,,,,,,,
2025-08-13 16:24:00,,,-0.13571750000000157,12.36325275202771,,,,,,,,
2025-08-13 16:24:00,,,,,-0.122914125141432,12.349045283169051,,,,,,
2025-08-13 16:24:00,,,,,,,-0.13039384783751465,12.32684376906524,,,,
2025-08-13 16:24:00,,,,,,,,,-0.13512760909151478,12.34404986553782,,
2025-08-13 16:24:00,,,,,,,,,,,-0.15054104946910146,12.319988701500584
2025-08-13 16:24:00,-0.11097499999999982,12.379502597009907,,,,,,,,,,
2025-08-13 16:24:00,,,-0.12953250000000124,12.367316186264086,,,,,,,,
2025-08-13 16:24:00,,,,,-0.10714463039555874,12.356940791311821,,,,,,
2025-08-13 16:24:00,,,,,,,-0.1247101972114325,12.33584336930838,,,,
2025-08-13 16:24:00,,,,,,,,,-0.12083155889220522,12.351615685891872,,
2025-08-13 16:24:00,,,,,,,,,,,-0.1425857628665593,12.329514074194815
2025-08-13 16:24:00,-0.27798124999999985,12.376878702833297,,,,,,,,,,
2025-08-13 16:24:00,,,-0.15674875000000094,12.370854841665139,,,,,,,,
2025-08-13 16:24:00,,,,,-0.2724002503995421,12.341001703027032,,,,,,
2025-08-13 16:24:00,,,,,,,-0.15207767058614702,12.341655151894564,,,,
2025-08-13 16:24:00,,,,,,,,,-0.29340667353707484,12.333745993567147,,
2025-08-13 16:24:00,,,,,,,,,,,-0.1691454991929911,12.335465508424099
2025-08-13 16:24:00,-0.26250000000000107,12.387218967548769,,,,,,,,,,
2025-08-13 16:24:00,,,-0.18086875000000086,12.376461550009285,,,,,,,,
2025-08-13 16:24:00,,,,,-0.2567130664664599,12.349012020554236,,,,,,
2025-08-13 16:24:00,,,,,,,-0.17605511541296362,12.346123378928414,,,,
2025-08-13 16:24:00,,,,,,,,,-0.2791925019817436,12.341396547333186,,
2025-08-13 16:24:00,,,,,,,,,,,-0.19391143853502033,12.33972163262997
2025-08-13 16:24:00,-0.37439999999999785,12.384341913884645,,,,,,,,,,
2025-08-13 16:24:00,,,-0.23046000000000005,12.379459184520769,,,,,,,,
2025-08-13 16:24:00,,,,,-0.36790353407714715,12.337080326766399,,,,,,
2025-08-13 16:24:00,,,,,,,-0.22541512129602798,12.346616024965709,,,,
2025-08-13 16:24:00,,,,,,,,,-0.39540606785774013,12.328181119019185,,
2025-08-13 16:24:00,,,,,,,,,,,-0.2447928822720557,12.339797842269842
2025-08-13 16:24:00,-0.34339999999999726,12.405247939481097,,,,,,,,,,
2025-08-13 16:24:00,,,-0.27385124999999916,12.386638024151543,,,,,,,,
2025-08-13 16:24:00,,,,,-0.33700761110052646,12.353053224425423,,,,,,
2025-08-13 16:24:00,,,,,,,-0.2682338184878469,12.347417613216981,,,,
2025-08-13 16:24:00,,,,,,,,,-0.36569424310445486,12.343976549069566,,
2025-08-13 16:24:00,,,,,,,,,,,-0.29090620907464376,12.339783178976193
2025-08-13 16:24:00,-0.49329999999999785,12.400191736824073,,,,,,,,,,
2025-08-13 16:24:00,,,-0.3503162499999988,12.390775852114377,,,,,,,,
2025-08-13 16:24:00,,,,,-0.4914166372605368,12.334297673526454,,,,,,
2025-08-13 16:24:00,,,,,,,-0.3450882198608425,12.342888989659908,,,,
2025-08-13 16:24:00,,,,,,,,,-0.5224397739701137,12.324734447465683,,
2025-08-13 16:24:00,,,,,,,,,,,-0.3712278520902254,12.334406931290953
2025-08-13 16:24:00,-0.4777812499999996,12.410806785908337,,,,,,,,,,
2025-08-13 16:24:00,,,-0.3902762499999987,12.397561468729384,,,,,,,,
2025-08-13 16:24:00,,,,,-0.4768068898631201,12.342295270000081,,,,,,
2025-08-13 16:24:00,,,,,,,-0.38596954775355813,12.343147703054518,,,,
2025-08-13 16:24:00,,,,,,,,,-0.5075180561922139,12.332983542520715,,
2025-08-13 16:24:00,,,,,,,,,,,-0.41405012862125323,12.334254441081667
2025-08-13 16:24:00,-0.5153812500000026,12.409302243363582,,,,,,,,,,
2025-08-13 16:24:00,,,-0.44085249999999904,12.401978123892345,,,,,,,,
2025-08-13 16:24:00,,,,,-0.5159301455534739,12.337359976659684,,,,,,
2025-08-13 16:24:00,,,,,,,-0.4378129635709609,12.340817294275606,,,,
2025-08-13 16:24:00,,,,,,,,,-0.5460568884128401,12.327902037231683,,
2025-08-13 16:24:00,,,,,,,,,,,-0.46742300590747254,12.331555539061366
2025-08-13 16:24:00,-0.48430625000000305,12.430569072098466,,,,,,,,,,
2025-08-13 16:24:00,,,-0.46283375000000004,12.411223555535111,,,,,,,,
2025-08-13 16:24:00,,,,,-0.4866571828383356,12.353417440959994,,,,,,
2025-08-13 16:24:00,,,,,,,-0.46156369332319863,12.344084717114328,,,,
2025-08-13 16:24:00,,,,,,,,,-0.5173033330987875,12.344161425375358,,
2025-08-13 16:24:00,,,,,,,,,,,-0.49180245895568203,12.3347516003326
2025-08-13 16:24:00,-0.5785250000000008,12.426540501055593,,,,,,,,,,
2025-08-13 16:24:00,,,-0.5098587500000008,12.41548206785001,,,,,,,,
2025-08-13 16:24:00,,,,,-0.5829532535478794,12.341328765939958,,,,,,
2025-08-13 16:24:00,,,,,,,-0.5107528218126692,12.341739825417234,,,,
2025-08-13 16:24:00,,,,,,,,,-0.6157633316141189,12.33120106491566,,
2025-08-13 16:24:00,,,,,,,,,,,-0.5418162766576147,12.33219650350182
2025-08-13 16:24:00,-0.5473999999999979,12.447969844115145,,,,,,,,,,
2025-08-13 16:24:00,,,-0.5206787500000007,12.425037689308223,,,,,,,,
2025-08-13 16:24:00,,,,,-0.55204480702629,12.358035688627844,,,,,,
2025-08-13 16:24:00,,,,,,,-0.5228784557658198,12.346487428437511,,,,
2025-08-13 16:24:00,,,,,,,,,-0.5869429087417549,12.347285348272234,,
2025-08-13 16:24:00,,,,,,,,,,,-0.554716903611943,12.33670668366313
2025-08-13 16:24:00,-0.5851749999999978,12.446251251657063,,,,,,,,,,
2025-08-13 16:24:00,,,-0.5421575000000004,12.432126582457968,,,,,,,,
2025-08-13 16:24:00,,,,,-0.590024658403504,12.353282741447469,,,,,,
2025-08-13 16:24:00,,,,,,,-0.5455220094738966,12.348684922726989,,,,
2025-08-13 16:24:00,,,,,,,,,-0.6262842122655476,12.342072135033733,,
2025-08-13 16:24:00,,,,,,,,,,,-0.5784701348266099,12.338524402165735
2025-08-13 16:24:00,-0.5227749999999993,12.489063467665419,,,,,,,,,,
2025-08-13 16:24:00,,,-0.5436362499999998,12.448078827318337,,,,,,,,
2025-08-13 16:24:00,,,,,-0.5280497816976775,12.386679284864693,,,,,,
2025-08-13 16:24:00,,,,,,,-0.5479459367027373,12.35854878436799,,,,
2025-08-13 16:24:00,,,,,,,,,-0.5673944840143569,12.37445639789339,,
2025-08-13 16:24:00,,,,,,,,,,,-0.5827376539469131,12.347835274298074
2025-08-13 16:24:00,-0.5606000000000009,12.487422778139612,,,,,,,,,,
2025-08-13 16:24:00,,,-0.5588949999999994,12.459449568526566,,,,,,,,
2025-08-13 16:24:00,,,,,-0.5660864436614339,12.381989766099881,,,,,,
2025-08-13 16:24:00,,,,,,,-0.563831788867357,12.36426324939597,,,,
2025-08-13 16:24:00,,,,,,,,,-0.6068104082851122,12.369384379174898,,
2025-08-13 16:24:00,,,,,,,,,,,-0.6006390689841782,12.352879865057982
2025-08-13 16:24:00,-0.6553812499999996,12.48280719298141,,,,,,,,,,
2025-08-13 16:24:00,,,-0.5742662499999991,12.470702906911729,,,,,,,,
2025-08-13 16:24:00,,,,,-0.6614102207764363,12.369764196610262,,,,,,
2025-08-13 16:24:00,,,,,,,-0.5795231823130683,12.36995033553003,,,,
2025-08-13 16:24:00,,,,,,,,,-0.7068344504776889,12.355383180072502,,
2025-08-13 16:24:00,,,,,,,,,,,-0.6188532927568922,12.357716288089351
2025-08-13 16:24:00,-0.73143125,12.478581983804228,,,,,,,,,,
2025-08-13 16:24:00,,,-0.6110724999999995,12.476825334849547,,,,,,,,
2025-08-13 16:24:00,,,,,-0.7379079549479108,12.35946307525529,,,,,,
2025-08-13 16:24:00,,,,,,,-0.6166958118973925,12.37023581285552,,,,
2025-08-13 16:24:00,,,,,,,,,-0.7869493062829824,12.343617920348688,,
2025-08-13 16:24:00,,,,,,,,,,,-0.6588545722651376,12.35698280250464
2025-08-13 16:24:00,-0.76953125,12.476290380368415,,,,,,,,,,
2025-08-13 16:24:00,,,-0.6479437499999999,12.482833160591815,,,,,,,,
2025-08-13 16:24:00,,,,,-0.7762363757880701,12.35413742185897,,,,,,
2025-08-13 16:24:00,,,,,,,-0.6539381553743058,12.370406748937821,,,,
2025-08-13 16:24:00,,,,,,,,,-0.8267714449450071,12.337598240826498,,
2025-08-13 16:24:00,,,,,,,,,,,-0.6989520188010294,12.356088023663194
2025-08-13 16:24:00,-0.8076812499999999,12.473878747141903,,,,,,,,,,
2025-08-13 16:24:00,,,-0.704925,12.479796216487113,,,,,,,,
2025-08-13 16:24:00,,,,,-0.8146178223202873,12.348694285714739,,,,,,
2025-08-13 16:24:00,,,,,,,-0.7112517634988278,12.362809749107829,,,,
2025-08-13 16:24:00,,,,,,,,,-0.8670005317572806,12.331376935577184,,
2025-08-13 16:24:00,,,,,,,,,,,-0.7588732283496142,12.347472131199954
2025-08-13 16:24:00,-0.8458812499999979,12.471346555640991,,,,,,,,,,
2025-08-13 16:24:00,,,-0.7619812499999995,12.47658097198739,,,,,,,,
2025-08-13 16:24:00,,,,,-0.8530522863683232,12.343133095676976,,,,,,
2025-08-13 16:24:00,,,,,,,-0.7686449320402056,12.355038415023248,,,,
2025-08-13 16:24:00,,,,,,,,,-0.9070929590989827,12.325304536378377,,
2025-08-13 16:24:00,,,,,,,,,,,-0.8189297385123885,12.33865616264065
2025-08-13 16:24:00,-0.8841312500000011,12.46869327286438,,,,,,,,,,
2025-08-13 16:24:00,,,-0.8077312499999998,12.473758187963984,,,,,,,,
2025-08-13 16:24:00,,,,,-0.8915397584382514,12.337453276437117,,,,,,
2025-08-13 16:24:00,,,,,,,-0.8146708395725686,12.348576230988618,,,,
2025-08-13 16:24:00,,,,,,,,,-0.9477792606357707,12.318741599423483,,
2025-08-13 16:24:00,,,,,,,,,,,-0.8671187005440046,12.331327846510845
2025-08-13 16:24:00,-0.9607812500000001,12.463021278552342,,,,,,,,,,
2025-08-13 16:24:00,,,-0.8536012499999999,12.470646046913606,,,,,,,,
2025-08-13 16:24:00,,,,,-0.968673686230464,12.325735427280472,,,,,,
2025-08-13 16:24:00,,,,,,,-0.8608239858290793,12.341830701393654,,,,
2025-08-13 16:24:00,,,,,,,,,-1.0285636628628643,12.305222900570628,,
2025-08-13 16:24:00,,,,,,,,,,,-0.9154415718599811,12.323648842555233
2025-08-13 16:24:00,-1.0376312500000004,12.456858407681427,,,,,,,,,,
2025-08-13 16:24:00,,,-0.9072212499999999,12.466759652376208,,,,,,,,
2025-08-13 16:24:00,,,,,-1.0460195157535295,12.313536048272718,,,,,,
2025-08-13 16:24:00,,,,,,,-0.914780613822171,12.333710426676404,,,,
2025-08-13 16:24:00,,,,,,,,,-1.110460400403483,12.291113320519209,,
2025-08-13 16:24:00,,,,,,,,,,,-0.9721793629516764,12.314351858493776
2025-08-13 16:24:00,-1.1339749999999995,12.448457763890875,,,,,,,,,,
2025-08-13 16:24:00,,,-0.9724799999999998,12.461675455726,,,,,,,,
2025-08-13 16:24:00,,,,,-1.142999630360163,12.297602413125157,,,,,,
2025-08-13 16:24:00,,,,,,,-0.9804569754301463,12.323492052158487,,,,
2025-08-13 16:24:00,,,,,,,,,-1.212396722005793,12.272991433794145,,
2025-08-13 16:24:00,,,,,,,,,,,-1.0412586010013787,12.302674758137169
2025-08-13 16:24:00,-1.23063125,12.439274364950853,,,,,,,,,,
2025-08-13 16:24:00,,,-1.0494300000000003,12.455261017587976,,,,,,,,
2025-08-13 16:24:00,,,,,-1.2403104458281016,12.280899484126731,,,,,,
2025-08-13 16:24:00,,,,,,,-1.0579086073221018,12.311045329848437,,,,
2025-08-13 16:24:00,,,,,,,,,-1.315023357640622,12.254073617923394,,
2025-08-13 16:24:00,,,,,,,,,,,-1.1228446807097066,12.288428574446172
2025-08-13 16:24:00,-1.2693812500000003,12.435379818974104,,,,,,,,,,
2025-08-13 16:24:00,,,-1.1264800000000001,12.44859832680992,,,,,,,,
2025-08-13 16:24:00,,,,,-1.279327309360901,12.27400075691322,,,,,,
2025-08-13 16:24:00,,,,,,,-1.1354661175066316,12.29835482594366,,,,
2025-08-13 16:24:00,,,,,,,,,-1.3564418133942513,12.245846783646723,,
2025-08-13 16:24:00,,,,,,,,,,,-1.204577191261403,12.273849611290819
2025-08-13 16:24:00,-0.906699999999999,12.697668884878045,,,,,,,,,,
2025-08-13 16:24:00,,,-1.11566375,12.495527848075062,,,,,,,,
2025-08-13 16:24:00,,,,,-0.9192102245501763,12.4814187811183,,,,,,
2025-08-13 16:24:00,,,,,,,-1.1255734251705742,12.329491496711224,,,,
2025-08-13 16:24:00,,,,,,,,,-1.0160870899271148,12.448858378719958,,
2025-08-13 16:24:00,,,,,,,,,,,-1.202081876674253,12.302576706920686
2025-08-13 16:24:00,-0.9454999999999973,12.694838705158881,,,,,,,,,,
2025-08-13 16:24:00,,,-1.0972374999999992,12.54312390757055,,,,,,,,
2025-08-13 16:24:00,,,,,-0.95830380526075,12.475483581932997,,,,,,
2025-08-13 16:24:00,,,,,,,-1.1080302830720181,12.361881003443282,,,,
2025-08-13 16:24:00,,,,,,,,,-1.0572450088117245,12.441939106612928,,
2025-08-13 16:24:00,,,,,,,,,,,-1.1914387983559012,12.332741864139429
2025-08-13 16:24:00,-0.9454999999999973,12.694838705158881,,,,,,,,,,
2025-08-13 16:24:00,,,-1.0595424999999987,12.592400095824152,,,,,,,,
2025-08-13 16:24:00,,,,,-0.9322734433431328,12.940747107909216,,,,,,
2025-08-13 16:24:00,,,,,,,-1.0658850456686124,12.490509942400093,,,,
2025-08-13 16:24:00,,,,,,,,,-0.8276509760457575,12.974074617437886,,
2025-08-13 16:24:00,,,,,,,,,,,-1.114489649163894,12.472958500868177
2025-08-13 16:24:00,-0.6085812500000003,12.925680982530414,,,,,,,,,,
2025-08-13 16:24:00,,,-0.9351324999999988,12.689681419340065,,,,,,,,
2025-08-13 16:24:00,,,,,-0.5988059640877446,13.118958316669953,,,,,,
2025-08-13 16:24:00,,,,,,,-0.9375841493205408,12.658121708908737,,,,
2025-08-13 16:24:00,,,,,,,,,-0.5212719914474225,13.141949849697228,,
2025-08-13 16:24:00,,,,,,,,,,,-0.9557393759252542,12.650533747222944
2025-08-13 16:24:00,-0.3972499999999979,13.063961590478595,,,,,,,,,,
2025-08-13 16:24:00,,,-0.7607062499999984,12.815397773640964,,,,,,,,
2025-08-13 16:24:00,,,,,-0.38940562506385334,13.225631452777266,,,,,,
2025-08-13 16:24:00,,,,,,,-0.7595998124611313,12.848447848081548,,,,
2025-08-13 16:24:00,,,,,,,,,-0.327321256339369,13.243019792682539,,
2025-08-13 16:24:00,,,,,,,,,,,-0.7499152645142775,12.84996834903011
2025-08-13 16:24:00,-0.16729999999999734,13.20894055971182,,,,,,,,,,
2025-08-13 16:24:00,,,-0.612826249999998,12.917652108607717,,,,,,,,
2025-08-13 16:24:00,,,,,-0.161361160794795,13.33734716351079,,,,,,
2025-08-13 16:24:00,,,,,,,-0.6080299997100551,13.019633524560044,,,,
2025-08-13 16:24:00,,,,,,,,,-0.11402653027772733,13.349736904649012,,
2025-08-13 16:24:00,,,,,,,,,,,-0.5695031525844001,13.030144054215919
2025-08-13 16:24:00,0.04841875000000151,13.339912129569987,,,,,,,,,,
2025-08-13 16:24:00,,,-0.41404249999999826,13.046666793489939,,,,,,,,
2025-08-13 16:24:00,,,,,0.052748266410593714,13.438110509281268,,,,,,
2025-08-13 16:24:00,,,,,,,-0.4058195853757864,13.2121589100297,,,,
2025-08-13 16:24:00,,,,,,,,,0.08717810136648609,13.446680092131988,,
2025-08-13 16:24:00,,,,,,,,,,,-0.34061853054875807,13.231092251319732
2025-08-13 16:24:00,0.04841875000000151,13.339912129569987,,,,,,,,,,
2025-08-13 16:24:00,,,-0.2152587499999985,13.17568147837216,,,,,,,,
2025-08-13 16:24:00,,,,,0.05353504003094467,13.456330426853597,,,,,,
2025-08-13 16:24:00,,,,,,,-0.2086578887009709,13.315275573818576,,,,
2025-08-13 16:24:00,,,,,,,,,0.09443299867351693,13.466559297084919,,
2025-08-13 16:24:00,,,,,,,,,,,-0.15620173560490316,13.329589187249136
2025-08-13 16:24:00,0.2325999999999997,13.447988594581718,,,,,,,,,,
2025-08-13 16:24:00,,,-0.0470224999999985,13.280143000782422,,,,,,,,
2025-08-13 16:24:00,,,,,0.23364314250300133,13.538594297332583,,,,,,
2025-08-13 16:24:00,,,,,,,-0.04216806738282173,13.3992027699511,,,,
2025-08-13 16:24:00,,,,,,,,,0.26737045792925135,13.5466260092027,,
2025-08-13 16:24:00,,,,,,,,,,,0.0015267542704316185,13.410524419150232
2025-08-13 16:24:00,-0.020818750000001884,13.449983887709621,,,,,,,,,,
2025-08-13 16:24:00,,,0.028263750000000698,13.357347460228628,,,,,,,,
2025-08-13 16:24:00,,,,,-0.0251470881933481,13.519832743848713,,,,,,
2025-08-13 16:24:00,,,,,,,0.03068363999127932,13.458043028165388,,,,
2025-08-13 16:24:00,,,,,,,,,0.008805140167971088,13.528591822621689,,
2025-08-13 16:24:00,,,,,,,,,,,0.06875203357189962,13.467638825138062
2025-08-13 16:24:00,0.21578124999999915,13.58828681078481,,,,,,,,,,
2025-08-13 16:24:00,,,0.10488,13.433216710443224,,,,,,,,
2025-08-13 16:24:00,,,,,0.21083963459252794,13.625413180475563,,,,,,
2025-08-13 16:24:00,,,,,,,0.10512379906874392,13.515656231558344,,,,
2025-08-13 16:24:00,,,,,,,,,0.23117306653130715,13.631506839011417,,
2025-08-13 16:24:00,,,,,,,,,,,0.13779195293370652,13.523992812010544
2025-08-13 16:24:00,0.11774999999999736,13.589489870392486,,,,,,,,,,
2025-08-13 16:24:00,,,0.11874624999999916,13.483132258607725,,,,,,,,
2025-08-13 16:24:00,,,,,0.11348880800102404,13.619127676702206,,,,,,
2025-08-13 16:24:00,,,,,,,0.11727190738682998,13.551859665042532,,,,
2025-08-13 16:24:00,,,,,,,,,0.1306159010678501,13.624922690753529,,
2025-08-13 16:24:00,,,,,,,,,,,0.1464795128739793,13.559641331734849
2025-08-13 16:24:00,0.11774999999999736,13.589489870392486,,,,,,,,,,
2025-08-13 16:24:00,,,0.13261249999999833,13.533047806772222,,,,,,,,
2025-08-13 16:24:00,,,,,0.11158130332670108,13.640769390544191,,,,,,
2025-08-13 16:24:00,,,,,,,0.12888116004598124,13.58874745778065,,,,
2025-08-13 16:24:00,,,,,,,,,0.13954846515655203,13.648732382232868,,
2025-08-13 16:24:00,,,,,,,,,,,0.15550260617058637,13.59607594876444
2025-08-13 16:24:00,0.30536874999999597,13.696596289827754,,,,,,,,,,
2025-08-13 16:24:00,,,0.14716624999999758,13.58276934582143,,,,,,,,
2025-08-13 16:24:00,,,,,0.3016214805621228,13.723547984125672,,,,,,
2025-08-13 16:24:00,,,,,,,0.14247682765780553,13.625738195139268,,,,
2025-08-13 16:24:00,,,,,,,,,0.3165693188592098,13.728584251275922,,
2025-08-13 16:24:00,,,,,,,,,,,0.16534237835657803,13.632467597179083
2025-08-13 16:24:00,0.1873187499999993,13.698719344737976,,,,,,,,,,
2025-08-13 16:24:00,,,0.18879374999999782,13.632516437227101,,,,,,,,
2025-08-13 16:24:00,,,,,0.18455517935978782,13.71675511493449,,,,,,
2025-08-13 16:24:00,,,,,,,0.18441728116843276,13.665122669356425,,,,
2025-08-13 16:24:00,,,,,,,,,0.19514661558437735,13.720803558029653,,
2025-08-13 16:24:00,,,,,,,,,,,0.2026106734398593,13.670909944260677
2025-08-13 16:24:00,0.1873187499999993,13.698719344737976,,,,,,,,,,
2025-08-13 16:24:00,,,0.18310124999999786,13.654602944017736,,,,,,,,
2025-08-13 16:24:00,,,,,0.1828887428862829,13.730895870474615,,,,,,
2025-08-13 16:24:00,,,,,,,0.17882710282718373,13.686219207356235,,,,
2025-08-13 16:24:00,,,,,,,,,0.20128337003853103,13.736778219723732,,
2025-08-13 16:24:00,,,,,,,,,,,0.19663273414130406,13.69196422040314
2025-08-13 16:24:00,0.20445000000000313,13.708475487722914,,,,,,,,,,
2025-08-13 16:24:00,,,0.20044124999999902,13.678400067483821,,,,,,,,
2025-08-13 16:24:00,,,,,0.20026198859751265,13.738422247899694,,,,,,
2025-08-13 16:24:00,,,,,,,0.19618173894648144,13.710078121595732,,,,
2025-08-13 16:24:00,,,,,,,,,0.21717164088517762,13.743885992397908,,
2025-08-13 16:24:00,,,,,,,,,,,0.21394388210476958,13.715756880732016
2025-08-13 16:24:00,0.1255000000000006,13.70942558059965,,,,,,,,,,
2025-08-13 16:24:00,,,0.20199124999999968,13.702387209525256,,,,,,,,
2025-08-13 16:24:00,,,,,0.12193321738767975,13.733451809813936,,,,,,
2025-08-13 16:24:00,,,,,,,0.19825212175867718,13.728614605449678,,,,
2025-08-13 16:24:00,,,,,,,,,0.1365956184627495,13.738483405296408,,
2025-08-13 16:24:00,,,,,,,,,,,0.21335331276600905,13.733707085344724
2025-08-13 16:24:00,0.1255000000000006,13.70942558059965,,,,,,,,,,
2025-08-13 16:24:00,,,0.1660175000000006,13.704953067679634,,,,,,,,
2025-08-13 16:24:00,,,,,0.12110803671562537,13.740521542792779,,,,,,
2025-08-13 16:24:00,,,,,,,0.1621494329893777,13.732009317183103,,,,
2025-08-13 16:24:00,,,,,,,,,0.1395845283702022,13.746335141346055,,
2025-08-13 16:24:00,,,,,,,,,,,0.17795635466820753,13.737257263358751
2025-08-13 16:24:00,0.15979999999999883,13.729070032598713,,,,,,,,,,
2025-08-13 16:24:00,,,0.1605137500000005,13.71102320525178,,,,,,,,
2025-08-13 16:24:00,,,,,0.15594464492791102,13.755809886284622,,,,,,
2025-08-13 16:24:00,,,,,,,0.1564273261030023,13.73982027145313,,,,
2025-08-13 16:24:00,,,,,,,,,0.17163877254783988,13.761161535440035,,
2025-08-13 16:24:00,,,,,,,,,,,0.17325478606090003,13.745328858840827
2025-08-13 16:24:00,0.041000000000002146,13.729938783548892,,,,,,,,,,
2025-08-13 16:24:00,,,0.13125000000000106,13.717267093013964,,,,,,,,
2025-08-13 16:24:00,,,,,0.03815562756772346,13.747854422008599,,,,,,
2025-08-13 16:24:00,,,,,,,0.12748070303929046,13.743211981759924,,,,
2025-08-13 16:24:00,,,,,,,,,0.04919184751510884,13.752159114851224,,
2025-08-13 16:24:00,,,,,,,,,,,0.1428364815562156,13.748405037866325
2025-08-13 16:24:00,0.041000000000002146,13.729938783548892,,,,,,,,,,
2025-08-13 16:24:00,,,0.09856000000000087,13.721559752179157,,,,,,,,
2025-08-13 16:24:00,,,,,0.03681701796110822,13.758381816294666,,,,,,
2025-08-13 16:24:00,,,,,,,0.09479170891200957,13.74720389543892,,,,
2025-08-13 16:24:00,,,,,,,,,0.05446410055160815,13.764153118076297,,
2025-08-13 16:24:00,,,,,,,,,,,0.11029497348950171,13.752458463002004
2025-08-13 16:24:00,0.10975000000000179,13.769562626950066,,,,,,,,,,
2025-08-13 16:24:00,,,0.0954100000000011,13.733587161449242,,,,,,,,
2025-08-13 16:24:00,,,,,0.10670722810598085,13.789277197123909,,,,,,
2025-08-13 16:24:00,,,,,,,0.09174651105566978,13.758368972900916,,,,
2025-08-13 16:24:00,,,,,,,,,0.11916764158010681,13.793917950554848,,
2025-08-13 16:24:00,,,,,,,,,,,0.10680937811297317,13.76354537205369
2025-08-13 16:24:00,-0.009499999999999176,13.769996722948049,,,,,,,,,,
2025-08-13 16:24:00,,,0.06841000000000115,13.745701389918924,,,,,,,,
2025-08-13 16:24:00,,,,,-0.011392460514325044,13.78100171175726,,,,,,
2025-08-13 16:24:00,,,,,,,0.06524641160967971,13.76646500669381,,,,
2025-08-13 16:24:00,,,,,,,,,-0.009732861328124155,13.783443985372802,,
2025-08-13 16:24:00,,,,,,,,,,,0.07694590017330791,13.770967140859042
2025-08-13 16:24:00,-0.009499999999999176,13.769996722948049,,,,,,,,,,
2025-08-13 16:24:00,,,0.034550000000001545,13.75388672798879,,,,,,,,
2025-08-13 16:24:00,,,,,-0.013298498874053825,13.795053128104804,,,,,,
2025-08-13 16:24:00,,,,,,,0.03139778284928673,13.774313655057847,,,,
2025-08-13 16:24:00,,,,,,,,,-0.008777758789061743,13.798235974040038,,
2025-08-13 16:24:00,,,,,,,,,,,0.04086259390592758,13.778382028579042
2025-08-13 16:24:00,0.024950000000000472,13.789977429187475,,,,,,,,,,
2025-08-13 16:24:00,,,0.031340000000001214,13.765894457116508,,,,,,,,
2025-08-13 16:24:00,,,,,0.021728028906507227,13.810626100771769,,,,,,
2025-08-13 16:24:00,,,,,,,0.02811226311704349,13.786867990810482,,,,
2025-08-13 16:24:00,,,,,,,,,0.034419510269165766,13.815606385041894,,
2025-08-13 16:24:00,,,,,,,,,,,0.03790812645673896,13.791071482617175
2025-08-13 16:24:00,-0.07476875000000227,13.789797302136947,,,,,,,,,,
2025-08-13 16:24:00,,,0.008186250000000329,13.777866160834117,,,,,,,,
2025-08-13 16:24:00,,,,,-0.07704970624221129,13.803197686411872,,,,,,
2025-08-13 16:24:00,,,,,,,0.005338918276379584,13.795831164833924,,,,
2025-08-13 16:24:00,,,,,,,,,-0.06798320852525741,13.807234509347323,,
2025-08-13 16:24:00,,,,,,,,,,,0.013418664641365857,13.799687760871382
2025-08-13 16:24:00,-0.07476875000000227,13.789797302136947,,,,,,,,,,
2025-08-13 16:24:00,,,-0.028717500000000486,13.781913095871493,,,,,,,,
2025-08-13 16:24:00,,,,,-0.07848826995714357,13.8137358299067,,,,,,
2025-08-13 16:24:00,,,,,,,-0.0317001813362453,13.800722891390482,,,,
2025-08-13 16:24:00,,,,,,,,,-0.06330183856986658,13.819226226371123,,
2025-08-13 16:24:00,,,,,,,,,,,-0.023075231388628825,13.804749416034635
2025-08-13 16:24:00,-0.005718750000001549,13.829998817639083,,,,,,,,,,
2025-08-13 16:24:00,,,-0.027961250000000958,13.793913514809699,,,,,,,,
2025-08-13 16:24:00,,,,,-0.008217280883141382,13.84521663365595,,,,,,
2025-08-13 16:24:00,,,,,,,-0.031065145410008564,13.813565875770218,,,,
2025-08-13 16:24:00,,,,,,,,,-0.005572151184083539,13.84755643332554,,
2025-08-13 16:24:00,,,,,,,,,,,-0.0222430893598207,13.817571905625183
2025-08-13 16:24:00,-0.12579374999999793,13.829427896065004,,,,,,,,,,
2025-08-13 16:24:00,,,-0.05122000000000071,13.805799749433088,,,,,,,,
2025-08-13 16:24:00,,,,,-0.12701973106031747,13.835959371216559,,,,,,
2025-08-13 16:24:00,,,,,,,-0.0538093918472613,13.82174712439257,,,,
2025-08-13 16:24:00,,,,,,,,,-0.12183461673872815,13.838996451878797,,
2025-08-13 16:24:00,,,,,,,,,,,-0.04485446094975398,13.825724001192935
2025-08-13 16:24:00,-0.07387499999999925,13.859803118528594,,,,,,,,,,
2025-08-13 16:24:00,,,-0.07098500000000066,13.819764887301314,,,,,,,,
2025-08-13 16:24:00,,,,,-0.07389703238056476,13.859905116346168,,,,,,
2025-08-13 16:24:00,,,,,,,-0.07293440410467569,13.83160292750745,,,,
2025-08-13 16:24:00,,,,,,,,,-0.07315851023197098,13.862007837271126,,
2025-08-13 16:24:00,,,,,,,,,,,-0.06637006504998133,13.835004291638782
2025-08-13 16:24:00,-0.17428125000000172,13.858904215193148,,,,,,,,,,
2025-08-13 16:24:00,,,-0.09088750000000054,13.833586269912555,,,,,,,,
2025-08-13 16:24:00,,,,,-0.17355574567686127,13.855259955713526,,,,,,
2025-08-13 16:24:00,,,,,,,-0.0922356119916057,13.842015381367782,,,,
2025-08-13 16:24:00,,,,,,,,,-0.17671330979182553,13.8527301557461,,
2025-08-13 16:24:00,,,,,,,,,,,-0.08811608530329496,13.844103420918538
2025-08-13 16:24:00,-0.1222499999999993,13.889462010369588,,,,,,,,,,
2025-08-13 16:24:00,,,-0.10038374999999995,13.853519211559084,,,,,,,,
2025-08-13 16:24:00,,,,,-0.1204564832786397,13.879418414057083,,,,,,
2025-08-13 16:24:00,,,,,,,-0.10062925465590492,13.855151898197857,,,,
2025-08-13 16:24:00,,,,,,,,,-0.12747108622044254,13.875970439026752,,
2025-08-13 16:24:00,,,,,,,,,,,-0.10094993483341015,13.85545226344966
2025-08-13 16:24:00,-0.24314999999999465,13.8878716179802,,,,,,,,,,
2025-08-13 16:24:00,,,-0.14786999999999856,13.865093771627306,,,,,,,,
2025-08-13 16:24:00,,,,,-0.24000740470520215,13.869237817141666,,,,,,
2025-08-13 16:24:00,,,,,,,-0.14698727942031709,13.859956134895,,,,
2025-08-13 16:24:00,,,,,,,,,-0.2532868165488322,13.864080315700502,,
2025-08-13 16:24:00,,,,,,,,,,,-0.1504928679063599,13.858757039924654
2025-08-13 16:24:00,-0.24314999999999465,13.8878716179802,,,,,,,,,,
2025-08-13 16:24:00,,,-0.17134124999999792,13.876782516010346,,,,,,,,
2025-08-13 16:24:00,,,,,-0.24221194865104173,13.883133859232059,,,,,,
2025-08-13 16:24:00,,,,,,,-0.1700257229384619,13.8693910324981,,,,
2025-08-13 16:24:00,,,,,,,,,-0.24573704457565604,13.880556925390424,,
2025-08-13 16:24:00,,,,,,,,,,,-0.17527335347374545,13.867069134626979
2025-08-13 16:24:00,-0.1910062499999956,13.918689471802328,,,,,,,,,,
2025-08-13 16:24:00,,,-0.19476749999999718,13.888559786665093,,,,,,,,
2025-08-13 16:24:00,,,,,-0.18900430712061822,13.907463860057383,,,,,,
2025-08-13 16:24:00,,,,,,,-0.19304717788647258,13.878902781240345,,,,
2025-08-13 16:24:00,,,,,,,,,-0.19693102091844678,13.903613145891324,,
2025-08-13 16:24:00,,,,,,,,,,,-0.20002785561104064,13.87539019635102
2025-08-13 16:24:00,-0.1910062499999956,13.918689471802328,,,,,,,,,,
2025-08-13 16:24:00,,,-0.19811249999999597,13.900516837986927,,,,,,,,
2025-08-13 16:24:00,,,,,-0.1910062499999956,13.918689471802328,,,,,,
2025-08-13 16:24:00,,,,,,,-0.1965372787510995,13.891588684458105,,,,
2025-08-13 16:24:00,,,,,,,,,-0.19086038945473294,13.91972848606396,,
2025-08-13 16:24:00,,,,,,,,,,,-0.2028572715436221,13.888789862414592
2025-08-13 16:24:00,-0.12130624999999462,13.95947294111461,,,,,,,,,,
2025-08-13 16:24:00,,,-0.197923749999995,13.914519024135933,,,,,,,,
2025-08-13 16:24:00,,,,,-0.12018228005166756,13.953483421444133,,,,,,
2025-08-13 16:24:00,,,,,,,-0.19648243810570504,13.906401685935515,,,,
2025-08-13 16:24:00,,,,,,,,,-0.12513989895827515,13.95051043751851,,
2025-08-13 16:24:00,,,,,,,,,,,-0.2023910340911886,13.903697862112944
2025-08-13 16:24:00,-0.38480000000000025,13.954695588224059,,,,,,,,,,
2025-08-13 16:24:00,,,-0.22625374999999615,13.927883818184705,,,,,,,,
2025-08-13 16:24:00,,,,,-0.38077098369872214,13.930130313366309,,,,,,
2025-08-13 16:24:00,,,,,,,-0.22463515390440905,13.918580185180442,,,,
2025-08-13 16:24:00,,,,,,,,,-0.39843186278104825,13.923871470718789,,
2025-08-13 16:24:00,,,,,,,,,,,-0.23142004333763183,13.915656093116601
2025-08-13 16:24:00,-0.3323937500000014,13.986050707578638,,,,,,,,,,
2025-08-13 16:24:00,,,-0.2441024999999975,13.947519636104394,,,,,,,,
2025-08-13 16:24:00,,,,,-0.3275868704790667,13.954810023159936,,,,,,
2025-08-13 16:24:00,,,,,,,-0.24171013827001406,13.932915417966019,,,,
2025-08-13 16:24:00,,,,,,,,,-0.3487932027292685,13.947697081202675,,
2025-08-13 16:24:00,,,,,,,,,,,-0.2520312749683543,13.929084124279049
2025-08-13 16:24:00,-0.45471874999999784,13.98260815650637,,,,,,,,,,
2025-08-13 16:24:00,,,-0.2968449999999979,13.960303373045202,,,,,,,,
2025-08-13 16:24:00,,,,,-0.4488650094761437,13.942654771772421,,,,,,
2025-08-13 16:24:00,,,,,,,-0.2936822787411192,13.939953600309025,,,,
2025-08-13 16:24:00,,,,,,,,,-0.4761504266365507,13.933905196451413,,
2025-08-13 16:24:00,,,,,,,,,,,-0.30787515611197513,13.93514253439107
2025-08-13 16:24:00,-0.3319999999999972,14.056079681049052,,,,,,,,,,
2025-08-13 16:24:00,,,-0.32504374999999824,13.987781414894547,,,,,,,,
2025-08-13 16:24:00,,,,,-0.3255447923818188,13.999903098879473,,,,,,
2025-08-13 16:24:00,,,,,,,-0.32058998721748383,13.956196325724454,,,,
2025-08-13 16:24:00,,,,,,,,,-0.3605285317689151,13.98990588474305,,
2025-08-13 16:24:00,,,,,,,,,,,-0.34180878457481156,13.949178014126886
2025-08-13 16:24:00,-0.3319999999999972,14.056079681049052,,,,,,,,,,
2025-08-13 16:24:00,,,-0.36718249999999875,14.007102762881436,,,,,,,,
2025-08-13 16:24:00,,,,,-0.32651152820418505,14.01832170473984,,,,,,
2025-08-13 16:24:00,,,,,,,-0.3618558368479873,13.969163982383595,,,,
2025-08-13 16:24:00,,,,,,,,,-0.35197535504740296,14.010196225893743,,
2025-08-13 16:24:00,,,,,,,,,,,-0.3871758757926371,13.961115171801936
2025-08-13 16:24:00,-0.2792187499999983,14.087233116891635,,,,,,,,,,
2025-08-13 16:24:00,,,-0.34606624999999835,14.03361026861495,,,,,,,,
2025-08-13 16:24:00,,,,,-0.2731857327422869,14.042714126844656,,,,,,
2025-08-13 16:24:00,,,,,,,-0.34033878665670025,13.991680745079265,,,,
2025-08-13 16:24:00,,,,,,,,,-0.30169442413886816,14.034204523596966,,
2025-08-13 16:24:00,,,,,,,,,,,-0.3678283880642011,13.98318178237757
2025-08-13 16:24:00,-0.40199374999999904,14.084264305421172,,,,,,,,,,
2025-08-13 16:24:00,,,-0.3599862499999979,14.053252988183456,,,,,,,,
2025-08-13 16:24:00,,,,,-0.39548593157404444,14.030663631238154,,,,,,
2025-08-13 16:24:00,,,,,,,-0.35391859887569577,14.006851466694908,,,,
2025-08-13 16:24:00,,,,,,,,,-0.43019936027466193,14.020706323662914,,
2025-08-13 16:24:00,,,,,,,,,,,-0.3841096195732797,13.997783630869616
2025-08-13 16:24:00,-0.34909999999999997,14.115683801715027,,,,,,,,,,
2025-08-13 16:24:00,,,-0.33886249999999835,14.079868117225185,,,,,,,,
2025-08-13 16:24:00,,,,,-0.3432423267742386,14.054800506655715,,,,,,
2025-08-13 16:24:00,,,,,,,-0.3327940623353148,14.029280613671569,,,,
2025-08-13 16:24:00,,,,,,,,,-0.38038720037251755,14.044454657808728,,
2025-08-13 16:24:00,,,,,,,,,,,-0.36495697432047314,14.019893523141082
2025-08-13 16:24:00,-0.4106562500000024,14.114027116465941,,,,,,,,,,
2025-08-13 16:24:00,,,-0.3545937499999994,14.091457604308568,,,,,,,,
2025-08-13 16:24:00,,,,,-0.4067348281399756,14.047988277254953,,,,,,
2025-08-13 16:24:00,,,,,,,-0.3490320694869461,14.038897649346666,,,,
2025-08-13 16:24:00,,,,,,,,,-0.4444344394212339,14.037781173834894,,
2025-08-13 16:24:00,,,,,,,,,,,-0.38173815585093684,14.02946858095945
2025-08-13 16:24:00,-0.45175624999999897,14.112771389439635,,,,,,,,,,
2025-08-13 16:24:00,,,-0.37854499999999974,14.102795945986681,,,,,,,,
2025-08-13 16:24:00,,,,,-0.4495972961354958,14.043268753489407,,,,,,
2025-08-13 16:24:00,,,,,,,-0.37364922307320825,14.043887059096576,,,,
2025-08-13 16:24:00,,,,,,,,,-0.4871737315692905,14.033029590178018,,
2025-08-13 16:24:00,,,,,,,,,,,-0.40877783115531435,14.034035253816302
2025-08-13 16:24:00,-0.5135000000000005,14.11065972058004,,,,,,,,,,
2025-08-13 16:24:00,,,-0.4254012500000002,14.107481266724363,,,,,,,,
2025-08-13 16:24:00,,,,,-0.5141763281353544,14.035957172217026,,,,,,
2025-08-13 16:24:00,,,,,,,-0.4218473421518218,14.042535668171052,,,,
2025-08-13 16:24:00,,,,,,,,,-0.5518143369640462,14.025538160018959,,
2025-08-13 16:24:00,,,,,,,,,,,-0.45880181372035,14.032301981100701
2025-08-13 16:24:00,-0.5547250000000012,14.109099197835947,,,,,,,,,,
2025-08-13 16:24:00,,,-0.4559475000000006,14.112448245207318,,,,,,,,
2025-08-13 16:24:00,,,,,-0.5573088168873747,14.030929114118516,,,,,,
2025-08-13 16:24:00,,,,,,,-0.45421191921448784,14.042588764747123,,,,
2025-08-13 16:24:00,,,,,,,,,-0.5953746955890316,14.02037392596382,,
2025-08-13 16:24:00,,,,,,,,,,,-0.49183688078322396,14.032235501560885
2025-08-13 16:24:00,-0.6786999999999992,14.103679176370965,,,,,,,,,,
2025-08-13 16:24:00,,,-0.5218675000000005,14.110047320138506,,,,,,,,
2025-08-13 16:24:00,,,,,-0.6833813906733048,14.016124241923052,,,,,,
2025-08-13 16:24:00,,,,,,,-0.522239731994301,14.034853511800588,,,,
2025-08-13 16:24:00,,,,,,,,,-0.7252566006247148,14.003938169718356,,
2025-08-13 16:24:00,,,,,,,,,,,-0.5608107608336634,14.02413220394281
2025-08-13 16:24:00,-0.7823562499999994,14.098309072299624,,,,,,,,,,
2025-08-13 16:24:00,,,-0.5962074999999999,14.106903711305241,,,,,,,,
2025-08-13 16:24:00,,,,,-0.7875452883222223,14.003307189370975,,,,,,
2025-08-13 16:24:00,,,,,,,-0.5984018240307504,14.025917294223794,,,,
2025-08-13 16:24:00,,,,,,,,,-0.834191455883821,13.98941614171847,,
2025-08-13 16:24:00,,,,,,,,,,,-0.6387621641261808,14.014459197519523
2025-08-13 16:24:00,-0.8863250000000029,14.092154838575079,,,,,,,,,,
2025-08-13 16:24:00,,,-0.6831212500000007,14.102780401132332,,,,,,,,
2025-08-13 16:24:00,,,,,-0.8920370672875721,13.989725293971844,,,,,,
2025-08-13 16:24:00,,,,,,,-0.6868897782611656,14.015208602320282,,,,
2025-08-13 16:24:00,,,,,,,,,-0.9439738427309832,13.974124989703256,,
2025-08-13 16:24:00,,,,,,,,,,,-0.7301221863585194,14.00267827742457
2025-08-13 16:24:00,-0.8863250000000029,14.092154838575079,,,,,,,,,,
2025-08-13 16:24:00,,,-0.7576862500000011,14.099079424731338,,,,,,,,
2025-08-13 16:24:00,,,,,-0.8889357624647395,14.1050580657905,,,,,,
2025-08-13 16:24:00,,,,,,,-0.7618416651270427,14.029028781034977,,,,
2025-08-13 16:24:00,,,,,,,,,-0.8775217070843355,14.110133522847338,,
2025-08-13 16:24:00,,,,,,,,,,,-0.7952636603825773,14.01959734999025
2025-08-13 16:24:00,-1.0742562500000012,14.079075733489608,,,,,,,,,,
2025-08-13 16:24:00,,,-0.8615925000000011,14.09307473186207,,,,,,,,
2025-08-13 16:24:00,,,,,-1.0745070442250757,14.0800522824062,,,,,,
2025-08-13 16:24:00,,,,,,,-0.8652813105945828,14.038853414692515,,,,
2025-08-13 16:24:00,,,,,,,,,-1.0728964490610378,14.082391960956953,,
2025-08-13 16:24:00,,,,,,,,,,,-0.8907680110769786,14.032000956988876
2025-08-13 16:24:00,-0.43075624999999995,14.473591435890608,,,,,,,,,,
2025-08-13 16:24:00,,,-0.8120037500000012,14.167057183766,,,,,,,,
2025-08-13 16:24:00,,,,,-0.4329233414084753,14.393461499967689,,,,,,
2025-08-13 16:24:00,,,,,,,-0.8151897007416169,14.11432086630144,,,,
2025-08-13 16:24:00,,,,,,,,,-0.4724767419401449,14.382820442996643,,
2025-08-13 16:24:00,,,,,,,,,,,-0.8402120393400645,14.107777411644534
2025-08-13 16:24:00,-0.5356000000000005,14.470090968615228,,,,,,,,,,
2025-08-13 16:24:00,,,-0.7626525000000015,14.241413563029118,,,,,,,,
2025-08-13 16:24:00,,,,,-0.5401291231576624,14.381954512595057,,,,,,
2025-08-13 16:24:00,,,,,,,-0.765706467708705,14.190050330946258,,,,
2025-08-13 16:24:00,,,,,,,,,-0.5821500102439067,14.370582086521189,,
2025-08-13 16:24:00,,,,,,,,,,,-0.7898037502120816,14.184010600605074
2025-08-13 16:24:00,-0.6618249999999986,14.46486735747601,,,,,,,,,,
2025-08-13 16:24:00,,,-0.7177525000000007,14.315956066809306,,,,,,,,
2025-08-13 16:24:00,,,,,-0.6669480256473822,14.367752611923502,,,,,,
2025-08-13 16:24:00,,,,,,,-0.720688659380667,14.26565579453659,,,,
2025-08-13 16:24:00,,,,,,,,,-0.7151501554984973,14.354184794296835,,
2025-08-13 16:24:00,,,,,,,,,,,-0.7440390127655844,14.260022561523792
2025-08-13 16:24:00,-0.7885000000000044,14.458515406154257,,,,,,,,,,
2025-08-13 16:24:00,,,-0.698187500000001,14.389228180325143,,,,,,,,
2025-08-13 16:24:00,,,,,-0.7942388000307805,14.352450552809454,,,,,,
2025-08-13 16:24:00,,,,,,,-0.7017492668938752,14.315134291940378,,,,
2025-08-13 16:24:00,,,,,,,,,-0.8488715322744613,14.336558271523614,,
2025-08-13 16:24:00,,,,,,,,,,,-0.7383089778036095,14.305307511259048
2025-08-13 16:24:00,-0.8944062499999976,14.452350585976005,,,,,,,,,,
2025-08-13 16:24:00,,,-0.6622175000000002,14.46388315082242,,,,,,,,
2025-08-13 16:24:00,,,,,-0.9006745482810898,14.338848157597628,,,,,,
2025-08-13 16:24:00,,,,,,,-0.666982767705078,14.366893466978663,,,,
2025-08-13 16:24:00,,,,,,,,,-0.96064423062632,14.321121131646095,,
2025-08-13 16:24:00,,,,,,,,,,,-0.7158585341166661,14.353053345396876
2025-08-13 16:24:00,-0.4011499999999977,14.744544030844088,,,,,,,,,,
2025-08-13 16:24:00,,,-0.6562962499999998,14.518073669813116,,,,,,,,
2025-08-13 16:24:00,,,,,-0.4099158489432406,14.570368567420436,,,,,,
2025-08-13 16:24:00,,,,,,,-0.662381269212031,14.402274880469212,,,,
2025-08-13 16:24:00,,,,,,,,,-0.4934091114469128,14.548370533326096,,
2025-08-13 16:24:00,,,,,,,,,,,-0.7200450080180196,14.386163363462765
2025-08-13 16:24:00,-0.14179999999999637,14.88932479194406,,,,,,,,,,
2025-08-13 16:24:00,,,-0.577536249999999,14.601920434478885,,,,,,,,
2025-08-13 16:24:00,,,,,-0.15155382064546585,14.68468640520542,,,,,,
2025-08-13 16:24:00,,,,,,,-0.5846662087095919,14.462821258991289,,,,
2025-08-13 16:24:00,,,,,,,,,-0.24475553069095385,14.661446957106136,,
2025-08-13 16:24:00,,,,,,,,,,,-0.6525661121074291,14.444336337579756
2025-08-13 16:24:00,0.10121875000000102,15.019658943020259,,,,,,,,,,
2025-08-13 16:24:00,,,-0.424927499999999,14.712878751587734,,,,,,,,
2025-08-13 16:24:00,,,,,0.09073481673652894,14.787290785270127,,,,,,
2025-08-13 16:24:00,,,,,,,-0.43312964023280953,14.546728893660614,,,,
2025-08-13 16:24:00,,,,,,,,,-0.009061347511620273,14.76402845814989,,
2025-08-13 16:24:00,,,,,,,,,,,-0.5113483505100537,14.526305070350366
2025-08-13 16:24:00,0.4032187500000024,15.174643806022218,,,,,,,,,,
2025-08-13 16:24:00,,,-0.18658374999999766,14.856104431561326,,,,,,,,
2025-08-13 16:24:00,,,,,0.39208326109486835,14.908831762385041,,,,,,
2025-08-13 16:24:00,,,,,,,-0.1958652280076798,14.65800513557573,,,,
2025-08-13 16:24:00,,,,,,,,,0.28552933175006345,14.886071610857295,,
2025-08-13 16:24:00,,,,,,,,,,,-0.28446817770514876,14.6362077382171
2025-08-13 16:24:00,0.670093750000003,15.305338100356064,,,,,,,,,,
2025-08-13 16:24:00,,,0.1263162500000025,15.026701934437337,,,,,,,,
2025-08-13 16:24:00,,,,,0.6586112915290125,15.010838513341952,,,,,,
2025-08-13 16:24:00,,,,,,,0.11599193995434068,14.792403206724595,,,,
2025-08-13 16:24:00,,,,,,,,,0.5487560687002536,14.989215028085434,,
2025-08-13 16:24:00,,,,,,,,,,,0.017411882160166026,14.76982651750497
2025-08-13 16:24:00,0.9780937500000029,15.449068988654654,,,,,,,,,,
2025-08-13 16:24:00,,,0.4021650000000026,15.167606925999454,,,,,,,,
2025-08-13 16:24:00,,,,,0.966469239657358,15.122390407471247,,,,,,
2025-08-13 16:24:00,,,,,,,0.3912689576744604,14.902807574734757,,,,
2025-08-13 16:24:00,,,,,,,,,0.8547635571353687,15.102541626546728,,
2025-08-13 16:24:00,,,,,,,,,,,0.28704641587662233,14.880660736149096
2025-08-13 16:24:00,1.2697500000000037,15.57833864497431,,,,,,,,,,
2025-08-13 16:24:00,,,0.6844750000000026,15.305409696605503,,,,,,,,
2025-08-13 16:24:00,,,,,1.2582383986500698,15.222033778534753,,,,,,
2025-08-13 16:24:00,,,,,,,0.6732274015335675,15.010277049400623,,,,
2025-08-13 16:24:00,,,,,,,,,1.1475626349011643,15.20437914305851,,
2025-08-13 16:24:00,,,,,,,,,,,0.565510048995046,14.989247173339573
2025-08-13 16:24:00,1.544500000000001,15.694184265198366,,,,,,,,,,
2025-08-13 16:24:00,,,0.9731312500000027,15.440314761041122,,,,,,,,
2025-08-13 16:24:00,,,,,1.5333082999954808,15.310662371066659,,,,,,
2025-08-13 16:24:00,,,,,,,0.9617420981853579,15.11495136655993,,,,
2025-08-13 16:24:00,,,,,,,,,1.425198214062049,15.295062539339348,,
2025-08-13 16:24:00,,,,,,,,,,,0.8523619613097798,15.095453989577464
2025-08-13 16:24:00,1.6036937500000032,15.718402156587384,,,,,,,,,,
2025-08-13 16:24:00,,,1.2132262500000028,15.549066431154156,,,,,,,,
2025-08-13 16:24:00,,,,,1.592597519593821,15.329099245103636,,,,,,
2025-08-13 16:24:00,,,,,,,1.2018449498851482,15.19900486310365,,,,
2025-08-13 16:24:00,,,,,,,,,1.4854753264554859,15.314209173394296,,
2025-08-13 16:24:00,,,,,,,,,,,1.0923511602508644,15.181081502084862
2025-08-13 16:24:00,1.6827937500000019,15.75035889098915,,,,,,,,,,
2025-08-13 16:24:00,,,1.4157662500000026,15.638070589280773,,,,,,,,
2025-08-13 16:24:00,,,,,1.6718395822943117,15.353374894069916,,,,,,
2025-08-13 16:24:00,,,,,,,1.4044906080382082,15.267512139249243,,,,
2025-08-13 16:24:00,,,,,,,,,1.5654765402307393,15.339019374155702,,
2025-08-13 16:24:00,,,,,,,,,,,1.2956952545569616,15.251042371298917
2025-08-13 16:24:00,1.6827937500000019,15.75035889098915,,,,,,,,,,
2025-08-13 16:24:00,,,1.5567062500000024,15.69832856974767,,,,,,,,
2025-08-13 16:24:00,,,,,1.6827937500000019,15.75035889098915,,,,,,
2025-08-13 16:24:00,,,,,,,1.547755510106737,15.393105835952824,,,,
2025-08-13 16:24:00,,,,,,,,,1.6826634958744031,15.750629057723884,,
2025-08-13 16:24:00,,,,,,,,,,,1.4612752423047684,15.380659857534349
2025-08-13 16:24:00,1.7620937500000036,15.781933519572656,,,,,,,,,,
2025-08-13 16:24:00,,,1.6551750000000023,15.73904754466734,,,,,,,,
2025-08-13 16:24:00,,,,,1.7626563360607295,15.775934125378779,,,,,,
2025-08-13 16:24:00,,,,,,,1.648639097588869,15.503885905321628,,,,
2025-08-13 16:24:00,,,,,,,,,1.759764511512594,15.773999368219513,,
2025-08-13 16:24:00,,,,,,,,,,,1.5837156176270542,15.49458390256655
2025-08-13 16:24:00,1.7620937500000036,15.781933519572656,,,,,,,,,,
2025-08-13 16:24:00,,,1.6986937500000028,15.756597395542197,,,,,,,,
2025-08-13 16:24:00,,,,,1.7589849106550015,15.824639410199719,,,,,,
2025-08-13 16:24:00,,,,,,,1.6937744197207731,15.60668131314824,,,,
2025-08-13 16:24:00,,,,,,,,,1.7739691273915708,15.828115007455047,,
2025-08-13 16:24:00,,,,,,,,,,,1.6534698002929589,15.601194396189689
2025-08-13 16:24:00,1.0768937500000018,15.843443434153162,,,,,,,,,,
2025-08-13 16:24:00,,,1.5933337500000024,15.781605651055354,,,,,,,,
2025-08-13 16:24:00,,,,,1.0774415650656615,15.839073242900648,,,,,,
2025-08-13 16:24:00,,,,,,,1.590743228815141,15.708676112707645,,,,
2025-08-13 16:24:00,,,,,,,,,1.0747437496324395,15.837046514926055,,
2025-08-13 16:24:00,,,,,,,,,,,1.571323484928349,15.70576186449604
2025-08-13 16:24:00,1.1166187500000007,15.860742812590727,,,,,,,,,,
2025-08-13 16:24:00,,,1.4800987500000022,15.803682435375672,,,,,,,,
2025-08-13 16:24:00,,,,,1.1175930125005065,15.852414324506434,,,,,,
2025-08-13 16:24:00,,,,,,,1.47989391485638,15.808483998794946,,,,
2025-08-13 16:24:00,,,,,,,,,1.1127435611819436,15.84985527917633,,
2025-08-13 16:24:00,,,,,,,,,,,1.4807768891185902,15.807929045500165
2025-08-13 16:24:00,1.1166187500000007,15.860742812590727,,,,,,,,,,
2025-08-13 16:24:00,,,1.366863750000002,15.825759219695986,,,,,,,,
2025-08-13 16:24:00,,,,,1.1142673843977293,15.883630505377125,,,,,,
2025-08-13 16:24:00,,,,,,,1.3661886417359257,15.83513832167254,,,,
2025-08-13 16:24:00,,,,,,,,,1.125443971762743,15.88718783466006,,
2025-08-13 16:24:00,,,,,,,,,,,1.3693329842962583,15.835240800887401
2025-08-13 16:24:00,0.8128187500000017,15.87921048665986,,,,,,,,,,
2025-08-13 16:24:00,,,1.1770087500000017,15.845214613113427,,,,,,,,
2025-08-13 16:24:00,,,,,0.8126180257703667,15.880582806064576,,,,,,
2025-08-13 16:24:00,,,,,,,1.1761809796778533,15.856068057809702,,,,
2025-08-13 16:24:00,,,,,,,,,0.8140575073192903,15.882454392639643,,
2025-08-13 16:24:00,,,,,,,,,,,1.1801915834575976,15.856931805771428
2025-08-13 16:24:00,0.8924187500000009,15.914998861911629,,,,,,,,,,
2025-08-13 16:24:00,,,1.003073750000001,15.87182768158122,,,,,,,,
2025-08-13 16:24:00,,,,,0.8928780712591905,15.911604820666037,,,,,,
2025-08-13 16:24:00,,,,,,,1.002959611798691,15.873461139902963,,,,
2025-08-13 16:24:00,,,,,,,,,0.8903848153140543,15.909454035569606,,
2025-08-13 16:24:00,,,,,,,,,,,1.0034747210420942,15.873199611394337
2025-08-13 16:24:00,0.8924187500000009,15.914998861911629,,,,,,,,,,
2025-08-13 16:24:00,,,0.966178750000001,15.886138767132914,,,,,,,,
2025-08-13 16:24:00,,,,,0.8897479537525866,15.939403794066266,,,,,,
2025-08-13 16:24:00,,,,,,,0.9654208895360761,15.893527250136088,,,,
2025-08-13 16:24:00,,,,,,,,,0.9021491897365128,15.942995134392994,,
2025-08-13 16:24:00,,,,,,,,,,,0.9689558090629088,15.894389335287723
2025-08-13 16:24:00,0.6300687499999995,15.927542602996654,,,,,,,,,,
2025-08-13 16:24:00,,,0.8688687500000007,15.899498725214098,,,,,,,,
2025-08-13 16:24:00,,,,,0.6292034658763402,15.933716809812136,,,,,,
2025-08-13 16:24:00,,,,,,,0.8677429802112426,15.909787747197228,,,,
2025-08-13 16:24:00,,,,,,,,,0.633992407531425,15.936309608249402,,
2025-08-13 16:24:00,,,,,,,,,,,0.873205578332805,15.911680201102342
2025-08-13 16:24:00,0.6699437500000016,15.945932878694679,,,,,,,,,,
2025-08-13 16:24:00,,,0.7795337500000009,15.91653673843489,,,,,,,,
2025-08-13 16:24:00,,,,,0.6696260432499118,15.94806382848203,,,,,,
2025-08-13 16:24:00,,,,,,,0.7788147119816792,15.92267441181821,,,,
2025-08-13 16:24:00,,,,,,,,,0.6712859920711938,15.950082176423058,,
2025-08-13 16:24:00,,,,,,,,,,,0.7823739823944953,15.924259069454939
2025-08-13 16:24:00,0.6699437500000016,15.945932878694679,,,,,,,,,,
2025-08-13 16:24:00,,,0.7509587500000009,15.929881216841855,,,,,,,,
2025-08-13 16:24:00,,,,,0.6672425366096921,15.968798071207447,,,,,,
2025-08-13 16:24:00,,,,,,,0.7497396141495443,15.940317464846782,,,,
2025-08-13 16:24:00,,,,,,,,,0.6802764067443455,15.972847919675509,,
2025-08-13 16:24:00,,,,,,,,,,,0.7556177622795063,15.942337774862114
2025-08-13 16:24:00,0.38370000000000104,15.955386999693866,,,,,,,,,,
2025-08-13 16:24:00,,,0.649215000000001,15.9379588443983,,,,,,,,
2025-08-13 16:24:00,,,,,0.3831588746171895,15.958830613964544,,,,,,
2025-08-13 16:24:00,,,,,,,0.6477957748211441,15.949762623506484,,,,
2025-08-13 16:24:00,,,,,,,,,0.38583157863188633,15.960946812718582,,
2025-08-13 16:24:00,,,,,,,,,,,0.6547071149430728,15.95263633029191
2025-08-13 16:24:00,0.46359999999999957,15.993282184717433,,,,,,,,,,
2025-08-13 16:24:00,,,0.5634512500000006,15.953615508959462,,,,,,,,
2025-08-13 16:24:00,,,,,0.46382411696419273,15.991893706233526,,,,,,
2025-08-13 16:24:00,,,,,,,0.5626110074634653,15.960260605939936,,,,
2025-08-13 16:24:00,,,,,,,,,0.4622382892474528,15.989906332011431,,
2025-08-13 16:24:00,,,,,,,,,,,0.5667249348452608,15.962018569815598
2025-08-13 16:24:00,0.46359999999999957,15.993282184717433,,,,,,,,,,
2025-08-13 16:24:00,,,0.5301575000000007,15.966763425303617,,,,,,,,
2025-08-13 16:24:00,,,,,0.4576861306215589,16.05115813123499,,,,,,
2025-08-13 16:24:00,,,,,,,0.5283075404125089,15.983748870224508,,,,
2025-08-13 16:24:00,,,,,,,,,0.4903141456255312,16.058672270272353,,
2025-08-13 16:24:00,,,,,,,,,,,0.537989282464082,15.986491102220185
2025-08-13 16:24:00,0.30859375,15.997023782487195,,,,,,,,,,
2025-08-13 16:24:00,,,0.45788750000000034,15.97698160606212,,,,,,,,
2025-08-13 16:24:00,,,,,0.30326295490566624,16.044344706358658,,,,,,
2025-08-13 16:24:00,,,,,,,0.4550349227436599,16.00300504579983,,,,
2025-08-13 16:24:00,,,,,,,,,0.3311830248121628,16.05138462487308,,
2025-08-13 16:24:00,,,,,,,,,,,0.46996868901227573,16.00675159191019
2025-08-13 16:24:00,0.30859375,15.997023782487195,,,,,,,,,,
2025-08-13 16:24:00,,,0.38561750000000006,15.987199786820625,,,,,,,,
2025-08-13 16:24:00,,,,,0.30248758147967153,16.054965024162,,,,,,
2025-08-13 16:24:00,,,,,,,0.38208393171765576,16.020238436390745,,,,
2025-08-13 16:24:00,,,,,,,,,0.33637930022814555,16.062912767646637,,
2025-08-13 16:24:00,,,,,,,,,,,0.40118926770903574,16.024764561504416
2025-08-13 16:24:00,0.04144374999999911,15.999946325397032,,,,,,,,,,
2025-08-13 16:24:00,,,0.31716624999999965,15.996111651961257,,,,,,,,
2025-08-13 16:24:00,,,,,0.036410411435411516,16.03993136635023,,,,,,
2025-08-13 16:24:00,,,,,,,0.31273423908130016,16.03645858686788,,,,
2025-08-13 16:24:00,,,,,,,,,0.06313178689254492,16.0471754420661,,
2025-08-13 16:24:00,,,,,,,,,,,0.33664930936116744,16.04201028737392
2025-08-13 16:24:00,0.04144374999999911,15.999946325397032,,,,,,,,,,
2025-08-13 16:24:00,,,0.23273499999999955,15.997444480097178,,,,,,,,
2025-08-13 16:24:00,,,,,0.03525506286233218,16.054133475871073,,,,,,
2025-08-13 16:24:00,,,,,,,0.2270204282609281,16.04890654079539,,,,
2025-08-13 16:24:00,,,,,,,,,0.06961266951478629,16.062652001403933,,
2025-08-13 16:24:00,,,,,,,,,,,0.25812418541463417,16.056559421252423
2025-08-13 16:24:00,-0.22750624999999758,15.99838244655412,,,,,,,,,,
2025-08-13 16:24:00,,,0.09451375000000013,15.998464532464515,,,,,,,,
2025-08-13 16:24:00,,,,,-0.23246824080430722,16.034942780204446,,,,,,
2025-08-13 16:24:00,,,,,,,0.08898955397575484,16.045663470589282,,,,
2025-08-13 16:24:00,,,,,,,,,-0.20624140623554438,16.0424412547141,,
2025-08-13 16:24:00,,,,,,,,,,,0.11881307504241904,16.053313218140772
2025-08-13 16:24:00,-0.22750624999999758,15.99838244655412,,,,,,,,,,
2025-08-13 16:24:00,,,-0.012706249999999386,15.998736265277898,,,,,,,,
2025-08-13 16:24:00,,,,,-0.23375821814069772,16.049102672068475,,,,,,
2025-08-13 16:24:00,,,,,,,-0.01841468063351795,16.046615063731245,,,,
2025-08-13 16:24:00,,,,,,,,,-0.1984117501128147,16.05835319552496,,
2025-08-13 16:24:00,,,,,,,,,,,0.012894120057423542,16.054706932271145
2025-08-13 16:24:00,-0.22750624999999758,15.99838244655412,,,,,,,,,,
2025-08-13 16:24:00,,,-0.1199262499999989,15.999007998091283,,,,,,,,
2025-08-13 16:24:00,,,,,-0.2341660070653828,16.0563255189699,,,,,,
2025-08-13 16:24:00,,,,,,,-0.1257453983425288,16.046887162692823,,,,
2025-08-13 16:24:00,,,,,,,,,-0.19515632208384825,16.066169605800038,,
2025-08-13 16:24:00,,,,,,,,,,,-0.09341300440497521,16.055358299901826
2025-08-13 16:24:00,-0.22750624999999758,15.99838244655412,,,,,,,,,,
2025-08-13 16:24:00,,,-0.17371624999999824,15.9986952223227,,,,,,,,
2025-08-13 16:24:00,,,,,-0.23272548555204148,16.071547972799895,,,,,,
2025-08-13 16:24:00,,,,,,,-0.1795725777400194,16.053210483982756,,,,
2025-08-13 16:24:00,,,,,,,,,-0.18766778964341835,16.0821602966872,,
2025-08-13 16:24:00,,,,,,,,,,,-0.14357291971216787,16.062355270826043
2025-08-13 16:24:00,-0.22750624999999758,15.99838244655412,,,,,,,,,,
2025-08-13 16:24:00,,,-0.22750624999999758,15.998382446554121,,,,,,,,
2025-08-13 16:24:00,,,,,-0.2272792055171997,16.083592614222614,,,,,,
2025-08-13 16:24:00,,,,,,,-0.2320794314159258,16.059102311653064,,,,
2025-08-13 16:24:00,,,,,,,,,-0.1817279111474414,16.094099610537118,,
2025-08-13 16:24:00,,,,,,,,,,,-0.19384103584461343,16.06864479265268
2025-08-13 16:24:00,-0.22750624999999758,15.99838244655412,,,,,,,,,,
2025-08-13 16:24:00,,,-0.22750624999999758,15.998382446554121,,,,,,,,
2025-08-13 16:24:00,,,,,-0.22336425019980438,16.095129500290255,,,,,,
2025-08-13 16:24:00,,,,,,,-0.23025863329502522,16.071139655670226,,,,
2025-08-13 16:24:00,,,,,,,,,-0.1760971678281654,16.105930106248646,,
2025-08-13 16:24:00,,,,,,,,,,,-0.18781218816313763,16.081342562959595
2025-08-13 16:24:00,-0.9535062499999967,15.971563036572562,,,,,,,,,,
2025-08-13 16:24:00,,,-0.3727062499999974,15.99301856455781,,,,,,,,
2025-08-13 16:24:00,,,,,-0.9602401717764125,16.019325703953474,,,,,,
2025-08-13 16:24:00,,,,,,,-0.3755550240221682,16.065184262047225,,,,
2025-08-13 16:24:00,,,,,,,,,-0.9204936083574191,16.030831937590975,,
2025-08-13 16:24:00,,,,,,,,,,,-0.3322285598120585,16.075838311372795
2025-08-13 16:24:00,-1.0451562500000016,15.96582752046025,,,,,,,,,,
2025-08-13 16:24:00,,,-0.5362362499999982,15.986507579339033,,,,,,,,
2025-08-13 16:24:00,,,,,-1.0515483317913057,16.007915709314993,,,,,,
2025-08-13 16:24:00,,,,,,,-0.5390314889673528,16.055502300116245,,,,
2025-08-13 16:24:00,,,,,,,,,-1.0156243658141517,16.018930913213364,,
2025-08-13 16:24:00,,,,,,,,,,,-0.49632216855811917,16.06639057285546
2025-08-13 16:24:00,-1.1599999999999966,15.957894597972503,,,,,,,,,,
2025-08-13 16:24:00,,,-0.722734999999998,15.97841000962271,,,,,,,,
2025-08-13 16:24:00,,,,,-1.1657597185240078,15.993060975980406,,,,,,
2025-08-13 16:24:00,,,,,,,-0.7256383355617461,16.039804900752348,,,,
2025-08-13 16:24:00,,,,,,,,,-1.1341572354994682,16.00322921208545,,
2025-08-13 16:24:00,,,,,,,,,,,-0.6856200577293292,16.05060435593511
2025-08-13 16:24:00,-1.1599999999999966,15.957894597972503,,,,,,,,,,
2025-08-13 16:24:00,,,-0.9092337499999978,15.970312439906388,,,,,,,,
2025-08-13 16:24:00,,,,,-1.1668221993098116,16.003824688885967,,,,,,
2025-08-13 16:24:00,,,,,,,-0.9135469343202682,16.023851315685018,,,,
2025-08-13 16:24:00,,,,,,,,,-1.1264894253276259,16.01618828337046,,
2025-08-13 16:24:00,,,,,,,,,,,-0.874572360565366,16.03502209050178
2025-08-13 16:24:00,-1.1599999999999966,15.957894597972503,,,,,,,,,,
2025-08-13 16:24:00,,,-1.0957324999999976,15.962214870190063,,,,,,,,
2025-08-13 16:24:00,,,,,-1.166223306559438,16.01541314161062,,,,,,
2025-08-13 16:24:00,,,,,,,-1.102118745592195,16.007908043949094,,,,
2025-08-13 16:24:00,,,,,,,,,-1.1192966418315162,16.028907137840143,,
2025-08-13 16:24:00,,,,,,,,,,,-1.0632122553660364,16.019617496820082
2025-08-13 16:24:00,-1.1599999999999966,15.957894597972503,,,,,,,,,,
2025-08-13 16:24:00,,,-1.1370312499999975,15.959481182470052,,,,,,,,
2025-08-13 16:24:00,,,,,-1.1596462478653278,16.028295633001832,,,,,,
2025-08-13 16:24:00,,,,,,,-1.1419999608099782,16.009702029758763,,,,
2025-08-13 16:24:00,,,,,,,,,-1.1125710171161884,16.04153740256308,,
2025-08-13 16:24:00,,,,,,,,,,,-1.10162773711779,16.0217585898145
2025-08-13 16:24:00,-1.2751562499999984,15.949105822524533,,,,,,,,,,
2025-08-13 16:24:00,,,-1.1830312499999969,15.95613684288291,,,,,,,,
2025-08-13 16:24:00,,,,,-1.2785166575439293,16.011582999368688,,,,,,
2025-08-13 16:24:00,,,,,,,-1.187393625960503,16.010435487769502,,,,
2025-08-13 16:24:00,,,,,,,,,-1.2312771140662297,16.02526546533166,,
2025-08-13 16:24:00,,,,,,,,,,,-1.1447582867682056,16.02302550023816
2025-08-13 16:24:00,-1.390625,15.939453005337887,,,,,,,,,,
2025-08-13 16:24:00,,,-1.2291562499999977,15.952448524355983,,,,,,,,
2025-08-13 16:24:00,,,,,-1.3970658322086182,15.993938887166646,,,,,,
2025-08-13 16:24:00,,,,,,,-1.233654848697425,16.010611070006753,,,,
2025-08-13 16:24:00,,,,,,,,,-1.350343537375375,16.00819656115563,,
2025-08-13 16:24:00,,,,,,,,,,,-1.187995547143387,16.024018970052193
2025-08-13 16:24:00,-1.5064062500000013,15.928927779670575,,,,,,,,,,
2025-08-13 16:24:00,,,-1.2984374999999986,15.946655160695602,,,,,,,,
2025-08-13 16:24:00,,,,,-1.5134471777777754,15.976045200867693,,,,,,
2025-08-13 16:24:00,,,,,,,-1.3029798443910177,16.005055172403097,,,,
2025-08-13 16:24:00,,,,,,,,,-1.469901881605769,15.989861060280836,,
2025-08-13 16:24:00,,,,,,,,,,,-1.2566780383990157,16.01875352543427
2025-08-13 16:24:00,-1.715600000000002,15.907756492981655,,,,,,,,,,
2025-08-13 16:24:00,,,-1.4095574999999996,15.93662753969743,,,,,,,,
2025-08-13 16:24:00,,,,,-1.721846351063968,15.942540007666997,,,,,,
2025-08-13 16:24:00,,,,,,,-1.4141044532919238,15.99048054561437,,,,
2025-08-13 16:24:00,,,,,,,,,-1.6862881102226412,15.954888223168098,,
2025-08-13 16:24:00,,,,,,,,,,,-1.3700763320772407,16.00394974249986
2025-08-13 16:24:00,-1.715600000000002,15.907756492981655,,,,,,,,,,
2025-08-13 16:24:00,,,-1.5206775000000008,15.926599918699258,,,,,,,,
2025-08-13 16:24:00,,,,,-1.7111211795794556,15.990412315222539,,,,,,
2025-08-13 16:24:00,,,,,,,-1.5243994396347493,15.982903882058514,,,,
2025-08-13 16:24:00,,,,,,,,,-1.6541828961855938,16.008265322050534,,
2025-08-13 16:24:00,,,,,,,,,,,-1.4783987078911216,15.997295326397353
2025-08-13 16:24:00,-1.9023999999999965,15.886499747899158,,,,,,,,,,
2025-08-13 16:24:00,,,-1.6461262500000005,15.914078703774186,,,,,,,,
2025-08-13 16:24:00,,,,,-1.8983997237986665,15.95858026318646,,,,,,
2025-08-13 16:24:00,,,,,,,-1.648376052885697,15.972303334822067,,,,
2025-08-13 16:24:00,,,,,,,,,-1.8465037521237888,15.975456141704422,,
2025-08-13 16:24:00,,,,,,,,,,,-1.6014440355026334,15.987333461671904
2025-08-13 16:24:00,-2.0900000000000034,15.862909569180554,,,,,,,,,,
2025-08-13 16:24:00,,,-1.786001250000001,15.898770016542718,,,,,,,,
2025-08-13 16:24:00,,,,,-2.089356699295023,15.923537511265756,,,,,,
2025-08-13 16:24:00,,,,,,,-1.7868342263029777,15.95822305964189,,,,
2025-08-13 16:24:00,,,,,,,,,-2.040155101538674,15.940072859786763,,
2025-08-13 16:24:00,,,,,,,,,,,-1.739406348335293,15.97370872139813
2025-08-13 16:24:00,-2.3020062500000016,15.83353299882755,,,,,,,,,,
2025-08-13 16:24:00,,,-1.945121250000001,15.879691060374114,,,,,,,,
2025-08-13 16:24:00,,,,,-2.308680358304483,15.879757803262757,,,,,,
2025-08-13 16:24:00,,,,,,,-1.9458808624083193,15.938965580120902,,,,
2025-08-13 16:24:00,,,,,,,,,-2.2602990172188853,15.896877058273883,,
2025-08-13 16:24:00,,,,,,,,,,,-1.8974857754579166,15.955111920996739
2025-08-13 16:24:00,-2.5150250000000014,15.801096457188502,,,,,,,,,,
2025-08-13 16:24:00,,,-2.105006250000001,15.858359053215484,,,,,,,,
2025-08-13 16:24:00,,,,,-2.521842587550487,15.835069061570188,,,,,,
2025-08-13 16:24:00,,,,,,,-2.1058801097056232,15.91747139090154,,,,
2025-08-13 16:24:00,,,,,,,,,-2.4814186877255087,15.850788527101146,,
2025-08-13 16:24:00,,,,,,,,,,,-2.05651189095849,15.93429198178335
2025-08-13 16:24:00,-2.681406250000002,15.773714227234526,,,,,,,,,,
2025-08-13 16:24:00,,,-2.298167500000001,15.831550600066057,,,,,,,,
2025-08-13 16:24:00,,,,,-2.687100861842731,15.798937132662369,,,,,,
2025-08-13 16:24:00,,,,,,,-2.301076046158278,15.879176354389505,,,,
2025-08-13 16:24:00,,,,,,,,,-2.6551839913487143,15.812164445852677,,
2025-08-13 16:24:00,,,,,,,,,,,-2.2567121099911143,15.895071806543777
2025-08-13 16:24:00,-2.681406250000002,15.773714227234526,,,,,,,,,,
2025-08-13 16:24:00,,,-2.4539687500000023,15.808993495933132,,,,,,,,
2025-08-13 16:24:00,,,,,-2.6745680806775094,15.889225872003939,,,,,,
2025-08-13 16:24:00,,,,,,,-2.4563097175340465,15.865305476153,,,,
2025-08-13 16:24:00,,,,,,,,,-2.578662533909081,15.924368633272346,,
2025-08-13 16:24:00,,,,,,,,,,,-2.4031438663481723,15.884854304857365
2025-08-13 16:24:00,-2.8484000000000016,15.744415436592112,,,,,,,,,,
2025-08-13 16:24:00,,,-2.6056487500000016,15.785294669415444,,,,,,,,
2025-08-13 16:24:00,,,,,-2.841972719591204,15.851398960805469,,,,,,
2025-08-13 16:24:00,,,,,,,-2.6068329215932833,15.850877766060943,,,,
2025-08-13 16:24:00,,,,,,,,,-2.750554870335438,15.886032685285663,,
2025-08-13 16:24:00,,,,,,,,,,,-2.5452238201075255,15.874046269957143
2025-08-13 16:24:00,-2.920156249999998,15.731264649594639,,,,,,,,,,
2025-08-13 16:24:00,,,-2.729278750000001,15.764840999568861,,,,,,,,
2025-08-13 16:24:00,,,,,-2.9139097869398647,15.834616835664303,,,,,,
2025-08-13 16:24:00,,,,,,,-2.7278788073203595,15.841849572541253,,,,
2025-08-13 16:24:00,,,,,,,,,-2.8248387813465463,15.86864765814573,,
2025-08-13 16:24:00,,,,,,,,,,,-2.6581317729330576,15.868400389931512
2025-08-13 16:24:00,-2.9680562500000036,15.72229760870961,,,,,,,,,,
2025-08-13 16:24:00,,,-2.8198850000000015,15.749081229873081,,,,,,,,
2025-08-13 16:24:00,,,,,-2.9619318331745492,15.823236799336888,,,,,,
2025-08-13 16:24:00,,,,,,,-2.8158966564451715,15.839483120094593,,,,
2025-08-13 16:24:00,,,,,,,,,-2.8743077594027637,15.85697969685133,,
2025-08-13 16:24:00,,,,,,,,,,,-2.7367095872685083,15.869638623881547
2025-08-13 16:24:00,-3.0160062500000038,15.713169836158485,,,,,,,,,,
2025-08-13 16:24:00,,,-2.8868050000000016,15.736972351657874,,,,,,,,
2025-08-13 16:24:00,,,,,-3.010005045517034,15.811702369492794,,,,,,
2025-08-13 16:24:00,,,,,,,-2.8804774931800323,15.84203616746068,,,,
2025-08-13 16:24:00,,,,,,,,,-2.923147931445615,15.845392843044793,,
2025-08-13 16:24:00,,,,,,,,,,,-2.790302375287889,15.876284303319972
2025-08-13 16:24:00,-3.039999999999999,15.708545445075428,,,,,,,,,,
2025-08-13 16:24:00,,,-2.9585237500000012,15.723938595226054,,,,,,,,
2025-08-13 16:24:00,,,,,-3.0340608295833817,15.805877032440911,,,,,,
2025-08-13 16:24:00,,,,,,,-2.9523760429612067,15.825366399548074,,,,
2025-08-13 16:24:00,,,,,,,,,-2.9484371291887945,15.839076682316144,,
2025-08-13 16:24:00,,,,,,,,,,,-2.8642572943438322,15.85922591312873
2025-08-13 16:24:00,-3.0880249999999982,15.699175188505126,,,,,,,,,,
2025-08-13 16:24:00,,,-3.0064487500000006,15.714890545608657,,,,,,,,
2025-08-13 16:24:00,,,,,-3.0822107343300362,15.79410966171086,,,,,,
2025-08-13 16:24:00,,,,,,,-3.000423645908973,15.81390853972915,,,,
2025-08-13 16:24:00,,,,,,,,,-2.9973606782805655,15.827474917255664,,
2025-08-13 16:24:00,,,,,,,,,,,-2.913618455932857,15.847514359522734
2025-08-13 16:24:00,-3.112056250000002,15.694429135742272,,,,,,,,,,
2025-08-13 16:24:00,,,-3.0448287500000015,15.707523442838184,,,,,,,,
2025-08-13 16:24:00,,,,,-3.106304847209106,15.788167445844673,,,,,,
2025-08-13 16:24:00,,,,,,,-3.0389026579628213,15.804618661765227,,,,
2025-08-13 16:24:00,,,,,,,,,-3.022636943541518,15.82107698928224,,
2025-08-13 16:24:00,,,,,,,,,,,-2.953178088371851,15.838000225750033
2025-08-13 16:24:00,1.0480437500000015,17.92939497858436,,,,,,,,,,
2025-08-13 16:24:00,,,-2.24160875,16.148942916813134,,,,,,,,
2025-08-13 16:24:00,,,,,1.0379457510424315,17.58411381577862,,,,,,
2025-08-13 16:24:00,,,,,,,-2.238927141119425,16.156794065053568,,,,
2025-08-13 16:24:00,,,,,,,,,0.8958370271274221,17.56221473475027,,
2025-08-13 16:24:00,,,,,,,,,,,-2.1991491310658136,16.179047233329822
2025-08-13 16:24:00,0.8312000000000026,17.94075546235442,,,,,,,,,,
2025-08-13 16:24:00,,,-1.472167499999999,16.59446004205232,,,,,,,,
2025-08-13 16:24:00,,,,,0.8199578927254576,17.580792133086092,,,,,,
2025-08-13 16:24:00,,,,,,,-1.4729345534709268,16.51061201777223,,,,
2025-08-13 16:24:00,,,,,,,,,0.6597468120987762,17.554302940444835,,
2025-08-13 16:24:00,,,,,,,,,,,-1.4825701823569362,16.52082925280983
2025-08-13 16:24:00,0.8986062499999967,17.967543148896592,,,,,,,,,,
2025-08-13 16:24:00,,,-0.6844462499999999,17.046259582816553,,,,,,,,
2025-08-13 16:24:00,,,,,0.887414117890569,17.601760717188313,,,,,,
2025-08-13 16:24:00,,,,,,,-0.6886395639761369,16.86978875472171,,,,
2025-08-13 16:24:00,,,,,,,,,0.7280036675209991,17.576083817469964,,
2025-08-13 16:24:00,,,,,,,,,,,-0.7472820230149773,16.868230679840593
2025-08-13 16:24:00,0.9886562500000018,18.002873626711263,,,,,,,,,,
2025-08-13 16:24:00,,,0.13089000000000012,17.506999270457783,,,,,,,,
2025-08-13 16:24:00,,,,,0.9775450912108452,17.629362872342853,,,,,,
2025-08-13 16:24:00,,,,,,,0.12331160113203943,17.236839396848108,,,,
2025-08-13 16:24:00,,,,,,,,,0.8190895712798919,17.604461906053228,,
2025-08-13 16:24:00,,,,,,,,,,,0.01600802689711427,17.223628077600107
2025-08-13 16:24:00,1.0563249999999975,18.029081437898466,,,,,,,,,,
2025-08-13 16:24:00,,,0.9645662500000001,17.97392973088902,,,,,,,,
2025-08-13 16:24:00,,,,,1.0452853106989464,17.649796851678538,,,,,,
2025-08-13 16:24:00,,,,,,,0.95362963271365,17.60916527801488,,,,
2025-08-13 16:24:00,,,,,,,,,0.8882604367337997,17.62576400430337,,
2025-08-13 16:24:00,,,,,,,,,,,0.7981875029521778,17.584565480604333
2025-08-13 16:24:00,0.7899187499999982,18.042716767948182,,,,,,,,,,
2025-08-13 16:24:00,,,0.9129412499999994,17.996594088761785,,,,,,,,
2025-08-13 16:24:00,,,,,0.7773898003450208,17.645408658383325,,,,,,
2025-08-13 16:24:00,,,,,,,0.9015184425741678,17.621424246535828,,,,
2025-08-13 16:24:00,,,,,,,,,0.5955281791423723,17.614956823671797,,
2025-08-13 16:24:00,,,,,,,,,,,0.7381257333551678,17.59511389838864
2025-08-13 16:24:00,0.9255937500000009,18.096344277504254,,,,,,,,,,
2025-08-13 16:24:00,,,0.931819999999999,18.027711851791754,,,,,,,,
2025-08-13 16:24:00,,,,,0.9132200639569907,17.687467589384298,,,,,,
2025-08-13 16:24:00,,,,,,,0.9201708768204744,17.642759337795464,,,,
2025-08-13 16:24:00,,,,,,,,,0.7339277721344362,17.65883481631025,,
2025-08-13 16:24:00,,,,,,,,,,,0.7529619253622999,17.616020273561723
2025-08-13 16:24:00,1.016293749999999,18.13154011698154,,,,,,,,,,
2025-08-13 16:24:00,,,0.9553574999999995,18.06051124540874,,,,,,,,
2025-08-13 16:24:00,,,,,1.004044288402719,17.714992986685196,,,,,,
2025-08-13 16:24:00,,,,,,,0.9434969109229044,17.665405791694845,,,,
2025-08-13 16:24:00,,,,,,,,,0.8259693214579,17.68743787382193,,
2025-08-13 16:24:00,,,,,,,,,,,0.7725550561496799,17.638291084832115
2025-08-13 16:24:00,0.7239437499999966,18.14556434633092,,,,,,,,,,
2025-08-13 16:24:00,,,0.9024149999999984,18.089049389332672,,,,,,,,
2025-08-13 16:24:00,,,,,0.7099602060250252,17.70927561806597,,,,,,
2025-08-13 16:24:00,,,,,,,0.8899799338857404,17.68138834083947,,,,
2025-08-13 16:24:00,,,,,,,,,0.5035424963464854,17.673963464349317,,
2025-08-13 16:24:00,,,,,,,,,,,0.7094456411629986,17.652191396491332
2025-08-13 16:24:00,0.47894375000000267,18.153683176819406,,,,,,,,,,
2025-08-13 16:24:00,,,0.7869387499999995,18.11396973711686,,,,,,,,
2025-08-13 16:24:00,,,,,0.46345374668553596,17.70098165799893,,,,,,
2025-08-13 16:24:00,,,,,,,0.7736136210830583,17.691625302103546,,,,
2025-08-13 16:24:00,,,,,,,,,0.23149122028057198,17.658275797112864,,
2025-08-13 16:24:00,,,,,,,,,,,0.5780917978723532,17.658693755053232
2025-08-13 16:24:00,0.47894375000000267,18.153683176819406,,,,,,,,,,
2025-08-13 16:24:00,,,0.7247437500000004,18.136163018891107,,,,,,,,
2025-08-13 16:24:00,,,,,0.48450028229789277,18.342696669453925,,,,,,
2025-08-13 16:24:00,,,,,,,0.7150357174736327,17.831082904317665,,,,
2025-08-13 16:24:00,,,,,,,,,0.5717611073164008,18.35745009471826,,
2025-08-13 16:24:00,,,,,,,,,,,0.5733383835071588,17.807192409262523
2025-08-13 16:24:00,0.23269374999999926,18.158509124339226,,,,,,,,,,
2025-08-13 16:24:00,,,0.5861637500000001,18.148595988258098,,,,,,,,
2025-08-13 16:24:00,,,,,0.23813532000001358,18.332899574688906,,,,,,
2025-08-13 16:24:00,,,,,,,0.5800187686822372,17.960169301378585,,,,
2025-08-13 16:24:00,,,,,,,,,0.3241754800014536,18.348687307946726,,
2025-08-13 16:24:00,,,,,,,,,,,0.4913879250805624,17.945162907589822
2025-08-13 16:24:00,-0.014806250000003018,18.159993964067304,,,,,,,,,,
2025-08-13 16:24:00,,,0.37994374999999964,18.154286757675255,,,,,,,,
2025-08-13 16:24:00,,,,,-0.009533837408763457,18.319918213730784,,,,,,
2025-08-13 16:24:00,,,,,,,0.3773031435199408,18.081154346787706,,,,
2025-08-13 16:24:00,,,,,,,,,0.07531821376119599,18.336439222537507,,
2025-08-13 16:24:00,,,,,,,,,,,0.3412577035412216,18.074963177332933
2025-08-13 16:24:00,0.1671937499999956,18.23923370786067,,,,,,,,,,
2025-08-13 16:24:00,,,0.2685937499999994,18.173020629981202,,,,,,,,
2025-08-13 16:24:00,,,,,0.17170617394734322,18.38201820047246,,,,,,
2025-08-13 16:24:00,,,,,,,0.26965233710440445,18.215702863269,,,,
2025-08-13 16:24:00,,,,,,,,,0.2444835286762585,18.39555887352094,,
2025-08-13 16:24:00,,,,,,,,,,,0.2894459100071762,18.21928225916726
2025-08-13 16:24:00,0.3270999999999944,18.3070780188975,,,,,,,,,,
2025-08-13 16:24:00,,,0.23822499999999777,18.20369959839682,,,,,,,,
2025-08-13 16:24:00,,,,,0.3309883029926328,18.43504034700635,,,,,,
2025-08-13 16:24:00,,,,,,,0.2431592483658238,18.362514601070483,,,,
2025-08-13 16:24:00,,,,,,,,,0.3935111428004471,18.445982250631886,,
2025-08-13 16:24:00,,,,,,,,,,,0.3218498945111512,18.376823549871062
2025-08-13 16:24:00,-0.4228999999999985,18.305115557952643,,,,,,,,,,
2025-08-13 16:24:00,,,0.05785624999999754,18.233986074623466,,,,,,,,
2025-08-13 16:24:00,,,,,-0.4272016358420424,18.38787908976196,,,,,,
2025-08-13 16:24:00,,,,,,,0.06081886473783675,18.37155108513209,,,,
2025-08-13 16:24:00,,,,,,,,,-0.3687623713480105,18.400430736587712,,
2025-08-13 16:24:00,,,,,,,,,,,0.1337451987782689,18.385419678244954
2025-08-13 16:24:00,-0.17038124999999127,18.419211987206417,,,,,,,,,,
2025-08-13 16:24:00,,,-0.02275875000000056,18.28612664719691,,,,,,,,
2025-08-13 16:24:00,,,,,-0.1768334657770547,18.47703370726835,,,,,,
2025-08-13 16:24:00,,,,,,,-0.022174892417576902,18.400377911647983,,,,
2025-08-13 16:24:00,,,,,,,,,-0.1334627564311995,18.486979497039165,,
2025-08-13 16:24:00,,,,,,,,,,,0.04221755149173832,18.41307811606344
2025-08-13 16:24:00,-0.32173124999999914,18.417190040904,,,,,,,,,,
2025-08-13 16:24:00,,,-0.08414374999999978,18.337565862564244,,,,,,,,
2025-08-13 16:24:00,,,,,-0.3276489871799182,18.46629740268028,,,,,,
2025-08-13 16:24:00,,,,,,,-0.08579792237180786,18.429653749437882,,,,
2025-08-13 16:24:00,,,,,,,,,-0.2887825091424562,18.475630721255705,,
2025-08-13 16:24:00,,,,,,,,,,,-0.03060259308899213,18.440916415807077
2025-08-13 16:24:00,-0.32173124999999914,18.417190040904,,,,,,,,,,
2025-08-13 16:24:00,,,-0.18192874999999872,18.373157129172913,,,,,,,,
2025-08-13 16:24:00,,,,,-0.32134727291841025,18.510860089359316,,,,,,
2025-08-13 16:24:00,,,,,,,-0.18440861174495854,18.45542212721525,,,,
2025-08-13 16:24:00,,,,,,,,,-0.2627488685404779,18.522991571731797,,
2025-08-13 16:24:00,,,,,,,,,,,-0.1320490725323394,18.46640295544925
2025-08-13 16:24:00,-0.18335625000000277,18.479090358715872,,,,,,,,,,
2025-08-13 16:24:00,,,-0.28401999999999816,18.40755959713659,,,,,,,,
2025-08-13 16:24:00,,,,,-0.19031571097525463,18.558024197303542,,,,,,
2025-08-13 16:24:00,,,,,,,-0.28866941453853606,18.48001889727469,,,,
2025-08-13 16:24:00,,,,,,,,,-0.13345409162305033,18.57003206992429,,
2025-08-13 16:24:00,,,,,,,,,,,-0.2374421194170389,18.491212919307735
2025-08-13 16:24:00,-0.18335625000000277,18.479090358715872,,,,,,,,,,
2025-08-13 16:24:00,,,-0.23611124999999902,18.442354557289228,,,,,,,,
2025-08-13 16:24:00,,,,,-0.17972041069364042,18.588583208176594,,,,,,
2025-08-13 16:24:00,,,,,,,-0.23917316950885564,18.520159720957615,,,,
2025-08-13 16:24:00,,,,,,,,,-0.11703668667768057,18.601223118867107,,
2025-08-13 16:24:00,,,,,,,,,,,-0.1870969824829729,18.531371395763614
2025-08-13 16:24:00,-0.06770000000000209,18.529876327434028,,,,,,,,,,
2025-08-13 16:24:00,,,-0.21557500000000118,18.464487425334752,,,,,,,,
2025-08-13 16:24:00,,,,,-0.06829823192868417,18.627904165524416,,,,,,
2025-08-13 16:24:00,,,,,,,-0.2174661227391815,18.550333812608827,,,,
2025-08-13 16:24:00,,,,,,,,,-0.00987012943355407,18.63923043789209,,
2025-08-13 16:24:00,,,,,,,,,,,-0.16237845708344378,18.561821583934197
2025-08-13 16:24:00,-0.06770000000000209,18.529876327434028,,,,,,,,,,
2025-08-13 16:24:00,,,-0.16476875000000177,18.487024682640758,,,,,,,,
2025-08-13 16:24:00,,,,,-0.06373075418512719,18.65323668738615,,,,,,
2025-08-13 16:24:00,,,,,,,-0.1646824761402233,18.587721669550003,,,,
2025-08-13 16:24:00,,,,,,,,,0.004948465607441284,18.666493941154958,,
2025-08-13 16:24:00,,,,,,,,,,,-0.1036322621334643,18.59999422791405
2025-08-13 16:24:00,-0.39716874999999874,18.525743088578754,,,,,,,,,,
2025-08-13 16:24:00,,,-0.1798562500000017,18.508735292175707,,,,,,,,
2025-08-13 16:24:00,,,,,-0.3935746756238312,18.630435612345753,,,,,,
2025-08-13 16:24:00,,,,,,,-0.17912795668130752,18.611636774147293,,,,
2025-08-13 16:24:00,,,,,,,,,-0.33017649495314527,18.64380451344349,,
2025-08-13 16:24:00,,,,,,,,,,,-0.11711778741599779,18.624156816256384
2025-08-13 16:24:00,-0.39716874999999874,18.525743088578754,,,,,,,,,,
2025-08-13 16:24:00,,,-0.2226187500000009,18.518065838148285,,,,,,,,
2025-08-13 16:24:00,,,,,-0.3931054006892948,18.64453417687087,,,,,,
2025-08-13 16:24:00,,,,,,,-0.21968589462411553,18.628938770060756,,,,
2025-08-13 16:24:00,,,,,,,,,-0.32179331470279016,18.659490252018514,,
2025-08-13 16:24:00,,,,,,,,,,,-0.15478563203194576,18.642048452675233
2025-08-13 16:24:00,-0.14162499999999767,18.639461965394148,,,,,,,,,,
2025-08-13 16:24:00,,,-0.21427249999999987,18.55014015948394,,,,,,,,
2025-08-13 16:24:00,,,,,-0.14378862811298931,18.73346510040182,,,,,,
2025-08-13 16:24:00,,,,,,,-0.21249953810798533,18.6579151485058,,,,
2025-08-13 16:24:00,,,,,,,,,-0.08394670948782065,18.74527679717028,,
2025-08-13 16:24:00,,,,,,,,,,,-0.14816763659397378,18.670859188335868
2025-08-13 16:24:00,-0.26890625000000057,18.638060237822792,,,,,,,,,,
2025-08-13 16:24:00,,,-0.25451374999999954,18.571776941561694,,,,,,,,
2025-08-13 16:24:00,,,,,-0.2737250692121329,18.724226349573232,,,,,,
2025-08-13 16:24:00,,,,,,,-0.2535849055646751,18.677179585315564,,,,
2025-08-13 16:24:00,,,,,,,,,-0.21428908710252872,18.736379128348844,,
2025-08-13 16:24:00,,,,,,,,,,,-0.1890514281277687,18.69028892642722
2025-08-13 16:24:00,-0.0352812500000077,18.739966788481734,,,,,,,,,,
2025-08-13 16:24:00,,,-0.2480300000000007,18.613795033771236,,,,,,,,
2025-08-13 16:24:00,,,,,-0.04195671467513706,18.803673821851625,,,,,,
2025-08-13 16:24:00,,,,,,,-0.24923009766267706,18.70726701220866,,,,
2025-08-13 16:24:00,,,,,,,,,-0.03542304443717775,18.806657290713233,,
2025-08-13 16:24:00,,,,,,,,,,,-0.19712573013669252,18.718321596338875
2025-08-13 16:24:00,-0.0352812500000077,18.739966788481734,,,,,,,,,,
2025-08-13 16:24:00,,,-0.1756525000000025,18.65663977375183,,,,,,,,
2025-08-13 16:24:00,,,,,-0.04237163513302472,18.82160157625115,,,,,,
2025-08-13 16:24:00,,,,,,,-0.17898948956451574,18.74550020498974,,,,
2025-08-13 16:24:00,,,,,,,,,0.014201841976773915,18.833027829119427,,
2025-08-13 16:24:00,,,,,,,,,,,-0.12825006275070866,18.75616625947406
2025-08-13 16:24:00,-0.13733125000000612,18.739496794945516,,,,,,,,,,
2025-08-13 16:24:00,,,-0.12368500000000396,18.699390515025186,,,,,,,,
2025-08-13 16:24:00,,,,,-0.144581909419574,18.81507482585252,,,,,,
2025-08-13 16:24:00,,,,,,,-0.1292847913105716,18.77960833478607,,,,
2025-08-13 16:24:00,,,,,,,,,-0.09005831495072161,18.82642054682136,,
2025-08-13 16:24:00,,,,,,,,,,,-0.08190306280029495,18.78955231843463
2025-08-13 16:24:00,-0.13733125000000612,18.739496794945516,,,,,,,,,,
2025-08-13 16:24:00,,,-0.12282625000000565,18.71939748093546,,,,,,,,
2025-08-13 16:24:00,,,,,-0.1441517648550582,18.82247468845971,,,,,,
2025-08-13 16:24:00,,,,,,,-0.12935741865898537,18.797410252397647,,,,
2025-08-13 16:24:00,,,,,,,,,-0.08604283557570225,18.834350174439706,,
2025-08-13 16:24:00,,,,,,,,,,,-0.0823222880178713,18.807366993888515
2025-08-13 16:24:00,-0.39333125000000635,18.73587175788128,,,,,,,,,,
2025-08-13 16:24:00,,,-0.1477112500000068,18.738959784947156,,,,,,,,
2025-08-13 16:24:00,,,,,-0.4005855239594915,18.8038276865733,,,,,,
2025-08-13 16:24:00,,,,,,,-0.1547295096084571,18.81333051979766,,,,
2025-08-13 16:24:00,,,,,,,,,-0.3475406465659532,18.815916352838382,,
2025-08-13 16:24:00,,,,,,,,,,,-0.10897259991055619,18.823274438786424
2025-08-13 16:24:00,-0.13489999999999824,18.849517287983797,,,,,,,,,,
2025-08-13 16:24:00,,,-0.16763500000000492,18.76086988484757,,,,,,,,
2025-08-13 16:24:00,,,,,-0.1401715986801726,18.89404265154221,,,,,,
2025-08-13 16:24:00,,,,,,,-0.17437248640946418,18.83140428573578,,,,
2025-08-13 16:24:00,,,,,,,,,-0.10607269037272657,18.90222432071893,,
2025-08-13 16:24:00,,,,,,,,,,,-0.12310252909766595,18.84238784478756
2025-08-13 16:24:00,-0.13489999999999824,18.849517287983797,,,,,,,,,,
2025-08-13 16:24:00,,,-0.18755875000000302,18.782779984747982,,,,,,,,
2025-08-13 16:24:00,,,,,-0.14104153926310234,18.904549421811577,,,,,,
2025-08-13 16:24:00,,,,,,,-0.19410646723547972,18.847993854847864,,,,
2025-08-13 16:24:00,,,,,,,,,-0.09886185299754027,18.91391783398346,,
2025-08-13 16:24:00,,,,,,,,,,,-0.14571526809252877,18.858565845760367
2025-08-13 16:24:00,-0.21194374999999255,18.848808446340474,,,,,,,,,,
2025-08-13 16:24:00,,,-0.2024812500000003,18.804642315026975,,,,,,,,
2025-08-13 16:24:00,,,,,-0.21781907644659224,18.89946348550299,,,,,,
2025-08-13 16:24:00,,,,,,,-0.20875390064088334,18.86487158677796,,,,
2025-08-13 16:24:00,,,,,,,,,-0.17843702051806654,18.908690529893647,,
2025-08-13 16:24:00,,,,,,,,,,,-0.16339100920599775,18.875019842374826
2025-08-13 16:24:00,-0.09397500000000036,18.89976636626429,,,,,,,,,,
2025-08-13 16:24:00,,,-0.19380999999999915,18.836696229290727,,,,,,,,
2025-08-13 16:24:00,,,,,-0.09876874981754295,18.939958249494047,,,,,,
2025-08-13 16:24:00,,,,,,,-0.19967729763338032,18.888368298984823,,,,
2025-08-13 16:24:00,,,,,,,,,-0.06823361663240032,18.947359816696643,,
2025-08-13 16:24:00,,,,,,,,,,,-0.15982916541733738,18.897621770826213
2025-08-13 16:24:00,-0.09397500000000036,18.89976636626429,,,,,,,,,,
2025-08-13 16:24:00,,,-0.13393874999999794,18.86947515096733,,,,,,,,
2025-08-13 16:24:00,,,,,-0.10000384781889005,18.953854393854666,,,,,,
2025-08-13 16:24:00,,,,,,,-0.13956096240526003,18.918373640441096,,,,
2025-08-13 16:24:00,,,,,,,,,-0.05926031335892146,18.963058899776588,,
2025-08-13 16:24:00,,,,,,,,,,,-0.10217309877593103,18.927050280213855
2025-08-13 16:24:00,-0.1711312500000055,18.89922522473536,,,,,,,,,,
2025-08-13 16:24:00,,,-0.1411849999999994,18.87941673831764,,,,,,,,
2025-08-13 16:24:00,,,,,-0.17688875186992126,18.948927200402952,,,,,,
2025-08-13 16:24:00,,,,,,,-0.14690439304320976,18.929350550213247,,,,
2025-08-13 16:24:00,,,,,,,,,-0.13891052721532215,18.95774894460955,,
2025-08-13 16:24:00,,,,,,,,,,,-0.10874066614445015,18.93815520499198
2025-08-13 16:24:00,0.041999999999994486,18.98995355444557,,,,,,,,,,
2025-08-13 16:24:00,,,-0.10580500000000086,18.907503991609996,,,,,,,,
2025-08-13 16:24:00,,,,,0.03825977392531,19.021042880830414,,,,,,
2025-08-13 16:24:00,,,,,,,-0.1110441304055273,18.952649242017014,,,,
2025-08-13 16:24:00,,,,,,,,,0.04295114593505296,19.02371102498227,,
2025-08-13 16:24:00,,,,,,,,,,,-0.08037806635793152,18.96011384319174
2025-08-13 16:24:00,0.041999999999994486,18.98995355444557,,,,,,,,,,
2025-08-13 16:24:00,,,-0.05501625000000345,18.935733013231015,,,,,,,,
2025-08-13 16:24:00,,,,,0.03724019026968563,19.031341675257853,,,,,,
2025-08-13 16:24:00,,,,,,,-0.06003227706227173,18.979024879967987,,,,
2025-08-13 16:24:00,,,,,,,,,0.06743811593054844,19.038430115206925,,
2025-08-13 16:24:00,,,,,,,,,,,-0.031203039068208517,18.986061760254394
2025-08-13 16:24:00,-0.0610500000000016,18.9899018664526,,,,,,,,,,
2025-08-13 16:24:00,,,-0.0484312500000037,18.95376011326868,,,,,,,,
2025-08-13 16:24:00,,,,,-0.06533107404388293,19.025526529097753,,,,,,
2025-08-13 16:24:00,,,,,,,-0.053344741907539725,18.99613853588873,,,,
2025-08-13 16:24:00,,,,,,,,,-0.03775712752138828,19.032296164070043,,
2025-08-13 16:24:00,,,,,,,,,,,-0.0251077412460061,19.003049029729077
2025-08-13 16:24:00,0.15309375000000003,19.079385794718625,,,,,,,,,,
2025-08-13 16:24:00,,,0.000982499999996378,18.989683998959542,,,,,,,,
2025-08-13 16:24:00,,,,,0.1509162100872623,19.09658392575223,,,,,,
2025-08-13 16:24:00,,,,,,,-0.0031607303263092522,19.024684442268242,,,,
2025-08-13 16:24:00,,,,,,,,,0.1643206836439669,19.10058084642969,,
2025-08-13 16:24:00,,,,,,,,,,,0.019608458154571573,19.030553419059697
2025-08-13 16:24:00,0.15309375000000003,19.079385794718625,,,,,,,,,,
2025-08-13 16:24:00,,,0.06582749999999749,19.0257161129562,,,,,,,,
2025-08-13 16:24:00,,,,,0.14948572964651247,19.110328345109327,,,,,,
2025-08-13 16:24:00,,,,,,,0.0621141659769775,19.056964671209517,,,,
2025-08-13 16:24:00,,,,,,,,,0.17304363092277192,19.116040897616013,,
2025-08-13 16:24:00,,,,,,,,,,,0.08199928978219038,19.06221180966099
2025-08-13 16:24:00,0.07567499999999683,19.07984992850769,,,,,,,,,,
2025-08-13 16:24:00,,,0.07256249999999795,19.043695387768622,,,,,,,,
2025-08-13 16:24:00,,,,,0.07243980774595693,19.106357954490704,,,,,,
2025-08-13 16:24:00,,,,,,,0.06895017274110689,19.074027685941573,,,,
2025-08-13 16:24:00,,,,,,,,,0.09281764623457177,19.111708813372353,,
2025-08-13 16:24:00,,,,,,,,,,,0.09197258984209415,19.079811367339005
2025-08-13 16:24:00,0.14728124999999892,19.10943244142532,,,,,,,,,,
2025-08-13 16:24:00,,,0.09361874999999883,19.067591165164572,,,,,,,,
2025-08-13 16:24:00,,,,,0.14475197681512855,19.129876996156874,,,,,,
2025-08-13 16:24:00,,,,,,,0.09045253005019546,19.093734750121378,,,,
2025-08-13 16:24:00,,,,,,,,,0.16063023030795065,19.134293405247462,,
2025-08-13 16:24:00,,,,,,,,,,,0.1106110127175746,19.098984025347114
2025-08-13 16:24:00,0.14728124999999892,19.10943244142532,,,,,,,,,,
2025-08-13 16:24:00,,,0.13528499999999893,19.091497280159114,,,,,,,,
2025-08-13 16:24:00,,,,,0.14402252269857158,19.13665442199364,,,,,,
2025-08-13 16:24:00,,,,,,,0.1323232493986864,19.115960328700556,,,,
2025-08-13 16:24:00,,,,,,,,,0.15009921486787395,19.138881341283714,,
2025-08-13 16:24:00,,,,,,,,,,,0.14818228119542703,19.12030106078985
2025-08-13 16:24:00,0.24293124999999804,19.14845906092115,,,,,,,,,,
2025-08-13 16:24:00,,,0.15325249999999854,19.105311933399623,,,,,,,,
2025-08-13 16:24:00,,,,,0.2405990746071495,19.16766093644667,,,,,,
2025-08-13 16:24:00,,,,,,,0.15025982230266383,19.13017573083944,,,,
2025-08-13 16:24:00,,,,,,,,,0.25476931101560396,19.17184825385064,,
2025-08-13 16:24:00,,,,,,,,,,,0.16627200666975445,19.13455454227404
2025-08-13 16:24:00,0.24293124999999804,19.14845906092115,,,,,,,,,,
2025-08-13 16:24:00,,,0.17121999999999815,19.119126586640128,,,,,,,,
2025-08-13 16:24:00,,,,,0.2395525021830612,19.177935268008447,,,,,,
2025-08-13 16:24:00,,,,,,,0.16827317680997356,19.14369711541927,,,,
2025-08-13 16:24:00,,,,,,,,,0.2610724244216843,19.183324234327177,,
2025-08-13 16:24:00,,,,,,,,,,,0.18387776536953693,19.148011209616268
2025-08-13 16:24:00,0.3387812500000038,19.18700933612762,,,,,,,,,,
2025-08-13 16:24:00,,,0.22384124999999955,19.140558468164112,,,,,,,,
2025-08-13 16:24:00,,,,,0.3362789200340892,19.208346999974836,,,,,,
2025-08-13 16:24:00,,,,,,,0.22104099926760004,19.164094924516096,,,,
2025-08-13 16:24:00,,,,,,,,,0.3514777596269686,19.21262479529655,,
2025-08-13 16:24:00,,,,,,,,,,,0.23560978804801627,19.16819440600111
2025-08-13 16:24:00,0.3387812500000038,19.18700933612762,,,,,,,,,,
2025-08-13 16:24:00,,,0.26214125000000055,19.156073847104572,,,,,,,,
2025-08-13 16:24:00,,,,,0.335278393211933,19.218678004240253,,,,,,
2025-08-13 16:24:00,,,,,,,0.2591462825469609,19.181855126132767,,,,
2025-08-13 16:24:00,,,,,,,,,0.35700939924885,19.224004323270343,,
2025-08-13 16:24:00,,,,,,,,,,,0.27488562183619614,19.186136589605685
2025-08-13 16:24:00,0.3867812500000021,19.206105806869036,,,,,,,,,,
2025-08-13 16:24:00,,,0.31004125000000116,19.175408520193315,,,,,,,,
2025-08-13 16:24:00,,,,,0.3837099664974861,19.233777843625358,,,,,,
2025-08-13 16:24:00,,,,,,,0.3070837713067438,19.201279810459116,,,,
2025-08-13 16:24:00,,,,,,,,,0.4028001471709591,19.238682944500283,,
2025-08-13 16:24:00,,,,,,,,,,,0.3254258082968132,19.206096910249
2025-08-13 16:24:00,0.3867812500000021,19.206105806869036,,,,,,,,,,
2025-08-13 16:24:00,,,0.33881125000000195,19.18693786938289,,,,,,,,
2025-08-13 16:24:00,,,,,0.3816277743704131,19.257902924389967,,,,,,
2025-08-13 16:24:00,,,,,,,0.33528951125939654,19.219328208047774,,,,
2025-08-13 16:24:00,,,,,,,,,0.4164343213527135,19.265124856651976,,
2025-08-13 16:24:00,,,,,,,,,,,0.3577588103642351,19.224752230809266
2025-08-13 16:24:00,0.4588749999999955,19.234527125312308,,,,,,,,,,
2025-08-13 16:24:00,,,0.38200000000000145,19.204151482261125,,,,,,,,
2025-08-13 16:24:00,,,,,0.4542931496406413,19.280221980761535,,,,,,
2025-08-13 16:24:00,,,,,,,0.37823764075091254,19.23978555059839,,,,
2025-08-13 16:24:00,,,,,,,,,0.48408961695068975,19.28653961735351,,
2025-08-13 16:24:00,,,,,,,,,,,0.40236224887003613,19.245395307414533
2025-08-13 16:24:00,0.018043750000000358,19.239991539059623,,,,,,,,,,
2025-08-13 16:24:00,,,0.31785250000000076,19.21474792284753,,,,,,,,
2025-08-13 16:24:00,,,,,0.015425101362657064,19.26056340065736,,,,,,
2025-08-13 16:24:00,,,,,,,0.31406687701662606,19.250228830734894,,,,
2025-08-13 16:24:00,,,,,,,,,0.0322206684374071,19.265220523288022,,
2025-08-13 16:24:00,,,,,,,,,,,0.3385108306321239,19.255914453012828
2025-08-13 16:24:00,0.0902500000000046,19.269788658350667,,,,,,,,,,
2025-08-13 16:24:00,,,0.2681462500000009,19.231303787292134,,,,,,,,
2025-08-13 16:24:00,,,,,0.08836200139418253,19.28422643344853,,,,,,
2025-08-13 16:24:00,,,,,,,0.264683598653076,19.26333851657655,,,,
2025-08-13 16:24:00,,,,,,,,,0.1002651178937457,19.288042462004444,,
2025-08-13 16:24:00,,,,,,,,,,,0.287161974361103,19.268722080759648
2025-08-13 16:24:00,-0.0923187499999969,19.2697788583159,,,,,,,,,,
2025-08-13 16:24:00,,,0.17232625000000112,19.24403839758151,,,,,,,,
2025-08-13 16:24:00,,,,,-0.09297373337824438,19.27405765582628,,,,,,
2025-08-13 16:24:00,,,,,,,0.16934685867792992,19.271394479016738,,,,
2025-08-13 16:24:00,,,,,,,,,-0.08817540837985641,19.276760517014484,,
2025-08-13 16:24:00,,,,,,,,,,,0.18896686325093998,19.276337595262486
2025-08-13 16:24:00,0.05243124999999793,19.32992889185119,,,,,,,,,,
2025-08-13 16:24:00,,,0.10545625000000029,19.268803014577934,,,,,,,,
2025-08-13 16:24:00,,,,,0.05309041666417811,19.32542870733949,,,,,,
2025-08-13 16:24:00,,,,,,,0.10363938713668293,19.28489963560664,,,,
2025-08-13 16:24:00,,,,,,,,,0.054380161068437335,19.323779157088687,,
2025-08-13 16:24:00,,,,,,,,,,,0.11655603119408471,19.288068455349826
2025-08-13 16:24:00,0.05243124999999793,19.32992889185119,,,,,,,,,,
2025-08-13 16:24:00,,,0.024167500000000786,19.287883367885712,,,,,,,,
2025-08-13 16:24:00,,,,,0.05206657789254755,19.332324113533787,,,,,,
2025-08-13 16:24:00,,,,,,,0.023194072787064177,19.29532006216109,,,,
2025-08-13 16:24:00,,,,,,,,,0.054808543585834715,19.334484046107228,,
2025-08-13 16:24:00,,,,,,,,,,,0.030699816521113688,19.297657341100575
2025-08-13 16:24:00,0.19763125000000414,19.388992802335647,,,,,,,,,,
2025-08-13 16:24:00,,,0.06008500000000154,19.31768362054092,,,,,,,,
2025-08-13 16:24:00,,,,,0.19850197625212126,19.382656624850554,,,,,,
2025-08-13 16:24:00,,,,,,,0.059809447764957016,19.31973870699973,,,,
2025-08-13 16:24:00,,,,,,,,,0.19264240151908657,19.37985951048814,,
2025-08-13 16:24:00,,,,,,,,,,,0.06278416313744958,19.320585138540594
2025-08-13 16:24:00,0.19763125000000414,19.388992802335647,,,,,,,,,,
2025-08-13 16:24:00,,,0.08156125000000145,19.341524449337914,,,,,,,,
2025-08-13 16:24:00,,,,,0.1975451550736579,19.389554116807975,,,,,,
2025-08-13 16:24:00,,,,,,,0.08164607850085209,19.340804243671617,,,,
2025-08-13 16:24:00,,,,,,,,,0.19949496396612793,19.391406080842035,,
2025-08-13 16:24:00,,,,,,,,,,,0.08263013235192603,19.341257862308115
2025-08-13 16:24:00,0.19763125000000414,19.388992802335647,,,,,,,,,,
2025-08-13 16:24:00,,,0.13955125000000165,19.365367238141864,,,,,,,,
2025-08-13 16:24:00,,,,,0.1958378072631338,19.403152598620075,,,,,,
2025-08-13 16:24:00,,,,,,,0.13940838662912775,19.366623232230374,,,,
2025-08-13 16:24:00,,,,,,,,,0.2074191494277163,19.406897428924943,,
2025-08-13 16:24:00,,,,,,,,,,,0.1417490439134406,19.36728524469021
2025-08-13 16:24:00,0.3432812500000004,19.446970406297183,,,,,,,,,,
2025-08-13 16:24:00,,,0.19772125000000215,19.388775541031062,,,,,,,,
2025-08-13 16:24:00,,,,,0.3429799485560327,19.44910549323943,,,,,,
2025-08-13 16:24:00,,,,,,,0.19738629300749863,19.391358589410366,,,,
2025-08-13 16:24:00,,,,,,,,,0.3449931342320055,19.451062887795004,,
2025-08-13 16:24:00,,,,,,,,,,,0.1998716385461542,19.39274199083147
2025-08-13 16:24:00,0.3432812500000004,19.446970406297183,,,,,,,,,,
2025-08-13 16:24:00,,,0.2558912500000027,19.41218384392026,,,,,,,,
2025-08-13 16:24:00,,,,,0.34033883611134474,19.472933564958847,,,,,,
2025-08-13 16:24:00,,,,,,,0.25504074465125803,19.419480479695373,,,,
2025-08-13 16:24:00,,,,,,,,,0.3593727543814461,19.477782929755428,,
2025-08-13 16:24:00,,,,,,,,,,,0.2607844807052765,19.42140176756111
2025-08-13 16:24:00,0.02888124999999775,19.449978557144952,,,,,,,,,,
2025-08-13 16:24:00,,,0.22214125000000137,19.424380994882124,,,,,,,,
2025-08-13 16:24:00,,,,,0.027709461720927572,19.458374464288294,,,,,,
2025-08-13 16:24:00,,,,,,,0.2208822417450193,19.434624047582925,,,,
2025-08-13 16:24:00,,,,,,,,,0.029561481528279858,19.46069242777961,,
2025-08-13 16:24:00,,,,,,,,,,,0.22816829670711516,19.437568351019404
2025-08-13 16:24:00,0.22378125000000182,19.52871787783695,,,,,,,,,,
2025-08-13 16:24:00,,,0.2273712500000009,19.452326009982386,,,,,,,,
2025-08-13 16:24:00,,,,,0.22439356515616227,19.524315111546915,,,,,,
2025-08-13 16:24:00,,,,,,,0.22625192376152023,19.46157624653071,,,,
2025-08-13 16:24:00,,,,,,,,,0.22058111195052213,19.52195909852829,,
2025-08-13 16:24:00,,,,,,,,,,,0.232385526303994,19.463678954556652
2025-08-13 16:24:00,0.11858125000000541,19.52963999891315,,,,,,,,,,
2025-08-13 16:24:00,,,0.21156125000000117,19.480455449297885,,,,,,,,
2025-08-13 16:24:00,,,,,0.11994060504393633,19.51944237985017,,,,,,
2025-08-13 16:24:00,,,,,,,0.2110724833176807,19.48483420277673,,,,
2025-08-13 16:24:00,,,,,,,,,0.11148902097017116,19.516245670665185,,
2025-08-13 16:24:00,,,,,,,,,,,0.21319950061248494,19.485548602904704
2025-08-13 16:24:00,0.19187499999999957,19.559058872664988,,,,,,,,,,
2025-08-13 16:24:00,,,0.181280000000001,19.502873142571445,,,,,,,,
2025-08-13 16:24:00,,,,,0.1938935444722042,19.542809588948067,,,,,,
2025-08-13 16:24:00,,,,,,,0.18125520250091504,19.503575021918458,,,,
2025-08-13 16:24:00,,,,,,,,,0.18093583684402925,19.53895792717421,,
2025-08-13 16:24:00,,,,,,,,,,,0.1803880411348897,19.503127610780545
2025-08-13 16:24:00,0.0072937499999987665,19.559998640112703,,,,,,,,,,
2025-08-13 16:24:00,,,0.11408250000000067,19.52547878933455,,,,,,,,
2025-08-13 16:24:00,,,,,0.01052835399860897,19.533530459724695,,,,,,
2025-08-13 16:24:00,,,,,,,0.11529310607836787,19.515694400871627,,,,
2025-08-13 16:24:00,,,,,,,,,0.00693440460204961,19.531346298354716,,
2025-08-13 16:24:00,,,,,,,,,,,0.10990037117901039,19.5138402845004
2025-08-13 16:24:00,0.12970000000000326,19.609571079194975,,,,,,,,,,
2025-08-13 16:24:00,,,0.13424625000000176,19.557397293744554,,,,,,,,
2025-08-13 16:24:00,,,,,0.13381850454866223,19.57289944084463,,,,,,
2025-08-13 16:24:00,,,,,,,0.1365149146439148,19.538599396182896,,,,
2025-08-13 16:24:00,,,,,,,,,0.1066155339292976,19.566601416234125,,
2025-08-13 16:24:00,,,,,,,,,,,0.12531118165921395,19.535022082191304
2025-08-13 16:24:00,0.05040624999999821,19.60993521687313,,,,,,,,,,
2025-08-13 16:24:00,,,0.09957125000000104,19.57364076155179,,,,,,,,
2025-08-13 16:24:00,,,,,0.05502661228384381,19.568882084385404,,,,,,
2025-08-13 16:24:00,,,,,,,0.10264152406945111,19.547512790750595,,,,
2025-08-13 16:24:00,,,,,,,,,0.023165999624132225,19.56144972984763,,
2025-08-13 16:24:00,,,,,,,,,,,0.08582815919393597,19.542920208455172
2025-08-13 16:24:00,0.17312499999999886,19.659237720073865,,,,,,,,,,
2025-08-13 16:24:00,,,0.11047999999999973,19.599560305783932,,,,,,,,
2025-08-13 16:24:00,,,,,0.17845466584427971,19.607936765725864,,,,,,
2025-08-13 16:24:00,,,,,,,0.11434433622951978,19.56521166792573,,,,
2025-08-13 16:24:00,,,,,,,,,0.1412957903782801,19.60001011567578,,
2025-08-13 16:24:00,,,,,,,,,,,0.09178951307555776,19.559673097457296
2025-08-13 16:24:00,0.014200000000002433,19.659994871820288,,,,,,,,,,
2025-08-13 16:24:00,,,0.0749450000000003,19.61974750561499,,,,,,,,
2025-08-13 16:24:00,,,,,0.020456815781246696,19.599828745665636,,,,,,
2025-08-13 16:24:00,,,,,,,0.07965699049132828,19.576615499269245,,,,
2025-08-13 16:24:00,,,,,,,,,-0.024707606096807732,19.590228148566297,,
2025-08-13 16:24:00,,,,,,,,,,,0.050660824487390364,19.56992714173571
2025-08-13 16:24:00,0.06337500000000063,19.67989795729071,,,,,,,,,,
2025-08-13 16:24:00,,,0.08616125000000067,19.64372736905059,,,,,,,,
2025-08-13 16:24:00,,,,,0.06984236685840844,19.615594227332544,,,,,,
2025-08-13 16:24:00,,,,,,,0.09151979306328818,19.593028252790816,,,,
2025-08-13 16:24:00,,,,,,,,,0.021848584661610066,19.60568872225371,,
2025-08-13 16:24:00,,,,,,,,,,,0.05364366049930245,19.58479562651551
2025-08-13 16:24:00,0.06337500000000063,19.67989795729071,,,,,,,,,,
2025-08-13 16:24:00,,,0.07289625000000015,19.65779274466974,,,,,,,,
2025-08-13 16:24:00,,,,,0.06319796754776087,19.681045984543875,,,,,,
2025-08-13 16:24:00,,,,,,,0.07739568566310791,19.614657561530667,,,,
2025-08-13 16:24:00,,,,,,,,,0.06519115596413677,19.68297031379668,,
2025-08-13 16:24:00,,,,,,,,,,,0.045358784906270294,19.608069406028022
2025-08-13 16:24:00,0.1865312500000016,19.72911822897246,,,,,,,,,,
2025-08-13 16:24:00,,,0.10012125000000083,19.681629347089604,,,,,,,,
2025-08-13 16:24:00,,,,,0.18730519232579973,19.723466354329886,,,,,,
2025-08-13 16:24:00,,,,,,,0.10385140167149909,19.64557441551956,,,,
2025-08-13 16:24:00,,,,,,,,,0.18244847349906507,19.721047351352432,,
2025-08-13 16:24:00,,,,,,,,,,,0.07721527968125685,19.63998893032898
2025-08-13 16:24:00,-0.10599999999999454,19.72971525390065,,,,,,,,,,
2025-08-13 16:24:00,,,0.044296250000002146,19.695724853854962,,,,,,,,
2025-08-13 16:24:00,,,,,-0.10321911855867444,19.708175602811217,,,,,,
2025-08-13 16:24:00,,,,,,,0.04751664479090826,19.66562218293663,,,,
2025-08-13 16:24:00,,,,,,,,,-0.121035311488801,19.703120905628673,,
2025-08-13 16:24:00,,,,,,,,,,,0.024749059307840632,19.66061108831956
2025-08-13 16:24:00,0.017468750000009692,19.779992286216228,,,,,,,,,,
2025-08-13 16:24:00,,,0.0449500000000036,19.719724336734153,,,,,,,,
2025-08-13 16:24:00,,,,,0.02121869012612808,19.74821880278726,,,,,,
2025-08-13 16:24:00,,,,,,,0.047669019659884536,19.695300194360957,,,,
2025-08-13 16:24:00,,,,,,,,,-0.004167111377653115,19.7420184793258,,
2025-08-13 16:24:00,,,,,,,,,,,0.028857158251671556,19.690969154471457
2025-08-13 16:24:00,-0.16947499999999138,19.779273955946287,,,,,,,,,,
2025-08-13 16:24:00,,,-0.0016199999999948033,19.739599536465267,,,,,,,,
2025-08-13 16:24:00,,,,,-0.1645536033227345,19.73725806107319,,,,,,
2025-08-13 16:24:00,,,,,,,0.0007898256236559487,19.719632961109085,,,,
2025-08-13 16:24:00,,,,,,,,,-0.19841776047194082,19.72933531795809,,
2025-08-13 16:24:00,,,,,,,,,,,-0.01519611077503862,19.715698473612335
2025-08-13 16:24:00,-0.04569374999999809,19.82994735447401,,,,,,,,,,
2025-08-13 16:24:00,,,-0.023433749999994546,19.76960941590193,,,,,,,,
2025-08-13 16:24:00,,,,,-0.039983926058042185,19.777707328868495,,,,,,
2025-08-13 16:24:00,,,,,,,-0.019846553097504663,19.738965229974006,,,,
2025-08-13 16:24:00,,,,,,,,,-0.08072979069241668,19.768800064718256,,
2025-08-13 16:24:00,,,,,,,,,,,-0.04438030010634931,19.73286442379665
2025-08-13 16:24:00,-0.3407000000000089,19.827072994015026,,,,,,,,,,
2025-08-13 16:24:00,,,-0.12887999999999664,19.78920036891044,,,,,,,,
2025-08-13 16:24:00,,,,,-0.3335143909972647,19.7585018537371,,,,,,
2025-08-13 16:24:00,,,,,,,-0.12401046976211756,19.745972329855455,,,,
2025-08-13 16:24:00,,,,,,,,,-0.3896144295468748,19.74629574795077,,
2025-08-13 16:24:00,,,,,,,,,,,-0.1587928807155373,19.737914103116317
2025-08-13 16:24:00,-0.2911000000000037,19.847865396308997,,,,,,,,,,
2025-08-13 16:24:00,,,-0.16589999999999847,19.812830397392112,,,,,,,,
2025-08-13 16:24:00,,,,,-0.28373107223089494,19.775113571071387,,,,,,
2025-08-13 16:24:00,,,,,,,-0.16011286049656165,19.759359923507485,,,,
2025-08-13 16:24:00,,,,,,,,,-0.3426034764055391,19.762728213447136,,
2025-08-13 16:24:00,,,,,,,,,,,-0.2031065136988849,19.74983556468001
2025-08-13 16:24:00,-0.4796187499999931,19.844204843093323,,,,,,,,,,
2025-08-13 16:24:00,,,-0.26531749999999904,19.825672908767526,,,,,,,,
2025-08-13 16:24:00,,,,,-0.47301149949421156,19.760463079872768,,,,,,
2025-08-13 16:24:00,,,,,,,-0.2589588984206296,19.76180877892459,,,,
2025-08-13 16:24:00,,,,,,,,,-0.5411094774426366,19.7461948574543,,
2025-08-13 16:24:00,,,,,,,,,,,-0.31049498691188165,19.75067084030571
2025-08-13 16:24:00,-0.30562499999999204,19.91765531781728,,,,,,,,,,
2025-08-13 16:24:00,,,-0.2925474999999992,19.85334918114173,,,,,,,,
2025-08-13 16:24:00,,,,,-0.30590871118713964,19.81775469544762,,,,,,
2025-08-13 16:24:00,,,,,,,-0.2872299199935106,19.777908105799476,,,,
2025-08-13 16:24:00,,,,,,,,,-0.3743751071999758,19.80414202828194,,
2025-08-13 16:24:00,,,,,,,,,,,-0.34568645625748856,19.76563218237048
2025-08-13 16:24:00,-0.35960000000000036,19.91675394837221,,,,,,,,,,
2025-08-13 16:24:00,,,-0.35532874999999964,19.87071049992137,,,,,,,,
2025-08-13 16:24:00,,,,,-0.36269473205634856,19.813337574242194,,,,,,
2025-08-13 16:24:00,,,,,,,-0.3517720811931719,19.785034154874214,,,,
2025-08-13 16:24:00,,,,,,,,,-0.43204184310220306,19.799450435937345,,
2025-08-13 16:24:00,,,,,,,,,,,-0.41594886673944587,19.7717622566143
2025-08-13 16:24:00,-0.3097750000000019,19.937593622335044,,,,,,,,,,
2025-08-13 16:24:00,,,-0.3491437499999982,19.892814625585373,,,,,,,,
2025-08-13 16:24:00,,,,,-0.3129607976763255,19.830039215370874,,,,,,
2025-08-13 16:24:00,,,,,,,-0.34766136252898405,19.799341627200967,,,,
2025-08-13 16:24:00,,,,,,,,,-0.3838342352410068,19.81591320959893,,
2025-08-13 16:24:00,,,,,,,,,,,-0.41479282787827226,19.78568574894393
2025-08-13 16:24:00,-0.36380000000000123,19.936681006626955,,,,,,,,,,
2025-08-13 16:24:00,,,-0.36368374999999775,19.910577747648965,,,,,,,,
2025-08-13 16:24:00,,,,,-0.36710722079076985,19.82613908277891,,,,,,
2025-08-13 16:24:00,,,,,,,-0.36433659224095905,19.809546729542472,,,,
2025-08-13 16:24:00,,,,,,,,,-0.4412789897309632,19.811290981963047,,
2025-08-13 16:24:00,,,,,,,,,,,-0.43452793054335703,19.79539830264711
2025-08-13 16:24:00,-0.2640000000000029,19.97825577972211,,,,,,,,,,
2025-08-13 16:24:00,,,-0.3205599999999997,19.93738793497472,,,,,,,,
2025-08-13 16:24:00,,,,,-0.2674816411623202,19.859458193692618,,,,,,
2025-08-13 16:24:00,,,,,,,-0.32323062057458074,19.829345752306445,,,,
2025-08-13 16:24:00,,,,,,,,,-0.3454846890583674,19.844027902252854,,
2025-08-13 16:24:00,,,,,,,,,,,-0.3954029728665033,19.814964911606825
2025-08-13 16:24:00,-0.2910312499999961,19.977880288246883,,,,,,,,,,
2025-08-13 16:24:00,,,-0.3176412500000005,19.94943292906064,,,,,,,,
2025-08-13 16:24:00,,,,,-0.29457490745510895,19.857582729663637,,,,,,
2025-08-13 16:24:00,,,,,,,-0.32096385982817466,19.837311359149645,,,,
2025-08-13 16:24:00,,,,,,,,,-0.37385468348135603,19.841953837855073,,
2025-08-13 16:24:00,,,,,,,,,,,-0.3952988881227793,19.82252727352145
2025-08-13 16:24:00,-0.1910312499999982,20.019088567203138,,,,,,,,,,
2025-08-13 16:24:00,,,-0.28392750000000005,19.969899852826828,,,,,,,,
2025-08-13 16:24:00,,,,,-0.19473771546260332,19.890575179332377,,,,,,
2025-08-13 16:24:00,,,,,,,-0.28737245650942556,19.85275888016768,,,,
2025-08-13 16:24:00,,,,,,,,,-0.2777065452550159,19.874548166813884,,
2025-08-13 16:24:00,,,,,,,,,,,-0.36443182855334183,19.837546819696755
2025-08-13 16:24:00,-0.1910312499999982,20.019088567203138,,,,,,,,,,
2025-08-13 16:24:00,,,-0.26017874999999935,19.986198841800448,,,,,,,,
2025-08-13 16:24:00,,,,,-0.1927903590458253,20.031783967825216,,,,,,
2025-08-13 16:24:00,,,,,,,-0.2633383687833255,19.89310783065855,,,,
2025-08-13 16:24:00,,,,,,,,,-0.18104908934039832,20.03575048220893,,
2025-08-13 16:24:00,,,,,,,,,,,-0.3238747993732202,19.881514274218755
2025-08-13 16:24:00,-0.09083125000000081,20.05979435796946,,,,,,,,,,
2025-08-13 16:24:00,,,-0.20558499999999924,20.010821512068947,,,,,,,,
2025-08-13 16:24:00,,,,,-0.09150996331355316,20.064389767143236,,,,,,
2025-08-13 16:24:00,,,,,,,-0.2082189172878822,19.940757967531418,,,,
2025-08-13 16:24:00,,,,,,,,,-0.08675466860635737,20.067062248213578,,
2025-08-13 16:24:00,,,,,,,,,,,-0.252969935148299,19.932668527468863
2025-08-13 16:24:00,-0.17200000000000415,20.059262598610147,,,,,,,,,,
2025-08-13 16:24:00,,,-0.1871849999999995,20.027022875846555,,,,,,,,
2025-08-13 16:24:00,,,,,-0.1720536694079057,20.059587501644724,,,,,,
2025-08-13 16:24:00,,,,,,,-0.1891333229369993,19.98078382912184,,,,
2025-08-13 16:24:00,,,,,,,,,-0.17053922394514492,20.06164368623905,,
2025-08-13 16:24:00,,,,,,,,,,,-0.21798084212565452,19.9761916842661
2025-08-13 16:24:00,-0.17200000000000415,20.059262598610147,,,,,,,,,,
2025-08-13 16:24:00,,,-0.1633787500000011,20.043299337919205,,,,,,,,
2025-08-13 16:24:00,,,,,-0.1754436915491863,20.08687786184357,,,,,,
2025-08-13 16:24:00,,,,,,,-0.16530707975581477,20.026642855557828,,,,
2025-08-13 16:24:00,,,,,,,,,-0.15277876036465532,20.09262643074831,,
2025-08-13 16:24:00,,,,,,,,,,,-0.17376565750231437,20.02632620284475
2025-08-13 16:24:00,-0.07159999999999656,20.099872473227286,,,,,,,,,,
2025-08-13 16:24:00,,,-0.13949250000000077,20.059456119124036,,,,,,,,
2025-08-13 16:24:00,,,,,-0.07408237598629884,20.119340499422815,,,,,,
2025-08-13 16:24:00,,,,,,,-0.14117601186055387,20.072395919575914,,,,
2025-08-13 16:24:00,,,,,,,,,-0.057435265697238,20.12403070653967,,
2025-08-13 16:24:00,,,,,,,,,,,-0.1297114015907588,20.076222710789907
2025-08-13 16:24:00,-0.17999999999999616,20.099194013691196,,,,,,,,,,
2025-08-13 16:24:00,,,-0.13728625000000036,20.07547720842165,,,,,,,,
2025-08-13 16:24:00,,,,,-0.18186679812106393,20.11283525492091,,,,,,
2025-08-13 16:24:00,,,,,,,-0.1389912996756016,20.08860617699505,,,,
2025-08-13 16:24:00,,,,,,,,,-0.16929904496669407,20.116858602126623,,
2025-08-13 16:24:00,,,,,,,,,,,-0.12736139271601793,20.092444334773447
2025-08-13 16:24:00,-0.07939999999999614,20.139843485985686,,,,,,,,,,
2025-08-13 16:24:00,,,-0.13499999999999943,20.09148703402489,,,,,,,,
2025-08-13 16:24:00,,,,,-0.08021043596844202,20.145460135426887,,,,,,
2025-08-13 16:24:00,,,,,,,-0.13673139420657937,20.10482025065178,,,,
2025-08-13 16:24:00,,,,,,,,,-0.07649949386596311,20.147987191008554,,
2025-08-13 16:24:00,,,,,,,,,,,-0.12531035776793908,20.108629323332444
2025-08-13 16:24:00,-0.18799999999999173,20.139122523089235,,,,,,,,,,
2025-08-13 16:24:00,,,-0.13819999999999694,20.107459018920714,,,,,,,,
2025-08-13 16:24:00,,,,,-0.18799999999999173,20.139122523089235,,,,,,
2025-08-13 16:24:00,,,,,,,-0.13992066032499656,20.120727254940682,,,,
2025-08-13 16:24:00,,,,,,,,,-0.18735503492652544,20.140786287047156,,
2025-08-13 16:24:00,,,,,,,,,,,-0.1286735199642152,20.124457843494064
2025-08-13 16:24:00,-0.061968749999991246,20.189904900073785,,,,,,,,,,
2025-08-13 16:24:00,,,-0.11619374999999436,20.13358747921344,,,,,,,,
2025-08-13 16:24:00,,,,,-0.06099368790994659,20.18302271154392,,,,,,
2025-08-13 16:24:00,,,,,,,-0.11703065959714865,20.139956224880752,,,,
2025-08-13 16:24:00,,,,,,,,,-0.06799704350753659,20.17997626880461,,
2025-08-13 16:24:00,,,,,,,,,,,-0.11171717659279143,20.141927811105326
2025-08-13 16:24:00,-0.11634375000000219,20.1896647850289,,,,,,,,,,
2025-08-13 16:24:00,,,-0.1251424999999955,20.15154594157376,,,,,,,,
2025-08-13 16:24:00,,,,,-0.11498447411534694,20.179889025135466,,,,,,
2025-08-13 16:24:00,,,,,,,-0.12521107922295824,20.152065930023284,,,,
2025-08-13 16:24:00,,,,,,,,,-0.12425145066227646,20.176514933880853,,
2025-08-13 16:24:00,,,,,,,,,,,-0.12508041358579913,20.152424656573558
2025-08-13 16:24:00,-0.11634375000000219,20.1896647850289,,,,,,,,,,
2025-08-13 16:24:00,,,-0.1124112499999967,20.1696400958413,,,,,,,,
2025-08-13 16:24:00,,,,,-0.12263356330491826,20.2483756284379,,,,,,
2025-08-13 16:24:00,,,,,,,-0.1133644322597291,20.179174004726683,,,,
2025-08-13 16:24:00,,,,,,,,,-0.0772245661055681,20.25792704374129,,
2025-08-13 16:24:00,,,,,,,,,,,-0.10666551781357395,20.180638344896494
2025-08-13 16:24:00,0.009999999999990905,20.239997529644118,,,,,,,,,,
2025-08-13 16:24:00,,,-0.09453124999999929,20.189670904572985,,,,,,,,
2025-08-13 16:24:00,,,,,0.00473418986357553,20.288429831166823,,,,,,
2025-08-13 16:24:00,,,,,,,-0.0963755070933256,20.207767943874668,,,,
2025-08-13 16:24:00,,,,,,,,,0.01161218261717694,20.291882288936414,,
2025-08-13 16:24:00,,,,,,,,,,,-0.08904318251694593,20.209417364482068
2025-08-13 16:24:00,-0.044425000000007486,20.239951245479197,,,,,,,,,,
2025-08-13 16:24:00,,,-0.06581625000000244,20.209836649050978,,,,,,,,
2025-08-13 16:24:00,,,,,-0.04948802692946054,20.285474750999455,,,,,,
2025-08-13 16:24:00,,,,,,,-0.06867311247921935,20.237038389456714,,,,
2025-08-13 16:24:00,,,,,,,,,-0.013807326719465208,20.293415298593523,,
2025-08-13 16:24:00,,,,,,,,,,,-0.054333640875533884,20.239943166791335
2025-08-13 16:24:00,-0.044425000000007486,20.239951245479197,,,,,,,,,,
2025-08-13 16:24:00,,,-0.06230750000000569,20.219845918132062,,,,,,,,
2025-08-13 16:24:00,,,,,-0.051766305619288355,20.331125846553054,,,,,,
2025-08-13 16:24:00,,,,,,,-0.06682763602108771,20.26665901645854,,,,
2025-08-13 16:24:00,,,,,,,,,0.014514540868180147,20.34336789747786,,
2025-08-13 16:24:00,,,,,,,,,,,-0.037831324000390534,20.27262149252599
2025-08-13 16:24:00,-0.09890000000000398,20.239758367875837,,,,,,,,,,
2025-08-13 16:24:00,,,-0.05881875000000605,20.22986463470145,,,,,,,,
2025-08-13 16:24:00,,,,,-0.10636832629371484,20.32791082509768,,,,,,
2025-08-13 16:24:00,,,,,,,-0.0651044064567613,20.29626337645098,,,,
2025-08-13 16:24:00,,,,,,,,,-0.04076697592973836,20.340437353146378,,
2025-08-13 16:24:00,,,,,,,,,,,-0.021134429053882915,20.30540597637909
2025-08-13 16:24:00,-0.09890000000000398,20.239758367875837,,,,,,,,,,
2025-08-13 16:24:00,,,-0.05533000000000641,20.239883351270837,,,,,,,,
2025-08-13 16:24:00,,,,,-0.09527564956530121,20.382490337676636,,,,,,
2025-08-13 16:24:00,,,,,,,-0.05963282370883789,20.323086318298728,,,,
2025-08-13 16:24:00,,,,,,,,,-0.0082560603314915,20.398278504740116,,
2025-08-13 16:24:00,,,,,,,,,,,-0.007340727899067595,20.333476268578856
2025-08-13 16:24:00,-0.09890000000000398,20.239758367875837,,,,,,,,,,
2025-08-13 16:24:00,,,-0.07711000000000538,20.239835518917182,,,,,,,,
2025-08-13 16:24:00,,,,,-0.09493830815278881,20.396421341150383,,,,,,
2025-08-13 16:24:00,,,,,,,-0.07956732331211075,20.344684620295443,,,,
2025-08-13 16:24:00,,,,,,,,,0.00014621631367943964,20.41364461755161,,
2025-08-13 16:24:00,,,,,,,,,,,-0.009633921159767096,20.357828734301897
2025-08-13 16:24:00,0.07850624999999667,20.309848270450246,,,,,,,,,,
2025-08-13 16:24:00,,,-0.05252375000000455,20.25381492391139,,,,,,,,
2025-08-13 16:24:00,,,,,0.08195529828336268,20.451817612861262,,,,,,
2025-08-13 16:24:00,,,,,,,-0.05327865826954611,20.377953192667803,,,,
2025-08-13 16:24:00,,,,,,,,,0.16487465931574918,20.46612183017823,,
2025-08-13 16:24:00,,,,,,,,,,,0.02610247604727578,20.39237004061884
2025-08-13 16:24:00,0.2055999999999969,20.35896187530199,,,,,,,,,,
2025-08-13 16:24:00,,,-0.0025187500000036778,20.27761704987595,,,,,,,,
2025-08-13 16:24:00,,,,,0.20870144567770532,20.49053297223418,,,,,,
2025-08-13 16:24:00,,,,,,,-0.0011851080101473732,20.40983461780403,,,,
2025-08-13 16:24:00,,,,,,,,,0.2834376008772811,20.502894375635172,,
2025-08-13 16:24:00,,,,,,,,,,,0.07988708804909597,20.424275336250304
2025-08-13 16:24:00,0.3330062500000004,20.407283181194426,,,,,,,,,,
2025-08-13 16:24:00,,,0.0838624999999972,20.311122012539666,,,,,,,,
2025-08-13 16:24:00,,,,,0.33306722874476236,20.528092750832595,,,,,,
2025-08-13 16:24:00,,,,,,,0.08670200299754807,20.44987100295101,,,,
2025-08-13 16:24:00,,,,,,,,,0.40263633639769864,20.539212494940877,,
2025-08-13 16:24:00,,,,,,,,,,,0.16856775051458336,20.464030364609204
2025-08-13 16:24:00,0.48630624999999483,20.464222590443324,,,,,,,,,,
2025-08-13 16:24:00,,,0.20090374999999697,20.356014857053164,,,,,,,,
2025-08-13 16:24:00,,,,,0.47912959018385104,20.57126309145179,,,,,,
2025-08-13 16:24:00,,,,,,,0.20158305094737852,20.487625553706046,,,,
2025-08-13 16:24:00,,,,,,,,,0.5464314510485675,20.582096166528267,,
2025-08-13 16:24:00,,,,,,,,,,,0.2795052527905952,20.500793896966833
2025-08-13 16:24:00,0.6400562500000007,20.520020175351583,,,,,,,,,,
2025-08-13 16:24:00,,,0.34869499999999787,20.412067218548316,,,,,,,,
2025-08-13 16:24:00,,,,,0.632890986581433,20.61453402930075,,,,,,
2025-08-13 16:24:00,,,,,,,0.34714890989422287,20.531248091336117,,,,
2025-08-13 16:24:00,,,,,,,,,0.6912001574952947,20.62402159702198,,
2025-08-13 16:24:00,,,,,,,,,,,0.4177160410269182,20.542869292860907
2025-08-13 16:24:00,0.7942562500000001,20.5746751373949,,,,,,,,,,
2025-08-13 16:24:00,,,0.4918449999999986,20.465032591937245,,,,,,,,
2025-08-13 16:24:00,,,,,0.7879052370762043,20.657111929513245,,,,,,
2025-08-13 16:24:00,,,,,,,0.4883388976527912,20.572306954666512,,,,
2025-08-13 16:24:00,,,,,,,,,0.8371879721069337,20.66509119024478,,
2025-08-13 16:24:00,,,,,,,,,,,0.5521787035851552,20.582663164874216
2025-08-13 16:24:00,0.27425000000000566,20.588173472591006,,,,,,,,,,
2025-08-13 16:24:00,,,0.5055750000000003,20.51087491139505,,,,,,,,
2025-08-13 16:24:00,,,,,0.2689458626638864,20.641898041818504,,,,,,
2025-08-13 16:24:00,,,,,,,0.5003877810500275,20.602579968583377,,,,
2025-08-13 16:24:00,,,,,,,,,0.30795647343360166,20.649700115762357,,
2025-08-13 16:24:00,,,,,,,,,,,0.5570824780964192,20.612024312899653
2025-08-13 16:24:00,0.40309375000000713,20.63606346735518,,,,,,,,,,
2025-08-13 16:24:00,,,0.5195925000000017,20.5566309686272,,,,,,,,
2025-08-13 16:24:00,,,,,0.3987776049482007,20.6797879946217,,,,,,
2025-08-13 16:24:00,,,,,,,0.5135298562907151,20.6329190173412,,,,
2025-08-13 16:24:00,,,,,,,,,0.4295470686621573,20.686217853215677,,
2025-08-13 16:24:00,,,,,,,,,,,0.562464624549311,20.641425384554612
2025-08-13 16:24:00,0.40309375000000713,20.63606346735518,,,,,,,,,,
2025-08-13 16:24:00,,,0.5029500000000041,20.590999144009565,,,,,,,,
2025-08-13 16:24:00,,,,,0.3957113044402789,20.728263404939817,,,,,,
2025-08-13 16:24:00,,,,,,,0.4968461991420007,20.6643190800388,,,,
2025-08-13 16:24:00,,,,,,,,,0.4566680725857073,20.738609679373717,,
2025-08-13 16:24:00,,,,,,,,,,,0.5445119488567389,20.672728087123705
2025-08-13 16:24:00,0.5322500000000083,20.68315280457745,,,,,,,,,,
2025-08-13 16:24:00,,,0.4813887500000057,20.623625669854743,,,,,,,,
2025-08-13 16:24:00,,,,,0.5255039908328599,20.765152379479638,,,,,,
2025-08-13 16:24:00,,,,,,,0.4753687999922861,20.69444275007458,,,,
2025-08-13 16:24:00,,,,,,,,,0.578944526161635,20.77434409134561,,
2025-08-13 16:24:00,,,,,,,,,,,0.522060822590007,20.702792585988426
2025-08-13 16:24:00,0.687650000000005,20.738602592207123,,,,,,,,,,
2025-08-13 16:24:00,,,0.4600675000000066,20.656411160817186,,,,,,,,
2025-08-13 16:24:00,,,,,0.6818223039136428,20.808500108906223,,,,,,
2025-08-13 16:24:00,,,,,,,0.4541522133597738,20.72472038595318,,,,
2025-08-13 16:24:00,,,,,,,,,0.7255972516428262,20.816215102219857,,
2025-08-13 16:24:00,,,,,,,,,,,0.49974267849718557,20.733017368383443
2025-08-13 16:24:00,0.687650000000005,20.738602592207123,,,,,,,,,,
2025-08-13 16:24:00,,,0.5427475000000065,20.68649698474041,,,,,,,,
2025-08-13 16:24:00,,,,,0.6805648308894976,20.832801322391653,,,,,,
2025-08-13 16:24:00,,,,,,,0.536476007004896,20.762901042067806,,,,
2025-08-13 16:24:00,,,,,,,,,0.7384696148243743,20.841978166606193,,
2025-08-13 16:24:00,,,,,,,,,,,0.58584530677534,20.77147297855221
2025-08-13 16:24:00,0.8435000000000024,20.79289801230218,,,,,,,,,,
2025-08-13 16:24:00,,,0.6308287500000056,20.71786389372981,,,,,,,,
2025-08-13 16:24:00,,,,,0.8372359585463722,20.875049369304705,,,,,,
2025-08-13 16:24:00,,,,,,,0.6241676777245303,20.801953317004408,,,,
2025-08-13 16:24:00,,,,,,,,,0.8860870793711011,20.88296892013176,,
2025-08-13 16:24:00,,,,,,,,,,,0.6771533089171288,20.810823191935427
2025-08-13 16:24:00,0.8435000000000024,20.79289801230218,,,,,,,,,,
2025-08-13 16:24:00,,,0.7189100000000046,20.74923080271921,,,,,,,,
2025-08-13 16:24:00,,,,,0.8362082004799762,20.899368777815432,,,,,,
2025-08-13 16:24:00,,,,,,,0.7122670569324698,20.836174391579526,,,,
2025-08-13 16:24:00,,,,,,,,,0.8976903173221071,20.908538286749383,,
2025-08-13 16:24:00,,,,,,,,,,,0.7653577578644087,20.84480891341056
2025-08-13 16:24:00,0.9998000000000076,20.84603799190628,,,,,,,,,,
2025-08-13 16:24:00,,,0.8124200000000045,20.781807840184978,,,,,,,,
2025-08-13 16:24:00,,,,,0.9932382466469036,20.940529201785544,,,,,,
2025-08-13 16:24:00,,,,,,,0.8058139080952784,20.871249756040715,,,,
2025-08-13 16:24:00,,,,,,,,,1.045904435987234,20.948514716411097,,
2025-08-13 16:24:00,,,,,,,,,,,0.8587497398295285,20.87964303842366
2025-08-13 16:24:00,0.9998000000000076,20.84603799190628,,,,,,,,,,
2025-08-13 16:24:00,,,0.874850000000005,20.803294920124806,,,,,,,,
2025-08-13 16:24:00,,,,,0.9925533599494093,20.961398926509432,,,,,,
2025-08-13 16:24:00,,,,,,,0.8679601193024318,20.901829519561353,,,,
2025-08-13 16:24:00,,,,,,,,,1.0553881287225462,20.970229667553923,,
2025-08-13 16:24:00,,,,,,,,,,,0.9247079152454726,20.91044595149047
2025-08-13 16:24:00,1.18271875000001,20.906572563631716,,,,,,,,,,
2025-08-13 16:24:00,,,0.973863750000006,20.836888914409727,,,,,,,,
2025-08-13 16:24:00,,,,,1.1761847105022492,21.00797705349578,,,,,,
2025-08-13 16:24:00,,,,,,,0.9670840952249822,20.936864665782178,,,,
2025-08-13 16:24:00,,,,,,,,,1.2288221321665942,21.015511756591316,,
2025-08-13 16:24:00,,,,,,,,,,,1.0227784187139164,20.94515266948749
2025-08-13 16:24:00,1.18271875000001,20.906572563631716,,,,,,,,,,
2025-08-13 16:24:00,,,1.0417075000000076,20.859623824675634,,,,,,,,
2025-08-13 16:24:00,,,,,1.1755167558929511,21.028796110833063,,,,,,
2025-08-13 16:24:00,,,,,,,1.0347402546942979,20.96761401408785,,,,
2025-08-13 16:24:00,,,,,,,,,1.2379490850975046,21.037183597029674,,
2025-08-13 16:24:00,,,,,,,,,,,1.0931508198591973,20.97599560486708
2025-08-13 16:24:00,1.339993750000005,20.95720441160893,,,,,,,,,,
2025-08-13 16:24:00,,,1.141006250000008,20.89248510453698,,,,,,,,
2025-08-13 16:24:00,,,,,1.3334286830055255,21.06758678846317,,,,,,
2025-08-13 16:24:00,,,,,,,1.1341843511994079,21.001257616217398,,,,
2025-08-13 16:24:00,,,,,,,,,1.387667599217556,21.074880126788944,,
2025-08-13 16:24:00,,,,,,,,,,,1.191146276238287,21.00926397287499
2025-08-13 16:24:00,1.339993750000005,20.95720441160893,,,,,,,,,,
2025-08-13 16:24:00,,,1.2090450000000075,20.914718388477514,,,,,,,,
2025-08-13 16:24:00,,,,,1.333356802283734,21.10604472527477,,,,,,
2025-08-13 16:24:00,,,,,,,1.202208062326774,21.03436072091524,,,,
2025-08-13 16:24:00,,,,,,,,,1.402789363554826,21.114318058598656,,
2025-08-13 16:24:00,,,,,,,,,,,1.2625232617518054,21.0424246413125
2025-08-13 16:24:00,1.4977187500000007,21.006676047054622,,,,,,,,,,
2025-08-13 16:24:00,,,1.3086287500000062,20.946845999507183,,,,,,,,
2025-08-13 16:24:00,,,,,1.4906608804796515,21.143355631682873,,,,,,
2025-08-13 16:24:00,,,,,,,1.301829566432822,21.07075206194993,,,,
2025-08-13 16:24:00,,,,,,,,,1.552062038152513,21.150719468860196,,
2025-08-13 16:24:00,,,,,,,,,,,1.361858043637799,21.07852260157376
2025-08-13 16:24:00,1.4977187500000007,21.006676047054622,,,,,,,,,,
2025-08-13 16:24:00,,,1.3716287500000042,20.966866696191765,,,,,,,,
2025-08-13 16:24:00,,,,,1.494364598952121,21.178867076295745,,,,,,
2025-08-13 16:24:00,,,,,,,1.3654655441227965,21.104930066509922,,,,
2025-08-13 16:24:00,,,,,,,,,1.5652603911947611,21.18638521054727,,
2025-08-13 16:24:00,,,,,,,,,,,1.4291456954434323,21.11269729236495
2025-08-13 16:24:00,1.6558937500000077,21.054985535229203,,,,,,,,,,
2025-08-13 16:24:00,,,1.4662637500000038,20.99654929051126,,,,,,,,
2025-08-13 16:24:00,,,,,1.6489003630562977,21.21466742309815,,,,,,
2025-08-13 16:24:00,,,,,,,1.4601422655554657,21.142104328962944,,,,
2025-08-13 16:24:00,,,,,,,,,1.7154531785295553,21.221847009015804,,
2025-08-13 16:24:00,,,,,,,,,,,1.5246465141298422,21.149629974762174
2025-08-13 16:24:00,1.6558937500000077,21.054985535229203,,,,,,,,,,
2025-08-13 16:24:00,,,1.5294437500000044,21.016105515235317,,,,,,,,
2025-08-13 16:24:00,,,,,1.6497514763054817,21.228806273556355,,,,,,
2025-08-13 16:24:00,,,,,,,1.5234068242154573,21.17434822598158,,,,
2025-08-13 16:24:00,,,,,,,,,1.7203413523987998,21.23610365112219,,
2025-08-13 16:24:00,,,,,,,,,,,1.591181264766091,21.181874679628823
2025-08-13 16:24:00,1.8145187500000048,21.102130738527293,,,,,,,,,,
2025-08-13 16:24:00,,,1.6243487500000042,21.045090780618988,,,,,,,,
2025-08-13 16:24:00,,,,,1.8075760012703335,21.263885822812576,,,,,,
2025-08-13 16:24:00,,,,,,,1.618250664012777,21.20591644548914,,,,
2025-08-13 16:24:00,,,,,,,,,1.8704086491650145,21.27043841212702,,
2025-08-13 16:24:00,,,,,,,,,,,1.6847051218881286,21.213098750334495
2025-08-13 16:24:00,1.8145187500000048,21.102130738527293,,,,,,,,,,
2025-08-13 16:24:00,,,1.6877087500000052,21.064181718913524,,,,,,,,
2025-08-13 16:24:00,,,,,1.8077167859457788,21.277859584689494,,,,,,
2025-08-13 16:24:00,,,,,,,1.6816618451060024,21.23281723609046,,,,
2025-08-13 16:24:00,,,,,,,,,1.875487177794231,21.284608771059084,,
2025-08-13 16:24:00,,,,,,,,,,,1.7493901498164721,21.239876610774274
2025-08-13 16:24:00,1.9735937499999991,21.148109317618935,,,,,,,,,,
2025-08-13 16:24:00,,,1.7828837500000048,21.092468373026385,,,,,,,,
2025-08-13 16:24:00,,,,,1.9669117842048802,21.31209154246703,,,,,,
2025-08-13 16:24:00,,,,,,,1.7761712821565545,21.259462129324724,,,,
2025-08-13 16:24:00,,,,,,,,,2.026390988044953,21.31804358180046,,
2025-08-13 16:24:00,,,,,,,,,,,1.8416162691865108,21.266208285024913
2025-08-13 16:24:00,2.1597500000000025,21.200273109974315,,,,,,,,,,
2025-08-13 16:24:00,,,1.8836550000000039,21.12152588797541,,,,,,,,
2025-08-13 16:24:00,,,,,2.1537828901541802,21.350854754866987,,,,,,
2025-08-13 16:24:00,,,,,,,1.8771477875761307,21.28669959567849,,,,
2025-08-13 16:24:00,,,,,,,,,2.2042053482556936,21.355925959210555,,
2025-08-13 16:24:00,,,,,,,,,,,1.9393667031317385,21.29302407506386
2025-08-13 16:24:00,-0.33614374999999797,21.307348670806885,,,,,,,,,,
2025-08-13 16:24:00,,,1.4852475000000027,21.171998515090944,,,,,,,,
2025-08-13 16:24:00,,,,,-0.3381073361738108,21.321843758081428,,,,,,
2025-08-13 16:24:00,,,,,,,1.4795760250802723,21.3053070925835,,,,
2025-08-13 16:24:00,,,,,,,,,-0.3243165355615205,21.32610574162373,,
2025-08-13 16:24:00,,,,,,,,,,,1.5304351255396742,21.311024493164172
2025-08-13 16:24:00,-0.2828437500000014,21.32812461078296,,,,,,,,,,
2025-08-13 16:24:00,,,1.0657750000000015,21.217197289542078,,,,,,,,
2025-08-13 16:24:00,,,,,-0.2842883060851252,21.338570982005848,,,,,,
2025-08-13 16:24:00,,,,,,,1.0612031636091808,21.320244124422157,,,,
2025-08-13 16:24:00,,,,,,,,,-0.2739393577096997,21.342237324272162,,
2025-08-13 16:24:00,,,,,,,,,,,1.1015655241647315,21.3253842755932
2025-08-13 16:24:00,-0.6557000000000137,21.319919266029125,,,,,,,,,,
2025-08-13 16:24:00,,,0.5717312499999977,21.260754995042447,,,,,,,,
2025-08-13 16:24:00,,,,,-0.6549637278306579,21.315335214423463,,,,,,
2025-08-13 16:24:00,,,,,,,0.5686670608538933,21.32773925036895,,,,
2025-08-13 16:24:00,,,,,,,,,-0.6602432001450983,21.31263875252161,,
2025-08-13 16:24:00,,,,,,,,,,,0.5944194485768656,21.330990271885703
2025-08-13 16:24:00,-0.8862000000000059,21.31158252124886,,,,,,,,,,
2025-08-13 16:24:00,,,-0.00022750000000328895,21.29344963576843,,,,,,,,
2025-08-13 16:24:00,,,,,-0.8838210955419328,21.295882077768287,,,,,,
2025-08-13 16:24:00,,,,,,,-0.0014795150954692638,21.324497357429202,,,,
2025-08-13 16:24:00,,,,,,,,,-0.9007039407473303,21.290723226529465,,
2025-08-13 16:24:00,,,,,,,,,,,0.009000462818408984,21.325526200831504
2025-08-13 16:24:00,-0.7794499999999971,21.35578042820023,,,,,,,,,,
2025-08-13 16:24:00,,,-0.5880675000000032,21.32455109941361,,,,,,,,
2025-08-13 16:24:00,,,,,-0.7760810754449775,21.33181513616719,,,,,,
2025-08-13 16:24:00,,,,,,,-0.5874523082153008,21.320689433689246,,,,
2025-08-13 16:24:00,,,,,,,,,-0.8005582399905704,21.325237242493596,,
2025-08-13 16:24:00,,,,,,,,,,,-0.5919522548308438,21.319388457488113
2025-08-13 16:24:00,-0.9817937499999942,21.347434998904692,,,,,,,,,,
2025-08-13 16:24:00,,,-0.7171975000000025,21.332568365033172,,,,,,,,
2025-08-13 16:24:00,,,,,-0.977107059726156,21.31361427027539,,,,,,
2025-08-13 16:24:00,,,,,,,-0.7152522529257699,21.31904353612804,,,,
2025-08-13 16:24:00,,,,,,,,,-1.012363532159839,21.304710934101468,,
2025-08-13 16:24:00,,,,,,,,,,,-0.7295616541505076,21.31510949598366
2025-08-13 16:24:00,-0.9817937499999942,21.347434998904692,,,,,,,,,,
2025-08-13 16:24:00,,,-0.856987500000001,21.33643044265752,,,,,,,,
2025-08-13 16:24:00,,,,,-0.9893032527039202,21.4093969854313,,,,,,
2025-08-13 16:24:00,,,,,,,-0.8562552422495289,21.333208736813127,,,,
2025-08-13 16:24:00,,,,,,,,,-0.9283984014664777,21.423296550702574,,
2025-08-13 16:24:00,,,,,,,,,,,-0.8604534629018632,21.331321341269742
2025-08-13 16:24:00,-1.184750000000001,21.33713353375987,,,,,,,,,,
2025-08-13 16:24:00,,,-0.9627974999999985,21.339873296203667,,,,,,,,
2025-08-13 16:24:00,,,,,-1.1916425626544984,21.389243158027732,,,,,,
2025-08-13 16:24:00,,,,,,,-0.963591009214297,21.34799032553398,,,,
2025-08-13 16:24:00,,,,,,,,,-1.1377201605469642,21.402392699250854,,
2025-08-13 16:24:00,,,,,,,,,,,-0.9559488549822361,21.349272130615592
2025-08-13 16:24:00,-1.184750000000001,21.33713353375987,,,,,,,,,,
2025-08-13 16:24:00,,,-1.0225074999999975,21.34498349870587,,,,,,,,
2025-08-13 16:24:00,,,,,-1.1929250569307104,21.410477797099627,,,,,,
2025-08-13 16:24:00,,,,,,,-1.0254118014920526,21.370909469400253,,,,
2025-08-13 16:24:00,,,,,,,,,-1.1192404463096788,21.427332583790903,,
2025-08-13 16:24:00,,,,,,,,,,,-0.9996561560947059,21.37659400206788
2025-08-13 16:24:00,-0.8633000000000095,21.472652679862353,,,,,,,,,,
2025-08-13 16:24:00,,,-1.0392775,21.368357949038295,,,,,,,,
2025-08-13 16:24:00,,,,,-0.8693436376145456,21.520226153834212,,,,,,
2025-08-13 16:24:00,,,,,,,-1.0440643139259662,21.408591672933657,,,,
2025-08-13 16:24:00,,,,,,,,,-0.8221318338936048,21.53120683081969,,
2025-08-13 16:24:00,,,,,,,,,,,-1.003970874875313,21.417787919733097
2025-08-13 16:24:00,-0.8633000000000095,21.472652679862353,,,,,,,,,,
2025-08-13 16:24:00,,,-1.015578750000003,21.393401485229827,,,,,,,,
2025-08-13 16:24:00,,,,,-0.871135782505932,21.541061220267295,,,,,,
2025-08-13 16:24:00,,,,,,,-1.0228700584819213,21.454081062932033,,,,
2025-08-13 16:24:00,,,,,,,,,-0.806444616903249,21.555260809807383,,
2025-08-13 16:24:00,,,,,,,,,,,-0.9627870918239949,21.467897894874277
2025-08-13 16:24:00,-0.8633000000000095,21.472652679862353,,,,,,,,,,
2025-08-13 16:24:00,,,-0.9918800000000061,21.41844502142136,,,,,,,,
2025-08-13 16:24:00,,,,,-0.870079800873188,21.55943803829067,,,,,,
2025-08-13 16:24:00,,,,,,,-0.9990253681157748,21.484089273503905,,,,
2025-08-13 16:24:00,,,,,,,,,-0.79250217519173,21.575471922484997,,
2025-08-13 16:24:00,,,,,,,,,,,-0.9356078465690454,21.498332969230766
2025-08-13 16:24:00,-0.8633000000000095,21.472652679862353,,,,,,,,,,
2025-08-13 16:24:00,,,-0.9275900000000078,21.445548850641856,,,,,,,,
2025-08-13 16:24:00,,,,,-0.860748467626014,21.582372801296085,,,,,,
2025-08-13 16:24:00,,,,,,,-0.9328465491100779,21.522715202157578,,,,
2025-08-13 16:24:00,,,,,,,,,-0.7761613954655578,21.59968676631022,,
2025-08-13 16:24:00,,,,,,,,,,,-0.8632960935527642,21.537791782642635
2025-08-13 16:24:00,-1.47584375000001,21.439262702471506,,,,,,,,,,
2025-08-13 16:24:00,,,-0.9858087500000096,21.465974684384186,,,,,,,,
2025-08-13 16:24:00,,,,,-1.4819920956155221,21.517921446872265,,,,,,
2025-08-13 16:24:00,,,,,,,-0.9906599568470403,21.544203932112104,,,,
2025-08-13 16:24:00,,,,,,,,,-1.4029310775945005,21.536339471868125,,
2025-08-13 16:24:00,,,,,,,,,,,-0.9200342198097285,21.559593160258082
2025-08-13 16:24:00,-1.7106437500000027,21.421806598897906,,,,,,,,,,
2025-08-13 16:24:00,,,-1.1552775000000082,21.455805468191294,,,,,,,,
2025-08-13 16:24:00,,,,,-1.7190005834990236,21.488485398571854,,,,,,
2025-08-13 16:24:00,,,,,,,-1.1605913460239359,21.537855781059633,,,,
2025-08-13 16:24:00,,,,,,,,,-1.6445512863504876,21.507185938549974,,
2025-08-13 16:24:00,,,,,,,,,,,-1.084518110301105,21.554788981804144
2025-08-13 16:24:00,-1.7106437500000027,21.421806598897906,,,,,,,,,,
2025-08-13 16:24:00,,,-1.324746250000007,21.4456362519984,,,,,,,,
2025-08-13 16:24:00,,,,,-1.7077127251764583,21.537317979882122,,,,,,
2025-08-13 16:24:00,,,,,,,-1.327906734558041,21.537107132982598,,,,
2025-08-13 16:24:00,,,,,,,,,-1.6019946177573314,21.562663903769568,,
2025-08-13 16:24:00,,,,,,,,,,,-1.2436281104719213,21.55626960059658
2025-08-13 16:24:00,-1.7106437500000027,21.421806598897906,,,,,,,,,,
2025-08-13 16:24:00,,,-1.4942150000000054,21.435467035805512,,,,,,,,
2025-08-13 16:24:00,,,,,-1.7070354937884769,21.565462998796967,,,,,,
2025-08-13 16:24:00,,,,,,,-1.495297873141099,21.53831212508386,,,,
2025-08-13 16:24:00,,,,,,,,,-1.576303575429789,21.596608112129136,,
2025-08-13 16:24:00,,,,,,,,,,,-1.4003883905195333,21.560496838525403
2025-08-13 16:24:00,-1.7106437500000027,21.421806598897906,,,,,,,,,,
2025-08-13 16:24:00,,,-1.6636837500000041,21.425297819612624,,,,,,,,
2025-08-13 16:24:00,,,,,-1.706372806258556,21.593600493712877,,,,,,
2025-08-13 16:24:00,,,,,,,-1.6644227408676073,21.540557663567217,,,,
2025-08-13 16:24:00,,,,,,,,,-1.5514226418916146,21.63053741238608,,
2025-08-13 16:24:00,,,,,,,,,,,-1.5554406398047445,21.566666967740577
2025-08-13 16:24:00,-0.8173749999999949,21.804685232980894,,,,,,,,,,
2025-08-13 16:24:00,,,-1.531990000000001,21.498382325714505,,,,,,,,
2025-08-13 16:24:00,,,,,-0.8180961298557887,21.90369988013139,,,,,,
2025-08-13 16:24:00,,,,,,,-1.5316435477156607,21.61771335021904,,,,
2025-08-13 16:24:00,,,,,,,,,-0.7383147747240749,21.919642296465227,,
2025-08-13 16:24:00,,,,,,,,,,,-1.4225173792306594,21.643327532659995
2025-08-13 16:24:00,-0.8173749999999949,21.804685232980894,,,,,,,,,,
2025-08-13 16:24:00,,,-1.3533362499999995,21.574958052531098,,,,,,,,
2025-08-13 16:24:00,,,,,-0.8142052362544863,21.95303453080388,,,,,,
2025-08-13 16:24:00,,,,,,,-1.3506844782667533,21.71062317666545,,,,
2025-08-13 16:24:00,,,,,,,,,-0.7001744017975557,21.975580479287494,,
2025-08-13 16:24:00,,,,,,,,,,,-1.2336420023200731,21.737006440807498
2025-08-13 16:24:00,-1.1415312499999963,21.790119467439215,,,,,,,,,,
2025-08-13 16:24:00,,,-1.2395137499999982,21.648620626239364,,,,,,,,
2025-08-13 16:24:00,,,,,-1.1385596932852065,21.92323435730032,,,,,,
2025-08-13 16:24:00,,,,,,,-1.2368538718885032,21.787806452149084,,,,
2025-08-13 16:24:00,,,,,,,,,-1.0286449256947816,21.946515242967557,,
2025-08-13 16:24:00,,,,,,,,,,,-1.118972063907563,21.8137767086471
2025-08-13 16:24:00,-1.1415312499999963,21.790119467439215,,,,,,,,,,
2025-08-13 16:24:00,,,-1.125691249999997,21.722283199947622,,,,,,,,
2025-08-13 16:24:00,,,,,-1.1373992957680346,21.979098358089526,,,,,,
2025-08-13 16:24:00,,,,,,,-1.1229266322844143,21.870533524007598,,,,
2025-08-13 16:24:00,,,,,,,,,-0.9831742396524144,22.011665571297108,,
2025-08-13 16:24:00,,,,,,,,,,,-1.0003461967520884,21.896788200480692
2025-08-13 16:24:00,-1.1415312499999963,21.790119467439215,,,,,,,,,,
2025-08-13 16:24:00,,,-1.0118687499999957,21.795945773655884,,,,,,,,
2025-08-13 16:24:00,,,,,-1.136631242237398,22.017490449236593,,,,,,
2025-08-13 16:24:00,,,,,,,-1.008978319480183,21.955311515112342,,,,
2025-08-13 16:24:00,,,,,,,,,-0.952285682829166,22.056092029156517,,
2025-08-13 16:24:00,,,,,,,,,,,-0.8805188049395986,21.981899123834783
2025-08-13 16:24:00,0.7983437500000008,22.505844735464517,,,,,,,,,,
2025-08-13 16:24:00,,,-0.6887249999999966,21.93617767415261,,,,,,,,
2025-08-13 16:24:00,,,,,0.792305557842961,22.585487309553702,,,,,,
2025-08-13 16:24:00,,,,,,,-0.6868979819404328,22.091669000996802,,,,
2025-08-13 16:24:00,,,,,,,,,0.842212041474792,22.59328127981106,,
2025-08-13 16:24:00,,,,,,,,,,,-0.5644134416998251,22.116626920503943
2025-08-13 16:24:00,0.05600000000000449,22.51993037289414,,,,,,,,,,
2025-08-13 16:24:00,,,-0.5140499999999968,22.079226702135262,,,,,,,,
2025-08-13 16:24:00,,,,,0.051624629911803915,22.562107612667255,,,,,,
2025-08-13 16:24:00,,,,,,,-0.5137320087071748,22.21348361736948,,,,
2025-08-13 16:24:00,,,,,,,,,0.08573180968464097,22.569077857264297,,
2025-08-13 16:24:00,,,,,,,,,,,-0.40723219940338573,22.235326396099303
2025-08-13 16:24:00,-0.48332499999999357,22.514812833873947,,,,,,,,,,
2025-08-13 16:24:00,,,-0.3824087499999962,22.224165375422206,,,,,,,,
2025-08-13 16:24:00,,,,,-0.48546488099315255,22.530895501720757,,,,,,
2025-08-13 16:24:00,,,,,,,-0.3831130462487641,22.335015846253565,,,,
2025-08-13 16:24:00,,,,,,,,,-0.46917277604632857,22.535485688788555,,
2025-08-13 16:24:00,,,,,,,,,,,-0.2953377694736952,22.35312048526351
2025-08-13 16:24:00,-0.9964062499999997,22.497946008135074,,,,,,,,,,
2025-08-13 16:24:00,,,-0.3533837499999969,22.365730683561377,,,,,,,,
2025-08-13 16:24:00,,,,,-0.9956624513574636,22.493452699085363,,,,,,
2025-08-13 16:24:00,,,,,,,-0.3547656773666499,22.437886714452738,,,,
2025-08-13 16:24:00,,,,,,,,,-1.0016531941476128,22.490535443630638,,
2025-08-13 16:24:00,,,,,,,,,,,-0.2990335603727349,22.448894459730212
2025-08-13 16:24:00,-1.5130999999999943,22.469110538470364,,,,,,,,,,
2025-08-13 16:24:00,,,-0.42769749999999646,22.501528897767606,,,,,,,,
2025-08-13 16:24:00,,,,,-1.508843925896755,22.441369416553837,,,,,,
2025-08-13 16:24:00,,,,,,,-0.4292082140985213,22.522662507916188,,,,
2025-08-13 16:24:00,,,,,,,,,-1.5422663003237012,22.432301136023785,,
2025-08-13 16:24:00,,,,,,,,,,,-0.41702968387164197,22.524136281103665
2025-08-13 16:24:00,-1.5130999999999943,22.469110538470364,,,,,,,,,,
2025-08-13 16:24:00,,,-0.8899862499999955,22.494182058368775,,,,,,,,
2025-08-13 16:24:00,,,,,-1.514739781784293,22.478611965597555,,,,,,
2025-08-13 16:24:00,,,,,,,-0.8906172820239722,22.501287439124955,,,,
2025-08-13 16:24:00,,,,,,,,,-1.5024484983306685,22.483063312740992,,
2025-08-13 16:24:00,,,,,,,,,,,-0.8859617918327339,22.502092687689654
2025-08-13 16:24:00,0.3430562500000107,23.167460206275006,,,,,,,,,,
2025-08-13 16:24:00,,,-0.8325749999999943,22.62368802504495,,,,,,,,
2025-08-13 16:24:00,,,,,0.35079776231287507,23.04754397301356,,,,,,
2025-08-13 16:24:00,,,,,,,-0.8307826555437577,22.598374711194214,,,,
2025-08-13 16:24:00,,,,,,,,,0.2632098582222512,23.034292728107115,,
2025-08-13 16:24:00,,,,,,,,,,,-0.850466182125212,22.595135661858215
2025-08-13 16:24:00,0.633306250000004,23.261380509198307,,,,,,,,,,
2025-08-13 16:24:00,,,-0.6092487499999948,22.773001560109822,,,,,,,,
2025-08-13 16:24:00,,,,,0.638600162812569,23.12126220644274,,,,,,
2025-08-13 16:24:00,,,,,,,-0.6059696467826134,22.71644805213861,,,,
2025-08-13 16:24:00,,,,,,,,,0.5480067143615681,23.10891102927712,,
2025-08-13 16:24:00,,,,,,,,,,,-0.6470302840436327,22.70982072995593
2025-08-13 16:24:00,0.633306250000004,23.261380509198307,,,,,,,,,,
2025-08-13 16:24:00,,,-0.283306249999994,22.92568846032247,,,,,,,,
2025-08-13 16:24:00,,,,,0.6384934045949904,23.197993586426158,,,,,,
2025-08-13 16:24:00,,,,,,,-0.2791384755921227,22.85735622960677,,,,
2025-08-13 16:24:00,,,,,,,,,0.593908705848092,23.190559898672326,,
2025-08-13 16:24:00,,,,,,,,,,,-0.32791790404449167,22.84982562096427
2025-08-13 16:24:00,0.633306250000004,23.261380509198307,,,,,,,,,,
2025-08-13 16:24:00,,,0.14597500000000566,23.084142454468058,,,,,,,,
2025-08-13 16:24:00,,,,,0.6351460789575732,23.24229549355191,,,,,,
2025-08-13 16:24:00,,,,,,,0.14965952537874297,23.01754144500638,,,,
2025-08-13 16:24:00,,,,,,,,,0.6211812047088745,23.238805291304224,,
2025-08-13 16:24:00,,,,,,,,,,,0.10477159696202347,23.011126452020356
2025-08-13 16:24:00,0.633306250000004,23.261380509198307,,,,,,,,,,
2025-08-13 16:24:00,,,0.5752562500000054,23.242596448613646,,,,,,,,
2025-08-13 16:24:00,,,,,0.6327974823216089,23.266057375938917,,,,,,
2025-08-13 16:24:00,,,,,,,0.5791669781999234,23.175030527074657,,,,
2025-08-13 16:24:00,,,,,,,,,0.636780979826572,23.268236487733134,,
2025-08-13 16:24:00,,,,,,,,,,,0.5326174925934716,23.168161087018785
2025-08-13 16:24:00,0.633306250000004,23.261380509198307,,,,,,,,,,
2025-08-13 16:24:00,,,0.633306250000004,23.261380509198307,,,,,,,,
2025-08-13 16:24:00,,,,,0.6306807925636002,23.28979800372093,,,,,,
2025-08-13 16:24:00,,,,,,,0.6351435842500683,23.22348133321613,,,,
2025-08-13 16:24:00,,,,,,,,,0.6511679274618528,23.294266404964638,,
2025-08-13 16:24:00,,,,,,,,,,,0.6102091064413918,23.22015582239029
2025-08-13 16:24:00,-0.1947500000000062,23.269185040252268,,,,,,,,,,
2025-08-13 16:24:00,,,0.4676950000000019,23.2629414154091,,,,,,,,
2025-08-13 16:24:00,,,,,-0.19370595989689182,23.261177237428953,,,,,,
2025-08-13 16:24:00,,,,,,,0.4686823597081761,23.251464339413374,,,,
2025-08-13 16:24:00,,,,,,,,,-0.2015954614274268,23.258185266533218,,
2025-08-13 16:24:00,,,,,,,,,,,0.46028867128359297,23.250010669841508
2025-08-13 16:24:00,-0.1947500000000062,23.269185040252268,,,,,,,,,,
2025-08-13 16:24:00,,,0.3020837499999999,23.264502321619894,,,,,,,,
2025-08-13 16:24:00,,,,,-0.1987497543051464,23.30528034825062,,,,,,
2025-08-13 16:24:00,,,,,,,0.30123372792814884,23.272921691778265,,,,
2025-08-13 16:24:00,,,,,,,,,-0.16680616437520898,23.312075679148652,,
2025-08-13 16:24:00,,,,,,,,,,,0.3081456972389327,23.274313825936773
2025-08-13 16:24:00,-0.1947500000000062,23.269185040252268,,,,,,,,,,
2025-08-13 16:24:00,,,0.13647249999999786,23.26606322783068,,,,,,,,
2025-08-13 16:24:00,,,,,-0.20259523063791018,23.353313519961347,,,,,,
2025-08-13 16:24:00,,,,,,,0.13368546600905215,23.295125297060153,,,,
2025-08-13 16:24:00,,,,,,,,,-0.13206589174586447,23.365927527621338,,
2025-08-13 16:24:00,,,,,,,,,,,0.15749627794798496,23.299738273200198
2025-08-13 16:24:00,-0.5037500000000037,23.264546759769466,,,,,,,,,,
2025-08-13 16:24:00,,,-0.09093875000000366,23.26669647794491,,,,,,,,
2025-08-13 16:24:00,,,,,-0.5110458004354629,23.334093036950637,,,,,,
2025-08-13 16:24:00,,,,,,,-0.09508319054236222,23.3087324292625,,,,
2025-08-13 16:24:00,,,,,,,,,-0.44734936645872503,23.34654185756872,,
2025-08-13 16:24:00,,,,,,,,,,,-0.059329791309074495,23.315399347167315
2025-08-13 16:24:00,-0.5037500000000037,23.264546759769466,,,,,,,,,,
2025-08-13 16:24:00,,,-0.3183500000000052,23.26732972805915,,,,,,,,
2025-08-13 16:24:00,,,,,-0.5024929354915451,23.381573621939758,,,,,,
2025-08-13 16:24:00,,,,,,,-0.3217179361533912,23.32708755290626,,,,
2025-08-13 16:24:00,,,,,,,,,-0.4127878362114083,23.397361542015286,,
2025-08-13 16:24:00,,,,,,,,,,,-0.2721209440437267,23.336018374577442
2025-08-13 16:24:00,-0.5037500000000037,23.264546759769466,,,,,,,,,,
2025-08-13 16:24:00,,,-0.3801500000000047,23.26640207196259,,,,,,,,
2025-08-13 16:24:00,,,,,-0.5017595793689109,23.398933612429495,,,,,,
2025-08-13 16:24:00,,,,,,,-0.3833286600477951,23.35463882790637,,,,
2025-08-13 16:24:00,,,,,,,,,-0.39958019877963086,23.416810678967853,,
2025-08-13 16:24:00,,,,,,,,,,,-0.3117178915141675,23.36774345706437
2025-08-13 16:24:00,0.5810437499999992,23.632858230873936,,,,,,,,,,
2025-08-13 16:24:00,,,-0.2249912500000036,23.33913671008692,,,,,,,,
2025-08-13 16:24:00,,,,,0.5762294671287878,23.690237409674857,,,,,,
2025-08-13 16:24:00,,,,,,,-0.22833281576100822,23.431630240191218,,,,
2025-08-13 16:24:00,,,,,,,,,0.6162731114274644,23.69706911308066,,
2025-08-13 16:24:00,,,,,,,,,,,-0.15510203635363284,23.44474214385077
2025-08-13 16:24:00,0.9068499999999986,23.732680486567464,,,,,,,,,,
2025-08-13 16:24:00,,,-0.004671250000002658,23.431835799349958,,,,,,,,
2025-08-13 16:24:00,,,,,0.9039154011090151,23.768757119940624,,,,,,
2025-08-13 16:24:00,,,,,,,-0.00703068941162317,23.514718960187075,,,,
2025-08-13 16:24:00,,,,,,,,,0.9281206993279387,23.77322143040765,,
2025-08-13 16:24:00,,,,,,,,,,,0.05693528186112782,23.526200924408034
2025-08-13 16:24:00,1.1149687500000027,23.793890911041085,,,,,,,,,,
2025-08-13 16:24:00,,,0.31907249999999865,23.537704629604285,,,,,,,,
2025-08-13 16:24:00,,,,,1.1131541064846395,23.8166562061396,,,,,,
2025-08-13 16:24:00,,,,,,,0.31780929197239727,23.61123159402487,,,,
2025-08-13 16:24:00,,,,,,,,,1.127471968733803,23.819816621960484,,
2025-08-13 16:24:00,,,,,,,,,,,0.3718995488996334,23.620855877286385
2025-08-13 16:24:00,0.5556187500000078,23.81351901346478,,,,,,,,,,
2025-08-13 16:24:00,,,0.530946250000001,23.647499080343348,,,,,,,,
2025-08-13 16:24:00,,,,,0.5557723338894954,23.812189858686224,,,,,,
2025-08-13 16:24:00,,,,,,,0.5294623458486053,23.69735484137416,,,,
2025-08-13 16:24:00,,,,,,,,,0.5539863528130236,23.81026217307396,,
2025-08-13 16:24:00,,,,,,,,,,,0.5652543867045198,23.70343600349812
2025-08-13 16:24:00,0.7942187499999989,23.886800048921337,,,,,,,,,,
2025-08-13 16:24:00,,,0.7905400000000015,23.77194973817372,,,,,,,,
2025-08-13 16:24:00,,,,,0.7957439407682404,23.87010830758743,,,,,,
2025-08-13 16:24:00,,,,,,,0.7889630498760356,23.791589780405747,,,,
2025-08-13 16:24:00,,,,,,,,,0.7841098078840433,23.86696320905319,,
2025-08-13 16:24:00,,,,,,,,,,,0.8019923880372545,23.793466509515184
2025-08-13 16:24:00,0.9736937500000096,23.94020719378199,,,,,,,,,,
2025-08-13 16:24:00,,,0.8690700000000036,23.833419530755332,,,,,,,,
2025-08-13 16:24:00,,,,,0.9759893648796911,23.912038745418407,,,,,,
2025-08-13 16:24:00,,,,,,,0.8689150294262162,23.835950047554455,,,,
2025-08-13 16:24:00,,,,,,,,,0.9572363135100712,23.90817762984813,,
2025-08-13 16:24:00,,,,,,,,,,,0.8701850284537759,23.83568821286868
2025-08-13 16:24:00,0.9736937500000096,23.94020719378199,,,,,,,,,,
2025-08-13 16:24:00,,,0.8824387500000057,23.874924872198235,,,,,,,,
2025-08-13 16:24:00,,,,,0.9688413294314921,24.007134100633447,,,,,,
2025-08-13 16:24:00,,,,,,,0.8819002150907117,23.88362544369302,,,,
2025-08-13 16:24:00,,,,,,,,,1.0109265008491395,24.01352348164821,,
2025-08-13 16:24:00,,,,,,,,,,,0.8867461887580161,23.883748623116794
2025-08-13 16:24:00,1.3641000000000005,24.051347804021294,,,,,,,,,,
2025-08-13 16:24:00,,,0.9322650000000052,23.926416250794276,,,,,,,,
2025-08-13 16:24:00,,,,,1.3612613077142006,24.093597647477996,,,,,,
2025-08-13 16:24:00,,,,,,,0.9315216553366239,23.939013731960703,,,,
2025-08-13 16:24:00,,,,,,,,,1.385020836862007,24.097581220289154,,
2025-08-13 16:24:00,,,,,,,,,,,0.9382559623836568,23.939301542782527
2025-08-13 16:24:00,1.5148187500000034,24.092424621748812,,,,,,,,,,
2025-08-13 16:24:00,,,1.1241050000000044,23.982197372451083,,,,,,,,
2025-08-13 16:24:00,,,,,1.5126654979295937,24.125192416725117,,,,,,
2025-08-13 16:24:00,,,,,,,1.1229002881446435,24.001614243568476,,,,
2025-08-13 16:24:00,,,,,,,,,1.5303210990807368,24.128568953030353,,
2025-08-13 16:24:00,,,,,,,,,,,1.1335229116371994,24.00296289877381
2025-08-13 16:24:00,0.8885687500000046,24.123640802675773,,,,,,,,,,
2025-08-13 16:24:00,,,1.1429750000000056,24.029565523201974,,,,,,,,
2025-08-13 16:24:00,,,,,0.8883689718878564,24.12559931699459,,,,,,
2025-08-13 16:24:00,,,,,,,1.1414252943685668,24.05271244544991,,,,
2025-08-13 16:24:00,,,,,,,,,0.8905085928162075,24.12746010678955,,
2025-08-13 16:24:00,,,,,,,,,,,1.1548026686236323,24.055062278321078
2025-08-13 16:24:00,0.8885687500000046,24.123640802675773,,,,,,,,,,
2025-08-13 16:24:00,,,1.1259500000000044,24.066252244980728,,,,,,,,
2025-08-13 16:24:00,,,,,0.8866617264070936,24.145874243463116,,,,,,
2025-08-13 16:24:00,,,,,,,1.1235597666740473,24.099479545058852,,,,
2025-08-13 16:24:00,,,,,,,,,0.9018830561511153,24.149427247891808,,
2025-08-13 16:24:00,,,,,,,,,,,1.1437320171518413,24.103312201929814
2025-08-13 16:24:00,0.25731874999999604,24.138628524854067,,,,,,,,,,
2025-08-13 16:24:00,,,0.9826750000000019,24.105936511195146,,,,,,,,
2025-08-13 16:24:00,,,,,0.2578446698542147,24.13415476146095,,,,,,
2025-08-13 16:24:00,,,,,,,0.9813604347585919,24.124883677224354,,,,
2025-08-13 16:24:00,,,,,,,,,0.2531416663160882,24.13174312618789,,
2025-08-13 16:24:00,,,,,,,,,,,0.9921750502452309,24.126956130837748
2025-08-13 16:24:00,0.25731874999999604,24.138628524854067,,,,,,,,,,
2025-08-13 16:24:00,,,0.7613187500000009,24.123392655361698,,,,,,,,
2025-08-13 16:24:00,,,,,0.25595234757564717,24.15120510999766,,,,,,
2025-08-13 16:24:00,,,,,,,0.7602986427308811,24.136405169728285,,,,
2025-08-13 16:24:00,,,,,,,,,0.26709205396090113,24.154378239443748,,
2025-08-13 16:24:00,,,,,,,,,,,0.7685892936650098,24.13831553466867
2025-08-13 16:24:00,0.40834999999999866,24.186553087976385,,,,,,,,,,
2025-08-13 16:24:00,,,0.540025,24.142218348607212,,,,,,,,
2025-08-13 16:24:00,,,,,0.40801718257260366,24.189436853989996,,,,,,
2025-08-13 16:24:00,,,,,,,0.5393689796594832,24.149254057181263,,,,
2025-08-13 16:24:00,,,,,,,,,0.4114258051057379,24.19150990608382,,
2025-08-13 16:24:00,,,,,,,,,,,0.54481023487001,24.150903725279363
2025-08-13 16:24:00,0.40834999999999866,24.186553087976385,,,,,,,,,,
2025-08-13 16:24:00,,,0.4439812499999988,24.15480080566734,,,,,,,,
2025-08-13 16:24:00,,,,,0.40494425149063307,24.223313786157913,,,,,,
2025-08-13 16:24:00,,,,,,,0.4426840355800385,24.168796951013928,,,,
2025-08-13 16:24:00,,,,,,,,,0.4331311605281742,24.228747137756805,,
2025-08-13 16:24:00,,,,,,,,,,,0.45333474841240334,24.171161131472815
2025-08-13 16:24:00,-0.7083687499999982,24.179626004428265,,,,,,,,,,
2025-08-13 16:24:00,,,0.12459374999999824,24.16599784601783,,,,,,,,
2025-08-13 16:24:00,,,,,-0.7068660681437915,24.168750338311987,,,,,,
2025-08-13 16:24:00,,,,,,,0.12397847666986142,24.1733721699837,,,,
2025-08-13 16:24:00,,,,,,,,,-0.7191637749556168,24.164960661909838,,
2025-08-13 16:24:00,,,,,,,,,,,0.1291253821910569,24.17426781427642
2025-08-13 16:24:00,-0.8691499999999976,24.174380618280583,,,,,,,,,,
2025-08-13 16:24:00,,,-0.1007000000000005,24.173148264703137,,,,,,,,
2025-08-13 16:24:00,,,,,-0.8667078410781419,24.15651895050067,,,,,,
2025-08-13 16:24:00,,,,,,,-0.10093202551660987,24.177845007791642,,,,
2025-08-13 16:24:00,,,,,,,,,-0.8870728701536337,24.151047394291865,,
2025-08-13 16:24:00,,,,,,,,,,,-0.09891752510288745,24.17812866789722
2025-08-13 16:24:00,-0.2008999999999972,24.409173259043413,,,,,,,,,,
2025-08-13 16:24:00,,,-0.19234374999999915,24.22725721154101,,,,,,,,
2025-08-13 16:24:00,,,,,-0.19472899888579198,24.347133926011495,,,,,,
2025-08-13 16:24:00,,,,,,,-0.19106829480889773,24.217030770994413,,,,
2025-08-13 16:24:00,,,,,,,,,-0.25093244296088923,24.33672241431605,,
2025-08-13 16:24:00,,,,,,,,,,,-0.20252242448724553,24.214597502871676
2025-08-13 16:24:00,-0.36199374999999634,24.407315717320515,,,,,,,,,,
2025-08-13 16:24:00,,,-0.3464124999999981,24.271409737409833,,,,,,,,
2025-08-13 16:24:00,,,,,-0.3550090149491344,24.33794956234368,,,,,,
2025-08-13 16:24:00,,,,,,,-0.34367353431324527,24.24673331266515,,,,
2025-08-13 16:24:00,,,,,,,,,-0.4189530628099166,24.32608660649356,,
2025-08-13 16:24:00,,,,,,,,,,,-0.3685981980703764,24.241512842953625
2025-08-13 16:24:00,-0.5234000000000023,24.40438797511628,,,,,,,,,,
2025-08-13 16:24:00,,,-0.5327624999999984,24.31497671483781,,,,,,,,
2025-08-13 16:24:00,,,,,-0.515663365609162,24.327654289016852,,,,,,
2025-08-13 16:24:00,,,,,,,-0.5277950577332043,24.26760141323694,,,,
2025-08-13 16:24:00,,,,,,,,,-0.5899204001387979,24.313772814133053,,
2025-08-13 16:24:00,,,,,,,,,,,-0.5732085102037708,24.258517978228873
2025-08-13 16:24:00,-0.34010000000000673,24.467636420177573,,,,,,,,,,
2025-08-13 16:24:00,,,-0.45910875000000007,24.37257879798767,,,,,,,,
2025-08-13 16:24:00,,,,,-0.3318983979919806,24.37873942328849,,,,,,
2025-08-13 16:24:00,,,,,,,-0.45280152370284216,24.309599230232237,,,,
2025-08-13 16:24:00,,,,,,,,,-0.41337823022303677,24.364298586771742,,
2025-08-13 16:24:00,,,,,,,,,,,-0.5120514012572548,24.29838556320125
2025-08-13 16:24:00,-0.18700625000000315,24.519286871001384,,,,,,,,,,
2025-08-13 16:24:00,,,-0.32268000000000113,24.441560048531834,,,,,,,,
2025-08-13 16:24:00,,,,,-0.17853951606885948,24.4203191049117,,,,,,
2025-08-13 16:24:00,,,,,,,-0.31516785870098574,24.36235926111444,,,,
2025-08-13 16:24:00,,,,,,,,,-0.2653623556655642,24.405668067375835,,
2025-08-13 16:24:00,,,,,,,,,,,-0.38770929835964096,24.349309697818047
2025-08-13 16:24:00,-0.002881250000008606,24.579999831130966,,,,,,,,,,
2025-08-13 16:24:00,,,-0.2830762500000034,24.47572536294934,,,,,,,,
2025-08-13 16:24:00,,,,,0.005740238993198754,24.469008270724505,,,,,,
2025-08-13 16:24:00,,,,,,,-0.2750740111251876,24.386734130057043,,,,
2025-08-13 16:24:00,,,,,,,,,-0.0030319247436614,24.46718147253105,,
2025-08-13 16:24:00,,,,,,,,,,,-0.3381291947161954,24.37540150946105
2025-08-13 16:24:00,-0.7493750000000006,24.568574177379013,,,,,,,,,,
2025-08-13 16:24:00,,,-0.3605525000000043,24.507977054961042,,,,,,,,
2025-08-13 16:24:00,,,,,-0.7511491579456254,24.421074213029573,,,,,,
2025-08-13 16:24:00,,,,,,,-0.35430203972448576,24.403359060194223,,,,
2025-08-13 16:24:00,,,,,,,,,-0.8817325145311752,24.397189467142326,,
2025-08-13 16:24:00,,,,,,,,,,,-0.4306850850604471,24.389622081590804
2025-08-13 16:24:00,-0.9125312500000007,24.56305532131077,,,,,,,,,,
2025-08-13 16:24:00,,,-0.4383787500000039,24.53971052419994,,,,,,,,
2025-08-13 16:24:00,,,,,-0.9144305009111255,24.408179383976442,,,,,,
2025-08-13 16:24:00,,,,,,,-0.4340554667848785,24.41946407918614,,,,
2025-08-13 16:24:00,,,,,,,,,-1.056463871097972,24.381384004492617,,
2025-08-13 16:24:00,,,,,,,,,,,-0.523993779252282,24.403144319662715
2025-08-13 16:24:00,-1.0432812500000068,24.557849340555013,,,,,,,,,,
2025-08-13 16:24:00,,,-0.5790150000000039,24.557753108275428,,,,,,,,
2025-08-13 16:24:00,,,,,-1.0452809822489653,24.39709485335895,,,,,,
2025-08-13 16:24:00,,,,,,,-0.5767319836362754,24.423135165200236,,,,
2025-08-13 16:24:00,,,,,,,,,-1.1972399581089297,24.367571324998707,,
2025-08-13 16:24:00,,,,,,,,,,,-0.6807661248294605,24.403798867308105
2025-08-13 16:24:00,-1.2070000000000007,24.550347268419646,,,,,,,,,,
2025-08-13 16:24:00,,,-0.7830137500000035,24.56396518775908,,,,,,,,
2025-08-13 16:24:00,,,,,-1.2091254718207693,24.382272053859115,,,,,,
2025-08-13 16:24:00,,,,,,,-0.7828491747866574,24.415525754989716,,,,
2025-08-13 16:24:00,,,,,,,,,-1.3732799471829102,24.349236627062,,
2025-08-13 16:24:00,,,,,,,,,,,-0.9023496431329298,24.39251257924534
2025-08-13 16:24:00,-1.3382000000000076,24.543545399147206,,,,,,,,,,
2025-08-13 16:24:00,,,-1.0500775000000033,24.556674301362328,,,,,,,,
2025-08-13 16:24:00,,,,,-1.3404258902748838,24.3696353408761,,,,,,
2025-08-13 16:24:00,,,,,,,-1.0520824006402738,24.395651169020034,,,,
2025-08-13 16:24:00,,,,,,,,,-1.5149659509577509,24.33375004658467,,
2025-08-13 16:24:00,,,,,,,,,,,-1.2047364483757474,24.365826294056063
2025-08-13 16:24:00,-1.469600000000007,24.53602811866664,,,,,,,,,,
2025-08-13 16:24:00,,,-1.1941225000000046,24.550165089619853,,,,,,,,
2025-08-13 16:24:00,,,,,-1.4719258980778942,24.35630234490276,,,,,,
2025-08-13 16:24:00,,,,,,,-1.1962377486667277,24.382696795394672,,,,
2025-08-13 16:24:00,,,,,,,,,-1.6571364837901417,24.317236775135726,,
2025-08-13 16:24:00,,,,,,,,,,,-1.359817242227541,24.349835755654745
2025-08-13 16:24:00,-0.5422250000000091,24.874090778345547,,,,,,,,,,
2025-08-13 16:24:00,,,-1.1200612500000062,24.612372181026807,,,,,,,,
2025-08-13 16:24:00,,,,,-0.5449238343557279,24.633988719047345,,,,,,
2025-08-13 16:24:00,,,,,,,-1.122336415355648,24.427858662408852,,,,
2025-08-13 16:24:00,,,,,,,,,-0.7533131260649133,24.597574101213777,,
2025-08-13 16:24:00,,,,,,,,,,,-1.299187093220929,24.393073774998975
2025-08-13 16:24:00,0.20777499999999804,25.119140700855493,,,,,,,,,,
2025-08-13 16:24:00,,,-0.8698500000000052,24.724630453086906,,,,,,,,
2025-08-13 16:24:00,,,,,0.20501517931024082,24.832430207387915,,,,,,
2025-08-13 16:24:00,,,,,,,-0.872277183043807,24.514925733214646,,,,
2025-08-13 16:24:00,,,,,,,,,-0.00557659523816894,24.801860371215163,,
2025-08-13 16:24:00,,,,,,,,,,,-1.060854420646777,24.47993158424227
2025-08-13 16:24:00,-0.28675624999999627,25.118363220024627,,,,,,,,,,
2025-08-13 16:24:00,,,-0.6858012500000044,24.838233643407904,,,,,,,,
2025-08-13 16:24:00,,,,,-0.29000230179124653,24.808517362272482,,,,,,
2025-08-13 16:24:00,,,,,,,-0.6884525490379023,24.60017479489732,,,,
2025-08-13 16:24:00,,,,,,,,,-0.5497881623459033,24.76557414680051,,
2025-08-13 16:24:00,,,,,,,,,,,-0.8961560636793756,24.563199088189968
2025-08-13 16:24:00,-0.28675624999999627,25.118363220024627,,,,,,,,,,
2025-08-13 16:24:00,,,-0.4755125000000021,24.95319720758339,,,,,,,,
2025-08-13 16:24:00,,,,,-0.2949840392312109,25.207886783524998,,,,,,
2025-08-13 16:24:00,,,,,,,-0.4793641788291677,24.767825083427102,,,,
2025-08-13 16:24:00,,,,,,,,,-0.215587721610283,25.221467911467954,,
2025-08-13 16:24:00,,,,,,,,,,,-0.6362804178098821,24.740742661166628
2025-08-13 16:24:00,-0.6511999999999958,25.11155786804156,,,,,,,,,,
2025-08-13 16:24:00,,,-0.31183249999999985,25.06830315745837,,,,,,,,
2025-08-13 16:24:00,,,,,-0.6588570213999134,25.18506181107451,,,,,,
2025-08-13 16:24:00,,,,,,,-0.3167504034935716,24.933576976661453,,,,
2025-08-13 16:24:00,,,,,,,,,-0.586918829827975,25.198446079768054,,
2025-08-13 16:24:00,,,,,,,,,,,-0.42223688701744866,24.916984522093088
2025-08-13 16:24:00,0.23290000000000077,25.39893221357937,,,,,,,,,,
2025-08-13 16:24:00,,,-0.1568074999999979,25.173271444505133,,,,,,,,
2025-08-13 16:24:00,,,,,0.23104847073011525,25.41703671775162,,,,,,
2025-08-13 16:24:00,,,,,,,-0.16155594247640295,25.090186576402306,,,,
2025-08-13 16:24:00,,,,,,,,,0.24666925801886183,25.420882598607907,,
2025-08-13 16:24:00,,,,,,,,,,,-0.22224041020069368,25.08164622157192
2025-08-13 16:24:00,-0.13305625000000987,25.399651494348028,,,,,,,,,,
2025-08-13 16:24:00,,,-0.22497374999999947,25.22937360320364,,,,,,,,
2025-08-13 16:24:00,,,,,-0.13331111807627705,25.40161172259769,,,,,,
2025-08-13 16:24:00,,,,,,,-0.22922120195370654,25.20402287944426,,,,
2025-08-13 16:24:00,,,,,,,,,-0.13003448884988447,25.40383434553717,,
2025-08-13 16:24:00,,,,,,,,,,,-0.24713198892303684,25.20204101643632
2025-08-13 16:24:00,-0.13305625000000987,25.399651494348028,,,,,,,,,,
2025-08-13 16:24:00,,,-0.1942337500000022,25.285631258068328,,,,,,,,
2025-08-13 16:24:00,,,,,-0.13159876151899397,25.625998790360665,,,,,,
2025-08-13 16:24:00,,,,,,,-0.19754049389925601,25.3675191650619,,,,
2025-08-13 16:24:00,,,,,,,,,0.032801552590759855,25.650211105951428,,
2025-08-13 16:24:00,,,,,,,,,,,-0.13061404593570416,25.378968408266502
2025-08-13 16:24:00,-0.13305625000000987,25.399651494348028,,,,,,,,,,
2025-08-13 16:24:00,,,-0.16349375000000493,25.34188891293301,,,,,,,,
2025-08-13 16:24:00,,,,,-0.13154542312279416,25.63627180142969,,,,,,
2025-08-13 16:24:00,,,,,,,-0.16485277067757267,25.453196168642837,,,,
2025-08-13 16:24:00,,,,,,,,,0.04016516690971415,25.66144748856218,,
2025-08-13 16:24:00,,,,,,,,,,,-0.07946346823170472,25.466964323685346
2025-08-13 16:24:00,0.5044437500000001,25.59502952729467,,,,,,,,,,
2025-08-13 16:24:00,,,0.06763499999999426,25.438583244783622,,,,,,,,
2025-08-13 16:24:00,,,,,0.5055345748815334,25.791651648149024,,,,,,
2025-08-13 16:24:00,,,,,,,0.0680255485787167,25.574514136057736,,,,
2025-08-13 16:24:00,,,,,,,,,0.6276136325105264,25.806725405952836,,
2025-08-13 16:24:00,,,,,,,,,,,0.16344302423599555,25.588620188922302
2025-08-13 16:24:00,-0.299256249999992,25.59825083275879,,,,,,,,,,
2025-08-13 16:24:00,,,-0.038796250000004306,25.478446968619508,,,,,,,,
2025-08-13 16:24:00,,,,,-0.2982470589910371,25.759767693532446,,,,,,
2025-08-13 16:24:00,,,,,,,-0.03783355736551377,25.643060331213906,,,,
2025-08-13 16:24:00,,,,,,,,,-0.17343611003401715,25.778830271740876,,
2025-08-13 16:24:00,,,,,,,,,,,0.07942195062541975,25.6602097235489
2025-08-13 16:24:00,0.3754999999999953,25.807268351183545,,,,,,,,,,
2025-08-13 16:24:00,,,0.06291499999999672,25.559970339986613,,,,,,,,
2025-08-13 16:24:00,,,,,0.3669650298186944,25.924712311049117,,,,,,
2025-08-13 16:24:00,,,,,,,0.06222167221348052,25.74768044890419,,,,
2025-08-13 16:24:00,,,,,,,,,0.4542627401567423,25.93689763109242,,
2025-08-13 16:24:00,,,,,,,,,,,0.19628139642674508,25.76682238065995
2025-08-13 16:24:00,0.10600000000000165,25.809782331511435,,,,,,,,,,
2025-08-13 16:24:00,,,0.11072624999999903,25.641996507419293,,,,,,,,
2025-08-13 16:24:00,,,,,0.0976107788926911,25.915286287299274,,,,,,
2025-08-13 16:24:00,,,,,,,0.10806358029581753,25.805537948291907,,,,
2025-08-13 16:24:00,,,,,,,,,0.18252106376393268,25.928012134849382,,
2025-08-13 16:24:00,,,,,,,,,,,0.22622529866137966,25.822382586439538
2025-08-13 16:24:00,0.10600000000000165,25.809782331511435,,,,,,,,,,
2025-08-13 16:24:00,,,0.15853750000000133,25.724022674851973,,,,,,,,
2025-08-13 16:24:00,,,,,0.09952862298123033,25.95063072434404,,,,,,
2025-08-13 16:24:00,,,,,,,0.15427838951662243,25.868409732874785,,,,
2025-08-13 16:24:00,,,,,,,,,0.20614114206738787,25.965369690764952,,
2025-08-13 16:24:00,,,,,,,,,,,0.2594204936929144,25.883167026880095
2025-08-13 16:24:00,0.10600000000000165,25.809782331511435,,,,,,,,,,
2025-08-13 16:24:00,,,0.07884875000000165,25.766973235695325,,,,,,,,
2025-08-13 16:24:00,,,,,0.10689383406107367,25.975643441205555,,,,,,
2025-08-13 16:24:00,,,,,,,0.07455024135253048,25.90520809148608,,,,
2025-08-13 16:24:00,,,,,,,,,0.22326609432232597,25.991717744295553,,
2025-08-13 16:24:00,,,,,,,,,,,0.1785509860552743,25.920165494548637
2025-08-13 16:24:00,1.4392687500000036,26.18046801463399,,,,,,,,,,
2025-08-13 16:24:00,,,0.4265537500000008,25.883416672070364,,,,,,,,
2025-08-13 16:24:00,,,,,1.434487060261985,26.26506204085299,,,,,,
2025-08-13 16:24:00,,,,,,,0.42109706520313495,26.006266960950192,,,,
2025-08-13 16:24:00,,,,,,,,,1.4801196777801837,26.270694721964517,,
2025-08-13 16:24:00,,,,,,,,,,,0.5092621436181146,26.018538384593363
2025-08-13 16:24:00,-0.5040750000000003,26.215154174529946,,,,,,,,,,
2025-08-13 16:24:00,,,0.2506387500000017,25.964993836739648,,,,,,,,
2025-08-13 16:24:00,,,,,-0.5040750000000003,26.215154174529946,,,,,,
2025-08-13 16:24:00,,,,,,,0.24688905923939597,26.064355333646365,,,,
2025-08-13 16:24:00,,,,,,,,,-0.5037030529357693,26.215784751752835,,
2025-08-13 16:24:00,,,,,,,,,,,0.3176689849996122,26.074315808725448
2025-08-13 16:24:00,-0.8492000000000033,26.20624466343852,,,,,,,,,,
2025-08-13 16:24:00,,,0.05959875000000068,26.044286303125062,,,,,,,,
2025-08-13 16:24:00,,,,,-0.8475910146624844,26.19419185734705,,,,,,
2025-08-13 16:24:00,,,,,,,0.057848700528360844,26.120136447655916,,,,
2025-08-13 16:24:00,,,,,,,,,-0.8619485068608854,26.18998653934397,,
2025-08-13 16:24:00,,,,,,,,,,,0.10877507087464858,26.126710689624367
2025-08-13 16:24:00,-1.1608812500000028,26.194288589755562,,,,,,,,,,
2025-08-13 16:24:00,,,-0.1937775000000002,26.121187554773893,,,,,,,,
2025-08-13 16:24:00,,,,,-1.1576016982662103,26.169596436933272,,,,,,
2025-08-13 16:24:00,,,,,,,-0.19357736372112727,26.163929590173762,,,,
2025-08-13 16:24:00,,,,,,,,,-1.1869737813933052,26.162557869521244,,
2025-08-13 16:24:00,,,,,,,,,,,-0.16984791381749006,26.166148325375623
2025-08-13 16:24:00,-2.5935750000000013,26.091411780878683,,,,,,,,,,
2025-08-13 16:24:00,,,-0.7336925000000007,26.17751344464734,,,,,,,,
2025-08-13 16:24:00,,,,,-2.5844451881633925,26.00948046151442,,,,,,
2025-08-13 16:24:00,,,,,,,-0.7318451681660205,26.170696994235538,,,,
2025-08-13 16:24:00,,,,,,,,,-2.702168749177419,25.98122855397302,,
2025-08-13 16:24:00,,,,,,,,,,,-0.7549348825174391,26.164050487311112
2025-08-13 16:24:00,-2.9462000000000117,26.053949903229643,,,,,,,,,,
2025-08-13 16:24:00,,,-1.6107862500000039,26.152209822366473,,,,,,,,
2025-08-13 16:24:00,,,,,-2.946645401190871,25.95588321993342,,,,,,
2025-08-13 16:24:00,,,,,,,-1.608071660456592,26.108861230051623,,,,
2025-08-13 16:24:00,,,,,,,,,-3.079003435340382,25.922606475022214,,
2025-08-13 16:24:00,,,,,,,,,,,-1.666759505141552,26.094432837922653
2025-08-13 16:24:00,-3.6196312499999976,25.968955882245698,,,,,,,,,,
2025-08-13 16:24:00,,,-2.2338975000000034,26.102970163909625,,,,,,,,
2025-08-13 16:24:00,,,,,-3.620092509808887,25.84535478485167,,,,,,
2025-08-13 16:24:00,,,,,,,-2.231275162418369,26.03490135211597,,,,
2025-08-13 16:24:00,,,,,,,,,-3.8051279132253755,25.7939993724746,,
2025-08-13 16:24:00,,,,,,,,,,,-2.327044477199473,26.010075762067004
2025-08-13 16:24:00,-3.8332312500000114,25.938287109676757,,,,,,,,,,
2025-08-13 16:24:00,,,-2.830703750000005,26.04937865315727,,,,,,,,
2025-08-13 16:24:00,,,,,-3.833679956133374,25.806729209260098,,,,,,
2025-08-13 16:24:00,,,,,,,-2.8284929507125467,25.957408822498575,,,,
2025-08-13 16:24:00,,,,,,,,,-4.037161328952308,25.74850884217056,,
2025-08-13 16:24:00,,,,,,,,,,,-2.962087041617758,25.92178022263233
2025-08-13 16:24:00,-3.8332312500000114,25.938287109676757,,,,,,,,,,
2025-08-13 16:24:00,,,-3.3651737500000065,25.998178357141505,,,,,,,,
2025-08-13 16:24:00,,,,,-3.8330789604162905,26.059505433656092,,,,,,
2025-08-13 16:24:00,,,,,,,-3.3635884031425634,25.93539062184314,,,,
2025-08-13 16:24:00,,,,,,,,,-3.656402741651373,26.108258189747538,,
2025-08-13 16:24:00,,,,,,,,,,,-3.455972833669372,25.910920286677587
2025-08-13 16:24:00,-4.476731250000007,25.835001012488338,,,,,,,,,,
2025-08-13 16:24:00,,,-3.741805000000008,25.94689620346344,,,,,,,,
2025-08-13 16:24:00,,,,,-4.476735699508726,25.934207031595605,,,,,,
2025-08-13 16:24:00,,,,,,,-3.74204650541163,25.920335935859377,,,,
2025-08-13 16:24:00,,,,,,,,,-4.318855291353621,25.981797884082216,,
2025-08-13 16:24:00,,,,,,,,,,,-3.779310142104612,25.911034152699425
2025-08-13 16:24:00,-4.728075000000011,25.790186249703098,,,,,,,,,,
2025-08-13 16:24:00,,,-4.098180000000008,25.894143472758127,,,,,,,,
2025-08-13 16:24:00,,,,,-4.728132585928261,25.880991826592,,,,,,
2025-08-13 16:24:00,,,,,,,-4.098343942359108,25.905357657191093,,,,
2025-08-13 16:24:00,,,,,,,,,-4.5790579492344,25.927404971131864,,
2025-08-13 16:24:00,,,,,,,,,,,-4.079321044883416,25.911993851921352
2025-08-13 16:24:00,-5.232599999999998,25.692572803049522,,,,,,,,,,
2025-08-13 16:24:00,,,-4.4207737500000075,25.838866856918894,,,,,,,,
2025-08-13 16:24:00,,,,,-5.232745640491203,25.766849007079905,,,,,,
2025-08-13 16:24:00,,,,,,,-4.420874568495571,25.88965650163674,,,,
2025-08-13 16:24:00,,,,,,,,,-5.10263933857871,25.80982759972502,,
2025-08-13 16:24:00,,,,,,,,,,,-4.338823329954083,25.91515949737144
2025-08-13 16:24:00,-5.232599999999998,25.692572803049522,,,,,,,,,,
2025-08-13 16:24:00,,,-4.700647500000005,25.789723995593448,,,,,,,,
2025-08-13 16:24:00,,,,,-5.236478260473875,26.27379919808284,,,,,,
2025-08-13 16:24:00,,,,,,,-4.701434229363672,25.983070499401286,,,,
2025-08-13 16:24:00,,,,,,,,,-4.322142225059061,26.557095472011223,,
2025-08-13 16:24:00,,,,,,,,,,,-4.395819509175434,26.076876823339568
2025-08-13 16:24:00,-5.232599999999998,25.692572803049522,,,,,,,,,,
2025-08-13 16:24:00,,,-4.9805212500000025,25.740581134268,,,,,,,,
2025-08-13 16:24:00,,,,,-5.237417233367758,26.348024388261486,,,,,,
2025-08-13 16:24:00,,,,,,,-4.982301883953964,26.040774290322368,,,,
2025-08-13 16:24:00,,,,,,,,,-4.221490306337296,26.659981950119963,,
2025-08-13 16:24:00,,,,,,,,,,,-4.508837022112617,26.187221575414053
2025-08-13 16:24:00,-5.232599999999998,25.692572803049522,,,,,,,,,,
2025-08-13 16:24:00,,,-5.131695000000001,25.71209549238024,,,,,,,,
2025-08-13 16:24:00,,,,,-5.238198011127981,26.40454017424147,,,,,,
2025-08-13 16:24:00,,,,,,,-5.134594346277816,26.13484091885154,,,,
2025-08-13 16:24:00,,,,,,,,,-4.146130083260872,26.73771968394039,,
2025-08-13 16:24:00,,,,,,,,,,,-4.474291980494067,26.33840593538569
2025-08-13 16:24:00,-5.232599999999998,25.692572803049522,,,,,,,,,,
2025-08-13 16:24:00,,,-5.232599999999998,25.692572803049522,,,,,,,,
2025-08-13 16:24:00,,,,,-5.240159227173102,26.531586264760413,,,,,,
2025-08-13 16:24:00,,,,,,,-5.236999674526784,26.264959806485223,,,,
2025-08-13 16:24:00,,,,,,,,,-3.9830329771321455,26.90965786855978,,
2025-08-13 16:24:00,,,,,,,,,,,-4.355086986073617,26.534856514871272
2025-08-13 16:24:00,-5.232599999999998,25.692572803049522,,,,,,,,,,
2025-08-13 16:24:00,,,-5.232599999999998,25.692572803049522,,,,,,,,
2025-08-13 16:24:00,,,,,-5.24063315646891,26.559797479522455,,,,,,
2025-08-13 16:24:00,,,,,,,-5.238577177722325,26.423549500973728,,,,
2025-08-13 16:24:00,,,,,,,,,-3.948100413228566,26.94738550775108,,
2025-08-13 16:24:00,,,,,,,,,,,-4.124179201003588,26.762368096476486
2025-08-13 16:24:00,-5.232599999999998,25.692572803049522,,,,,,,,,,
2025-08-13 16:24:00,,,-5.232599999999998,25.692572803049522,,,,,,,,
2025-08-13 16:24:00,,,,,-5.241244898676911,26.59505075154626,,,,,,
2025-08-13 16:24:00,,,,,,,-5.239530505362932,26.487799811666417,,,,
2025-08-13 16:24:00,,,,,,,,,-3.9043279500757495,26.994276901946705,,
2025-08-13 16:24:00,,,,,,,,,,,-4.040616346006926,26.84980438246358
2025-08-13 16:24:00,-5.232599999999998,25.692572803049522,,,,,,,,,,
2025-08-13 16:24:00,,,-5.232599999999998,25.692572803049522,,,,,,,,
2025-08-13 16:24:00,,,,,-5.241942513140884,26.633815642754392,,,,,,
2025-08-13 16:24:00,,,,,,,-5.2404355613175575,26.544958062565,,,,
2025-08-13 16:24:00,,,,,,,,,-3.8578030635377147,27.04550021938534,,
2025-08-13 16:24:00,,,,,,,,,,,-3.9678788974470103,26.92690803631666
2025-08-13 16:24:00,-5.232599999999998,25.692572803049522,,,,,,,,,,
2025-08-13 16:24:00,,,-5.232599999999998,25.692572803049522,,,,,,,,
2025-08-13 16:24:00,,,,,-5.243208070151184,26.700739632899577,,,,,,
2025-08-13 16:24:00,,,,,,,-5.241437573122198,26.60419795429662,,,,
2025-08-13 16:24:00,,,,,,,,,-3.777961700972132,27.133280601843012,,
2025-08-13 16:24:00,,,,,,,,,,,-3.8942452209892613,27.00602021989718
2025-08-13 16:24:00,-5.232599999999998,25.692572803049522,,,,,,,,,,
2025-08-13 16:24:00,,,-5.232599999999998,25.692572803049522,,,,,,,,
2025-08-13 16:24:00,,,,,-5.244405016262299,26.760583315180313,,,,,,
2025-08-13 16:24:00,,,,,,,-5.242286730940037,26.649997364380603,,,,
2025-08-13 16:24:00,,,,,,,,,-3.7080789965720102,27.211268075187427,,
2025-08-13 16:24:00,,,,,,,,,,,-3.8392544248772347,27.06634226122271
2025-08-13 16:24:00,-5.232599999999998,25.692572803049522,,,,,,,,,,
2025-08-13 16:24:00,,,-5.232599999999998,25.692572803049522,,,,,,,,
2025-08-13 16:24:00,,,,,-5.245662498491754,26.820393667113677,,,,,,
2025-08-13 16:24:00,,,,,,,-5.243292599344606,26.702116601898844,,,,
2025-08-13 16:24:00,,,,,,,,,-3.6401249034667487,27.288563657706323,,
2025-08-13 16:24:00,,,,,,,,,,,-3.777659322924871,27.134577891213763
2025-08-13 16:24:00,-5.232599999999998,25.692572803049522,,,,,,,,,,
2025-08-13 16:24:00,,,-5.232599999999998,25.692572803049522,,,,,,,,
2025-08-13 16:24:00,,,,,-5.247059437842616,26.883686326027593,,,,,,
2025-08-13 16:24:00,,,,,,,-5.244455507177747,26.75984371679511,,,,
2025-08-13 16:24:00,,,,,,,,,-3.569646426053566,27.369547560055683,,
2025-08-13 16:24:00,,,,,,,,,,,-3.7107230181204343,27.209632022835557
2025-08-13 16:24:00,-5.232599999999998,25.692572803049522,,,,,,,,,,
2025-08-13 16:24:00,,,-5.232599999999998,25.692572803049522,,,,,,,,
2025-08-13 16:24:00,,,,,-5.247539962191816,26.904775730827872,,,,,,
2025-08-13 16:24:00,,,,,,,-5.2455749969879335,26.81403573440981,,,,
2025-08-13 16:24:00,,,,,,,,,-3.546283406430986,27.396491741798684,,
2025-08-13 16:24:00,,,,,,,,,,,-3.6484190866990884,27.279830327318223
2025-08-13 16:24:00,-5.232599999999998,25.692572803049522,,,,,,,,,,
2025-08-13 16:24:00,,,-5.232599999999998,25.692572803049522,,,,,,,,
2025-08-13 16:24:00,,,,,-5.2487736336501385,26.95748155799719,,,,,,
2025-08-13 16:24:00,,,,,,,-5.2466881096877245,26.86538411942933,,,,
2025-08-13 16:24:00,,,,,,,,,-3.488892012615685,27.463451548322162,,
2025-08-13 16:24:00,,,,,,,,,,,-3.590605149027799,27.345864516614057
2025-08-13 16:24:00,-5.232599999999998,25.692572803049522,,,,,,,,,,
2025-08-13 16:24:00,,,-5.232599999999998,25.692572803049522,,,,,,,,
2025-08-13 16:24:00,,,,,-5.249279996859279,26.978556853612538,,,,,,
2025-08-13 16:24:00,,,,,,,-5.247663105807121,26.90897882711577,,,,
2025-08-13 16:24:00,,,,,,,,,-3.4663423519092977,27.49002904420928,,
2025-08-13 16:24:00,,,,,,,,,,,-3.5422578200952564,27.401616710418427
2025-08-13 16:24:00,-5.232599999999998,25.692572803049522,,,,,,,,,,
2025-08-13 16:24:00,,,-5.232599999999998,25.692572803049522,,,,,,,,
2025-08-13 16:24:00,,,,,-5.250577969513081,27.031227634096304,,,,,,
2025-08-13 16:24:00,,,,,,,-5.248646200011386,26.951145620512296,,,,
2025-08-13 16:24:00,,,,,,,,,-3.4106280650919474,27.556268113484286,,
2025-08-13 16:24:00,,,,,,,,,,,-3.4963584524202966,27.45515760157402
2025-08-13 16:24:00,-5.232599999999998,25.692572803049522,,,,,,,,,,
2025-08-13 16:24:00,,,-5.232599999999998,25.692572803049522,,,,,,,,
2025-08-13 16:24:00,,,,,-5.251109930992392,27.052288999512434,,,,,,
2025-08-13 16:24:00,,,,,,,-5.249456298641341,26.984866155209268,,,,
2025-08-13 16:24:00,,,,,,,,,-3.3884556421251215,27.582688626106872,,
2025-08-13 16:24:00,,,,,,,,,,,-3.4601202956346073,27.497785814784255
2025-08-13 16:24:00,-5.232599999999998,25.692572803049522,,,,,,,,,,
2025-08-13 16:24:00,,,-5.232599999999998,25.692572803049522,,,,,,,,
2025-08-13 16:24:00,,,,,-5.252195661475689,27.094399897827508,,,,,,
2025-08-13 16:24:00,,,,,,,-5.250387438498116,27.022790988609195,,,,
2025-08-13 16:24:00,,,,,,,,,-3.344473682054164,27.635386727579018,,
2025-08-13 16:24:00,,,,,,,,,,,-3.4197583507592433,27.545564811940324
2025-08-13 16:24:00,-5.232599999999998,25.692572803049522,,,,,,,,,,
2025-08-13 16:24:00,,,-5.232599999999998,25.692572803049522,,,,,,,,
2025-08-13 16:24:00,,,,,-5.253404520515225,27.1400023480524,,,,,,
2025-08-13 16:24:00,,,,,,,-5.251313615871133,27.05929514662024,,,,
2025-08-13 16:24:00,,,,,,,,,-3.298141524386978,27.692062533205984,,
2025-08-13 16:24:00,,,,,,,,,,,-3.3816082531135017,27.591287008917085
2025-08-13 16:24:00,-5.232599999999998,25.692572803049522,,,,,,,,,,
2025-08-13 16:24:00,,,-5.232599999999998,25.692572803049522,,,,,,,,
2025-08-13 16:24:00,,,,,-5.254744130769062,27.189092265099283,,,,,,
2025-08-13 16:24:00,,,,,,,-5.25240644265309,27.101402228917586,,,,
2025-08-13 16:24:00,,,,,,,,,-3.248602746149288,27.752850968159066,,
2025-08-13 16:24:00,,,,,,,,,,,-3.3380603319614996,27.643851393707045
2025-08-13 16:24:00,-20.600375000000014,16.220756759762303,,,,,,,,,,
2025-08-13 16:24:00,,,-8.306155,23.79820959439208,,,,,,,,
2025-08-13 16:24:00,,,,,-20.95276446268558,17.860207972211875,,,,,,
2025-08-13 16:24:00,,,,,,,-8.392843741287589,25.2671982965407,,,,
2025-08-13 16:24:00,,,,,,,,,-15.323629875256021,23.41397675584951,,
2025-08-13 16:24:00,,,,,,,,,,,-5.720660693994314,26.81539312218009
2025-08-13 16:24:00,-20.600375000000014,16.220756759762303,,,,,,,,,,
2025-08-13 16:24:00,,,-11.379710000000005,21.903846385734635,,,,,,,,
2025-08-13 16:24:00,,,,,-20.980847224348352,17.9812923768392,,,,,,
2025-08-13 16:24:00,,,,,,,-11.538791199958782,23.452998972006053,,,,
2025-08-13 16:24:00,,,,,,,,,-15.041607812604765,23.748807626058955,,
2025-08-13 16:24:00,,,,,,,,,,,-8.051291128090243,26.048616922170503
2025-08-13 16:24:00,-21.094475000000003,15.57278152657305,,,,,,,,,,
2025-08-13 16:24:00,,,-14.552085000000005,19.87988813043934,,,,,,,,
2025-08-13 16:24:00,,,,,-21.50861596944692,17.361548011968548,,,,,,
2025-08-13 16:24:00,,,,,,,-14.790075261553028,21.50642859483426,,,,
2025-08-13 16:24:00,,,,,,,,,-15.393169036290203,23.533585386888568,,
2025-08-13 16:24:00,,,,,,,,,,,-10.46103019893745,25.228256654032418
2025-08-13 16:24:00,-21.094475000000003,15.57278152657305,,,,,,,,,,
2025-08-13 16:24:00,,,-17.724460000000008,17.855929875144046,,,,,,,,
2025-08-13 16:24:00,,,,,-21.53678136915721,17.474399610372455,,,,,,
2025-08-13 16:24:00,,,,,,,-18.046750631281423,19.573308047298273,,,,
2025-08-13 16:24:00,,,,,,,,,-15.135746808267049,23.841484773142266,,
2025-08-13 16:24:00,,,,,,,,,,,-12.828551255713464,24.458141102019674
2025-08-13 16:24:00,-21.424875,15.114996898258859,,,,,,,,,,
2025-08-13 16:24:00,,,-20.962915000000006,15.740414694185915,,,,,,,,
2025-08-13 16:24:00,,,,,-21.89318898521796,17.03739035570191,,,,,,
2025-08-13 16:24:00,,,,,,,-21.374439602171204,17.542967665418796,,,,
2025-08-13 16:24:00,,,,,,,,,-15.366001458990763,23.701735086942698,,
2025-08-13 16:24:00,,,,,,,,,,,-15.252030998281759,23.647917925776405
2025-08-13 16:24:00,-21.424875,15.114996898258859,,,,,,,,,,
2025-08-13 16:24:00,,,-21.127815000000005,15.519262721885223,,,,,,,,
2025-08-13 16:24:00,,,,,-21.912926173457294,17.112611456632187,,,,,,
2025-08-13 16:24:00,,,,,,,-21.56647194432555,17.39344836230286,,,,
2025-08-13 16:24:00,,,,,,,,,-15.197681756277401,23.90392129274144,,
2025-08-13 16:24:00,,,,,,,,,,,-15.226841374486037,23.745906833154788
2025-08-13 16:24:00,-21.424875,15.114996898258859,,,,,,,,,,
2025-08-13 16:24:00,,,-21.292715,15.298110749584534,,,,,,,,
2025-08-13 16:24:00,,,,,-21.944846666292918,17.233368482939504,,,,,,
2025-08-13 16:24:00,,,,,,,-21.75927183271446,17.24386358352292,,,,
2025-08-13 16:24:00,,,,,,,,,-14.934867820713272,24.218333773191823,,
2025-08-13 16:24:00,,,,,,,,,,,-15.20549337610774,23.83981206258136
2025-08-13 16:24:00,-21.424875,15.114996898258859,,,,,,,,,,
2025-08-13 16:24:00,,,-21.358795,15.206553823921698,,,,,,,,
2025-08-13 16:24:00,,,,,-21.954783660036327,17.270737357494248,,,,,,
2025-08-13 16:24:00,,,,,,,-21.848505370832342,17.225701452628062,,,,
2025-08-13 16:24:00,,,,,,,,,-14.85471477673888,24.313762969119658,,
2025-08-13 16:24:00,,,,,,,,,,,-15.097802524197473,23.995847579027576
2025-08-13 16:24:00,-21.424875,15.114996898258859,,,,,,,,,,
2025-08-13 16:24:00,,,-21.424875,15.114996898258857,,,,,,,,
2025-08-13 16:24:00,,,,,-21.978026584767875,17.35773554537463,,,,,,
2025-08-13 16:24:00,,,,,,,-21.936754413954475,17.202368639628496,,,,
2025-08-13 16:24:00,,,,,,,,,-14.672511161266625,24.530618014320044,,
2025-08-13 16:24:00,,,,,,,,,,,-15.005155394797388,24.133674227263132
2025-08-13 16:24:00,-21.424875,15.114996898258859,,,,,,,,,,
2025-08-13 16:24:00,,,-21.424875,15.114996898258857,,,,,,,,
2025-08-13 16:24:00,,,,,-21.996900470191306,17.427963496739984,,,,,,
2025-08-13 16:24:00,,,,,,,-21.957496710949144,17.28048326783611,,,,
2025-08-13 16:24:00,,,,,,,,,-14.527760891055971,24.702095126168544,,
2025-08-13 16:24:00,,,,,,,,,,,-14.837507281210431,24.3337462351083
2025-08-13 16:24:00,-21.424875,15.114996898258859,,,,,,,,,,
2025-08-13 16:24:00,,,-21.424875,15.114996898258857,,,,,,,,
2025-08-13 16:24:00,,,,,-22.00691364726991,17.46507146524241,,,,,,
2025-08-13 16:24:00,,,,,,,-21.976294205711667,17.350975269558155,,,,
2025-08-13 16:24:00,,,,,,,,,-14.452215344337597,24.791467211576986,,
2025-08-13 16:24:00,,,,,,,,,,,-14.688413998822469,24.51125541887541
2025-08-13 16:24:00,-23.340199999999996,11.946692595023952,,,,,,,,,,
2025-08-13 16:24:00,,,-21.80794,14.481336037611877,,,,,,,,
2025-08-13 16:24:00,,,,,-24.15979667880937,14.452692918509532,,,,,,
2025-08-13 16:24:00,,,,,,,-22.419284208214957,16.79484015667216,,,,
2025-08-13 16:24:00,,,,,,,,,-15.709755629384869,24.06721627026457,,
2025-08-13 16:24:00,,,,,,,,,,,-14.843391560556787,24.48103191828996
2025-08-13 16:24:00,-23.340199999999996,11.946692595023952,,,,,,,,,,
2025-08-13 16:24:00,,,-22.191004999999997,13.847675176964895,,,,,,,,
2025-08-13 16:24:00,,,,,-24.186017875347872,14.527668080286324,,,,,,
2025-08-13 16:24:00,,,,,,,-22.865531051277266,16.246226301230575,,,,
2025-08-13 16:24:00,,,,,,,,,-15.553576851282344,24.260887178250496,,
2025-08-13 16:24:00,,,,,,,,,,,-14.983163975465482,24.47045676011613
2025-08-13 16:24:00,-23.340199999999996,11.946692595023952,,,,,,,,,,
2025-08-13 16:24:00,,,-22.57407,13.214014316317915,,,,,,,,
2025-08-13 16:24:00,,,,,-24.2093524659099,14.594129007945375,,,,,,
2025-08-13 16:24:00,,,,,,,-23.311796227505674,15.693504993744725,,,,
2025-08-13 16:24:00,,,,,,,,,-15.417204524764987,24.42943925872878,,
2025-08-13 16:24:00,,,,,,,,,,,-15.132102648165153,24.450221008997875
2025-08-13 16:24:00,-23.340199999999996,11.946692595023952,,,,,,,,,,
2025-08-13 16:24:00,,,-22.957134999999997,12.580353455670934,,,,,,,,
2025-08-13 16:24:00,,,,,-24.23271270287249,14.660418507523806,,,,,,
2025-08-13 16:24:00,,,,,,,-23.75895867404191,15.13999599590149,,,,
2025-08-13 16:24:00,,,,,,,,,-15.28287828308234,24.59460092498133,,
2025-08-13 16:24:00,,,,,,,,,,,-15.283126126570428,24.42872216876043
2025-08-13 16:24:00,-23.340199999999996,11.946692595023952,,,,,,,,,,
2025-08-13 16:24:00,,,-23.340199999999996,11.946692595023952,,,,,,,,
2025-08-13 16:24:00,,,,,-24.244402552245433,14.69349938953973,,,,,,
2025-08-13 16:24:00,,,,,,,-24.206456455037014,14.585681580760953,,,,
2025-08-13 16:24:00,,,,,,,,,-15.217057069856603,24.67577666148329,,
2025-08-13 16:24:00,,,,,,,,,,,-15.43609447167423,24.40558405874169
2025-08-13 16:24:00,-23.340199999999996,11.946692595023952,,,,,,,,,,
2025-08-13 16:24:00,,,-23.340199999999996,11.946692595023952,,,,,,,,
2025-08-13 16:24:00,,,,,-24.26780192277552,14.759534256998327,,,,,,
2025-08-13 16:24:00,,,,,,,-24.228057503830243,14.647049848458712,,,,
2025-08-13 16:24:00,,,,,,,,,-15.08614459062101,24.836319438347424,,
2025-08-13 16:24:00,,,,,,,,,,,-15.311372263921456,24.559404692358264
2025-08-13 16:24:00,-23.340199999999996,11.946692595023952,,,,,,,,,,
2025-08-13 16:24:00,,,-23.340199999999996,11.946692595023952,,,,,,,,
2025-08-13 16:24:00,,,,,-24.28829810768481,14.81717683320388,,,,,,
2025-08-13 16:24:00,,,,,,,-24.24851355029763,14.704951599042223,,,,
2025-08-13 16:24:00,,,,,,,,,-14.973693780840145,24.974254112711986,,
2025-08-13 16:24:00,,,,,,,,,,,-15.195395649833017,24.702078079250562
2025-08-13 16:24:00,-23.340199999999996,11.946692595023952,,,,,,,,,,
2025-08-13 16:24:00,,,-23.340199999999996,11.946692595023952,,,,,,,,
2025-08-13 16:24:00,,,,,-24.308814807881348,14.874691595596564,,,,,,
2025-08-13 16:24:00,,,,,,,-24.26840601869192,14.761064116572461,,,,
2025-08-13 16:24:00,,,,,,,,,-14.863373835849458,25.1091795390929,,
2025-08-13 16:24:00,,,,,,,,,,,-15.084629512049911,24.838026135323382
2025-08-13 16:24:00,-28.678481250000004,11.617524986269748,,,,,,,,,,
2025-08-13 16:24:00,,,-24.40785625,11.880859073273111,,,,,,,,
2025-08-13 16:24:00,,,,,-25.97386978564748,12.629595788189866,,,,,,
2025-08-13 16:24:00,,,,,,,-24.61663743524692,14.354899572705673,,,,
2025-08-13 16:24:00,,,,,,,,,-18.026749868569865,23.147128641760105,,
2025-08-13 16:24:00,,,,,,,,,,,-15.633403829147415,24.548531678679144
2025-08-13 16:24:00,-28.678481250000004,11.617524986269748,,,,,,,,,,
2025-08-13 16:24:00,,,-25.4755125,11.815025551522272,,,,,,,,
2025-08-13 16:24:00,,,,,-25.99851611961674,12.686320400539378,,,,,,
2025-08-13 16:24:00,,,,,,,-24.96746014872118,13.953463774905604,,,,
2025-08-13 16:24:00,,,,,,,,,-17.906250501921768,23.31539764044618,,
2025-08-13 16:24:00,,,,,,,,,,,-16.171242515560447,24.27645587447172
2025-08-13 16:24:00,-29.63823124999999,13.817972051950171,,,,,,,,,,
2025-08-13 16:24:00,,,-26.735118749999998,12.189281442907514,,,,,,,,
2025-08-13 16:24:00,,,,,-25.504444813697745,13.830892818984246,,,,,,
2025-08-13 16:24:00,,,,,,,-25.214788726905624,13.767735487302787,,,,
2025-08-13 16:24:00,,,,,,,,,-18.435543384794713,22.942686991191106,,
2025-08-13 16:24:00,,,,,,,,,,,-16.84112227439519,23.897729385040456
2025-08-13 16:24:00,-31.487281249999995,17.434462438417803,,,,,,,,,,
2025-08-13 16:24:00,,,-28.364535,13.286835411586285,,,,,,,,
2025-08-13 16:24:00,,,,,-24.815464293370667,15.34888814644993,,,,,,
2025-08-13 16:24:00,,,,,,,-25.320221964042794,13.874077749951997,,,,
2025-08-13 16:24:00,,,,,,,,,-19.421771729987256,22.20696675609245,,
2025-08-13 16:24:00,,,,,,,,,,,-17.730737864224615,23.34427191371655
2025-08-13 16:24:00,-31.797600000000003,17.988856710752916,,,,,,,,,,
2025-08-13 16:24:00,,,-30.056015000000002,14.495268234732077,,,,,,,,
2025-08-13 16:24:00,,,,,-24.724347256181133,15.546966161059235,,,,,,
2025-08-13 16:24:00,,,,,,,-25.403328453702752,14.00853266304453,,,,
2025-08-13 16:24:00,,,,,,,,,-19.583085416989267,22.081384404217204,,
2025-08-13 16:24:00,,,,,,,,,,,-18.674680180452572,22.73871288674141
2025-08-13 16:24:00,-32.15299999999999,18.609863218196942,,,,,,,,,,
2025-08-13 16:24:00,,,-30.750918749999993,15.893735881117516,,,,,,,,
2025-08-13 16:24:00,,,,,-24.626869092552965,15.759150768046048,,,,,,
2025-08-13 16:24:00,,,,,,,-25.13392831508385,14.634443659015767,,,,
2025-08-13 16:24:00,,,,,,,,,-19.766332018526075,21.93670898575193,,
2025-08-13 16:24:00,,,,,,,,,,,-19.022596610443816,22.496628955539776
2025-08-13 16:24:00,-32.15299999999999,18.609863218196942,,,,,,,,,,
2025-08-13 16:24:00,,,-31.4458225,17.292203527502956,,,,,,,,
2025-08-13 16:24:00,,,,,-24.683527235263796,15.916029462969583,,,,,,
2025-08-13 16:24:00,,,,,,,-24.870930538213262,15.280385471501807,,,,
2025-08-13 16:24:00,,,,,,,,,-19.428044899678497,22.45263610581673,,
2025-08-13 16:24:00,,,,,,,,,,,-19.32695548999516,22.324076648613886
2025-08-13 16:24:00,-32.553781250000014,19.294047622851263,,,,,,,,,,
2025-08-13 16:24:00,,,-32.028932499999996,18.387418641683176,,,,,,,,
2025-08-13 16:24:00,,,,,-24.580865495123106,16.138412901871913,,,,,,
2025-08-13 16:24:00,,,,,,,-24.686214674498334,15.741889488079341,,,,
2025-08-13 16:24:00,,,,,,,,,-19.631972456134058,22.29610791324894,,
2025-08-13 16:24:00,,,,,,,,,,,-19.56624130426303,22.194760833025448
2025-08-13 16:24:00,2.1824187499999823,35.19239475227067,,,,,,,,,,
2025-08-13 16:24:00,,,-25.294992500000006,21.93900510445375,,,,,,,,
2025-08-13 16:24:00,,,,,2.190362947289982,34.923627840976536,,,,,,
2025-08-13 16:24:00,,,,,,,-19.285049226366205,19.656837426984662,,,,
2025-08-13 16:24:00,,,,,,,,,2.0677800715122348,34.91609994357081,,
2025-08-13 16:24:00,,,,,,,,,,,-15.268330943963132,24.736587470521123
2025-08-13 16:24:00,1.7806250000000006,35.215010643323325,,,,,,,,,,
2025-08-13 16:24:00,,,-18.579347500000004,25.38423589096783,,,,,,,,
2025-08-13 16:24:00,,,,,1.7905522025039238,34.93167506472391,,,,,,
2025-08-13 16:24:00,,,,,,,-13.982069334629193,23.5337792077176,,,,
2025-08-13 16:24:00,,,,,,,,,1.6328048937423238,34.92082511573999,,
2025-08-13 16:24:00,,,,,,,,,,,-11.025152881816814,27.304475612825676
2025-08-13 16:24:00,1.7806250000000006,35.215010643323325,,,,,,,,,,
2025-08-13 16:24:00,,,-11.792622500000004,28.705265375993104,,,,,,,,
2025-08-13 16:24:00,,,,,1.7874530482518063,35.03625165160329,,,,,,
2025-08-13 16:24:00,,,,,,,-8.699204906468237,27.389199384429048,,,,
2025-08-13 16:24:00,,,,,,,,,1.6898052164680268,35.02882388411171,,
2025-08-13 16:24:00,,,,,,,,,,,-6.733925434817995,29.92289859249764
2025-08-13 16:24:00,1.4674187500000073,35.22945191472822,,,,,,,,,,
2025-08-13 16:24:00,,,-5.0685387500000045,32.02918311529936,,,,,,,,
2025-08-13 16:24:00,,,,,1.475580956879277,35.03958106957997,,,,,,
2025-08-13 16:24:00,,,,,,,-3.4673832680396233,31.21390970575112,,,,
2025-08-13 16:24:00,,,,,,,,,1.3567817692004804,35.029931193862616,,
2025-08-13 16:24:00,,,,,,,,,,,-2.576960101042198,32.43835761010681
2025-08-13 16:24:00,1.1984687499999893,35.23962645453656,,,,,,,,,,
2025-08-13 16:24:00,,,1.681911249999996,35.21829888163642,,,,,,,,
2025-08-13 16:24:00,,,,,1.207816257825264,35.040293418747304,,,,,,
2025-08-13 16:24:00,,,,,,,1.6903530825500508,34.9942858091262,,,,
2025-08-13 16:24:00,,,,,,,,,1.069183705942525,35.02830446387658,,
2025-08-13 16:24:00,,,,,,,,,,,1.5632711313731182,34.98479692023234
2025-08-13 16:24:00,1.1984687499999893,35.23962645453656,,,,,,,,,,
2025-08-13 16:24:00,,,1.4851212499999975,35.2277452220896,,,,,,,,
2025-08-13 16:24:00,,,,,1.2044506283269032,35.12116953675531,,,,,,
2025-08-13 16:24:00,,,,,,,1.493170618757435,35.033794148281956,,,,
2025-08-13 16:24:00,,,,,,,,,1.1229738317470663,35.113439904398575,,
2025-08-13 16:24:00,,,,,,,,,,,1.3743098834200844,35.02426491239789
2025-08-13 16:24:00,1.1984687499999893,35.23962645453656,,,,,,,,,,
2025-08-13 16:24:00,,,1.368689999999995,35.23266838433225,,,,,,,,
2025-08-13 16:24:00,,,,,1.2000770912892196,35.21205087858081,,,,,,
2025-08-13 16:24:00,,,,,,,1.375075596514494,35.089869311053334,,,,
2025-08-13 16:24:00,,,,,,,,,1.18056778247557,35.20891946085261,,
2025-08-13 16:24:00,,,,,,,,,,,1.2838624611667337,35.081883781420416
2025-08-13 16:24:00,1.1984687499999893,35.23962645453656,,,,,,,,,,
2025-08-13 16:24:00,,,1.2522587499999929,35.2375915465749,,,,,,,,
2025-08-13 16:24:00,,,,,1.1982876403008973,35.24234611233762,,,,,,
2025-08-13 16:24:00,,,,,,,1.2572425149243123,35.13108820320021,,,,
2025-08-13 16:24:00,,,,,,,,,1.2009324298055684,35.244137387215815,,
2025-08-13 16:24:00,,,,,,,,,,,1.1860879038342422,35.12494648204124
2025-08-13 16:24:00,0.5691687499999887,35.25540592496452,,,,,,,,,,
2025-08-13 16:24:00,,,1.0726087499999892,35.24278234862216,,,,,,,,
2025-08-13 16:24:00,,,,,0.5703301417180294,35.239766854311604,,,,,,
2025-08-13 16:24:00,,,,,,,1.0761923518920629,35.171125360146526,,,,
2025-08-13 16:24:00,,,,,,,,,0.5564145729152012,35.23686934999026,,
2025-08-13 16:24:00,,,,,,,,,,,1.0260144645771863,35.166334113266764
2025-08-13 16:24:00,0.5691687499999887,35.25540592496452,,,,,,,,,,
2025-08-13 16:24:00,,,0.946748749999989,35.245938242707744,,,,,,,,
2025-08-13 16:24:00,,,,,0.56879923614491,35.26003689418347,,,,,,
2025-08-13 16:24:00,,,,,,,0.948388947555992,35.215074055233764,,,,
2025-08-13 16:24:00,,,,,,,,,0.5740619599846571,35.262159239274936,,
2025-08-13 16:24:00,,,,,,,,,,,0.9269901153856127,35.213105068346444
2025-08-13 16:24:00,0.5691687499999887,35.25540592496452,,,,,,,,,,
2025-08-13 16:24:00,,,0.820888749999989,35.24909413679334,,,,,,,,
2025-08-13 16:24:00,,,,,0.5642772318432493,35.330616417700774,,,,,,
2025-08-13 16:24:00,,,,,,,0.8203542682592613,35.25696343142286,,,,
2025-08-13 16:24:00,,,,,,,,,0.625975727044983,35.337810320511366,,
2025-08-13 16:24:00,,,,,,,,,,,0.827590494445196,35.257979151568996
2025-08-13 16:24:00,0.5691687499999887,35.25540592496452,,,,,,,,,,
2025-08-13 16:24:00,,,0.6950287499999888,35.252250030878926,,,,,,,,
2025-08-13 16:24:00,,,,,0.563292988862798,35.34738156311765,,,,,,
2025-08-13 16:24:00,,,,,,,0.6929974477739769,35.28402956833022,,,,
2025-08-13 16:24:00,,,,,,,,,0.6381211424289872,35.35573102338563,,
2025-08-13 16:24:00,,,,,,,,,,,0.7191011664358794,35.2873414640756
2025-08-13 16:24:00,0.5691687499999887,35.25540592496452,,,,,,,,,,
2025-08-13 16:24:00,,,0.5691687499999887,35.25540592496452,,,,,,,,
2025-08-13 16:24:00,,,,,0.5623813291780755,35.36429336475199,,,,,,
2025-08-13 16:24:00,,,,,,,0.5658161855494125,35.3084190188131,,,,
2025-08-13 16:24:00,,,,,,,,,0.6501056275342411,35.37374342405258,,
2025-08-13 16:24:00,,,,,,,,,,,0.6089358059816139,35.313262671442956
2025-08-13 16:24:00,0.5691687499999887,35.25540592496452,,,,,,,,,,
2025-08-13 16:24:00,,,0.5691687499999887,35.25540592496452,,,,,,,,
2025-08-13 16:24:00,,,,,0.5614774216767271,35.38114568144501,,,,,,
2025-08-13 16:24:00,,,,,,,0.5640456415411521,35.33669478423978,,,,
2025-08-13 16:24:00,,,,,,,,,0.6620540154506023,35.39169100106736,,
2025-08-13 16:24:00,,,,,,,,,,,0.6300636944886941,35.344227001658375
2025-08-13 16:24:00,0.5691687499999887,35.25540592496452,,,,,,,,,,
2025-08-13 16:24:00,,,0.5691687499999887,35.25540592496452,,,,,,,,
2025-08-13 16:24:00,,,,,0.5607620670398811,35.39461084940622,,,,,,
2025-08-13 16:24:00,,,,,,,0.5624382077201462,35.36360957528433,,,,
2025-08-13 16:24:00,,,,,,,,,0.6710798813246,35.40597500797102,,
2025-08-13 16:24:00,,,,,,,,,,,0.6494672787566828,35.372990155397595
2025-08-13 16:24:00,-1.1057749999999942,35.242656847198326,,,,,,,,,,
2025-08-13 16:24:00,,,0.23417999999999212,35.25285610941128,,,,,,,,
2025-08-13 16:24:00,,,,,-1.1137568049700888,35.32655600488903,,,,,,
2025-08-13 16:24:00,,,,,,,0.2268314003574786,35.36279749272198,,,,
2025-08-13 16:24:00,,,,,,,,,-1.0113785083865205,35.3418699963365,,
2025-08-13 16:24:00,,,,,,,,,,,0.32199643167038194,35.37380209056262
2025-08-13 16:24:00,-1.6070312499999915,35.223359444572054,,,,,,,,,,
2025-08-13 16:24:00,,,-0.20106000000000393,35.24644681333279,,,,,,,,
2025-08-13 16:24:00,,,,,-1.6143115027556045,35.29137480465787,,,,,,
2025-08-13 16:24:00,,,,,,,-0.2086894979662019,35.35159614103002,,,,
2025-08-13 16:24:00,,,,,,,,,-1.522324560143764,35.30664763387094,,
2025-08-13 16:24:00,,,,,,,,,,,-0.11009270884416825,35.36398541265968
2025-08-13 16:24:00,-1.6070312499999915,35.223359444572054,,,,,,,,,,
2025-08-13 16:24:00,,,-0.6363,35.240037517254294,,,,,,,,
2025-08-13 16:24:00,,,,,-1.6161485498676051,35.31164794311729,,,,,,
2025-08-13 16:24:00,,,,,,,-0.6443954737753381,35.34106705670308,,,,
2025-08-13 16:24:00,,,,,,,,,-1.4980383681475367,35.330711483035785,,
2025-08-13 16:24:00,,,,,,,,,,,-0.5397215079805238,35.35537902445632
2025-08-13 16:24:00,-2.4305312500000014,35.1761299440796,,,,,,,,,,
2025-08-13 16:24:00,,,-1.236239999999998,35.224182321077315,,,,,,,,
2025-08-13 16:24:00,,,,,-2.4382986620900664,35.23896640402767,,,,,,
2025-08-13 16:24:00,,,,,,,-1.2443506905286967,35.31263120121962,,,,
2025-08-13 16:24:00,,,,,,,,,-2.3400095495666524,35.25732619317984,,
2025-08-13 16:24:00,,,,,,,,,,,-1.1401342209839747,35.328506062878816
2025-08-13 16:24:00,-2.4305312500000014,35.1761299440796,,,,,,,,,,
2025-08-13 16:24:00,,,-1.836179999999996,35.20832712490033,,,,,,,,
2025-08-13 16:24:00,,,,,-2.440047505083664,35.25590151802255,,,,,,
2025-08-13 16:24:00,,,,,,,-1.8445126049534057,35.28488933494288,,,,
2025-08-13 16:24:00,,,,,,,,,-2.3159670609931933,35.27846593483632,,
2025-08-13 16:24:00,,,,,,,,,,,-1.7375436094475334,35.303004248251874
2025-08-13 16:24:00,-2.7518749999999983,35.152450611363854,,,,,,,,,,
2025-08-13 16:24:00,,,-2.165399999999997,35.19028587773344,,,,,,,,
2025-08-13 16:24:00,,,,,-2.760812673780864,35.222495826666155,,,,,,
2025-08-13 16:24:00,,,,,,,-2.1739237787155608,35.26407729929831,,,,
2025-08-13 16:24:00,,,,,,,,,-2.6466486653390824,35.24444733374561,,
2025-08-13 16:24:00,,,,,,,,,,,-2.0645976408380458,35.2835197157337
2025-08-13 16:24:00,-3.1198750000000217,35.12170240726344,,,,,,,,,,
2025-08-13 16:24:00,,,-2.467968750000003,35.16995447027172,,,,,,,,
2025-08-13 16:24:00,,,,,-3.128013478833427,35.18075135002817,,,,,,
2025-08-13 16:24:00,,,,,,,-2.4766641739311255,35.241952608372365,,,,
2025-08-13 16:24:00,,,,,,,,,-3.025186003548383,35.20190021678518,,
2025-08-13 16:24:00,,,,,,,,,,,-2.365169929518969,35.26257023231655
2025-08-13 16:24:00,-3.3964,35.09604061771071,,,,,,,,,,
2025-08-13 16:24:00,,,-2.8258425000000047,35.14449070489944,,,,,,,,
2025-08-13 16:24:00,,,,,-3.403794217325945,35.14707048486236,,,,,,
2025-08-13 16:24:00,,,,,,,-2.8341933074227934,35.209037116721376,,,,
2025-08-13 16:24:00,,,,,,,,,-3.3104135876824508,35.1671031342661,,
2025-08-13 16:24:00,,,,,,,,,,,-2.727644973425952,35.22984856256261
2025-08-13 16:24:00,-4.0433749999999975,35.02739954106463,,,,,,,,,,
2025-08-13 16:24:00,,,-3.1484112500000037,35.11474462429645,,,,,,,,
2025-08-13 16:24:00,,,,,-4.048735868130293,35.05991709457992,,,,,,
2025-08-13 16:24:00,,,,,,,-3.156280748630839,35.17322725483183,,,,
2025-08-13 16:24:00,,,,,,,,,-3.982469047653929,35.07585259014232,,
2025-08-13 16:24:00,,,,,,,,,,,-3.0561368730434078,35.19355384195511
2025-08-13 16:24:00,-4.599874999999997,34.95867202833047,,,,,,,,,,
2025-08-13 16:24:00,,,-3.582280000000003,35.07125304114662,,,,,,,,
2025-08-13 16:24:00,,,,,-4.60305250357852,34.975706528122494,,,,,,
2025-08-13 16:24:00,,,,,,,-3.58888174832981,35.11718825685182,,,,
2025-08-13 16:24:00,,,,,,,,,-4.563199922089865,34.98667588356672,,
2025-08-13 16:24:00,,,,,,,,,,,-3.5055834452627423,35.13519583170118
2025-08-13 16:24:00,-5.204781249999996,34.87374158503283,,,,,,,,,,
2025-08-13 16:24:00,,,-4.0728612500000025,35.01551123588042,,,,,,,,
2025-08-13 16:24:00,,,,,-5.204978601783916,34.87461062625473,,,,,,
2025-08-13 16:24:00,,,,,,,-4.07771493393042,35.04761121676954,,,,
2025-08-13 16:24:00,,,,,,,,,-5.199952256549619,34.87757101518438,,
2025-08-13 16:24:00,,,,,,,,,,,-4.016244163504849,35.06182056798894
2025-08-13 16:24:00,-5.811800000000019,34.77773110425692,,,,,,,,,,
2025-08-13 16:24:00,,,-4.611246250000002,34.94671697527912,,,,,,,,
2025-08-13 16:24:00,,,,,-5.809263584578418,34.766131330296005,,,,,,
2025-08-13 16:24:00,,,,,,,-4.6139649550794175,34.96468721282311,,,,
2025-08-13 16:24:00,,,,,,,,,-5.841997853680134,34.75570427693165,,
2025-08-13 16:24:00,,,,,,,,,,,-4.5796065335312,34.972581380018234
2025-08-13 16:24:00,-6.045831250000006,34.73781116444333,,,,,,,,,,
2025-08-13 16:24:00,,,-5.141132500000003,34.875071084625645,,,,,,,,
2025-08-13 16:24:00,,,,,-6.0420163520000285,34.72030422264374,,,,,,
2025-08-13 16:24:00,,,,,,,-5.141609382014235,34.879333960379384,,,,
2025-08-13 16:24:00,,,,,,,,,-6.09024388567555,34.70543139299451,,
2025-08-13 16:24:00,,,,,,,,,,,-5.13557259312982,34.880247031763915
2025-08-13 16:24:00,-6.045831250000006,34.73781116444333,,,,,,,,,,
2025-08-13 16:24:00,,,-5.541623750000005,34.817153409301376,,,,,,,,
2025-08-13 16:24:00,,,,,-6.049721463491974,34.831477773073,,,,,,
2025-08-13 16:24:00,,,,,,,-5.541806501086571,34.833646096078,,,,
2025-08-13 16:24:00,,,,,,,,,-5.8435797105693865,34.88730992835296,,
2025-08-13 16:24:00,,,,,,,,,,,-5.507794725712911,34.84253849940605
2025-08-13 16:24:00,-6.23328124999999,34.70466546241872,,,,,,,,,,
2025-08-13 16:24:00,,,-5.868305000000004,34.76635209611903,,,,,,,,
2025-08-13 16:24:00,,,,,-6.243591590530429,34.79164936925879,,,,,,
2025-08-13 16:24:00,,,,,,,-5.869914318476953,34.79683466430525,,,,
2025-08-13 16:24:00,,,,,,,,,-6.037271389151724,34.848693104909415,,
2025-08-13 16:24:00,,,,,,,,,,,-5.802609019125283,34.81494194367458
2025-08-13 16:24:00,-6.796831250000025,34.59870929614316,,,,,,,,,,
2025-08-13 16:24:00,,,-6.186715000000009,34.71134563834109,,,,,,,,
2025-08-13 16:24:00,,,,,-6.810495675789599,34.66951266876316,,,,,,
2025-08-13 16:24:00,,,,,,,-6.191017733278089,34.755815072806946,,,,
2025-08-13 16:24:00,,,,,,,,,-6.622808468844595,34.725276613533026,,
2025-08-13 16:24:00,,,,,,,,,,,-6.087180261584278,34.78448306334432
2025-08-13 16:24:00,2.4545687499999644,37.219149536918806,,,,,,,,,,
2025-08-13 16:24:00,,,-4.5334412500000125,35.19962932487347,,,,,,,,
2025-08-13 16:24:00,,,,,2.46248383886707,36.888835431278935,,,,,,
2025-08-13 16:24:00,,,,,,,-4.536668248588993,35.18035589300352,,,,
2025-08-13 16:24:00,,,,,,,,,2.329960271586615,36.88204711304077,,
2025-08-13 16:24:00,,,,,,,,,,,-4.452788636530928,35.20975163056613
2025-08-13 16:24:00,2.266318749999982,37.23108646445062,,,,,,,,,,
2025-08-13 16:24:00,,,-2.871011250000015,35.698284384874924,,,,,,,,
2025-08-13 16:24:00,,,,,2.2753083260052405,36.89427336877019,,,,,,
2025-08-13 16:24:00,,,,,,,-2.8732033129879384,35.61514972222882,,,,
2025-08-13 16:24:00,,,,,,,,,2.123958110299302,36.885940630641905,,
2025-08-13 16:24:00,,,,,,,,,,,-2.809948237335958,35.64585347809562
2025-08-13 16:24:00,2.077868749999979,37.24207917742742,,,,,,,,,,
2025-08-13 16:24:00,,,-1.246271250000018,36.19913798747175,,,,,,,,
2025-08-13 16:24:00,,,,,2.0878854120897525,36.89872811291678,,,,,,
2025-08-13 16:24:00,,,,,,,-1.245681937871593,36.028599790197575,,,,
2025-08-13 16:24:00,,,,,,,,,1.9170646815861967,36.88883481898918,,
2025-08-13 16:24:00,,,,,,,,,,,-1.257819358904841,36.04615845622286
2025-08-13 16:24:00,1.8892187499999835,37.25212547646977,,,,,,,,,,
2025-08-13 16:24:00,,,0.3782287499999768,36.70862999028195,,,,,,,,
2025-08-13 16:24:00,,,,,1.9001886989775185,36.90221622225168,,,,,,
2025-08-13 16:24:00,,,,,,,0.38307412002999647,36.45071316079615,,,,
2025-08-13 16:24:00,,,,,,,,,1.7090616056479977,36.89044115288865,,
2025-08-13 16:24:00,,,,,,,,,,,0.2914472400551033,36.45450806581871
2025-08-13 16:24:00,1.8892187499999835,37.25212547646977,,,,,,,,,,
2025-08-13 16:24:00,,,2.1154387499999787,37.23931322634728,,,,,,,,
2025-08-13 16:24:00,,,,,1.895011115207741,37.09089319056615,,,,,,
2025-08-13 16:24:00,,,,,,,2.124175478229464,36.934989265156744,,,,
2025-08-13 16:24:00,,,,,,,,,1.8090279099672006,37.08461479419834,,
2025-08-13 16:24:00,,,,,,,,,,,1.9778145158174625,36.92637570195177
2025-08-13 16:24:00,1.8892187499999835,37.25212547646977,,,,,,,,,,
2025-08-13 16:24:00,,,2.0023687499999823,37.24590841425747,,,,,,,,
2025-08-13 16:24:00,,,,,1.8935750805738252,37.134537891426824,,,,,,
2025-08-13 16:24:00,,,,,,,2.0103937265708156,36.984129757186324,,,,
2025-08-13 16:24:00,,,,,,,,,1.8316144111148225,37.12957045058373,,
2025-08-13 16:24:00,,,,,,,,,,,1.878145343723104,36.975880369460356
2025-08-13 16:24:00,1.6531250000000028,37.263348987099576,,,,,,,,,,
2025-08-13 16:24:00,,,1.8797299999999866,37.25236091878726,,,,,,,,
2025-08-13 16:24:00,,,,,1.6582628086836377,37.13784505646398,,,,,,
2025-08-13 16:24:00,,,,,,,1.886984623106495,37.032844094725085,,,,
2025-08-13 16:24:00,,,,,,,,,1.5842623470007475,37.13181000388316,,
2025-08-13 16:24:00,,,,,,,,,,,1.770206191063393,37.02505424410862
2025-08-13 16:24:00,1.6531250000000028,37.263348987099576,,,,,,,,,,
2025-08-13 16:24:00,,,1.7947812499999913,37.25661488072169,,,,,,,,
2025-08-13 16:24:00,,,,,1.6526713604535948,37.272351922364294,,,,,,
2025-08-13 16:24:00,,,,,,,1.7999418127792637,37.107568856614584,,,,
2025-08-13 16:24:00,,,,,,,,,1.6586663805674862,37.27424416447617,,
2025-08-13 16:24:00,,,,,,,,,,,1.7185265308596507,37.10213611320601
2025-08-13 16:24:00,3.0105062500000344,37.46925342355664,,,,,,,,,,
2025-08-13 16:24:00,,,2.0190387500000013,37.300040470139066,,,,,,,,
2025-08-13 16:24:00,,,,,3.011253710237976,37.43036131184261,,,,,,
2025-08-13 16:24:00,,,,,,,2.022154815031355,37.213197874532774,,,,
2025-08-13 16:24:00,,,,,,,,,3.00136710533678,37.42843436137022,,
2025-08-13 16:24:00,,,,,,,,,,,1.9769876307974072,37.20973475490233
2025-08-13 16:24:00,2.2054500000000274,37.52524603913344,,,,,,,,,,
2025-08-13 16:24:00,,,2.0822850000000104,37.354664582671795,,,,,,,,
2025-08-13 16:24:00,,,,,2.2076602906859595,37.45868150658501,,,,,,
2025-08-13 16:24:00,,,,,,,2.0846846501269987,37.28675553773654,,,,
2025-08-13 16:24:00,,,,,,,,,2.178078456199672,37.455694760837176,,
2025-08-13 16:24:00,,,,,,,,,,,2.050797740043902,37.28395074823008
2025-08-13 16:24:00,2.2054500000000274,37.52524603913344,,,,,,,,,,
2025-08-13 16:24:00,,,2.145531250000019,37.40928869520453,,,,,,,,
2025-08-13 16:24:00,,,,,2.204578472659462,37.54942941120116,,,,,,
2025-08-13 16:24:00,,,,,,,2.146885328544126,37.36973384169141,,,,
2025-08-13 16:24:00,,,,,,,,,2.2160132413649194,37.55155960872082,,
2025-08-13 16:24:00,,,,,,,,,,,2.127677506093921,37.36834857985751
2025-08-13 16:24:00,1.7302000000000106,37.55015989260232,,,,,,,,,,
2025-08-13 16:24:00,,,2.1609462500000207,37.46665087630508,,,,,,,,
2025-08-13 16:24:00,,,,,1.7298004438276313,37.558343853413966,,,,,,
2025-08-13 16:24:00,,,,,,,2.1611928555729247,37.4538336010814,,,,
2025-08-13 16:24:00,,,,,,,,,1.734716545849976,37.560287488376495,,
2025-08-13 16:24:00,,,,,,,,,,,2.157768345863767,37.454044076756176
2025-08-13 16:24:00,2.3892499999999757,37.65427445108323,,,,,,,,,,
2025-08-13 16:24:00,,,2.308171250000015,37.54483596910181,,,,,,,,
2025-08-13 16:24:00,,,,,2.389698495804061,37.6409231950615,,,,,,
2025-08-13 16:24:00,,,,,,,2.3085982826430183,37.52754785562085,,,,
2025-08-13 16:24:00,,,,,,,,,2.384048077060709,37.639042250794645,,
2025-08-13 16:24:00,,,,,,,,,,,2.302844685162411,37.52700369401987
2025-08-13 16:24:00,1.9127499999999742,37.681484676661825,,,,,,,,,,
2025-08-13 16:24:00,,,2.0886200000000033,37.58728221972285,,,,,,,,
2025-08-13 16:24:00,,,,,1.913961185568554,37.65207782888825,,,,,,
2025-08-13 16:24:00,,,,,,,2.089139777709134,37.57189115902998,,,,
2025-08-13 16:24:00,,,,,,,,,1.8978886397618944,37.64953555580125,,
2025-08-13 16:24:00,,,,,,,,,,,2.082148992047434,37.57122393290608
2025-08-13 16:24:00,1.4828312499999896,37.70085027534556,,,,,,,,,,
2025-08-13 16:24:00,,,1.9440962499999954,37.622403066965276,,,,,,,,
2025-08-13 16:24:00,,,,,1.484933984401094,37.657214541579876,,,,,,
2025-08-13 16:24:00,,,,,,,1.9445945164521603,37.61159776602896,,,,
2025-08-13 16:24:00,,,,,,,,,1.4573068416700605,37.65378573794858,,
2025-08-13 16:24:00,,,,,,,,,,,1.9379946691415122,37.610842128328365
2025-08-13 16:24:00,1.0039562499999874,37.71664051646283,,,,,,,,,,
2025-08-13 16:24:00,,,1.7037974999999874,37.660681962431156,,,,,,,,
2025-08-13 16:24:00,,,,,1.0072666651812552,37.657375502956356,,,,,,
2025-08-13 16:24:00,,,,,,,1.705132154956519,37.633186984379996,,,,
2025-08-13 16:24:00,,,,,,,,,0.9625523316676046,37.652343434804706,,
2025-08-13 16:24:00,,,,,,,,,,,1.687302487202049,37.63099889354513
2025-08-13 16:24:00,1.6181250000000063,37.825405106678964,,,,,,,,,,
2025-08-13 16:24:00,,,1.6813824999999867,37.71573100524649,,,,,,,,
2025-08-13 16:24:00,,,,,1.621678311000929,37.742545872260116,,,,,,
2025-08-13 16:24:00,,,,,,,1.6835077283911786,37.67002738814922,,,,
2025-08-13 16:24:00,,,,,,,,,1.572103713316598,37.73800685190399,,
2025-08-13 16:24:00,,,,,,,,,,,1.6547799206953733,37.66654276625063
2025-08-13 16:24:00,1.137999999999991,37.84289307122277,,,,,,,,,,
2025-08-13 16:24:00,,,1.4311324999999897,37.75345472927439,,,,,,,,
2025-08-13 16:24:00,,,,,1.1429909752613665,37.74434336770343,,,,,,
2025-08-13 16:24:00,,,,,,,1.4341662242826398,37.69071142267761,,,,
2025-08-13 16:24:00,,,,,,,,,1.0721364841406849,37.73759955802885,,
2025-08-13 16:24:00,,,,,,,,,,,1.3923976021113684,37.686254227697475
2025-08-13 16:24:00,1.5644312500000126,37.91774063501178,,,,,,,,,,
2025-08-13 16:24:00,,,1.3614687499999973,37.80070592094438,,,,,,,,
2025-08-13 16:24:00,,,,,1.569314661861915,37.80295750080244,,,,,,
2025-08-13 16:24:00,,,,,,,1.3652369195413119,37.72088735706045,,,,
2025-08-13 16:24:00,,,,,,,,,1.499259716450313,37.7970070478831,,
2025-08-13 16:24:00,,,,,,,,,,,1.312671817449052,37.71574852611384
2025-08-13 16:24:00,1.131250000000037,37.933135560318505,,,,,,,,,,
2025-08-13 16:24:00,,,1.2911525000000068,37.84716297793897,,,,,,,,
2025-08-13 16:24:00,,,,,1.1375987388736832,37.80415821074209,,,,,,
2025-08-13 16:24:00,,,,,,,1.2957698704358296,37.75027609089289,,,,
2025-08-13 16:24:00,,,,,,,,,1.0444247719738553,37.79586467902652,,
2025-08-13 16:24:00,,,,,,,,,,,1.2300954035098113,37.74416431432943
2025-08-13 16:24:00,1.131250000000037,37.933135560318505,,,,,,,,,,
2025-08-13 16:24:00,,,1.3166112500000167,37.89046198671011,,,,,,,,
2025-08-13 16:24:00,,,,,1.1357932478323913,37.84452002653903,,,,,,
2025-08-13 16:24:00,,,,,,,1.3214751869660568,37.78770499560942,,,,
2025-08-13 16:24:00,,,,,,,,,1.0715655999645064,37.83827591652401,,
2025-08-13 16:24:00,,,,,,,,,,,1.2518980571691916,37.78135081067329
2025-08-13 16:24:00,0.648750000000021,37.94445444906937,,,,,,,,,,
2025-08-13 16:24:00,,,1.1227362500000198,37.91427185518819,,,,,,,,
2025-08-13 16:24:00,,,,,0.654877971902366,37.840357502723734,,,,,,
2025-08-13 16:24:00,,,,,,,1.1281151191463443,37.80726732170215,,,,
2025-08-13 16:24:00,,,,,,,,,0.5665576586035221,37.831257497289336,,
2025-08-13 16:24:00,,,,,,,,,,,1.0507888462265764,37.80000093975036
2025-08-13 16:24:00,0.648750000000021,37.94445444906937,,,,,,,,,,
2025-08-13 16:24:00,,,1.0248862500000258,37.9345841307575,,,,,,,,
2025-08-13 16:24:00,,,,,0.6528810989213514,37.877352691551536,,,,,,
2025-08-13 16:24:00,,,,,,,1.0300931438783412,37.83386918647177,,,,
2025-08-13 16:24:00,,,,,,,,,0.5961549467156524,37.87093139142941,,
2025-08-13 16:24:00,,,,,,,,,,,0.9555925387415698,37.82666730643048
2025-08-13 16:24:00,0.4554000000000258,37.94726750162652,,,,,,,,,,
2025-08-13 16:24:00,,,0.8030800000000283,37.94048950408045,,,,,,,,
2025-08-13 16:24:00,,,,,0.46011973624220437,37.87398982179835,,,,,,
2025-08-13 16:24:00,,,,,,,0.8082541587543993,37.84807565067095,,,,
2025-08-13 16:24:00,,,,,,,,,0.3947829969942429,37.866527981566435,,
2025-08-13 16:24:00,,,,,,,,,,,0.7346971948503559,37.84057149316715
2025-08-13 16:24:00,0.4554000000000258,37.94726750162652,,,,,,,,,,
2025-08-13 16:24:00,,,0.6679100000000261,37.943315892342056,,,,,,,,
2025-08-13 16:24:00,,,,,0.45830767418256546,37.904225520470206,,,,,,
2025-08-13 16:24:00,,,,,,,0.6723959458161757,37.86808911261657,,,,
2025-08-13 16:24:00,,,,,,,,,0.419070912537406,37.89905547705723,,
2025-08-13 16:24:00,,,,,,,,,,,0.609626422963066,37.86120965277329
2025-08-13 16:24:00,0.01963125000001753,37.949994922450564,,,,,,,,,,
2025-08-13 16:24:00,,,0.4455862500000222,37.94668776476847,,,,,,,,
2025-08-13 16:24:00,,,,,0.02382484644881369,37.893256975629384,,,,,,
2025-08-13 16:24:00,,,,,,,0.4500022655394601,37.87783650243465,,,,
2025-08-13 16:24:00,,,,,,,,,-0.033730551381523324,37.885894737039436,,
2025-08-13 16:24:00,,,,,,,,,,,0.38856719269386,37.87073341687638
2025-08-13 16:24:00,0.01963125000001753,37.949994922450564,,,,,,,,,,
2025-08-13 16:24:00,,,0.31976250000002154,37.94779585944471,,,,,,,,
2025-08-13 16:24:00,,,,,0.01963125000001753,37.949994922450564,,,,,,
2025-08-13 16:24:00,,,,,,,0.32295292115899044,37.89976398638001,,,,
2025-08-13 16:24:00,,,,,,,,,0.02012239070894131,37.94860515212869,,
2025-08-13 16:24:00,,,,,,,,,,,0.27928013911494387,37.89420294784424
2025-08-13 16:24:00,-0.41714999999996394,37.94770725455624,,,,,,,,,,
2025-08-13 16:24:00,,,0.10658250000002453,37.94844642054208,,,,,,,,
2025-08-13 16:24:00,,,,,-0.4159432766391329,37.93452876246478,,,,,,
2025-08-13 16:24:00,,,,,,,0.10918804604689362,37.911199200562656,,,,
2025-08-13 16:24:00,,,,,,,,,-0.43209891536509176,37.93111028094299,,
2025-08-13 16:24:00,,,,,,,,,,,0.07362936669879502,37.90623872574695
2025-08-13 16:24:00,-0.41714999999996394,37.94770725455624,,,,,,,,,,
2025-08-13 16:24:00,,,-0.06792749999997341,37.94853437112802,,,,,,,,
2025-08-13 16:24:00,,,,,-0.4178112119489367,37.95467239927224,,,,,,
2025-08-13 16:24:00,,,,,,,-0.06639814359133459,37.92733571605743,,,,
2025-08-13 16:24:00,,,,,,,,,-0.4081843491094334,37.95738148787271,,
2025-08-13 16:24:00,,,,,,,,,,,-0.08696410252194023,37.924409427008214
2025-08-13 16:24:00,-0.41714999999996394,37.94770725455624,,,,,,,,,,
2025-08-13 16:24:00,,,-0.24243749999997136,37.94862232171397,,,,,,,,
2025-08-13 16:24:00,,,,,-0.4195106566172358,37.97479205980457,,,,,,
2025-08-13 16:24:00,,,,,,,-0.24196180975129483,37.94144902392431,,,,
2025-08-13 16:24:00,,,,,,,,,-0.38827396155796406,37.979784537596686,,
2025-08-13 16:24:00,,,,,,,,,,,-0.24843307734101425,37.9405552391161
2025-08-13 16:24:00,0.9159999999999968,38.21902463433623,,,,,,,,,,
2025-08-13 16:24:00,,,-0.0631637499999755,38.0024282640911,,,,,,,,
2025-08-13 16:24:00,,,,,0.9173224898500192,38.19757448269281,,,,,,
2025-08-13 16:24:00,,,,,,,-0.06326228107105374,38.00231252533699,,,,
2025-08-13 16:24:00,,,,,,,,,0.8999443139764913,38.194550323825446,,
2025-08-13 16:24:00,,,,,,,,,,,-0.061698104269411316,38.002286356473306
2025-08-13 16:24:00,0.9159999999999968,38.21902463433623,,,,,,,,,,
2025-08-13 16:24:00,,,0.11611000000002036,38.05623420646823,,,,,,,,
2025-08-13 16:24:00,,,,,0.9163151340883007,38.21432813266396,,,,,,
2025-08-13 16:24:00,,,,,,,0.11607449574660289,38.05517916737967,,,,
2025-08-13 16:24:00,,,,,,,,,0.9113036865817352,38.21226820324843,,
2025-08-13 16:24:00,,,,,,,,,,,0.11653815490514745,38.055018966697254
2025-08-13 16:24:00,0.2345499999999845,38.229280483648914,,,,,,,,,,
2025-08-13 16:24:00,,,0.24645000000001005,38.11254885228677,,,,,,,,
2025-08-13 16:24:00,,,,,0.23648990857831625,38.20314650003362,,,,,,
2025-08-13 16:24:00,,,,,,,0.24656113279009273,38.10890271489344,,,,
2025-08-13 16:24:00,,,,,,,,,0.21052704513212206,38.199128842795936,,
2025-08-13 16:24:00,,,,,,,,,,,0.24506334700459026,38.108622679067835
2025-08-13 16:24:00,0.2345499999999845,38.229280483648914,,,,,,,,,,
2025-08-13 16:24:00,,,0.37678999999999974,38.16886349810531,,,,,,,,
2025-08-13 16:24:00,,,,,0.2352937136861332,38.219890985784254,,,,,,
2025-08-13 16:24:00,,,,,,,0.37718211791710676,38.16194643219584,,,,
2025-08-13 16:24:00,,,,,,,,,0.22487147301555066,38.217284939522415,,
2025-08-13 16:24:00,,,,,,,,,,,0.371674511429587,38.160603369397776
2025-08-13 16:24:00,-0.20481875000002958,38.22945133375116,,,,,,,,,,
2025-08-13 16:24:00,,,0.4192562499999866,38.22521231394429,,,,,,,,
2025-08-13 16:24:00,,,,,-0.2028999259916558,38.206516787808546,,,,,,
2025-08-13 16:24:00,,,,,,,0.4205042640422227,38.208291377796634,,,,
2025-08-13 16:24:00,,,,,,,,,-0.2284035289874538,38.20222314098366,,
2025-08-13 16:24:00,,,,,,,,,,,0.40364859794368907,38.20509109007518
2025-08-13 16:24:00,-0.20481875000002958,38.22945133375116,,,,,,,,,,
2025-08-13 16:24:00,,,0.19509249999998132,38.22729765382728,,,,,,,,
2025-08-13 16:24:00,,,,,-0.2039762493041653,38.21992610579426,,,,,,
2025-08-13 16:24:00,,,,,,,0.19624451621138586,38.21276170241693,,,,
2025-08-13 16:24:00,,,,,,,,,-0.21509907640554565,38.21710265875378,,
2025-08-13 16:24:00,,,,,,,,,,,0.18063991986728167,38.20960155706084
2025-08-13 16:24:00,-0.6452000000000027,38.2245551571238,,,,,,,,,,
2025-08-13 16:24:00,,,-0.11714750000001857,38.228403758384786,,,,,,,,
2025-08-13 16:24:00,,,,,-0.6430822615204888,38.20164560601206,,,,,,
2025-08-13 16:24:00,,,,,,,-0.11563496291037208,38.210225197086544,,,,
2025-08-13 16:24:00,,,,,,,,,-0.6710021625983115,38.19670846211738,,
2025-08-13 16:24:00,,,,,,,,,,,-0.13582124996872763,38.20648960883464
2025-08-13 16:24:00,-0.6452000000000027,38.2245551571238,,,,,,,,,,
2025-08-13 16:24:00,,,-0.293097500000016,38.22745869307977,,,,,,,,
2025-08-13 16:24:00,,,,,-0.6465309663471623,38.23851384159717,,,,,,
2025-08-13 16:24:00,,,,,,,-0.2922391378954678,38.217298665399255,,,,
2025-08-13 16:24:00,,,,,,,,,-0.6283082584912358,38.24225920424095,,
2025-08-13 16:24:00,,,,,,,,,,,-0.30358831069339925,38.215115681123635
2025-08-13 16:24:00,-0.6452000000000027,38.2245551571238,,,,,,,,,,
2025-08-13 16:24:00,,,-0.46904750000001344,38.22651362777474,,,,,,,,
2025-08-13 16:24:00,,,,,-0.6496086075433177,38.27535495608125,,,,,,
2025-08-13 16:24:00,,,,,,,-0.46921960214135805,38.22839145945865,,,,
2025-08-13 16:24:00,,,,,,,,,-0.5905682447337115,38.2838096430066,,
2025-08-13 16:24:00,,,,,,,,,,,-0.4666762542432517,38.228420621820476
2025-08-13 16:24:00,-0.8412500000000023,38.220743038793735,,,,,,,,,,
2025-08-13 16:24:00,,,-0.596333750000008,38.22477196878326,,,,,,,,
2025-08-13 16:24:00,,,,,-0.8453520374126735,38.2656313994862,,,,,,
2025-08-13 16:24:00,,,,,,,-0.5977100244255615,38.24021438179419,,,,
2025-08-13 16:24:00,,,,,,,,,-0.7904120305729899,38.27380564567336,,
2025-08-13 16:24:00,,,,,,,,,,,-0.5790779545603588,38.24273712275841
2025-08-13 16:24:00,-0.8412500000000023,38.220743038793735,,,,,,,,,,
2025-08-13 16:24:00,,,-0.7236200000000025,38.223030309791774,,,,,,,,
2025-08-13 16:24:00,,,,,-0.8467177754435957,38.28246729860586,,,,,,
2025-08-13 16:24:00,,,,,,,-0.7262583296534476,38.252722620356515,,,,
2025-08-13 16:24:00,,,,,,,,,-0.7725201075151809,38.29288711532048,,
2025-08-13 16:24:00,,,,,,,,,,,-0.6905621607822859,38.25789401407176
2025-08-13 16:24:00,-0.07504999999997608,38.38992664094971,,,,,,,,,,
2025-08-13 16:24:00,,,-0.6095899999999972,38.25610460655695,,,,,,,,
2025-08-13 16:24:00,,,,,-0.07754127053102534,38.42147367708977,,,,,,
2025-08-13 16:24:00,,,,,,,-0.613150131455555,38.29668823457205,,,,
2025-08-13 16:24:00,,,,,,,,,-0.04423781293657256,38.42649961979063,,
2025-08-13 16:24:00,,,,,,,,,,,-0.5652092908499381,38.30385224560641
2025-08-13 16:24:00,-0.07504999999997608,38.38992664094971,,,,,,,,,,
2025-08-13 16:24:00,,,-0.4955599999999919,38.28917890332214,,,,,,,,
2025-08-13 16:24:00,,,,,-0.07826075305465374,38.431591700904534,,,,,,
2025-08-13 16:24:00,,,,,,,-0.49949608879705315,38.33530380643352,,,,
2025-08-13 16:24:00,,,,,,,,,-0.035133193511951794,38.43749228492017,,
2025-08-13 16:24:00,,,,,,,,,,,-0.4465742778540814,38.34289886174224
2025-08-13 16:24:00,0.4535687500000165,38.49732815909467,,,,,,,,,,
2025-08-13 16:24:00,,,-0.27580624999998804,38.34373350371631,,,,,,,,
2025-08-13 16:24:00,,,,,0.4520698301801612,38.518583425382495,,,,,,
2025-08-13 16:24:00,,,,,,,-0.27916040125235747,38.383949500293774,,,,
2025-08-13 16:24:00,,,,,,,,,0.472154383651704,38.52194428211054,,
2025-08-13 16:24:00,,,,,,,,,,,-0.23402975217699823,38.390525789563036
2025-08-13 16:24:00,0.06086874999998315,38.49995188302543,,,,,,,,,,
2025-08-13 16:24:00,,,-0.09538249999999096,38.39957527256265,,,,,,,,
2025-08-13 16:24:00,,,,,0.06011659089765601,38.50908057869137,,,,,,
2025-08-13 16:24:00,,,,,,,-0.09806667559029149,38.432639336134805,,,,
2025-08-13 16:24:00,,,,,,,,,0.0704907875605571,38.51166682901889,,
2025-08-13 16:24:00,,,,,,,,,,,-0.06184918855028883,38.43809802623215
2025-08-13 16:24:00,0.06086874999998315,38.49995188302543,,,,,,,,,,
2025-08-13 16:24:00,,,0.08504125000000613,38.45541704140899,,,,,,,,
2025-08-13 16:24:00,,,,,0.05770076747121984,38.542566866347755,,,,,,
2025-08-13 16:24:00,,,,,,,0.0828170329926716,38.48465924968319,,,,
2025-08-13 16:24:00,,,,,,,,,0.09988630361102066,38.548243956790444,,
2025-08-13 16:24:00,,,,,,,,,,,0.11263209367495149,38.48916939452613
2025-08-13 16:24:00,0.9291437499999802,38.66883877092556,,,,,,,,,,
2025-08-13 16:24:00,,,0.28587999999999736,38.51119946740416,,,,,,,,
2025-08-13 16:24:00,,,,,0.9285356543062021,38.678339189437374,,,,,,
2025-08-13 16:24:00,,,,,,,0.28403241796011713,38.5360323521527,,,,
2025-08-13 16:24:00,,,,,,,,,0.9365552333670468,38.68065684402319,,
2025-08-13 16:24:00,,,,,,,,,,,0.30879070293567534,38.540000839372645
2025-08-13 16:24:00,0.9291437499999802,38.66883877092556,,,,,,,,,,
2025-08-13 16:24:00,,,0.48671874999998865,38.56698189339933,,,,,,,,
2025-08-13 16:24:00,,,,,0.9270142316060138,38.70516209851506,,,,,,
2025-08-13 16:24:00,,,,,,,0.48508741489225055,38.590746431674816,,,,
2025-08-13 16:24:00,,,,,,,,,0.9552603457903024,38.7089042208811,,
2025-08-13 16:24:00,,,,,,,,,,,0.5068694107961262,38.59428322656483
2025-08-13 16:24:00,1.21946874999999,38.720801850785236,,,,,,,,,,
2025-08-13 16:24:00,,,0.6398987499999833,38.61167663173744,,,,,,,,
2025-08-13 16:24:00,,,,,1.2180839819675995,38.74630383818022,,,,,,
2025-08-13 16:24:00,,,,,,,0.6382902452497383,38.63629051423435,,,,
2025-08-13 16:24:00,,,,,,,,,1.2361100007489738,38.74915936201935,,
2025-08-13 16:24:00,,,,,,,,,,,0.6596605342155801,38.639726242546594
2025-08-13 16:24:00,0.8751999999999924,38.73011263810112,,,,,,,,,,
2025-08-13 16:24:00,,,0.8027649999999852,38.65770878275258,,,,,,,,
2025-08-13 16:24:00,,,,,0.874276899987011,38.74465311941303,,,,,,
2025-08-13 16:24:00,,,,,,,0.8011223070676093,38.68340502237869,,,,
2025-08-13 16:24:00,,,,,,,,,0.8861734524466209,38.74727112753407,,
2025-08-13 16:24:00,,,,,,,,,,,0.8227970671927929,38.68684710224964
2025-08-13 16:24:00,0.8751999999999924,38.73011263810112,,,,,,,,,,
2025-08-13 16:24:00,,,0.9656312499999871,38.70374093376772,,,,,,,,
2025-08-13 16:24:00,,,,,0.8736915285103373,38.754722785855826,,,,,,
2025-08-13 16:24:00,,,,,,,0.9643204592754326,38.7258362062803,,,,
2025-08-13 16:24:00,,,,,,,,,0.8930008838918728,38.757831843797234,,
2025-08-13 16:24:00,,,,,,,,,,,0.9814199832489635,38.728764679650986
2025-08-13 16:24:00,0.48100000000000875,38.73701381108255,,,,,,,,,,
2025-08-13 16:24:00,,,0.8760024999999928,38.71737594179912,,,,,,,,
2025-08-13 16:24:00,,,,,0.48011191977964907,38.749334513171185,,,,,,
2025-08-13 16:24:00,,,,,,,0.8746357123701222,38.74003527102707,,,,
2025-08-13 16:24:00,,,,,,,,,0.49170519039544486,38.751969384083736,,
2025-08-13 16:24:00,,,,,,,,,,,0.892449974654643,38.743027187663095
2025-08-13 16:24:00,0.48100000000000875,38.73701381108255,,,,,,,,,,
2025-08-13 16:24:00,,,0.7863737499999985,38.73101094983051,,,,,,,,
2025-08-13 16:24:00,,,,,0.4796662399756355,38.75599513603712,,,,,,
2025-08-13 16:24:00,,,,,,,0.7851661140440465,38.75020187853148,,,,
2025-08-13 16:24:00,,,,,,,,,0.4971430443294903,38.75922161527592,,
2025-08-13 16:24:00,,,,,,,,,,,0.8008265143624806,38.753090666542064
2025-08-13 16:24:00,0.13541874999999948,38.73976331577348,,,,,,,,,,
2025-08-13 16:24:00,,,0.5695637500000004,38.734803242828164,,,,,,,,
2025-08-13 16:24:00,,,,,0.13474013925440395,38.74816754475894,,,,,,
2025-08-13 16:24:00,,,,,,,0.5684973455014073,38.75057461984723,,,,
2025-08-13 16:24:00,,,,,,,,,0.14456458837496078,38.75071685033133,,
2025-08-13 16:24:00,,,,,,,,,,,0.5825174318876779,38.75340216420445
2025-08-13 16:24:00,0.13541874999999948,38.73976331577348,,,,,,,,,,
2025-08-13 16:24:00,,,0.4216075000000018,38.736733378362636,,,,,,,,
2025-08-13 16:24:00,,,,,0.13424108412705754,38.7548287735503,,,,,,
2025-08-13 16:24:00,,,,,,,0.42049018232941665,38.75260975067467,,,,
2025-08-13 16:24:00,,,,,,,,,0.15022868356127977,38.75801350265441,,
2025-08-13 16:24:00,,,,,,,,,,,0.43532847811060965,38.755550639228524
2025-08-13 16:24:00,-0.21077499999999816,38.739426607777446,,,,,,,,,,
2025-08-13 16:24:00,,,0.20441250000000366,38.7385961722979,,,,,,,,
2025-08-13 16:24:00,,,,,-0.2111870185871887,38.74397473787023,,,,,,
2025-08-13 16:24:00,,,,,,,0.20351447290991148,38.75046014107755,,,,
2025-08-13 16:24:00,,,,,,,,,-0.20470483149045893,38.74624182587553,,
2025-08-13 16:24:00,,,,,,,,,,,0.2157873350341434,38.75323263564418
2025-08-13 16:24:00,-0.21077499999999816,38.739426607777446,,,,,,,,,,
2025-08-13 16:24:00,,,0.06605750000000228,38.73907873163688,,,,,,,,
2025-08-13 16:24:00,,,,,-0.21201593498787094,38.75393463060629,,,,,,
2025-08-13 16:24:00,,,,,,,0.06508890195640746,38.75138016456458,,,,
2025-08-13 16:24:00,,,,,,,,,-0.19517727612284608,38.7573585566802,,
2025-08-13 16:24:00,,,,,,,,,,,0.07841084173048518,38.754310470163475
2025-08-13 16:24:00,-0.21077499999999816,38.739426607777446,,,,,,,,,,
2025-08-13 16:24:00,,,-0.0722974999999991,38.73956129097586,,,,,,,,
2025-08-13 16:24:00,,,,,-0.2128036758123013,38.76399081045292,,,,,,
2025-08-13 16:24:00,,,,,,,-0.0734050812011799,38.75297929944774,,,,
2025-08-13 16:24:00,,,,,,,,,-0.18614692489399404,38.768451334419616,,
2025-08-13 16:24:00,,,,,,,,,,,-0.0582471521142117,38.756156413992215
2025-08-13 16:24:00,-0.21077499999999816,38.739426607777446,,,,,,,,,,
2025-08-13 16:24:00,,,-0.14153624999999864,38.73949394937665,,,,,,,,
2025-08-13 16:24:00,,,,,-0.21454019897792884,38.78749237000052,,,,,,
2025-08-13 16:24:00,,,,,,,-0.14326114884764646,38.76084426449605,,,,
2025-08-13 16:24:00,,,,,,,,,-0.21236491552099396,38.789257287066064,,
2025-08-13 16:24:00,,,,,,,,,,,-0.12963305289340266,38.763864501339164
2025-08-13 16:24:00,-0.21077499999999816,38.739426607777446,,,,,,,,,,
2025-08-13 16:24:00,,,-0.21077499999999816,38.739426607777446,,,,,,,,
2025-08-13 16:24:00,,,,,-0.21572540768634474,38.80426763758665,,,,,,
2025-08-13 16:24:00,,,,,,,-0.2132544472103269,38.77073203730332,,,,
2025-08-13 16:24:00,,,,,,,,,-0.14828397869583176,38.812745233481785,,
2025-08-13 16:24:00,,,,,,,,,,,-0.18933558534482492,38.77481084750464
2025-08-13 16:24:00,-0.21077499999999816,38.739426607777446,,,,,,,,,,
2025-08-13 16:24:00,,,-0.21077499999999816,38.739426607777446,,,,,,,,
2025-08-13 16:24:00,,,,,-0.2173102779950507,38.8278245136883,,,,,,
2025-08-13 16:24:00,,,,,,,-0.2144790990918993,38.787501992466936,,,,
2025-08-13 16:24:00,,,,,,,,,-0.12692617516232685,38.838539886560184,,
2025-08-13 16:24:00,,,,,,,,,,,-0.17377985407919855,38.79327045964156
2025-08-13 16:24:00,-0.21077499999999816,38.739426607777446,,,,,,,,,,
2025-08-13 16:24:00,,,-0.21077499999999816,38.739426607777446,,,,,,,,
2025-08-13 16:24:00,,,,,-0.21862528556125704,38.847997043865206,,,,,,
2025-08-13 16:24:00,,,,,,,-0.21580096920657654,38.80631447511872,,,,
2025-08-13 16:24:00,,,,,,,,,-0.10872524300957025,38.86069403360669,,
2025-08-13 16:24:00,,,,,,,,,,,-0.15648944745654336,38.81393755502687
2025-08-13 16:24:00,-1.6016750000000002,38.70687583872373,,,,,,,,,,
2025-08-13 16:24:00,,,-0.4889549999999986,38.7329164539667,,,,,,,,
2025-08-13 16:24:00,,,,,-1.608467898685493,38.7740538722257,,,,,,
2025-08-13 16:24:00,,,,,,,-0.4949338137812148,38.80832708747327,,,,
2025-08-13 16:24:00,,,,,,,,,-1.5148753310767578,38.78843492861825,,
2025-08-13 16:24:00,,,,,,,,,,,-0.42223512869309615,38.81793427386659
2025-08-13 16:24:00,-1.6016750000000002,38.70687583872373,,,,,,,,,,
2025-08-13 16:24:00,,,-0.767134999999999,38.72640630015596,,,,,,,,
2025-08-13 16:24:00,,,,,-1.6099481530871151,38.79092046083581,,,,,,
2025-08-13 16:24:00,,,,,,,-0.7740154046030521,38.80901270564033,,,,
2025-08-13 16:24:00,,,,,,,,,-1.4948216699633834,38.8080541200994,,
2025-08-13 16:24:00,,,,,,,,,,,-0.678726479581574,38.82169364047326
2025-08-13 16:24:00,-1.6016750000000002,38.70687583872373,,,,,,,,,,
2025-08-13 16:24:00,,,-1.0453149999999993,38.71989614634522,,,,,,,,
2025-08-13 16:24:00,,,,,-1.6116568247784744,38.811140480368095,,,,,,
2025-08-13 16:24:00,,,,,,,-1.053201688021478,38.81038727419662,,,,
2025-08-13 16:24:00,,,,,,,,,-1.4697046380968306,38.831770047062875,,
2025-08-13 16:24:00,,,,,,,,,,,-0.9430106114617738,38.82549860318947
2025-08-13 16:24:00,-1.6016750000000002,38.70687583872373,,,,,,,,,,
2025-08-13 16:24:00,,,-1.3234949999999999,38.71338599253448,,,,,,,,
2025-08-13 16:24:00,,,,,-1.6132582513806337,38.83140520920838,,,,,,
2025-08-13 16:24:00,,,,,,,-1.3323912826985946,38.81110341330064,,,,
2025-08-13 16:24:00,,,,,,,,,-1.4453766229429839,38.85531119685349,,
2025-08-13 16:24:00,,,,,,,,,,,-1.2067007010179052,38.828852865248145
2025-08-13 16:24:00,-1.6016750000000002,38.70687583872373,,,,,,,,,,
2025-08-13 16:24:00,,,-1.6016750000000002,38.70687583872373,,,,,,,,
2025-08-13 16:24:00,,,,,-1.6151182199352943,38.858538829453295,,,,,,
2025-08-13 16:24:00,,,,,,,-1.6116898695734019,38.813211770418256,,,,
2025-08-13 16:24:00,,,,,,,,,-1.4138271916475045,38.88661911275814,,
2025-08-13 16:24:00,,,,,,,,,,,-1.467721090745492,38.83403788107843
2025-08-13 16:24:00,-3.203275000000005,38.60733905974841,,,,,,,,,,
2025-08-13 16:24:00,,,-1.9219950000000012,38.68696848292867,,,,,,,,
2025-08-13 16:24:00,,,,,-3.216097710742451,38.71368096865981,,,,,,
2025-08-13 16:24:00,,,,,,,-1.9332158319847939,38.801137189705074,,,,
2025-08-13 16:24:00,,,,,,,,,-3.0299338107762344,38.74738169009602,,
2025-08-13 16:24:00,,,,,,,,,,,-1.7707327866853873,38.82582723337398
2025-08-13 16:24:00,-3.203275000000005,38.60733905974841,,,,,,,,,,
2025-08-13 16:24:00,,,-2.2423150000000023,38.66706112713361,,,,,,,,
2025-08-13 16:24:00,,,,,-3.2102589908423167,38.75323140445553,,,,,,
2025-08-13 16:24:00,,,,,,,-2.253277999535834,38.79359937842902,,,,
2025-08-13 16:24:00,,,,,,,,,-2.9725314078746097,38.794776920470085,,
2025-08-13 16:24:00,,,,,,,,,,,-2.0662747342676324,38.823171793448125
2025-08-13 16:24:00,-3.958431250000004,38.53723422923632,,,,,,,,,,
2025-08-13 16:24:00,,,-2.713666250000003,38.633132805236116,,,,,,,,
2025-08-13 16:24:00,,,,,-3.972827058218413,38.661083099841186,,,,,,
2025-08-13 16:24:00,,,,,,,-2.725512046223822,38.76358790232364,,,,
2025-08-13 16:24:00,,,,,,,,,-3.7371155175552064,38.70707462377251,,
2025-08-13 16:24:00,,,,,,,,,,,-2.519756910159308,38.79823270879005
2025-08-13 16:24:00,-3.958431250000004,38.53723422923632,,,,,,,,,,
2025-08-13 16:24:00,,,-3.1850175000000034,38.599204483338646,,,,,,,,
2025-08-13 16:24:00,,,,,-3.9644523887176217,38.6938112186769,,,,,,
2025-08-13 16:24:00,,,,,,,-3.195750873691219,38.73606910421735,,,,
2025-08-13 16:24:00,,,,,,,,,-3.6865351961139723,38.74748641186875,,
2025-08-13 16:24:00,,,,,,,,,,,-2.9679886247935054,38.776667751793106
2025-08-13 16:24:00,-3.958431250000004,38.53723422923632,,,,,,,,,,
2025-08-13 16:24:00,,,-3.6563687500000044,38.56527616144116,,,,,,,,
2025-08-13 16:24:00,,,,,-3.9653818658684243,38.71756261946553,,,,,,
2025-08-13 16:24:00,,,,,,,-3.665803602877845,38.70787386221979,,,,
2025-08-13 16:24:00,,,,,,,,,-3.6465214160506916,38.77891947001849,,
2025-08-13 16:24:00,,,,,,,,,,,-3.4145274696741432,38.75512782324517
2025-08-13 16:24:00,-5.121799999999979,38.399931832752,,,,,,,,,,
2025-08-13 16:24:00,,,-4.0400737499999995,38.52379471604188,,,,,,,,
2025-08-13 16:24:00,,,,,-5.128560589764509,38.550370288416154,,,,,,
2025-08-13 16:24:00,,,,,,,-4.048296178682257,38.675211726171064,,,,
2025-08-13 16:24:00,,,,,,,,,-4.821236272948569,38.61862976921036,,
2025-08-13 16:24:00,,,,,,,,,,,-3.7727879621086102,38.72937743906804
2025-08-13 16:24:00,-5.985931249999993,38.274746597074596,,,,,,,,,,
2025-08-13 16:24:00,,,-4.596604999999997,38.457276223507115,,,,,,,,
2025-08-13 16:24:00,,,,,-5.992368915592198,38.403817425395275,,,,,,
2025-08-13 16:24:00,,,,,,,-4.604718163632233,38.60532893035901,,,,
2025-08-13 16:24:00,,,,,,,,,-5.7019520245674595,38.47481223179268,,
2025-08-13 16:24:00,,,,,,,,,,,-4.31867208544718,38.665384501332554
2025-08-13 16:24:00,-6.8536749999999955,38.12892260468915,,,,,,,,,,
2025-08-13 16:24:00,,,-5.175653749999995,38.37561389859768,,,,,,,,
2025-08-13 16:24:00,,,,,-6.859634117648497,38.2372466369134,,,,,,
2025-08-13 16:24:00,,,,,,,-5.18207957551825,38.520561637773454,,,,
2025-08-13 16:24:00,,,,,,,,,-6.59323529497384,38.308483799569665,,
2025-08-13 16:24:00,,,,,,,,,,,-4.889896040930906,38.58566633649199
2025-08-13 16:24:00,1.9133562499999925,40.464789235341215,,,,,,,,,,
2025-08-13 16:24:00,,,-4.001296249999996,38.761124899818654,,,,,,,,
2025-08-13 16:24:00,,,,,1.921136639892901,40.2238156194997,,,,,,
2025-08-13 16:24:00,,,,,,,-4.004961769796145,38.82656251793801,,,,
2025-08-13 16:24:00,,,,,,,,,1.7904022785415825,40.21576362814447,,
2025-08-13 16:24:00,,,,,,,,,,,-3.7945085459997956,38.87932177974714
2025-08-13 16:24:00,1.9133562499999925,40.464789235341215,,,,,,,,,,
2025-08-13 16:24:00,,,-2.8269387499999965,39.14663590103964,,,,,,,,
2025-08-13 16:24:00,,,,,1.9188960790740786,40.30112755267674,,,,,,
2025-08-13 16:24:00,,,,,,,-2.828106180807645,39.14327550458025,,,,
2025-08-13 16:24:00,,,,,,,,,1.831069527521504,40.29513286464609,,
2025-08-13 16:24:00,,,,,,,,,,,-2.698990357285356,39.18256445867266
2025-08-13 16:24:00,1.5549999999999784,40.48014420675895,,,,,,,,,,
2025-08-13 16:24:00,,,-1.491578750000005,39.56267837584103,,,,,,,,
2025-08-13 16:24:00,,,,,1.5618544599357351,40.30529973509315,,,,,,
2025-08-13 16:24:00,,,,,,,-1.4900231708675962,39.49426139391565,,,,
2025-08-13 16:24:00,,,,,,,,,1.4519289680684628,40.297395451731646,,
2025-08-13 16:24:00,,,,,,,,,,,-1.4443573090819495,39.5183175951769
2025-08-13 16:24:00,1.5549999999999784,40.48014420675895,,,,,,,,,,
2025-08-13 16:24:00,,,0.016607499999989273,40.003757897777895,,,,,,,,
2025-08-13 16:24:00,,,,,1.5610345718553906,40.32883899105911,,,,,,
2025-08-13 16:24:00,,,,,,,0.020657526621921683,39.87926570704842,,,,
2025-08-13 16:24:00,,,,,,,,,1.465812284490393,40.321734047020584,,
2025-08-13 16:24:00,,,,,,,,,,,-0.010804447270379613,39.887701958222486
2025-08-13 16:24:00,1.2986562499999934,40.48917870177581,,,,,,,,,,
2025-08-13 16:24:00,,,1.647073749999987,40.475809117195226,,,,,,,,
2025-08-13 16:24:00,,,,,1.3056300795568823,40.32999937147034,,,,,,
2025-08-13 16:24:00,,,,,,,1.6537103660629977,40.29781625395981,,,,
2025-08-13 16:24:00,,,,,,,,,1.1945105448370938,40.32124129395517,,
2025-08-13 16:24:00,,,,,,,,,,,1.5467447206918072,40.290253457099595
2025-08-13 16:24:00,1.2986562499999934,40.48917870177581,,,,,,,,,,
2025-08-13 16:24:00,,,1.5241337499999872,40.48068701048215,,,,,,,,
2025-08-13 16:24:00,,,,,1.305080817828699,40.343373386230844,,,,,,
2025-08-13 16:24:00,,,,,,,1.5304992016501573,40.32172780730603,,,,
2025-08-13 16:24:00,,,,,,,,,1.2034501340036197,40.335260937817964,,
2025-08-13 16:24:00,,,,,,,,,,,1.4293542917842148,40.31415291903429
2025-08-13 16:24:00,1.7549000000000063,40.5620552485941,,,,,,,,,,
2025-08-13 16:24:00,,,1.49244249999999,40.500140213132724,,,,,,,,
2025-08-13 16:24:00,,,,,1.7607874243795478,40.400175363331215,,,,,,
2025-08-13 16:24:00,,,,,,,1.498877470711251,40.34153736943693,,,,
2025-08-13 16:24:00,,,,,,,,,1.666789005773256,40.393538068798435,,
2025-08-13 16:24:00,,,,,,,,,,,1.3964981874345652,40.33383395986476
2025-08-13 16:24:00,2.008806249999992,40.60033494258343,,,,,,,,,,
2025-08-13 16:24:00,,,1.5832037499999927,40.524178360297626,,,,,,,,
2025-08-13 16:24:00,,,,,2.014280282327971,40.42955191995749,,,,,,
2025-08-13 16:24:00,,,,,,,1.5893626351896981,40.3663878064098,,,,
2025-08-13 16:24:00,,,,,,,,,1.9267304317946667,40.423829882003176,,
2025-08-13 16:24:00,,,,,,,,,,,1.4914584801798059,40.359120845919065
2025-08-13 16:24:00,2.008806249999992,40.60033494258343,,,,,,,,,,
2025-08-13 16:24:00,,,1.6739649999999955,40.54821650746252,,,,,,,,
2025-08-13 16:24:00,,,,,2.0149606739358883,40.40608020743613,,,,,,
2025-08-13 16:24:00,,,,,,,1.6801478556057976,40.381836049685205,,,,
2025-08-13 16:24:00,,,,,,,,,1.9147204305373078,40.39976222886584,,
2025-08-13 16:24:00,,,,,,,,,,,1.581240109389189,40.37472648228811
2025-08-13 16:24:00,2.2121562499999925,40.62982235655954,,,,,,,,,,
2025-08-13 16:24:00,,,1.8566649999999953,40.576345238419265,,,,,,,,
2025-08-13 16:24:00,,,,,2.2178485930113903,40.42845434142149,,,,,,
2025-08-13 16:24:00,,,,,,,1.8625915582966996,40.40152704367543,,,,
2025-08-13 16:24:00,,,,,,,,,2.1244886191519794,40.42289327455785,,
2025-08-13 16:24:00,,,,,,,,,,,1.767235724252166,40.39505687840865
2025-08-13 16:24:00,1.4412500000000108,40.6644672710402,,,,,,,,,,
2025-08-13 16:24:00,,,1.8851837499999988,40.611402952272144,,,,,,,,
2025-08-13 16:24:00,,,,,1.4502017375825962,40.43916225032865,,,,,,
2025-08-13 16:24:00,,,,,,,1.8916157422474789,40.420684816495,,,,
2025-08-13 16:24:00,,,,,,,,,1.2997405868994543,40.42846835115881,,
2025-08-13 16:24:00,,,,,,,,,,,1.7864938148313327,40.41369836107682
2025-08-13 16:24:00,1.6448000000000036,40.69677546145394,,,,,,,,,,
2025-08-13 16:24:00,,,1.8631637499999982,40.638346994844106,,,,,,,,
2025-08-13 16:24:00,,,,,1.6532957179202796,40.4643421733716,,,,,,
2025-08-13 16:24:00,,,,,,,1.8701174009556252,40.43351817850307,,,,
2025-08-13 16:24:00,,,,,,,,,1.5098632703516648,40.45473165488174,,
2025-08-13 16:24:00,,,,,,,,,,,1.7551086677470145,40.42593707829349
2025-08-13 16:24:00,1.387206249999977,40.70637000298554,,,,,,,,,,
2025-08-13 16:24:00,,,1.7388437499999951,40.65955400692453,,,,,,,,
2025-08-13 16:24:00,,,,,1.3968387918904912,40.465937082295696,,,,,,
2025-08-13 16:24:00,,,,,,,1.7466291028681291,40.44079521097071,,,,
2025-08-13 16:24:00,,,,,,,,,1.2325460491916553,40.454174228404085,,
2025-08-13 16:24:00,,,,,,,,,,,1.6162717912264122,40.43200594757367
2025-08-13 16:24:00,1.590956250000005,40.73894645435233,,,,,,,,,,
2025-08-13 16:24:00,,,1.6552737499999979,40.68727630927831,,,,,,,,
2025-08-13 16:24:00,,,,,1.600096532226932,40.4913709111632,,,,,,
2025-08-13 16:24:00,,,,,,,1.663656274526338,40.45785335171612,,,,
2025-08-13 16:24:00,,,,,,,,,1.4435108065279276,40.480876258907486,,
2025-08-13 16:24:00,,,,,,,,,,,1.5220298664245362,40.448228753582
2025-08-13 16:24:00,1.3330500000000143,40.748200913629304,,,,,,,,,,
2025-08-13 16:24:00,,,1.479452500000002,40.71095202069226,,,,,,,,
2025-08-13 16:24:00,,,,,1.3433685668026838,40.49264189928241,,,,,,
2025-08-13 16:24:00,,,,,,,1.4887602692845965,40.47069086328831,,,,
2025-08-13 16:24:00,,,,,,,,,1.1646861696486845,40.47979922840941,,
2025-08-13 16:24:00,,,,,,,,,,,1.3300693765238774,40.45960994435231
2025-08-13 16:24:00,1.0748312500000026,40.75582949449102,,,,,,,,,,
2025-08-13 16:24:00,,,1.4061687500000004,40.72922446538242,,,,,,,,
2025-08-13 16:24:00,,,,,1.086356759574786,40.49235167215149,,,,,,
2025-08-13 16:24:00,,,,,,,1.4159912736830347,40.48132874765288,,,,
2025-08-13 16:24:00,,,,,,,,,0.8839834859822977,40.476701569326764,,
2025-08-13 16:24:00,,,,,,,,,,,1.2469179563404462,40.469256587985896
2025-08-13 16:24:00,1.3808312499999857,40.80664412885509,,,,,,,,,,
2025-08-13 16:24:00,,,1.3533749999999969,40.75119819886265,,,,,,,,
2025-08-13 16:24:00,,,,,1.3916278816248289,40.53245031827986,,,,,,
2025-08-13 16:24:00,,,,,,,1.3636577064239446,40.49495037663453,,,,
2025-08-13 16:24:00,,,,,,,,,1.2024372021036434,40.51914958784261,,
2025-08-13 16:24:00,,,,,,,,,,,1.185432742690842,40.48214017457807
2025-08-13 16:24:00,1.5850812499999734,40.83925094110932,,,,,,,,,,
2025-08-13 16:24:00,,,1.3929499999999961,40.777774386487415,,,,,,,,
2025-08-13 16:24:00,,,,,1.595290081142362,40.5579067415235,,,,,,
2025-08-13 16:24:00,,,,,,,1.4033479642743185,40.51334430848009,,,,
2025-08-13 16:24:00,,,,,,,,,1.4160277590149817,40.546089935504725,,
2025-08-13 16:24:00,,,,,,,,,,,1.222129084655507,40.5005233159982
2025-08-13 16:24:00,1.7895312499999676,40.870841414207185,,,,,,,,,,
2025-08-13 16:24:00,,,1.4326649999999888,40.80415337845838,,,,,,,,
2025-08-13 16:24:00,,,,,1.7991071746576353,40.58238210532906,,,,,,
2025-08-13 16:24:00,,,,,,,1.4431500927604592,40.53154654731326,,,,
2025-08-13 16:24:00,,,,,,,,,1.6306931554283723,40.572005126764175,,
2025-08-13 16:24:00,,,,,,,,,,,1.259565554435596,40.51874908956953
2025-08-13 16:24:00,1.7895312499999676,40.870841414207185,,,,,,,,,,
2025-08-13 16:24:00,,,1.5239612499999793,40.828681478573955,,,,,,,,
2025-08-13 16:24:00,,,,,1.7968436145666038,40.65969577345443,,,,,,
2025-08-13 16:24:00,,,,,,,1.5338451023132431,40.56495732214766,,,,
2025-08-13 16:24:00,,,,,,,,,1.674975222162271,40.65175505004592,,
2025-08-13 16:24:00,,,,,,,,,,,1.3616233649383132,40.55314025389684
2025-08-13 16:24:00,1.994181249999997,40.90141490391437,,,,,,,,,,
2025-08-13 16:24:00,,,1.7078312499999782,40.857798560458626,,,,,,,,
2025-08-13 16:24:00,,,,,2.001034966789376,40.68320945635994,,,,,,
2025-08-13 16:24:00,,,,,,,1.716780743756161,40.60312887898936,,,,
2025-08-13 16:24:00,,,,,,,,,1.886683785198983,40.676195695421,,
2025-08-13 16:24:00,,,,,,,,,,,1.5621634247816503,40.593039079115684
2025-08-13 16:24:00,1.994181249999997,40.90141490391437,,,,,,,,,,
2025-08-13 16:24:00,,,1.8305012499999804,40.87675271547049,,,,,,,,
2025-08-13 16:24:00,,,,,1.9996862606760564,40.7301722271215,,,,,,
2025-08-13 16:24:00,,,,,,,1.8383924195664065,40.64267326075769,,,,
2025-08-13 16:24:00,,,,,,,,,1.9106644411653018,40.72434883562228,,
2025-08-13 16:24:00,,,,,,,,,,,1.703808872593982,40.63407892867163
2025-08-13 16:24:00,2.1990312500000044,40.930970689216785,,,,,,,,,,
2025-08-13 16:24:00,,,1.9532912499999866,40.89509666509198,,,,,,,,
2025-08-13 16:24:00,,,,,2.204173764492715,40.75271920252353,,,,,,
2025-08-13 16:24:00,,,,,,,1.9601691562364771,40.68163575295769,,,,
2025-08-13 16:24:00,,,,,,,,,2.12070346849319,40.74753539269631,,
2025-08-13 16:24:00,,,,,,,,,,,1.8447440144896234,40.67436802010993
2025-08-13 16:24:00,2.1990312500000044,40.930970689216785,,,,,,,,,,
2025-08-13 16:24:00,,,2.0351912499999942,40.9071225200939,,,,,,,,
2025-08-13 16:24:00,,,,,2.2030246300788416,40.796367627265376,,,,,,
2025-08-13 16:24:00,,,,,,,2.0409526473207187,40.72443285734495,,,,
2025-08-13 16:24:00,,,,,,,,,2.140746668103456,40.79203980689142,,
2025-08-13 16:24:00,,,,,,,,,,,1.9467547170246404,40.71837495613538
2025-08-13 16:24:00,2.1990312500000044,40.930970689216785,,,,,,,,,,
2025-08-13 16:24:00,,,2.1170912500000014,40.91914837509582,,,,,,,,
2025-08-13 16:24:00,,,,,2.2017302363602775,40.84333151531973,,,,,,
2025-08-13 16:24:00,,,,,,,2.121929971679453,40.76116000571802,,,,
2025-08-13 16:24:00,,,,,,,,,2.161322181708517,40.83999627125755,,
2025-08-13 16:24:00,,,,,,,,,,,2.0440241089338897,40.75602320037771
2025-08-13 16:24:00,2.40408124999999,40.95950797242807,,,,,,,,,,
2025-08-13 16:24:00,,,2.1990712500000003,40.93076698879857,,,,,,,,
2025-08-13 16:24:00,,,,,2.406638859243062,40.864761476974635,,,,,,
2025-08-13 16:24:00,,,,,,,2.20305075017019,40.797470409840955,,,,
2025-08-13 16:24:00,,,,,,,,,2.3681237326524727,40.86177157477377,,
2025-08-13 16:24:00,,,,,,,,,,,2.140312098424588,40.793138376248265
2025-08-13 16:24:00,2.6606749999999835,40.99374596867643,,,,,,,,,,
2025-08-13 16:24:00,,,2.3323699999999974,40.94923320175097,,,,,,,,
2025-08-13 16:24:00,,,,,2.6630047902139293,40.89029969506774,,,,,,
2025-08-13 16:24:00,,,,,,,2.335714456077765,40.82949590343021,,,,
2025-08-13 16:24:00,,,,,,,,,2.6276097547580988,40.88758316256152,,
2025-08-13 16:24:00,,,,,,,,,,,2.2837011611431466,40.82578524163611
2025-08-13 16:24:00,1.364893749999979,41.05731926284534,,,,,,,,,,
2025-08-13 16:24:00,,,2.1655424999999924,40.97450291647668,,,,,,,,
2025-08-13 16:24:00,,,,,1.3710429338044894,40.91384083714661,,,,,,
2025-08-13 16:24:00,,,,,,,2.16908828994012,40.86172023035482,,,,
2025-08-13 16:24:00,,,,,,,,,1.273213462332937,40.90619757511575,,
2025-08-13 16:24:00,,,,,,,,,,,2.114203159911096,40.857517678120004
2025-08-13 16:24:00,1.5703937499999654,41.090001989169586,,,,,,,,,,
2025-08-13 16:24:00,,,2.0398149999999844,41.00630917646724,,,,,,,,
2025-08-13 16:24:00,,,,,1.5763117219489808,40.939326698655506,,,,,,
2025-08-13 16:24:00,,,,,,,2.0437457083141477,40.89031204463284,,,,
2025-08-13 16:24:00,,,,,,,,,1.4819213126607769,40.93235261719514,,
2025-08-13 16:24:00,,,,,,,,,,,1.9824380888225606,40.885580240180744
2025-08-13 16:24:00,1.7760937499999727,41.121662065038315,,,,,,,,,,
2025-08-13 16:24:00,,,1.9552274999999781,41.04444745163155,,,,,,,,
2025-08-13 16:24:00,,,,,1.781733832740122,40.96382152068662,,,,,,
2025-08-13 16:24:00,,,,,,,1.9597464275901166,40.91441004570622,,,,
2025-08-13 16:24:00,,,,,,,,,1.6902765211984951,40.95747507039965,,
2025-08-13 16:24:00,,,,,,,,,,,1.8882289567205561,40.909076000009165
2025-08-13 16:24:00,0.5770749999999936,41.155954422712334,,,,,,,,,,
2025-08-13 16:24:00,,,1.589826249999979,41.083736741688405,,,,,,,,
2025-08-13 16:24:00,,,,,0.5873812508119358,40.96197853115186,,,,,,
2025-08-13 16:24:00,,,,,,,1.5958949059038914,40.93385345654166,,,,
2025-08-13 16:24:00,,,,,,,,,0.41459008231066197,40.94660453236381,,
2025-08-13 16:24:00,,,,,,,,,,,1.497522226652194,40.92604259152718
2025-08-13 16:24:00,1.0406312500000041,41.236871687865985,,,,,,,,,,
2025-08-13 16:24:00,,,1.265817499999983,41.132361885526315,,,,,,,,
2025-08-13 16:24:00,,,,,1.0502771981416275,41.02660095344978,,,,,,
2025-08-13 16:24:00,,,,,,,1.273349387489431,40.96111370821807,,,,
2025-08-13 16:24:00,,,,,,,,,0.887841187321452,41.01373261268767,,
2025-08-13 16:24:00,,,,,,,,,,,1.1495685131648645,40.95127248155241
2025-08-13 16:24:00,0.6220312500000063,41.24530975909895,,,,,,,,,,
2025-08-13 16:24:00,,,1.1172449999999885,41.16995998477704,,,,,,,,
2025-08-13 16:24:00,,,,,0.633430684603216,41.022427499569645,,,,,,
2025-08-13 16:24:00,,,,,,,1.1258269376491765,40.982831040702685,,,,
2025-08-13 16:24:00,,,,,,,,,0.4365684540758013,41.005351187105134,,
2025-08-13 16:24:00,,,,,,,,,,,0.9822395115134375,40.97110320395028
2025-08-13 16:24:00,0.8799999999999955,41.29062363297508,,,,,,,,,,
2025-08-13 16:24:00,,,0.9791662499999945,41.21008431353813,,,,,,,,
2025-08-13 16:24:00,,,,,0.8909495383943069,41.058663347679655,,,,,,
2025-08-13 16:24:00,,,,,,,0.9887545009382416,41.006698370507515,,,,
2025-08-13 16:24:00,,,,,,,,,0.701191464235275,41.04328673151437,,
2025-08-13 16:24:00,,,,,,,,,,,0.826093541828337,40.99329002681413
2025-08-13 16:24:00,0.14552499999999213,41.2997436126954,,,,,,,,,,
2025-08-13 16:24:00,,,0.6530524999999983,41.245700623069546,,,,,,,,
2025-08-13 16:24:00,,,,,0.15953883995263451,41.04585342831911,,,,,,
2025-08-13 16:24:00,,,,,,,0.6643155023807441,41.02310475203401,,,,
2025-08-13 16:24:00,,,,,,,,,-0.09796536133166302,41.02127707018153,,
2025-08-13 16:24:00,,,,,,,,,,,0.46844516532230546,41.0060504267705
2025-08-13 16:24:00,0.3004562499999963,41.328907873809534,,,,,,,,,,
2025-08-13 16:24:00,,,0.5977287499999988,41.28029131328899,,,,,,,,
2025-08-13 16:24:00,,,,,0.31419300723031673,41.0694938103086,,,,,,
2025-08-13 16:24:00,,,,,,,0.6096778536644203,41.04460780786536,,,,
2025-08-13 16:24:00,,,,,,,,,0.06172477177501547,41.04628898008666,,
2025-08-13 16:24:00,,,,,,,,,,,0.3978721032151762,41.02598731631507
2025-08-13 16:24:00,0.7141562499999878,41.40384137795171,,,,,,,,,,
2025-08-13 16:24:00,,,0.5324337499999956,41.313685251306126,,,,,,,,
2025-08-13 16:24:00,,,,,0.7271859001760097,41.12990976322435,,,,,,
2025-08-13 16:24:00,,,,,,,0.5450595940712968,41.06526956982027,,,,
2025-08-13 16:24:00,,,,,,,,,0.48913590320270883,41.11018616758938,,
2025-08-13 16:24:00,,,,,,,,,,,0.3181310463914275,41.04527802729542
2025-08-13 16:24:00,1.1286562500000201,41.474645689497294,,,,,,,,,,
2025-08-13 16:24:00,,,0.6337587499999984,41.3595524373858,,,,,,,,
2025-08-13 16:24:00,,,,,1.140773690414148,41.18635729972249,,,,,,
2025-08-13 16:24:00,,,,,,,0.6465281952334831,41.09805552985084,,,,
2025-08-13 16:24:00,,,,,,,,,0.9213218784892202,41.170135282593165,,
2025-08-13 16:24:00,,,,,,,,,,,0.4150817312741113,41.07823484639302
2025-08-13 16:24:00,1.595924999999994,41.54936128744189,,,,,,,,,,
2025-08-13 16:24:00,,,0.776943749999998,41.41129996827917,,,,,,,,
2025-08-13 16:24:00,,,,,1.6066880204276783,41.24501910923018,,,,,,
2025-08-13 16:24:00,,,,,,,0.7896758916401574,41.135326682160944,,,,
2025-08-13 16:24:00,,,,,,,,,1.4118013009132624,41.23250652758961,,
2025-08-13 16:24:00,,,,,,,,,,,0.5572036986097088,41.11607880560807
2025-08-13 16:25:00,2.0121249999999833,41.611380089878956,,,,,,,,,,
2025-08-13 16:25:00,,,1.1502637499999964,41.473627263715876,,,,,,,,
2025-08-13 16:25:00,,,,,2.021484251833524,41.29293670818677,,,,,,
2025-08-13 16:25:00,,,,,,,1.1620649740163354,41.18474333813448,,,,
2025-08-13 16:25:00,,,,,,,,,1.8517435523051797,41.28346436205926,,
2025-08-13 16:25:00,,,,,,,,,,,0.9471454813370773,41.16851626398361
2025-08-13 16:25:00,2.0121249999999833,41.611380089878956,,,,,,,,,,
2025-08-13 16:25:00,,,1.4925974999999938,41.53012170692976,,,,,,,,
2025-08-13 16:25:00,,,,,2.0121249999999833,41.611380089878956,,,,,,
2025-08-13 16:25:00,,,,,,,1.5016513725702687,41.293120594048546,,,,
2025-08-13 16:25:00,,,,,,,,,2.0111600747065306,41.61012690857454,,
2025-08-13 16:25:00,,,,,,,,,,,1.3370325419233804,41.2812838496812
2025-08-13 16:25:00,2.376956249999992,41.66224884695479,,,,,,,,,,
2025-08-13 16:25:00,,,1.8251574999999947,41.58180320073038,,,,,,,,
2025-08-13 16:25:00,,,,,2.3773323713609833,41.65026060852282,,,,,,
2025-08-13 16:25:00,,,,,,,1.8316806668072634,41.39719076310824,,,,
2025-08-13 16:25:00,,,,,,,,,2.3714525404815205,41.64844438656338,,
2025-08-13 16:25:00,,,,,,,,,,,1.7134958693791429,41.38893549347599
2025-08-13 16:25:00,2.376956249999992,41.66224884695479,,,,,,,,,,
2025-08-13 16:25:00,,,2.074817499999989,41.61932383222187,,,,,,,,
2025-08-13 16:25:00,,,,,2.3762983771563393,41.68390095084349,,,,,,
2025-08-13 16:25:00,,,,,,,2.0787856041557013,41.49669949333244,,,,
2025-08-13 16:25:00,,,,,,,,,2.3860145745197006,41.685924877222675,,
2025-08-13 16:25:00,,,,,,,,,,,2.0064344085852386,41.4920934124019
2025-08-13 16:25:00,2.5334999999999894,41.68307783441621,,,,,,,,,,
2025-08-13 16:25:00,,,2.262332499999988,41.64606714161674,,,,,,,,
2025-08-13 16:25:00,,,,,2.5330418006872293,41.69950299828368,,,,,,
2025-08-13 16:25:00,,,,,,,2.2640563602076123,41.58759627114314,,,,
2025-08-13 16:25:00,,,,,,,,,2.5395865607168053,41.70139848164926,,
2025-08-13 16:25:00,,,,,,,,,,,2.2319914605459474,41.58587180321383
2025-08-13 16:25:00,-0.5354250000000036,41.75656738848842,,,,,,,,,,
2025-08-13 16:25:00,,,1.7528224999999906,41.675104601338624,,,,,,,,
2025-08-13 16:25:00,,,,,-0.5299343887674213,41.68591869217297,,,,,,
2025-08-13 16:25:00,,,,,,,1.7537726320874232,41.666192667940386,,,,
2025-08-13 16:25:00,,,,,,,,,-0.6136151060366373,41.67551809136661,,
2025-08-13 16:25:00,,,,,,,,,,,1.738919728877584,41.66428254907529
2025-08-13 16:25:00,-0.16971875000000125,41.82965569480459,,,,,,,,,,
2025-08-13 16:25:00,,,1.3164537499999938,41.71875972232375,,,,,,,,
2025-08-13 16:25:00,,,,,-0.16383233754260307,41.74592308802787,,,,,,
2025-08-13 16:25:00,,,,,,,1.3185811645789056,41.693101267570164,,,,
2025-08-13 16:25:00,,,,,,,,,-0.2546192994755124,41.7356069815515,,
2025-08-13 16:25:00,,,,,,,,,,,1.2857638540411753,41.68937856367069
2025-08-13 16:25:00,0.24898124999998572,41.9092604126719,,,,,,,,,,
2025-08-13 16:25:00,,,0.8908587499999925,41.768162035467185,,,,,,,,
2025-08-13 16:25:00,,,,,0.2551117357341123,41.81069454884453,,,,,,
2025-08-13 16:25:00,,,,,,,0.8941370374535312,41.72518805563451,,,,
2025-08-13 16:25:00,,,,,,,,,0.1589474603623697,41.800803971792874,,
2025-08-13 16:25:00,,,,,,,,,,,0.8432628380173451,41.71985048071658
2025-08-13 16:25:00,-0.2843937500000209,41.90903506637871,,,,,,,,,,
2025-08-13 16:25:00,,,0.3585887499999899,41.81751927935197,,,,,,,,
2025-08-13 16:25:00,,,,,-0.27643777833465766,41.79528997215954,,,,,,
2025-08-13 16:25:00,,,,,,,0.3635898063553319,41.747465859897716,,,,
2025-08-13 16:25:00,,,,,,,,,-0.40290145955196666,41.78124854587982,,
2025-08-13 16:25:00,,,,,,,,,,,0.2854796312030118,41.738915214448014
2025-08-13 16:25:00,-0.2843937500000209,41.90903506637871,,,,,,,,,,
2025-08-13 16:25:00,,,-0.20499000000001216,41.86271072574447,,,,,,,,
2025-08-13 16:25:00,,,,,-0.2808638094407042,41.862420022124944,,,,,,
2025-08-13 16:25:00,,,,,,,-0.19919131567025478,41.780049264665976,,,,
2025-08-13 16:25:00,,,,,,,,,-0.33300270314488534,41.85561461066844,,
2025-08-13 16:25:00,,,,,,,,,,,-0.2890382215693264,41.76975844025185
2025-08-13 16:25:00,-0.7655000000000314,41.90300836157232,,,,,,,,,,
2025-08-13 16:25:00,,,-0.25100500000001774,41.891998920361246,,,,,,,,
2025-08-13 16:25:00,,,,,-0.7605531960250245,41.84287737926563,,,,,,
2025-08-13 16:25:00,,,,,,,-0.24531507712177544,41.81144100208451,,,,
2025-08-13 16:25:00,,,,,,,,,-0.8351228627204252,41.83315497015888,,
2025-08-13 16:25:00,,,,,,,,,,,-0.33333977290608396,41.80128581601031
2025-08-13 16:25:00,-0.7655000000000314,41.90300836157232,,,,,,,,,,
2025-08-13 16:25:00,,,-0.37016125000002376,41.9066694537148,,,,,,,,
2025-08-13 16:25:00,,,,,-0.7628986979569947,41.8730888503632,,,,,,
2025-08-13 16:25:00,,,,,,,-0.36512834920465376,41.83687415455157,,,,
2025-08-13 16:25:00,,,,,,,,,-0.8009380504141839,41.867193642251706,,
2025-08-13 16:25:00,,,,,,,,,,,-0.4426035230938183,41.827603148150345
2025-08-13 16:25:00,-1.1403937500000438,41.89448176186167,,,,,,,,,,
2025-08-13 16:25:00,,,-0.6480362500000296,41.90371372355275,,,,,,,,
2025-08-13 16:25:00,,,,,-1.1367000878100568,41.85421413923497,,,,,,
2025-08-13 16:25:00,,,,,,,-0.6434907139134876,41.84557807262966,,,,
2025-08-13 16:25:00,,,,,,,,,-1.1911975402014858,41.846084887040064,,
2025-08-13 16:25:00,,,,,,,,,,,-0.7126325232065893,41.83665933119978
2025-08-13 16:25:00,-1.1403937500000438,41.89448176186167,,,,,,,,,,
2025-08-13 16:25:00,,,-0.8192362500000343,41.90080306264934,,,,,,,,
2025-08-13 16:25:00,,,,,-1.1423128533401161,41.91442526243693,,,,,,
2025-08-13 16:25:00,,,,,,,-0.8166657289145792,41.86940513068514,,,,
2025-08-13 16:25:00,,,,,,,,,-1.1145533080123666,41.91927483768737,,
2025-08-13 16:25:00,,,,,,,,,,,-0.8549628928986694,41.864264589561294
2025-08-13 16:25:00,-0.5108437500000207,42.026895420231625,,,,,,,,,,
2025-08-13 16:25:00,,,-0.8645262500000342,41.92437513341992,,,,,,,,
2025-08-13 16:25:00,,,,,-0.5108437500000207,42.026895420231625,,,,,,
2025-08-13 16:25:00,,,,,,,-0.8626617170264426,41.90230021030647,,,,
2025-08-13 16:25:00,,,,,,,,,-0.5122068893717664,42.02579095870924,,
2025-08-13 16:25:00,,,,,,,,,,,-0.8908037301440455,41.89829985916945
2025-08-13 16:25:00,-0.5108437500000207,42.026895420231625,,,,,,,,,,
2025-08-13 16:25:00,,,-0.813595000000032,41.94915254515178,,,,,,,,
2025-08-13 16:25:00,,,,,-0.5153507689296506,42.08459221986519,,,,,,
2025-08-13 16:25:00,,,,,,,-0.8136212316073678,41.95064317842638,,,,
2025-08-13 16:25:00,,,,,,,,,-0.44896347716404905,42.09298884491898,,
2025-08-13 16:25:00,,,,,,,,,,,-0.8135718530327702,41.95026663412147
2025-08-13 16:25:00,-0.8863500000000215,42.02065306105439,,,,,,,,,,
2025-08-13 16:25:00,,,-0.8377650000000301,41.9726814850482,,,,,,,,
2025-08-13 16:25:00,,,,,-0.8904076302691744,42.067927062600354,,,,,,
2025-08-13 16:25:00,,,,,,,-0.8391230180698036,41.98961082087381,,,,
2025-08-13 16:25:00,,,,,,,,,-0.8304835665849194,42.07610951376742,,
2025-08-13 16:25:00,,,,,,,,,,,-0.8194809562669174,41.99204980842462
2025-08-13 16:25:00,-0.8863500000000215,42.02065306105439,,,,,,,,,,
2025-08-13 16:25:00,,,-0.7869562500000257,41.99791574488674,,,,,,,,
2025-08-13 16:25:00,,,,,-0.8954227390139815,42.135019165776505,,,,,,
2025-08-13 16:25:00,,,,,,,-0.7908675483105887,42.04577182618212,,,,
2025-08-13 16:25:00,,,,,,,,,-0.7580031934928841,42.151506172271546,,
2025-08-13 16:25:00,,,,,,,,,,,-0.7328420869251971,42.053134065470914
2025-08-13 16:25:00,-0.8863500000000215,42.02065306105439,,,,,,,,,,
2025-08-13 16:25:00,,,-0.7361475000000212,42.02315000472528,,,,,,,,
2025-08-13 16:25:00,,,,,-0.8961210033744806,42.145116252033176,,,,,,
2025-08-13 16:25:00,,,,,,,-0.7416291783174616,42.09191002410137,,,,
2025-08-13 16:25:00,,,,,,,,,-0.7471574512630867,42.16270122226679,,
2025-08-13 16:25:00,,,,,,,,,,,-0.6593629155753412,42.1018193423868
2025-08-13 16:25:00,-0.202306250000035,42.159514610360624,,,,,,,,,,
2025-08-13 16:25:00,,,-0.674440000000024,42.04967384275108,,,,,,,,
2025-08-13 16:25:00,,,,,-0.2092283370882808,42.25964909130448,,,,,,
2025-08-13 16:25:00,,,,,,,-0.6813060957351136,42.138460758315944,,,,
2025-08-13 16:25:00,,,,,,,,,-0.10514705978652228,42.27090341606289,,
2025-08-13 16:25:00,,,,,,,,,,,-0.5779509496582923,42.15084183385752
2025-08-13 16:25:00,-0.202306250000035,42.159514610360624,,,,,,,,,,
2025-08-13 16:25:00,,,-0.6127325000000269,42.07619768077688,,,,,,,,
2025-08-13 16:25:00,,,,,-0.21007419997738752,42.273039224768226,,,,,,
2025-08-13 16:25:00,,,,,,,-0.620250781944661,42.17615015929655,,,,
2025-08-13 16:25:00,,,,,,,,,-0.09242376145277198,42.28561567840458,,
2025-08-13 16:25:00,,,,,,,,,,,-0.5066430065160368,42.18936720055465
2025-08-13 16:25:00,-1.0090250000000225,42.147923656443325,,,,,,,,,,
2025-08-13 16:25:00,,,-0.6372675000000271,42.101651799854665,,,,,,,,
2025-08-13 16:25:00,,,,,-1.0166022840129,42.23892760393533,,,,,,
2025-08-13 16:25:00,,,,,,,-0.6454897126934062,42.21035026756355,,,,
2025-08-13 16:25:00,,,,,,,,,-0.9025149518534492,42.253268988819386,,
2025-08-13 16:25:00,,,,,,,,,,,-0.5210492835697428,42.22479909556504
2025-08-13 16:25:00,-1.0090250000000225,42.147923656443325,,,,,,,,,,
2025-08-13 16:25:00,,,-0.6618025000000273,42.12710591893246,,,,,,,,
2025-08-13 16:25:00,,,,,-1.0175917160043073,42.252385268183346,,,,,,
2025-08-13 16:25:00,,,,,,,-0.6699235080914713,42.23382348804491,,,,
2025-08-13 16:25:00,,,,,,,,,-0.8878867072939864,42.268440617797246,,
2025-08-13 16:25:00,,,,,,,,,,,-0.5470259863299634,42.24818598467018
2025-08-13 16:25:00,-1.332499999999996,42.138937382781734,,,,,,,,,,
2025-08-13 16:25:00,,,-0.7510325000000222,42.150762783277926,,,,,,,,
2025-08-13 16:25:00,,,,,-1.3409294882076208,42.2344940216683,,,,,,
2025-08-13 16:25:00,,,,,,,-0.7588852050580993,42.25169904197194,,,,
2025-08-13 16:25:00,,,,,,,,,-1.21420224883033,42.251183665622875,,
2025-08-13 16:25:00,,,,,,,,,,,-0.640434945843412,42.26588247334139
2025-08-13 16:25:00,-1.332499999999996,42.138937382781734,,,,,,,,,,
2025-08-13 16:25:00,,,-0.9770712500000144,42.146647337762154,,,,,,,,
2025-08-13 16:25:00,,,,,-1.3417238533550664,42.244565526253595,,,,,,
2025-08-13 16:25:00,,,,,,,-0.9853843083114565,42.24868232896176,,,,
2025-08-13 16:25:00,,,,,,,,,-1.2022146996813996,42.262733755370384,,
2025-08-13 16:25:00,,,,,,,,,,,-0.8598484738223874,42.264248541202896
2025-08-13 16:25:00,-1.332499999999996,42.138937382781734,,,,,,,,,,
2025-08-13 16:25:00,,,-1.2031100000000066,42.14253189224637,,,,,,,,
2025-08-13 16:25:00,,,,,-1.3425011442181303,42.254650651981805,,,,,,
2025-08-13 16:25:00,,,,,,,-1.211869697159605,42.24500461440448,,,,
2025-08-13 16:25:00,,,,,,,,,-1.189838435339623,42.27429965311919,,
2025-08-13 16:25:00,,,,,,,,,,,-1.0793314085997576,42.26198533614582
2025-08-13 16:25:00,-0.27599999999998204,42.35910084031529,,,,,,,,,,
2025-08-13 16:25:00,,,-1.0565049999999985,42.18476732902077,,,,,,,,
2025-08-13 16:25:00,,,,,-0.2816176238018805,42.43724193919753,,,,,,
2025-08-13 16:25:00,,,,,,,-1.064872765117401,42.284667481456914,,,,
2025-08-13 16:25:00,,,,,,,,,-0.197711007927997,42.44680981658807,,
2025-08-13 16:25:00,,,,,,,,,,,-0.9383706198146671,42.30069350169955
2025-08-13 16:25:00,-1.4117062499999804,42.336469922086216,,,,,,,,,,
2025-08-13 16:25:00,,,-1.13704124999999,42.22247658214934,,,,,,,,
2025-08-13 16:25:00,,,,,-1.416143756149026,42.38339915461724,,,,,,
2025-08-13 16:25:00,,,,,,,-1.1445831731463447,42.31087025874369,,,,
2025-08-13 16:25:00,,,,,,,,,-1.350582019028689,42.392959883835246,,
2025-08-13 16:25:00,,,,,,,,,,,-1.0309096821616077,42.32559735490715
2025-08-13 16:25:00,-1.4117062499999804,42.336469922086216,,,,,,,,,,
2025-08-13 16:25:00,,,-1.152882499999987,42.26198309001024,,,,,,,,
2025-08-13 16:25:00,,,,,-1.4170165374244725,42.393419523140004,,,,,,
2025-08-13 16:25:00,,,,,,,-1.1598005829897153,42.342655359038034,,,,
2025-08-13 16:25:00,,,,,,,,,-1.3386650368951658,42.40450263089696,,
2025-08-13 16:25:00,,,,,,,,,,,-1.0558022397745748,42.35626114796197
2025-08-13 16:25:00,-0.8815812499999822,42.45084704101496,,,,,,,,,,
2025-08-13 16:25:00,,,-1.0626987499999843,42.32436502165688,,,,,,,,
2025-08-13 16:25:00,,,,,-0.8848786336066712,42.48888854599568,,,,,,
2025-08-13 16:25:00,,,,,,,-1.068431539040036,42.39151996298645,,,,
2025-08-13 16:25:00,,,,,,,,,-0.836130158889898,42.49587081979769,,
2025-08-13 16:25:00,,,,,,,,,,,-0.9825853316162746,42.40288856084743
2025-08-13 16:25:00,-0.8815812499999822,42.45084704101496,,,,,,,,,,
2025-08-13 16:25:00,,,-0.9725149999999815,42.38674695330353,,,,,,,,
2025-08-13 16:25:00,,,,,-0.8856761865245206,42.49895243223086,,,,,,
2025-08-13 16:25:00,,,,,,,-0.9770665475013143,42.440380319036265,,,,
2025-08-13 16:25:00,,,,,,,,,-0.8251448090875778,42.507128650364336,,
2025-08-13 16:25:00,,,,,,,,,,,-0.9096466063658655,42.44945436029646
2025-08-13 16:25:00,-0.8815812499999822,42.45084704101496,,,,,,,,,,
2025-08-13 16:25:00,,,-1.0936312499999814,42.40509619344346,,,,,,,,
2025-08-13 16:25:00,,,,,-0.8864616894566637,42.50898529768159,,,,,,
2025-08-13 16:25:00,,,,,,,-1.0980353606322708,42.454728990733074,,,,
2025-08-13 16:25:00,,,,,,,,,-0.8141393135083304,42.5185613069827,,
2025-08-13 16:25:00,,,,,,,,,,,-1.0329322674819321,42.46380465837539
2025-08-13 16:25:00,-0.030781249999989768,42.619988884497005,,,,,,,,,,
2025-08-13 16:25:00,,,-0.8174462499999834,42.46179998592562,,,,,,,,
2025-08-13 16:25:00,,,,,-0.03284627660231416,42.64842780332509,,,,,,
2025-08-13 16:25:00,,,,,,,-0.8213758647229286,42.507734720474645,,,,
2025-08-13 16:25:00,,,,,,,,,-0.002320267213351183,42.65275237073898,,
2025-08-13 16:25:00,,,,,,,,,,,-0.7632799171188646,42.51576315575613
2025-08-13 16:25:00,-0.899781250000018,42.61050097924393,,,,,,,,,,
2025-08-13 16:25:00,,,-0.7150612499999909,42.51660619735716,,,,,,,,
2025-08-13 16:25:00,,,,,-0.900207297220992,42.61486525543678,,,,,,
2025-08-13 16:25:00,,,,,,,-0.7180140166822323,42.55202386693399,,,,
2025-08-13 16:25:00,,,,,,,,,-0.8928666937805163,42.6173113176659,,
2025-08-13 16:25:00,,,,,,,,,,,-0.6741202484959347,42.55832489310992
2025-08-13 16:25:00,-1.2264812500000346,42.602349040204324,,,,,,,,,,
2025-08-13 16:25:00,,,-0.7840412500000014,42.54690659719504,,,,,,,,
2025-08-13 16:25:00,,,,,-1.2263528542087947,42.601157424304716,,,,,,
2025-08-13 16:25:00,,,,,,,-0.786308860802657,42.5744776425958,,,,
2025-08-13 16:25:00,,,,,,,,,-1.229578221400525,42.59910109421443,,
2025-08-13 16:25:00,,,,,,,,,,,-0.7528098609980601,42.57897094799327
2025-08-13 16:25:00,-1.2264812500000346,42.602349040204324,,,,,,,,,,
2025-08-13 16:25:00,,,-0.8530212500000118,42.57720699703292,,,,,,,,
2025-08-13 16:25:00,,,,,-1.2158490795248904,42.47379256651926,,,,,,
2025-08-13 16:25:00,,,,,,,-0.852343439402731,42.569445669453486,,,,
2025-08-13 16:25:00,,,,,,,,,-1.3913557093836981,42.45145654754207,,
2025-08-13 16:25:00,,,,,,,,,,,-0.8660520410572842,42.56783652742882
2025-08-13 16:25:00,-1.499075000000019,42.5936283280067,,,,,,,,,,
2025-08-13 16:25:00,,,-0.9765200000000192,42.60576325443126,,,,,,,,
2025-08-13 16:25:00,,,,,-1.487370717416896,42.45770872881828,,,,,,
2025-08-13 16:25:00,,,,,,,-0.9725252449947774,42.559190355680826,,,,
2025-08-13 16:25:00,,,,,,,,,-1.6835664981269198,42.43171598709298,,
2025-08-13 16:25:00,,,,,,,,,,,-1.039937477981002,42.55046746345088
2025-08-13 16:25:00,-1.8266000000000275,42.580839968699536,,,,,,,,,,
2025-08-13 16:25:00,,,-1.3356837500000267,42.59793347127176,,,,,,,,
2025-08-13 16:25:00,,,,,-1.813540694588655,42.436195000893605,,,,,,
2025-08-13 16:25:00,,,,,,,-1.3286641285920455,42.51674379519453,,,,
2025-08-13 16:25:00,,,,,,,,,-2.034920297804669,42.40541394254265,,
2025-08-13 16:25:00,,,,,,,,,,,-1.4464574840992657,42.50099977781161
2025-08-13 16:25:00,-2.09988125000001,42.568238144606106,,,,,,,,,,
2025-08-13 16:25:00,,,-1.575703750000025,42.5894809043442,,,,,,,,
2025-08-13 16:25:00,,,,,-2.0857494282809257,42.41628804613102,,,,,,
2025-08-13 16:25:00,,,,,,,-1.5657725548040322,42.47702835333338,,,,
2025-08-13 16:25:00,,,,,,,,,-2.3293806540709605,42.38109601214936,,
2025-08-13 16:25:00,,,,,,,,,,,-1.7337602761573543,42.4537567167083
2025-08-13 16:25:00,-2.702200000000005,42.53425108262751,,,,,,,,,,
2025-08-13 16:25:00,,,-1.870847500000019,42.57586131282884,,,,,,,,
2025-08-13 16:25:00,,,,,-2.686524910003861,42.36602361336664,,,,,,
2025-08-13 16:25:00,,,,,,,-1.8578069659630454,42.43000159114577,,,,
2025-08-13 16:25:00,,,,,,,,,-2.981081024704489,42.32007560676709,,
2025-08-13 16:25:00,,,,,,,,,,,-2.0840608368181472,42.39795161921883
2025-08-13 16:25:00,0.46278125000000614,43.20752172382314,,,,,,,,,,
2025-08-13 16:25:00,,,-1.532995000000011,42.696895849552604,,,,,,,,
2025-08-13 16:25:00,,,,,0.47671276323609346,42.92799473463699,,,,,,
2025-08-13 16:25:00,,,,,,,-1.5192945974108487,42.520842024769316,,,,
2025-08-13 16:25:00,,,,,,,,,0.21138361953801887,42.90545511312355,,
2025-08-13 16:25:00,,,,,,,,,,,-1.7635129710338038,42.48875133233513
2025-08-13 16:25:00,0.46278125000000614,43.20752172382314,,,,,,,,,,
2025-08-13 16:25:00,,,-1.140623750000006,42.819674528715886,,,,,,,,
2025-08-13 16:25:00,,,,,0.47519083144327956,42.96850384990393,,,,,,
2025-08-13 16:25:00,,,,,,,-1.1267822876388138,42.62300104898644,,,,
2025-08-13 16:25:00,,,,,,,,,0.25025447658185346,42.949121763949094,,
2025-08-13 16:25:00,,,,,,,,,,,-1.3767487760920492,42.59223248770635
2025-08-13 16:25:00,1.0576750000000033,43.307086297676214,,,,,,,,,,
2025-08-13 16:25:00,,,-0.5637687499999998,42.96492379451122,,,,,,,,
2025-08-13 16:25:00,,,,,1.0688395965150708,43.048159988014,,,,,,
2025-08-13 16:25:00,,,,,,,-0.5503062294180684,42.74539404641051,,,,
2025-08-13 16:25:00,,,,,,,,,0.8651589880014471,43.033169886884494,,
2025-08-13 16:25:00,,,,,,,,,,,-0.7967329189308263,42.71778367657472
2025-08-13 16:25:00,1.0576750000000033,43.307086297676214,,,,,,,,,,
2025-08-13 16:25:00,,,0.06774250000000279,43.112693425125244,,,,,,,,
2025-08-13 16:25:00,,,,,1.0677049309169249,43.07839982104632,,,,,,
2025-08-13 16:25:00,,,,,,,0.08038464242150152,42.87781640139358,,,,
2025-08-13 16:25:00,,,,,,,,,0.8889338978411515,43.06506651251481,,
2025-08-13 16:25:00,,,,,,,,,,,-0.1530700085484037,42.85457777664781
2025-08-13 16:25:00,1.545531249999982,43.3824784118574,,,,,,,,,,
2025-08-13 16:25:00,,,0.9172887500000002,43.28233889097122,,,,,,,,
2025-08-13 16:25:00,,,,,1.554475327835009,43.137721265387675,,,,,,
2025-08-13 16:25:00,,,,,,,0.9285846899892756,43.03215593179778,,,,
2025-08-13 16:25:00,,,,,,,,,1.3938632617418198,43.127272310393565,,
2025-08-13 16:25:00,,,,,,,,,,,0.7219188487408582,43.016017117373096
2025-08-13 16:25:00,2.4697999999999922,43.50995849182115,,,,,,,,,,
2025-08-13 16:25:00,,,1.3186924999999974,43.34282624457082,,,,,,,,
2025-08-13 16:25:00,,,,,2.476011351259714,43.235242505282095,,,,,,
2025-08-13 16:25:00,,,,,,,1.3284444075939998,43.0936054859268,,,,
2025-08-13 16:25:00,,,,,,,,,2.362878614757151,43.229796647646964,,
2025-08-13 16:25:00,,,,,,,,,,,1.1522178477846847,43.08088542427778
2025-08-13 16:25:00,2.4697999999999922,43.50995849182115,,,,,,,,,,
2025-08-13 16:25:00,,,1.7200962499999946,43.40331359817043,,,,,,,,
2025-08-13 16:25:00,,,,,2.475343704655878,43.26884656853632,,,,,,
2025-08-13 16:25:00,,,,,,,1.7284749822365193,43.15367402965328,,,,
2025-08-13 16:25:00,,,,,,,,,2.3767478130732984,43.26385736219658,,
2025-08-13 16:25:00,,,,,,,,,,,1.5775165150829735,43.143832543927275
2025-08-13 16:25:00,2.4697999999999922,43.50995849182115,,,,,,,,,,
2025-08-13 16:25:00,,,2.0025212499999925,43.44388803699941,,,,,,,,
2025-08-13 16:25:00,,,,,2.474627004936029,43.30232491709613,,,,,,
2025-08-13 16:25:00,,,,,,,2.009632463920711,43.20450701546971,,,,
2025-08-13 16:25:00,,,,,,,,,2.3906970146566597,43.29791106103392,,
2025-08-13 16:25:00,,,,,,,,,,,1.882624120414016,43.196780778757166
2025-08-13 16:25:00,0.7642187499999835,43.57329881592795,,,,,,,,,,
2025-08-13 16:25:00,,,1.9438299999999884,43.49713054064976,,,,,,,,
2025-08-13 16:25:00,,,,,0.7763004888710006,43.316235642278436,,,,,,
2025-08-13 16:25:00,,,,,,,1.9513515755115265,43.25207417971613,,,,
2025-08-13 16:25:00,,,,,,,,,0.5532176851037636,43.29858067942904,,
2025-08-13 16:25:00,,,,,,,,,,,1.8154808778665388,43.24348361214002
2025-08-13 16:25:00,0.7642187499999835,43.57329881592795,,,,,,,,,,
2025-08-13 16:25:00,,,1.7875674999999887,43.535294621463876,,,,,,,,
2025-08-13 16:25:00,,,,,0.7749587461751632,43.349876788024474,,,,,,
2025-08-13 16:25:00,,,,,,,1.7954482591795569,43.2945052842435,,,,
2025-08-13 16:25:00,,,,,,,,,0.5828219691460973,43.33445558457697,,
2025-08-13 16:25:00,,,,,,,,,,,1.6532726193473941,43.28492026697669
2025-08-13 16:25:00,1.6920999999999964,43.71726544044126,,,,,,,,,,
2025-08-13 16:25:00,,,1.6320274999999895,43.576756011187896,,,,,,,,
2025-08-13 16:25:00,,,,,1.7007823619915818,43.463449565211036,,,,,,
2025-08-13 16:25:00,,,,,,,1.6404024613259307,43.34014669622927,,,,
2025-08-13 16:25:00,,,,,,,,,1.5435032269833227,43.453754131628585,,
2025-08-13 16:25:00,,,,,,,,,,,1.4893975417926284,43.32971176377302
2025-08-13 16:25:00,1.6920999999999964,43.71726544044126,,,,,,,,,,
2025-08-13 16:25:00,,,1.4764874999999904,43.61821740091192,,,,,,,,
2025-08-13 16:25:00,,,,,1.699528249113591,43.50368189350215,,,,,,
2025-08-13 16:25:00,,,,,,,1.485239370217473,43.387113761222444,,,,
2025-08-13 16:25:00,,,,,,,,,1.5683987564009687,43.495350834089265,,
2025-08-13 16:25:00,,,,,,,,,,,1.3277277304581623,43.376010458151555
2025-08-13 16:25:00,0.8625062499999956,43.741497264825206,,,,,,,,,,
2025-08-13 16:25:00,,,1.1550287499999912,43.66452515551272,,,,,,,,
2025-08-13 16:25:00,,,,,0.8734808780985102,43.504194298207956,,,,,,
2025-08-13 16:25:00,,,,,,,1.1650101448499695,43.427487637444806,,,,
2025-08-13 16:25:00,,,,,,,,,0.6747954461908878,43.488770731599615,,
2025-08-13 16:25:00,,,,,,,,,,,0.9845474167650081,43.41418239226469
2025-08-13 16:25:00,0.8625062499999956,43.741497264825206,,,,,,,,,,
2025-08-13 16:25:00,,,1.1746862499999935,43.69816484529217,,,,,,,,
2025-08-13 16:25:00,,,,,0.8718207731180825,43.54448017702126,,,,,,
2025-08-13 16:25:00,,,,,,,1.1841142016993857,43.47313654439337,,,,
2025-08-13 16:25:00,,,,,,,,,0.707692672466969,43.531504832322064,,
2025-08-13 16:25:00,,,,,,,,,,,1.0154424142376492,43.4607672228433
2025-08-13 16:25:00,0.8625062499999956,43.741497264825206,,,,,,,,,,
2025-08-13 16:25:00,,,1.1943437499999958,43.731804535071625,,,,,,,,
2025-08-13 16:25:00,,,,,0.8702756911267049,43.58147874074512,,,,,,
2025-08-13 16:25:00,,,,,,,1.2031775906896942,43.51945693493751,,,,
2025-08-13 16:25:00,,,,,,,,,0.7378765750361306,43.57063217824145,,
2025-08-13 16:25:00,,,,,,,,,,,1.0464533354156558,43.5080025415762
2025-08-13 16:25:00,0.08568124999999327,43.74991609961553,,,,,,,,,,
2025-08-13 16:25:00,,,0.8730599999999953,43.73833466690648,,,,,,,,
2025-08-13 16:25:00,,,,,0.09645680034297732,43.56823290488954,,,,,,
2025-08-13 16:25:00,,,,,,,0.8823124783599733,43.54041360287321,,,,
2025-08-13 16:25:00,,,,,,,,,-0.09160904959378921,43.550315178860714,,
2025-08-13 16:25:00,,,,,,,,,,,0.7194308801002334,43.527314751022615
2025-08-13 16:25:00,0.08568124999999327,43.74991609961553,,,,,,,,,,
2025-08-13 16:25:00,,,0.5517762499999946,43.74486479874133,,,,,,,,
2025-08-13 16:25:00,,,,,0.09429314200950678,43.60849909121751,,,,,,
2025-08-13 16:25:00,,,,,,,0.5612654569391564,43.561377042416275,,,,
2025-08-13 16:25:00,,,,,,,,,-0.05152233875462996,43.59428254170301,,
2025-08-13 16:25:00,,,,,,,,,,,0.3954466610691137,43.54710109254537
2025-08-13 16:25:00,1.0720812499999965,43.916916351144216,,,,,,,,,,
2025-08-13 16:25:00,,,0.5936912499999949,43.77994861600514,,,,,,,,
2025-08-13 16:25:00,,,,,1.0798718772449822,43.74272381232738,,,,,,
2025-08-13 16:25:00,,,,,,,0.6025436567684508,43.60908294524016,,,,
2025-08-13 16:25:00,,,,,,,,,0.9451806557326585,43.73246053375159,,
2025-08-13 16:25:00,,,,,,,,,,,0.4495237029774678,43.59583905297577
2025-08-13 16:25:00,1.0720812499999965,43.916916351144216,,,,,,,,,,
2025-08-13 16:25:00,,,0.635606249999995,43.81503243326894,,,,,,,,
2025-08-13 16:25:00,,,,,1.0783804501788992,43.779681738716704,,,,,,
2025-08-13 16:25:00,,,,,,,0.6438555921806141,43.656123257579246,,,,
2025-08-13 16:25:00,,,,,,,,,0.972767980117583,43.77124810960784,,
2025-08-13 16:25:00,,,,,,,,,,,0.5025387645075906,43.643787708432924
2025-08-13 16:25:00,2.062531249999992,44.061752857129655,,,,,,,,,,
2025-08-13 16:25:00,,,0.8756112499999944,43.87908355172983,,,,,,,,
2025-08-13 16:25:00,,,,,2.06758252083688,43.892476588606435,,,,,,
2025-08-13 16:25:00,,,,,,,0.8833169581226491,43.71832282715151,,,,
2025-08-13 16:25:00,,,,,,,,,1.9813277677274141,43.88716039259998,,
2025-08-13 16:25:00,,,,,,,,,,,0.7512290030458473,43.70709335130463
2025-08-13 16:25:00,2.062531249999992,44.061752857129655,,,,,,,,,,
2025-08-13 16:25:00,,,1.2709812499999942,43.94145090323265,,,,,,,,
2025-08-13 16:25:00,,,,,2.066463756599376,43.93265073497792,,,,,,
2025-08-13 16:25:00,,,,,,,1.2773183493739289,43.79120639316919,,,,
2025-08-13 16:25:00,,,,,,,,,2.0008548320233457,43.92824304684747,,
2025-08-13 16:25:00,,,,,,,,,,,1.1697217793692745,43.78267892490197
2025-08-13 16:25:00,1.1717312500000077,44.09443440931943,,,,,,,,,,
2025-08-13 16:25:00,,,1.488191249999997,44.01035456517344,,,,,,,,
2025-08-13 16:25:00,,,,,1.1784921845258478,43.939979553200835,,,,,,
2025-08-13 16:25:00,,,,,,,1.494158157877197,43.85750248556585,,,,
2025-08-13 16:25:00,,,,,,,,,1.0635561529645472,43.93124475797045,,
2025-08-13 16:25:00,,,,,,,,,,,1.3927374777131099,43.85007136815547
2025-08-13 16:25:00,1.1717312500000077,44.09443440931943,,,,,,,,,,
2025-08-13 16:25:00,,,1.5081212499999992,44.04585817680848,,,,,,,,
2025-08-13 16:25:00,,,,,1.1774057752796718,43.966770257182766,,,,,,
2025-08-13 16:25:00,,,,,,,1.513664937484135,43.902311774536926,,,,
2025-08-13 16:25:00,,,,,,,,,1.0822880378894248,43.95925059056644,,
2025-08-13 16:25:00,,,,,,,,,,,1.420158954144463,43.89542937951844
2025-08-13 16:25:00,0.3896562500000158,44.10827890551655,,,,,,,,,,
2025-08-13 16:25:00,,,1.371636250000003,44.08413068768294,,,,,,,,
2025-08-13 16:25:00,,,,,0.39800367244619683,43.95888415802878,,,,,,
2025-08-13 16:25:00,,,,,,,1.3775895819375945,43.93815225839934,,,,
2025-08-13 16:25:00,,,,,,,,,0.2558666324388492,43.94598235797962,,
2025-08-13 16:25:00,,,,,,,,,,,1.2767786846087161,43.93037622919279
2025-08-13 16:25:00,0.3896562500000158,44.10827890551655,,,,,,,,,,
2025-08-13 16:25:00,,,1.0370612500000078,44.09343589736032,,,,,,,,
2025-08-13 16:25:00,,,,,0.3859444205749937,44.16999968708928,,,,,,
2025-08-13 16:25:00,,,,,,,1.0412619618852172,43.99365687809591,,,,
2025-08-13 16:25:00,,,,,,,,,0.4431803838247192,44.17604859904653,,
2025-08-13 16:25:00,,,,,,,,,,,0.9691492078281773,43.9881538704821
2025-08-13 16:25:00,-0.8442687499999835,44.101919575884374,,,,,,,,,,
2025-08-13 16:25:00,,,0.4557012500000127,44.101469241111275,,,,,,,,
2025-08-13 16:25:00,,,,,-0.8466834443402276,44.13031420134715,,,,,,
2025-08-13 16:25:00,,,,,,,0.4586325216972966,44.03318957136976,,,,
2025-08-13 16:25:00,,,,,,,,,-0.8104545495978585,44.13571087380055,,
2025-08-13 16:25:00,,,,,,,,,,,0.40688733150393636,44.02964743587272
2025-08-13 16:25:00,-0.8442687499999835,44.101919575884374,,,,,,,,,,
2025-08-13 16:25:00,,,0.05250125000001447,44.10296627442426,,,,,,,,
2025-08-13 16:25:00,,,,,-0.8477309364083035,44.14368318134693,,,,,,
2025-08-13 16:25:00,,,,,,,0.05338789751046622,44.07393029699898,,,,
2025-08-13 16:25:00,,,,,,,,,-0.7953260973354952,44.15074440500413,,
2025-08-13 16:25:00,,,,,,,,,,,0.03511088144392793,44.07354736527945
2025-08-13 16:25:00,0.205600000000004,44.299522894044806,,,,,,,,,,
2025-08-13 16:25:00,,,-0.14072499999998628,44.14398397136933,,,,,,,,
2025-08-13 16:25:00,,,,,0.20512607258463808,44.30610481746632,,,,,,
2025-08-13 16:25:00,,,,,,,-0.1410680430285405,44.141797209055696,,,,
2025-08-13 16:25:00,,,,,,,,,0.2121236939597171,44.30853451085209,,
2025-08-13 16:25:00,,,,,,,,,,,-0.1389219873420136,44.14340414933658
2025-08-13 16:25:00,0.205600000000004,44.299522894044806,,,,,,,,,,
2025-08-13 16:25:00,,,-0.17753624999998863,44.18223276907498,,,,,,,,
2025-08-13 16:25:00,,,,,0.20445665686565762,44.316144270574014,,,,,,
2025-08-13 16:25:00,,,,,,,-0.17977744614464836,44.21324923156474,,,,
2025-08-13 16:25:00,,,,,,,,,0.22177229443371738,44.31919661152233,,
2025-08-13 16:25:00,,,,,,,,,,,-0.14574085494304,44.21804700004513
2025-08-13 16:25:00,0.6490000000000293,44.37525435420061,,,,,,,,,,
2025-08-13 16:25:00,,,-0.12566749999998592,44.23562785881179,,,,,,,,
2025-08-13 16:25:00,,,,,0.6488581602534584,44.377410077837425,,,,,,
2025-08-13 16:25:00,,,,,,,-0.1271946982089554,44.254731309714366,,,,
2025-08-13 16:25:00,,,,,,,,,0.6519572801403298,44.379251589766554,,
2025-08-13 16:25:00,,,,,,,,,,,-0.10398547567991792,44.258687598189134
2025-08-13 16:25:00,0.6490000000000293,44.37525435420061,,,,,,,,,,
2025-08-13 16:25:00,,,0.17298625000001663,44.29029481447503,,,,,,,,
2025-08-13 16:25:00,,,,,0.6482506121442907,44.38742563621767,,,,,,
2025-08-13 16:25:00,,,,,,,0.17179211308794826,44.306153596688475,,,,
2025-08-13 16:25:00,,,,,,,,,0.6598317892886895,44.38986167286075,,
2025-08-13 16:25:00,,,,,,,,,,,0.19007179209739172,44.30951775800117
2025-08-13 16:25:00,1.0376312500000324,44.43788722913167,,,,,,,,,,
2025-08-13 16:25:00,,,0.5493662500000198,44.3574883451245,,,,,,,,
2025-08-13 16:25:00,,,,,1.0376312500000324,44.43788722913167,,,,,,
2025-08-13 16:25:00,,,,,,,0.5488645503696155,44.364994406245415,,,,
2025-08-13 16:25:00,,,,,,,,,1.038390324061397,44.43912316637588,,
2025-08-13 16:25:00,,,,,,,,,,,0.5568150763767702,44.36719351027553
2025-08-13 16:25:00,-1.1079437499999756,44.43618976292675,,,,,,,,,,
2025-08-13 16:25:00,,,0.2866575000000239,44.38482171890089,,,,,,,,
2025-08-13 16:25:00,,,,,-1.1032497387164715,44.38121643236547,,,,,,
2025-08-13 16:25:00,,,,,,,0.28718938810939354,44.38001672922525,,,,
2025-08-13 16:25:00,,,,,,,,,-1.1775230357290174,44.371314652919075,,
2025-08-13 16:25:00,,,,,,,,,,,0.2788857304390232,44.37974953868891
2025-08-13 16:25:00,-1.1079437499999756,44.43618976292675,,,,,,,,,,
2025-08-13 16:25:00,,,0.023948750000027986,44.412155092677274,,,,,,,,
2025-08-13 16:25:00,,,,,-1.104324513377771,44.39454580770507,,,,,,
2025-08-13 16:25:00,,,,,,,0.025433154060707786,44.39569703665146,,,,
2025-08-13 16:25:00,,,,,,,,,-1.1610210732640618,44.38671817784342,,
2025-08-13 16:25:00,,,,,,,,,,,0.002327056899467372,44.39325385195313
2025-08-13 16:25:00,-0.7186999999999699,44.51419852485272,,,,,,,,,,
2025-08-13 16:25:00,,,-0.24959124999997187,44.4399439268077,,,,,,,,
2025-08-13 16:25:00,,,,,-0.714388679491593,44.45947058660041,,,,,,
2025-08-13 16:25:00,,,,,,,-0.24721621388830245,44.41210913840406,,,,
2025-08-13 16:25:00,,,,,,,,,-0.7827958936928768,44.45082650166665,,
2025-08-13 16:25:00,,,,,,,,,,,-0.28462357786717385,44.407568834333155
2025-08-13 16:25:00,-0.7186999999999699,44.51419852485272,,,,,,,,,,
2025-08-13 16:25:00,,,-0.5231312499999717,44.46773276093813,,,,,,,,
2025-08-13 16:25:00,,,,,-0.715130203833705,44.46948161644583,,,,,,
2025-08-13 16:25:00,,,,,,,-0.5198923770839017,44.42852033444969,,,,
2025-08-13 16:25:00,,,,,,,,,-0.7714109668817557,44.46217754911375,,
2025-08-13 16:25:00,,,,,,,,,,,-0.570872129101263,44.42203200958376
2025-08-13 16:25:00,-0.04999999999998295,44.6399719981991,,,,,,,,,,
2025-08-13 16:25:00,,,-0.7406574999999748,44.50814971475161,,,,,,,,
2025-08-13 16:25:00,,,,,-0.045545607968678736,44.57305067860319,,,,,,
2025-08-13 16:25:00,,,,,,,-0.7365277486776438,44.455553024344,,,,
2025-08-13 16:25:00,,,,,,,,,-0.1170112664275402,44.56511220108402,,
2025-08-13 16:25:00,,,,,,,,,,,-0.8019524471990505,44.44722981652538
2025-08-13 16:25:00,-0.04999999999998295,44.6399719981991,,,,,,,,,,
2025-08-13 16:25:00,,,-0.5290687499999762,44.54890616180607,,,,,,,,
2025-08-13 16:25:00,,,,,-0.04723004927515974,44.59980844434941,,,,,,
2025-08-13 16:25:00,,,,,,,-0.5253238107893815,44.49927142674078,,,,
2025-08-13 16:25:00,,,,,,,,,-0.09048862161464613,44.59440063378921,,
2025-08-13 16:25:00,,,,,,,,,,,-0.5845455643761761,44.49184701269941
2025-08-13 16:25:00,-0.4472062499999936,44.63775987401206,,,,,,,,,,
2025-08-13 16:25:00,,,-0.39692124999997985,44.58922018402314,,,,,,,,
2025-08-13 16:25:00,,,,,-0.4434279262232804,44.58699335016052,,,,,,
2025-08-13 16:25:00,,,,,,,-0.39314449335848345,44.53776093523187,,,,
2025-08-13 16:25:00,,,,,,,,,-0.5032700966352159,44.57962311895456,,
2025-08-13 16:25:00,,,,,,,,,,,-0.452995369050407,44.53042800092163
2025-08-13 16:25:00,-0.4472062499999936,44.63775987401206,,,,,,,,,,
2025-08-13 16:25:00,,,-0.3426224999999846,44.613932453855014,,,,,,,,
2025-08-13 16:25:00,,,,,-0.44508415489894904,44.61043444203328,,,,,,
2025-08-13 16:25:00,,,,,,,-0.3392835884399546,44.56795370631845,,,,
2025-08-13 16:25:00,,,,,,,,,-0.477771665296045,44.60565233633524,,
2025-08-13 16:25:00,,,,,,,,,,,-0.39199052337104057,44.561393167855364
2025-08-13 16:25:00,-0.4472062499999936,44.63775987401206,,,,,,,,,,
2025-08-13 16:25:00,,,-0.28832374999998933,44.63864472368688,,,,,,,,
2025-08-13 16:25:00,,,,,-0.44582604184663993,44.620470529026356,,,,,,
2025-08-13 16:25:00,,,,,,,-0.2854227560425416,44.598151488834546,,,,
2025-08-13 16:25:00,,,,,,,,,-0.46683970331391017,44.616823952538084,,
2025-08-13 16:25:00,,,,,,,,,,,-0.3310762706574715,44.59232244854022
2025-08-13 16:25:00,18.243093750000014,40.74210513005815,,,,,,,,,,
2025-08-13 16:25:00,,,3.3702950000000103,43.859071350058684,,,,,,,,
2025-08-13 16:25:00,,,,,18.299024095235225,41.384323455491014,,,,,,
2025-08-13 16:25:00,,,,,,,3.383491184598239,43.96040604421212,,,,
2025-08-13 16:25:00,,,,,,,,,16.404839931857932,41.9659815748829,,
2025-08-13 16:25:00,,,,,,,,,,,2.9732939689996227,44.0724963233
2025-08-13 16:25:00,18.243093750000014,40.74210513005815,,,,,,,,,,
2025-08-13 16:25:00,,,7.02891375000001,43.079497976430495,,,,,,,,
2025-08-13 16:25:00,,,,,18.303674525669297,41.43570834805866,,,,,,
2025-08-13 16:25:00,,,,,,,7.05367209958713,43.32758602495396,,,,
2025-08-13 16:25:00,,,,,,,,,16.280707696759155,42.0530898493824,,
2025-08-13 16:25:00,,,,,,,,,,,6.2475332326743835,43.564234166418636
2025-08-13 16:25:00,20.42880000000001,40.12935372716585,,,,,,,,,,
2025-08-13 16:25:00,,,11.20411500000001,42.17781674706125,,,,,,,,
2025-08-13 16:25:00,,,,,20.49713895565884,40.78683820100188,,,,,,
2025-08-13 16:25:00,,,,,,,11.241785475963555,42.56755499512223,,,,
2025-08-13 16:25:00,,,,,,,,,18.265459006429666,41.58529447680492,,
2025-08-13 16:25:00,,,,,,,,,,,10.001279053287359,42.96536843798871
2025-08-13 16:25:00,20.42880000000001,40.12935372716585,,,,,,,,,,
2025-08-13 16:25:00,,,15.379316250000011,41.27613551769201,,,,,,,,
2025-08-13 16:25:00,,,,,20.503832511637217,40.84888586589243,,,,,,
2025-08-13 16:25:00,,,,,,,15.43156880927079,41.815245279894064,,,,
2025-08-13 16:25:00,,,,,,,,,18.09394631315671,41.70460451482329,,
2025-08-13 16:25:00,,,,,,,,,,,13.71562264897791,42.385158873686315
2025-08-13 16:25:00,21.839893750000016,39.664813638648425,,,,,,,,,,
2025-08-13 16:25:00,,,19.836736250000012,40.28154627061929,,,,,,,,
2025-08-13 16:25:00,,,,,21.920793880499122,40.36377020776686,,,,,,
2025-08-13 16:25:00,,,,,,,19.90489279373994,40.963905215642164,,,,
2025-08-13 16:25:00,,,,,,,,,19.365279719379686,41.360641039091846,,
2025-08-13 16:25:00,,,,,,,,,,,17.68204653351663,41.733922290997064
2025-08-13 16:25:00,22.349799999999988,39.48320326366644,,,,,,,,,,
2025-08-13 16:25:00,,,20.658077500000008,40.02976589734094,,,,,,,,
2025-08-13 16:25:00,,,,,22.432870027216957,40.17521424233991,,,,,,
2025-08-13 16:25:00,,,,,,,20.731661980136284,40.72208337301195,,,,
2025-08-13 16:25:00,,,,,,,,,19.826299235432778,41.22574254063194,,
2025-08-13 16:25:00,,,,,,,,,,,18.366338394231597,41.585874484146885
2025-08-13 16:25:00,40.97168124999999,19.4873865756391,,,,,,,,,,
2025-08-13 16:25:00,,,25.203795000000003,35.778822186457134,,,,,,,,
2025-08-13 16:25:00,,,,,41.933504836411714,21.63411941902128,,,,,,
2025-08-13 16:25:00,,,,,,,25.457628042284767,36.76176558720447,,,,
2025-08-13 16:25:00,,,,,,,,,29.861660335533255,34.54004912348255,,
2025-08-13 16:25:00,,,,,,,,,,,21.08252892198642,40.08326633896691
2025-08-13 16:25:00,42.85000000000002,15.886078811336617,,,,,,,,,,
2025-08-13 16:25:00,,,29.688035000000003,30.930167203291283,,,,,,,,
2025-08-13 16:25:00,,,,,44.019568725956105,18.093713762768786,,,,,,
2025-08-13 16:25:00,,,,,,,30.162113996344225,32.22314069955786,,,,
2025-08-13 16:25:00,,,,,,,,,31.06358806590275,33.79176566186463,,
2025-08-13 16:25:00,,,,,,,,,,,23.642154733881036,38.52456057597885
2025-08-13 16:25:00,42.85000000000002,15.886078811336617,,,,,,,,,,
2025-08-13 16:25:00,,,34.172275000000006,26.08151222012544,,,,,,,,
2025-08-13 16:25:00,,,,,44.10392116103742,18.246503637174598,,,,,,
2025-08-13 16:25:00,,,,,,,34.882131726224266,27.702664253814287,,,,
2025-08-13 16:25:00,,,,,,,,,30.511209400440485,34.383914636644676,,
2025-08-13 16:25:00,,,,,,,,,,,26.125607351337788,37.06042260034313
2025-08-13 16:25:00,45.029775,9.781910010288119,,,,,,,,,,
2025-08-13 16:25:00,,,38.81025125000001,20.104931494453375,,,,,,,,
2025-08-13 16:25:00,,,,,46.70678755024966,12.216529563998723,,,,,,
2025-08-13 16:25:00,,,,,,,39.83933046017437,22.07321612506066,,,,
2025-08-13 16:25:00,,,,,,,,,31.848716834649686,33.525515247059644,,
2025-08-13 16:25:00,,,,,,,,,,,28.622294774391786,35.493397441936686
2025-08-13 16:25:00,45.029775,9.781910010288119,,,,,,,,,,
2025-08-13 16:25:00,,,43.34624625000001,14.164672843777714,,,,,,,,
2025-08-13 16:25:00,,,,,46.79591773506459,12.34105589319363,,,,,,
2025-08-13 16:25:00,,,,,,,44.7119400017439,16.506384455231405,,,,
2025-08-13 16:25:00,,,,,,,,,31.378717933722932,34.047272462544655,,
2025-08-13 16:25:00,,,,,,,,,,,30.93277851404982,34.057703426319236
2025-08-13 16:25:00,54.44549999999998,28.999070161817226,,,,,,,,,,
2025-08-13 16:25:00,,,46.04101000000001,16.06700956101334,,,,,,,,
2025-08-13 16:25:00,,,,,41.31170285916147,22.299612898557736,,,,,,
2025-08-13 16:25:00,,,,,,,44.58757960629385,16.639483151138695,,,,
2025-08-13 16:25:00,,,,,,,,,33.961359518398226,31.006914293081316,,
2025-08-13 16:25:00,,,,,,,,,,,31.75271835062282,33.351076460238986
2025-08-13 16:25:00,54.44549999999998,28.999070161817226,,,,,,,,,,
2025-08-13 16:25:00,,,48.36011,18.689607831109463,,,,,,,,
2025-08-13 16:25:00,,,,,41.35741525754361,22.395059932869483,,,,,,
2025-08-13 16:25:00,,,,,,,44.05514891261135,17.499752385158835,,,,
2025-08-13 16:25:00,,,,,,,,,33.670197323632664,31.391985721233436,,
2025-08-13 16:25:00,,,,,,,,,,,32.27404020216879,32.87112047211274
2025-08-13 16:25:00,-2.7066562499999804,46.00043925816726,,,,,,,,,,
2025-08-13 16:25:00,,,39.24877875,24.71247992047559,,,,,,,,
2025-08-13 16:25:00,,,,,-2.6976848257871184,45.91543114755178,,,,,,
2025-08-13 16:25:00,,,,,,,34.69482771524644,23.033537887234267,,,,
2025-08-13 16:25:00,,,,,,,,,-2.850564718008286,45.892224708845085,,
2025-08-13 16:25:00,,,,,,,,,,,25.601685378479043,35.172782486552826
2025-08-13 16:25:00,-2.7066562499999804,46.00043925816726,,,,,,,,,,
2025-08-13 16:25:00,,,29.7014925,31.956185770051423,,,,,,,,
2025-08-13 16:25:00,,,,,-2.7072978801330105,46.005595494625034,,,,,,
2025-08-13 16:25:00,,,,,,,24.812010629169908,29.791351073359532,,,,
2025-08-13 16:25:00,,,,,,,,,-2.6957662028681995,46.00886891154208,,
2025-08-13 16:25:00,,,,,,,,,,,18.69278877097547,37.669453219449316
2025-08-13 16:25:00,-3.1202249999999765,45.974238394446246,,,,,,,,,,
2025-08-13 16:25:00,,,20.071492500000005,39.19465144688304,,,,,,,,
2025-08-13 16:25:00,,,,,-3.120034437264887,45.972846600158334,,,,,,
2025-08-13 16:25:00,,,,,,,14.828820194704011,36.51770921475247,,,,
2025-08-13 16:25:00,,,,,,,,,-3.1255917771215684,45.97032030939242,,
2025-08-13 16:25:00,,,,,,,,,,,11.791926828806567,40.054062788818875
2025-08-13 16:25:00,-2.2548187499999983,46.17497907313709,,,,,,,,,,
2025-08-13 16:25:00,,,8.73142875000001,42.62983322914702,,,,,,,,
2025-08-13 16:25:00,,,,,-2.2516133219892724,46.1446201863046,,,,,,
2025-08-13 16:25:00,,,,,,,6.116156958473864,41.286710672301844,,,,
2025-08-13 16:25:00,,,,,,,,,-2.3035742512613653,46.136215496606255,,
2025-08-13 16:25:00,,,,,,,,,,,4.538940074874649,43.079923029523854
2025-08-13 16:25:00,-2.2548187499999983,46.17497907313709,,,,,,,,,,
2025-08-13 16:25:00,,,-2.6086349999999867,46.065015011410985,,,,,,,,
2025-08-13 16:25:00,,,,,-2.2543943570579836,46.171352679684716,,,,,,
2025-08-13 16:25:00,,,,,,,-2.606204964446454,46.041969221664885,,,,
2025-08-13 16:25:00,,,,,,,,,-2.2624733010932054,46.1686469866786,,
2025-08-13 16:25:00,,,,,,,,,,,-2.647594050070525,46.03525528261289
2025-08-13 16:25:00,-2.5506000000000313,46.15958556616382,,,,,,,,,,
2025-08-13 16:25:00,,,-2.577423749999997,46.0968442730103,,,,,,,,
2025-08-13 16:25:00,,,,,-2.5493358144790528,46.148814627487575,,,,,,
2025-08-13 16:25:00,,,,,,,-2.5765351621848414,46.088645917652045,,,,
2025-08-13 16:25:00,,,,,,,,,-2.570044286510175,46.14437839576172,,
2025-08-13 16:25:00,,,,,,,,,,,-2.591489963770903,46.08568601999621
2025-08-13 16:25:00,-1.2181812499999864,46.44402689735407,,,,,,,,,,
2025-08-13 16:25:00,,,-2.279728749999998,46.18556180084766,,,,,,,,
2025-08-13 16:25:00,,,,,-1.2135762621767006,46.38951879383281,,,,,,
2025-08-13 16:25:00,,,,,,,-2.2777908385935794,46.16543057749361,,,,
2025-08-13 16:25:00,,,,,,,,,-1.290251319094735,46.379611846712635,,
2025-08-13 16:25:00,,,,,,,,,,,-2.3103869870162095,46.15983460703033
2025-08-13 16:25:00,-1.2181812499999864,46.44402689735407,,,,,,,,,,
2025-08-13 16:25:00,,,-1.8993200000000001,46.27951950142922,,,,,,,,
2025-08-13 16:25:00,,,,,-1.2151815204314018,46.40954167090797,,,,,,
2025-08-13 16:25:00,,,,,,,-1.8968202552268825,46.25276959164354,,,,
2025-08-13 16:25:00,,,,,,,,,-1.2642541114713943,46.40261198502982,,
2025-08-13 16:25:00,,,,,,,,,,,-1.9381194538861748,46.24629294215781
2025-08-13 16:25:00,-1.5735312499999736,46.433345770095805,,,,,,,,,,
2025-08-13 16:25:00,,,-1.7630624999999953,46.33119284082097,,,,,,,,
2025-08-13 16:25:00,,,,,-1.5695620435040547,46.3901040372068,,,,,,
2025-08-13 16:25:00,,,,,,,-1.7604099995298388,46.301866361823976,,,,
2025-08-13 16:25:00,,,,,,,,,-1.6347622758135658,46.38088310237889,,
2025-08-13 16:25:00,,,,,,,,,,,-1.8043570587966151,46.29522646331234
2025-08-13 16:25:00,-1.5735312499999736,46.433345770095805,,,,,,,,,,
2025-08-13 16:25:00,,,-1.6268049999999903,46.38286618021271,,,,,,,,
2025-08-13 16:25:00,,,,,-1.5748620331650902,46.446875833068134,,,,,,
2025-08-13 16:25:00,,,,,,,-1.6245035347512602,46.356970992500656,,,,
2025-08-13 16:25:00,,,,,,,,,-1.5532183572271256,46.45108606628688,,
2025-08-13 16:25:00,,,,,,,,,,,-1.6625060700233991,46.351714279233995
2025-08-13 16:25:00,-1.92933124999999,46.41992331884849,,,,,,,,,,
2025-08-13 16:25:00,,,-1.502551249999982,46.43493373074965,,,,,,,,
2025-08-13 16:25:00,,,,,-1.9298544722892697,46.424702109727036,,,,,,
2025-08-13 16:25:00,,,,,,,-1.5006072663133032,46.412148488948546,,,,
2025-08-13 16:25:00,,,,,,,,,-1.9197992016739547,46.42766806809982,,
2025-08-13 16:25:00,,,,,,,,,,,-1.5324570530561552,46.40837221370161
2025-08-13 16:25:00,-1.92933124999999,46.41992331884849,,,,,,,,,,
2025-08-13 16:25:00,,,-1.6447812499999828,46.430113015048526,,,,,,,,
2025-08-13 16:25:00,,,,,-1.931522279541399,46.44139667143108,,,,,,
2025-08-13 16:25:00,,,,,,,-1.6441964697862432,46.422524064468206,,,,
2025-08-13 16:25:00,,,,,,,,,-1.896447744239445,46.44736952054876,,
2025-08-13 16:25:00,,,,,,,,,,,-1.653696338085097,46.421923748468835
2025-08-13 16:25:00,-2.1667812499999854,46.40944579516813,,,,,,,,,,
2025-08-13 16:25:00,,,-1.8345012499999824,46.42319679461134,,,,,,,,
2025-08-13 16:25:00,,,,,-2.1684781267139526,46.42519871109587,,,,,,
2025-08-13 16:25:00,,,,,,,-1.834855791042753,46.42565547250579,,,,
2025-08-13 16:25:00,,,,,,,,,-2.1413337435631625,46.43023777548325,,
2025-08-13 16:25:00,,,,,,,,,,,-1.829112264503451,46.42744890655952
2025-08-13 16:25:00,-2.1667812499999854,46.40944579516813,,,,,,,,,,
2025-08-13 16:25:00,,,-1.9531512499999848,46.41841679962581,,,,,,,,
2025-08-13 16:25:00,,,,,-2.169807215100528,46.43850853109032,,,,,,
2025-08-13 16:25:00,,,,,,,-1.9549048253620476,46.43533637128249,,,,
2025-08-13 16:25:00,,,,,,,,,-2.1214148701662365,46.44625827300408,,
2025-08-13 16:25:00,,,,,,,,,,,-1.9264427833739852,46.44052394068456
2025-08-13 16:25:00,-0.8277500000000089,46.68266198426885,,,,,,,,,,
2025-08-13 16:25:00,,,-1.803994999999992,46.468280042460414,,,,,,,,
2025-08-13 16:25:00,,,,,-0.8268142094055261,46.67174242073109,,,,,,
2025-08-13 16:25:00,,,,,,,-1.805295260610135,46.480309688815076,,,,
2025-08-13 16:25:00,,,,,,,,,-0.8425319261638886,46.66852994036317,,
2025-08-13 16:25:00,,,,,,,,,,,-1.7843054971613372,46.484012715499816
2025-08-13 16:25:00,-0.8277500000000089,46.68266198426885,,,,,,,,,,
2025-08-13 16:25:00,,,-1.5836787499999958,46.52082777554449,,,,,,,,
2025-08-13 16:25:00,,,,,-0.8277500000000089,46.68266198426885,,,,,,
2025-08-13 16:25:00,,,,,,,-1.584874366152283,46.531901663723445,,,,
2025-08-13 16:25:00,,,,,,,,,-0.8267260269756663,46.68350705340239,,
2025-08-13 16:25:00,,,,,,,,,,,-1.5656908622216799,46.53518051256033
2025-08-13 16:25:00,-0.301981249999983,46.77902529258865,,,,,,,,,,
2025-08-13 16:25:00,,,-1.2582087499999943,46.59264817029252,,,,,,,,
2025-08-13 16:25:00,,,,,-0.3009121092276096,46.764806545722564,,,,,,
2025-08-13 16:25:00,,,,,,,-1.258752332089525,46.59658363858175,,,,
2025-08-13 16:25:00,,,,,,,,,-0.31829718586076955,46.76161988607822,,
2025-08-13 16:25:00,,,,,,,,,,,-1.2500607505459447,46.59803058566622
2025-08-13 16:25:00,-0.301981249999983,46.77902529258865,,,,,,,,,,
2025-08-13 16:25:00,,,-0.8852487499999938,46.66656406977662,,,,,,,,
2025-08-13 16:25:00,,,,,-0.301981249999983,46.77902529258865,,,,,,
2025-08-13 16:25:00,,,,,,,-0.8854529567467312,46.667348954880296,,,,
2025-08-13 16:25:00,,,,,,,,,-0.3011947272011404,46.77995857991455,,
2025-08-13 16:25:00,,,,,,,,,,,-0.8820329472735402,46.667974746552474
2025-08-13 16:25:00,0.8700187499999856,46.971943406406425,,,,,,,,,,
2025-08-13 16:25:00,,,-0.27788874999999963,46.779063592024286,,,,,,,,
2025-08-13 16:25:00,,,,,0.8717771226079425,46.93808336842222,,,,,,
2025-08-13 16:25:00,,,,,,,-0.27713608920503696,46.76726392234667,,,,
2025-08-13 16:25:00,,,,,,,,,0.8425146239166608,46.9345523014968,,
2025-08-13 16:25:00,,,,,,,,,,,-0.28924704845696075,46.76563355225103
2025-08-13 16:25:00,0.8700187499999856,46.971943406406425,,,,,,,,,,
2025-08-13 16:25:00,,,0.06166499999999928,46.836919876451795,,,,,,,,
2025-08-13 16:25:00,,,,,0.8711136267895555,46.95149763365605,,,,,,
2025-08-13 16:25:00,,,,,,,0.062449478033979336,46.823214964931665,,,,
2025-08-13 16:25:00,,,,,,,,,0.8531319171743171,46.948690428778,,
2025-08-13 16:25:00,,,,,,,,,,,0.049885720210680315,46.821665649934
2025-08-13 16:25:00,1.2813999999999908,47.03254739050395,,,,,,,,,,
2025-08-13 16:25:00,,,0.48349499999999923,46.90689695769883,,,,,,,,
2025-08-13 16:25:00,,,,,1.282888976803438,46.99950319473611,,,,,,
2025-08-13 16:25:00,,,,,,,0.48457727339466866,46.88658320702511,,,,
2025-08-13 16:25:00,,,,,,,,,1.258010812288623,46.99655210264311,,
2025-08-13 16:25:00,,,,,,,,,,,0.46683308806353824,46.884274659782136
2025-08-13 16:25:00,1.2813999999999908,47.03254739050395,,,,,,,,,,
2025-08-13 16:25:00,,,0.800171249999994,46.95760137728189,,,,,,,,
2025-08-13 16:25:00,,,,,1.2823130970268315,47.012895680651575,,,,,,
2025-08-13 16:25:00,,,,,,,0.8012223146455568,46.93620103401092,,,,
2025-08-13 16:25:00,,,,,,,,,1.2670544579313274,47.010441831816465,,
2025-08-13 16:25:00,,,,,,,,,,,0.7839034168219576,46.93403904892979
2025-08-13 16:25:00,1.575618750000018,47.07363832926715,,,,,,,,,,
2025-08-13 16:25:00,,,1.175691249999994,47.01652398461758,,,,,,,,
2025-08-13 16:25:00,,,,,1.5767753620470182,47.0451722996518,,,,,,
2025-08-13 16:25:00,,,,,,,1.176973637054957,46.98943043542356,,,,
2025-08-13 16:25:00,,,,,,,,,1.5579854538419227,47.04257995460777,,
2025-08-13 16:25:00,,,,,,,,,,,1.1557394530305702,46.98656332386843
2025-08-13 16:25:00,0.6238187499999981,47.09586871655675,,,,,,,,,,
2025-08-13 16:25:00,,,1.1264512499999966,47.04130904664764,,,,,,,,
2025-08-13 16:25:00,,,,,0.6267298714970029,47.04228295021496,,,,,,
2025-08-13 16:25:00,,,,,,,1.1279641868327692,47.0102703517821,,,,
2025-08-13 16:25:00,,,,,,,,,0.5783786476051382,47.037232478716135,,
2025-08-13 16:25:00,,,,,,,,,,,1.1029122577682657,47.0070993593123
2025-08-13 16:25:00,0.9772937499999728,47.14987271378589,,,,,,,,,,
2025-08-13 16:25:00,,,1.1479062499999941,47.07689490812354,,,,,,,,
2025-08-13 16:25:00,,,,,0.9803837849249044,47.08547143630584,,,,,,
2025-08-13 16:25:00,,,,,,,1.149818218459839,47.03706511231205,,,,
2025-08-13 16:25:00,,,,,,,,,0.928079987031192,47.08057397699239,,
2025-08-13 16:25:00,,,,,,,,,,,1.1179018717396407,47.033476068955174
2025-08-13 16:25:00,0.6792000000000087,47.15510881505842,,,,,,,,,,
2025-08-13 16:25:00,,,1.0274662499999976,47.10140719303443,,,,,,,,
2025-08-13 16:25:00,,,,,0.6829732844109743,47.08290010553676,,,,,,
2025-08-13 16:25:00,,,,,,,1.0298350799813463,47.05374449447219,,,,
2025-08-13 16:25:00,,,,,,,,,0.6191123079934366,47.07690896353577,,
2025-08-13 16:25:00,,,,,,,,,,,0.9901221708806034,47.049547441133704
2025-08-13 16:25:00,0.6792000000000087,47.15510881505842,,,,,,,,,,
2025-08-13 16:25:00,,,0.9070262500000013,47.125919477945324,,,,,,,,
2025-08-13 16:25:00,,,,,0.6823153041234109,47.096258412112064,,,,,,
2025-08-13 16:25:00,,,,,,,0.9098355214006622,47.07041704076429,,,,
2025-08-13 16:25:00,,,,,,,,,0.6303989768206766,47.09110037395686,,
2025-08-13 16:25:00,,,,,,,,,,,0.8627910746584732,47.06567914956178
2025-08-13 16:25:00,1.505724999999984,47.27602766968027,,,,,,,,,,
2025-08-13 16:25:00,,,0.8930474999999944,47.16639734602795,,,,,,,,
2025-08-13 16:25:00,,,,,1.5089706648065886,47.19207721702088,,,,,,
2025-08-13 16:25:00,,,,,,,0.8962745819525761,47.0997980242381,,,,
2025-08-13 16:25:00,,,,,,,,,1.4527727529765269,47.18762361025381,,
2025-08-13 16:25:00,,,,,,,,,,,0.841748534485394,47.09468788069099
2025-08-13 16:25:00,1.505724999999984,47.27602766968027,,,,,,,,,,
2025-08-13 16:25:00,,,1.0694287499999917,47.202429136652654,,,,,,,,
2025-08-13 16:25:00,,,,,1.5084883610935278,47.20548955476352,,,,,,
2025-08-13 16:25:00,,,,,,,1.0726262798718813,47.13243934514781,,,,
2025-08-13 16:25:00,,,,,,,,,1.4614376111071583,47.20147101099127,,
2025-08-13 16:25:00,,,,,,,,,,,1.018360327185798,47.12753558714602
2025-08-13 16:25:00,1.7423250000000223,47.30792643515857,,,,,,,,,,
2025-08-13 16:25:00,,,1.2224350000000015,47.23403988092719,,,,,,,,
2025-08-13 16:25:00,,,,,1.745062135020811,47.23035877334018,,,,,,
2025-08-13 16:25:00,,,,,,,1.2255619498910626,47.161416812554684,,,,
2025-08-13 16:25:00,,,,,,,,,1.698204006255194,47.226528166054344,,
2025-08-13 16:25:00,,,,,,,,,,,1.1723851310305986,47.156726424958414
2025-08-13 16:25:00,1.7423250000000223,47.30792643515857,,,,,,,,,,
2025-08-13 16:25:00,,,1.4350600000000042,47.26460340494722,,,,,,,,
2025-08-13 16:25:00,,,,,1.743941056407813,47.26384238274114,,,,,,
2025-08-13 16:25:00,,,,,,,1.4377555042904304,47.197605267995556,,,,
2025-08-13 16:25:00,,,,,,,,,1.717075329282808,47.260988624702065,,
2025-08-13 16:25:00,,,,,,,,,,,1.3919777352884726,47.193542357191674
2025-08-13 16:25:00,1.9791250000000389,47.33864662444814,,,,,,,,,,
2025-08-13 16:25:00,,,1.6950450000000103,47.30131096682516,,,,,,,,
2025-08-13 16:25:00,,,,,1.9807833326233268,47.28745256191298,,,,,,
2025-08-13 16:25:00,,,,,,,1.6974491099904134,47.235844097955734,,,,
2025-08-13 16:25:00,,,,,,,,,1.9533363912735993,47.284733779183284,,
2025-08-13 16:25:00,,,,,,,,,,,1.656565218179057,47.23226903823696
2025-08-13 16:25:00,1.9791250000000389,47.33864662444814,,,,,,,,,,
2025-08-13 16:25:00,,,1.7897250000000213,47.313834757778736,,,,,,,,
2025-08-13 16:25:00,,,,,1.9803741284759024,47.30086784071295,,,,,,
2025-08-13 16:25:00,,,,,,,1.791729802724276,47.25760222269415,,,,
2025-08-13 16:25:00,,,,,,,,,1.9591630398423874,47.29841326404981,,
2025-08-13 16:25:00,,,,,,,,,,,1.7578432755522293,47.25442696899616
2025-08-13 16:25:00,2.6907250000000147,47.42372822727432,,,,,,,,,,
2025-08-13 16:25:00,,,2.0267250000000274,47.34337486929755,,,,,,,,
2025-08-13 16:25:00,,,,,2.6919450003982206,47.365025303128725,,,,,,
2025-08-13 16:25:00,,,,,,,2.0284211305852144,47.28950937236719,,,,
2025-08-13 16:25:00,,,,,,,,,2.671658581441113,47.36292393444514,,
2025-08-13 16:25:00,,,,,,,,,,,1.9998874696190203,47.28671755368693
2025-08-13 16:25:00,2.6907250000000147,47.42372822727432,,,,,,,,,,
2025-08-13 16:25:00,,,2.2164050000000257,47.366535227720696,,,,,,,,
2025-08-13 16:25:00,,,,,2.6916174627309526,47.38184020978444,,,,,,
2025-08-13 16:25:00,,,,,,,2.217732196127243,47.31980565965605,,,,
2025-08-13 16:25:00,,,,,,,,,2.6772099145135284,47.37977344891995,,
2025-08-13 16:25:00,,,,,,,,,,,2.1956886512706872,47.31736661026006
2025-08-13 16:25:00,2.1533687499999985,47.45116440116642,,,,,,,,,,
2025-08-13 16:25:00,,,2.298613750000021,47.395182820922265,,,,,,,,
2025-08-13 16:25:00,,,,,2.155031295263279,47.39466203083802,,,,,,
2025-08-13 16:25:00,,,,,,,2.299950243898336,47.34596958927543,,,,
2025-08-13 16:25:00,,,,,,,,,2.1273658157635826,47.39198075462791,,
2025-08-13 16:25:00,,,,,,,,,,,2.277746748566842,47.34356503624522
2025-08-13 16:25:00,2.1533687499999985,47.45116440116642,,,,,,,,,,
2025-08-13 16:25:00,,,2.333462500000013,47.41768637626592,,,,,,,,
2025-08-13 16:25:00,,,,,2.1542793722287845,47.421442563396184,,,,,,
2025-08-13 16:25:00,,,,,,,2.334649451819428,47.372767589572064,,,,
2025-08-13 16:25:00,,,,,,,,,2.139511283792582,47.41924565367366,,
2025-08-13 16:25:00,,,,,,,,,,,2.3149817270706388,47.370467411143295
2025-08-13 16:25:00,1.3754000000000133,47.48008292789725,,,,,,,,,,
2025-08-13 16:25:00,,,2.212717500000008,47.44597363695574,,,,,,,,
2025-08-13 16:25:00,,,,,1.3775260014781252,47.429648050226724,,,,,,
2025-08-13 16:25:00,,,,,,,2.2140798264198724,47.398523631474816,,,,
2025-08-13 16:25:00,,,,,,,,,1.3418269469831992,47.42609339275555,,
2025-08-13 16:25:00,,,,,,,,,,,2.191514508498801,47.39600343688444
2025-08-13 16:25:00,1.3754000000000133,47.48008292789725,,,,,,,,,,
2025-08-13 16:25:00,,,1.9496525000000076,47.45724457708034,,,,,,,,
2025-08-13 16:25:00,,,,,1.376990884926057,47.442952528559104,,,,,,
2025-08-13 16:25:00,,,,,,,1.9510890033254396,47.4141090765609,,,,
2025-08-13 16:25:00,,,,,,,,,1.3506513897185175,47.43991484574457,,
2025-08-13 16:25:00,,,,,,,,,,,1.9273130701542822,47.41140161914433
2025-08-13 16:25:00,0.9556187500000135,47.49038631980844,,,,,,,,,,
2025-08-13 16:25:00,,,1.6026312500000075,47.47057619558716,,,,,,,,
2025-08-13 16:25:00,,,,,0.9579717073830012,47.44225764800391,,,,,,
2025-08-13 16:25:00,,,,,,,1.6043598522558493,47.42619256420478,,,,
2025-08-13 16:25:00,,,,,,,,,0.9187593756174403,47.43824722356887,,
2025-08-13 16:25:00,,,,,,,,,,,1.5756229623750644,47.42309637407411
2025-08-13 16:25:00,0.535224999999997,47.49698447479982,,,,,,,,,,
2025-08-13 16:25:00,,,1.2790025000000071,47.479740210313835,,,,,,,,
2025-08-13 16:25:00,,,,,0.538466289451887,47.43798922100921,,,,,,
2025-08-13 16:25:00,,,,,,,1.2810468510935709,47.43485800223903,,,,
2025-08-13 16:25:00,,,,,,,,,0.48389621353960977,47.43252558440808,,
2025-08-13 16:25:00,,,,,,,,,,,1.2469290419302697,47.43120534003015
2025-08-13 16:25:00,0.8917000000000144,47.55164004648,,,,,,,,,,
2025-08-13 16:25:00,,,1.0266687500000102,47.49983533937655,,,,,,,,
2025-08-13 16:25:00,,,,,0.8950959063530795,47.48179240652196,,,,,,
2025-08-13 16:25:00,,,,,,,1.0292101579184298,47.44692797086418,,,,
2025-08-13 16:25:00,,,,,,,,,0.8370616540461554,47.47655299607287,,
2025-08-13 16:25:00,,,,,,,,,,,0.9864391159809844,47.44266680850999
2025-08-13 16:25:00,0.5308750000000089,47.55703703695569,,,,,,,,,,
2025-08-13 16:25:00,,,0.8577637500000094,47.51522616118824,,,,,,,,
2025-08-13 16:25:00,,,,,0.5351334765649631,47.47786736258009,,,,,,
2025-08-13 16:25:00,,,,,,,0.8607316529357977,47.456571833334856,,,,
2025-08-13 16:25:00,,,,,,,,,0.4619230782309376,47.4711291326002,,
2025-08-13 16:25:00,,,,,,,,,,,0.8104583422305321,47.45167395647892
2025-08-13 16:25:00,-0.13180624999998258,47.55981735785432,,,,,,,,,,
2025-08-13 16:25:00,,,0.5563225000000103,47.53117304717966,,,,,,,,
2025-08-13 16:25:00,,,,,-0.1257355821253759,47.463792118619146,,,,,,
2025-08-13 16:25:00,,,,,,,0.560186359525511,47.46073975134687,,,,
2025-08-13 16:25:00,,,,,,,,,-0.23226389141538045,47.45316542594701,,
2025-08-13 16:25:00,,,,,,,,,,,0.49387528600375247,47.45432407251941
2025-08-13 16:25:00,-0.13180624999998258,47.55981735785432,,,,,,,,,,
2025-08-13 16:25:00,,,0.338837500000011,47.545059254788825,,,,,,,,
2025-08-13 16:25:00,,,,,-0.12833985816639212,47.507304099763566,,,,,,
2025-08-13 16:25:00,,,,,,,0.34292404641563234,47.473749041698795,,,,
2025-08-13 16:25:00,,,,,,,,,-0.18678693630294463,47.500785463735824,,
2025-08-13 16:25:00,,,,,,,,,,,0.2727660236196755,47.4668317205528
2025-08-13 16:25:00,-0.8564562499999795,47.552287880730155,,,,,,,,,,
2025-08-13 16:25:00,,,0.060501250000015716,47.5561199359749,,,,,,,,
2025-08-13 16:25:00,,,,,-0.8510905353357283,47.48166235777171,,,,,,
2025-08-13 16:25:00,,,,,,,0.06501268145810926,47.48248366905129,,,,
2025-08-13 16:25:00,,,,,,,,,-0.9432662156244919,47.47088587527003,,
2025-08-13 16:25:00,,,,,,,,,,,-0.01266646221314478,47.47450377872518
2025-08-13 16:25:00,-0.8564562499999795,47.552287880730155,,,,,,,,,,
2025-08-13 16:25:00,,,-0.28912999999998307,47.556249502824926,,,,,,,,
2025-08-13 16:25:00,,,,,-0.8532592831420954,47.51175892171918,,,,,,
2025-08-13 16:25:00,,,,,,,-0.2846583564409257,47.48847697209074,,,,
2025-08-13 16:25:00,,,,,,,,,-0.9065331556497399,47.50483994167037,,
2025-08-13 16:25:00,,,,,,,,,,,-0.3613854241523239,47.480161167844685
2025-08-13 16:25:00,-0.8564562499999795,47.552287880730155,,,,,,,,,,
2025-08-13 16:25:00,,,-0.5665962499999807,47.55529967157982,,,,,,,,
2025-08-13 16:25:00,,,,,-0.855842976289817,47.545201820525975,,,,,,
2025-08-13 16:25:00,,,,,,,-0.5628536470118817,47.50194386367991,,,,
2025-08-13 16:25:00,,,,,,,,,-0.8665476758490944,47.542469577350616,,
2025-08-13 16:25:00,,,,,,,,,,,-0.6270795749683302,47.494429256794774
2025-08-13 16:25:00,-1.9468062499999519,47.52013831445529,,,,,,,,,,
2025-08-13 16:25:00,,,-0.9295962499999746,47.54736386290001,,,,,,,,
2025-08-13 16:25:00,,,,,-1.9435171815579133,47.48651048664707,,,,,,
2025-08-13 16:25:00,,,,,,,-0.9264099668983892,47.506487537285494,,,,
2025-08-13 16:25:00,,,,,,,,,-1.9982538116657313,47.478214116687596,,
2025-08-13 16:25:00,,,,,,,,,,,-0.9802775590184003,47.499438994942885
2025-08-13 16:25:00,-1.9468062499999519,47.52013831445529,,,,,,,,,,
2025-08-13 16:25:00,,,-1.2925962499999684,47.53942805422021,,,,,,,,
2025-08-13 16:25:00,,,,,-1.9474922162710857,47.52658751533852,,,,,,
2025-08-13 16:25:00,,,,,,,-1.290240438519328,47.51034422040049,,,,
2025-08-13 16:25:00,,,,,,,,,-1.934862766197904,47.52975648374067,,
2025-08-13 16:25:00,,,,,,,,,,,-1.3298927249973924,47.505233198943856
2025-08-13 16:25:00,-2.6151249999999493,47.48804819356525,,,,,,,,,,
2025-08-13 16:25:00,,,-1.6443299999999623,47.52658011678723,,,,,,,,
2025-08-13 16:25:00,,,,,-2.6144034431077485,47.481971568367705,,,,,,
2025-08-13 16:25:00,,,,,,,-1.642903020073732,47.51040606251969,,,,
2025-08-13 16:25:00,,,,,,,,,-2.6276439526378748,47.478530653598064,,
2025-08-13 16:25:00,,,,,,,,,,,-1.6667682724000688,47.50676215460946
2025-08-13 16:25:00,-1.5429999999999495,47.71505790628364,,,,,,,,,,
2025-08-13 16:25:00,,,-1.7816387499999564,47.55913412189793,,,,,,,,
2025-08-13 16:25:00,,,,,-1.5393788285935808,47.67473514893893,,,,,,
2025-08-13 16:25:00,,,,,,,-1.7801269291640291,47.54300130796364,,,,
2025-08-13 16:25:00,,,,,,,,,-1.5998169179253139,47.666279664593176,,
2025-08-13 16:25:00,,,,,,,,,,,-1.8054250248551835,47.53905009919403
2025-08-13 16:25:00,-0.825999999999965,47.85287163796965,,,,,,,,,,
2025-08-13 16:25:00,,,-1.7755474999999534,47.61925087334583,,,,,,,,
2025-08-13 16:25:00,,,,,-0.8212419133469532,47.790099401688906,,,,,,
2025-08-13 16:25:00,,,,,,,-1.7732067165754561,47.59198082419623,,,,
2025-08-13 16:25:00,,,,,,,,,-0.9025269634342629,47.780522610369346,,
2025-08-13 16:25:00,,,,,,,,,,,-1.812620882372217,47.58666070579777
2025-08-13 16:25:00,-1.6177812500000073,47.83264976798953,,,,,,,,,,
2025-08-13 16:25:00,,,-1.7097424999999646,47.68175316405267,,,,,,,,
2025-08-13 16:25:00,,,,,-1.6106913943013348,47.75058434013271,,,,,,
2025-08-13 16:25:00,,,,,,,-1.7066415591241406,47.64479559489335,,,,
2025-08-13 16:25:00,,,,,,,,,-1.7350935163799877,47.73478507450183,,
2025-08-13 16:25:00,,,,,,,,,,,-1.7599888233150687,47.63797489736062
2025-08-13 16:25:00,8.098168749999985,47.16989784700115,,,,,,,,,,
2025-08-13 16:25:00,,,0.2992525000000228,47.61170507056185,,,,,,,,
2025-08-13 16:25:00,,,,,8.10900624976287,47.35228092355172,,,,,,
2025-08-13 16:25:00,,,,,,,0.30465813408265063,47.609934276535995,,,,
2025-08-13 16:25:00,,,,,,,,,7.92419612949319,47.368686562167795,,
2025-08-13 16:25:00,,,,,,,,,,,0.21182295582315014,47.60576091304604
2025-08-13 16:25:00,8.098168749999985,47.16989784700115,,,,,,,,,,
2025-08-13 16:25:00,,,2.4419112500000097,47.548075001249025,,,,,,,,
2025-08-13 16:25:00,,,,,8.112855668192434,47.4295635815322,,,,,,
2025-08-13 16:25:00,,,,,,,2.450109956342687,47.59945267916889,,,,
2025-08-13 16:25:00,,,,,,,,,7.856942931914894,47.45130583879848,,
2025-08-13 16:25:00,,,,,,,,,,,2.308740332733704,47.60031595008612
2025-08-13 16:25:00,8.098168749999985,47.16989784700115,,,,,,,,,,
2025-08-13 16:25:00,,,4.370144999999996,47.439042989392526,,,,,,,,
2025-08-13 16:25:00,,,,,8.114439654782936,47.46661292283263,,,,,,
2025-08-13 16:25:00,,,,,,,4.380873653017991,47.55782823394763,,,,
2025-08-13 16:25:00,,,,,,,,,7.825105297513646,47.49073877463769,,
2025-08-13 16:25:00,,,,,,,,,,,4.1937247758214955,47.56520777209503
2025-08-13 16:25:00,9.89854374999996,47.13177730183041,,,,,,,,,,
2025-08-13 16:25:00,,,6.515053749999981,47.29482412216468,,,,,,,,
2025-08-13 16:25:00,,,,,9.907689963151807,47.38552222561286,,,,,,
2025-08-13 16:25:00,,,,,,,6.526660028317744,47.47691279873243,,,,
2025-08-13 16:25:00,,,,,,,,,9.560164123910987,47.426006090167604,,
2025-08-13 16:25:00,,,,,,,,,,,6.2862629932905465,47.49430446805468
2025-08-13 16:25:00,10.80295000000001,47.08664748415946,,,,,,,,,,
2025-08-13 16:25:00,,,8.999199999999984,47.14562366539867,,,,,,,,
2025-08-13 16:25:00,,,,,10.812642365597622,47.318898617749525,,,,,,
2025-08-13 16:25:00,,,,,,,9.011326780297534,47.39057565425579,,,,
2025-08-13 16:25:00,,,,,,,,,10.442964095132623,47.3687654891077,,
2025-08-13 16:25:00,,,,,,,,,,,8.721874515593068,47.42110055097586
2025-08-13 16:25:00,11.71016874999998,47.02386147315556,,,,,,,,,,
2025-08-13 16:25:00,,,9.721599999999984,47.11641639062955,,,,,,,,
2025-08-13 16:25:00,,,,,11.720204753184047,47.2351251360978,,,,,,
2025-08-13 16:25:00,,,,,,,9.73356648098177,47.367144496765,,,,
2025-08-13 16:25:00,,,,,,,,,11.33745233366498,47.293822732758585,,
2025-08-13 16:25:00,,,,,,,,,,,9.404525756427427,47.40612778509402
2025-08-13 16:25:00,12.620199999999983,46.943185362307915,,,,,,,,,,
2025-08-13 16:25:00,,,10.626006249999984,47.0710738936909,,,,,,,,
2025-08-13 16:25:00,,,,,12.630382270367129,47.133967024685,,,,,,
2025-08-13 16:25:00,,,,,,,10.637071801416708,47.308025185395564,,,,
2025-08-13 16:25:00,,,,,,,,,12.241809971109202,47.200884594032274,,
2025-08-13 16:25:00,,,,,,,,,,,10.281499164266288,47.356043536140774
2025-08-13 16:25:00,13.593999999999994,46.83712271265177,,,,,,,,,,
2025-08-13 16:25:00,,,11.725172499999985,47.00451886682102,,,,,,,,
2025-08-13 16:25:00,,,,,13.604126095267423,47.00661455295732,,,,,,
2025-08-13 16:25:00,,,,,,,11.735009089513607,47.216025511420504,,,,
2025-08-13 16:25:00,,,,,,,,,13.216861164306543,47.08124332130204,,
2025-08-13 16:25:00,,,,,,,,,,,11.359850337624867,47.274144445473645
2025-08-13 16:25:00,14.448699999999974,46.727113845282595,,,,,,,,,,
2025-08-13 16:25:00,,,12.635203749999988,46.92358617551146,,,,,,,,
2025-08-13 16:25:00,,,,,14.45860139780581,46.878450953653434,,,,,,
2025-08-13 16:25:00,,,,,,,12.645191376444405,47.11461125702862,,,,
2025-08-13 16:25:00,,,,,,,,,14.08055164879596,46.95810260877883,,
2025-08-13 16:25:00,,,,,,,,,,,12.263927842601863,47.18056374919588
2025-08-13 16:25:00,14.754543749999982,46.683884143560036,,,,,,,,,,
2025-08-13 16:25:00,,,13.425522499999982,46.84303350739158,,,,,,,,
2025-08-13 16:25:00,,,,,14.764325884634454,46.82884508459042,,,,,,
2025-08-13 16:25:00,,,,,,,13.435528080251775,47.0166005503968,,,,
2025-08-13 16:25:00,,,,,,,,,14.39017004123004,46.91019570376538,,
2025-08-13 16:25:00,,,,,,,,,,,13.053369031821344,47.08884979212742
2025-08-13 16:25:00,14.999443749999983,46.64779402276796,,,,,,,,,,
2025-08-13 16:25:00,,,14.083377499999983,46.76782001731405,,,,,,,,
2025-08-13 16:25:00,,,,,15.0091158579311,46.78769498761282,,,,,,
2025-08-13 16:25:00,,,,,,,14.093310301201182,46.927114520699796,,,,
2025-08-13 16:25:00,,,,,,,,,14.639648441477839,46.8699628448078,,
2025-08-13 16:25:00,,,,,,,,,,,13.713808253383917,47.00407781453727
2025-08-13 16:25:00,15.67394999999999,46.541587761887754,,,,,,,,,,
2025-08-13 16:25:00,,,14.694127499999984,46.68750049723002,,,,,,,,
2025-08-13 16:25:00,,,,,15.683253192059489,46.667762283409054,,,,,,
2025-08-13 16:25:00,,,,,,,14.703884485539655,46.8338735724446,,,,
2025-08-13 16:25:00,,,,,,,,,15.328312846717553,46.751991784023645,,
2025-08-13 16:25:00,,,,,,,,,,,14.331108828505588,46.914299252535535
2025-08-13 16:25:00,15.67394999999999,46.541587761887754,,,,,,,,,,
2025-08-13 16:25:00,,,15.110117499999983,46.62839350707721,,,,,,,,
2025-08-13 16:25:00,,,,,15.696903051967425,46.85041343141994,,,,,,
2025-08-13 16:25:00,,,,,,,15.122439876879657,46.802633348137135,,,,
2025-08-13 16:25:00,,,,,,,,,14.865731229667045,47.04273229736461,,
2025-08-13 16:25:00,,,,,,,,,,,14.660882841577688,46.90659704774806
2025-08-13 16:25:00,15.919599999999974,46.500417587802374,,,,,,,,,,
2025-08-13 16:25:00,,,15.404297499999984,46.58305425558117,,,,,,,,
2025-08-13 16:25:00,,,,,15.94270980902918,46.80439476813157,,,,,,
2025-08-13 16:25:00,,,,,,,15.419261559124328,46.78782211103276,,,,
2025-08-13 16:25:00,,,,,,,,,15.106061745380941,47.00239341665389,,
2025-08-13 16:25:00,,,,,,,,,,,14.865984860894685,46.91545520932306
2025-08-13 16:25:00,15.919599999999974,46.500417587802374,,,,,,,,,,
2025-08-13 16:25:00,,,15.637308749999983,46.54636094442964,,,,,,,,
2025-08-13 16:25:00,,,,,15.949509102437467,46.8923454590096,,,,,,
2025-08-13 16:25:00,,,,,,,15.656298202684933,46.80052218591659,,,,
2025-08-13 16:25:00,,,,,,,,,14.89326880786654,47.139509071353416,,
2025-08-13 16:25:00,,,,,,,,,,,14.966604614221984,46.961317882840675
2025-08-13 16:25:00,16.165449999999964,46.45787690260394,,,,,,,,,,
2025-08-13 16:25:00,,,15.870509999999978,46.50837752039684,,,,,,,,
2025-08-13 16:25:00,,,,,16.195659253366603,46.84502985995188,,,,,,
2025-08-13 16:25:00,,,,,,,15.893606881772033,46.81198916038441,,,,
2025-08-13 16:25:00,,,,,,,,,15.129602991607975,47.09997560433113,,
2025-08-13 16:25:00,,,,,,,,,,,15.064595524248011,47.00732043474534
2025-08-13 16:25:00,16.165449999999964,46.45787690260394,,,,,,,,,,
2025-08-13 16:25:00,,,15.968809999999973,46.49163534854008,,,,,,,,
2025-08-13 16:25:00,,,,,16.204826632772175,46.960060289083295,,,,,,
2025-08-13 16:25:00,,,,,,,15.99792156991457,46.870448761519256,,,,
2025-08-13 16:25:00,,,,,,,,,14.857806880495477,47.27755846372038,,
2025-08-13 16:25:00,,,,,,,,,,,14.970494331003596,47.11243377068469
2025-08-13 16:25:00,17.027499999999975,46.29809006589797,,,,,,,,,,
2025-08-13 16:25:00,,,16.23951999999997,46.442935809342124,,,,,,,,
2025-08-13 16:25:00,,,,,17.06857383988254,46.784033599157354,,,,,,
2025-08-13 16:25:00,,,,,,,16.272255727497594,46.85717279506673,,,,
2025-08-13 16:25:00,,,,,,,,,15.66658335654066,47.1396806259023,,
2025-08-13 16:25:00,,,,,,,,,,,15.130664756378318,47.131823436392224
2025-08-13 16:25:00,17.027499999999975,46.29809006589797,,,,,,,,,,
2025-08-13 16:25:00,,,16.46109999999997,46.40247030496124,,,,,,,,
2025-08-13 16:25:00,,,,,17.075606707032357,46.86532621591662,,,,,,
2025-08-13 16:25:00,,,,,,,16.498835107098227,46.869359084623746,,,,
2025-08-13 16:25:00,,,,,,,,,15.468500619807305,47.268962462484055,,
2025-08-13 16:25:00,,,,,,,,,,,15.203152531263589,47.18513724555826
2025-08-13 16:25:00,-4.565068750000023,49.11831682079276,,,,,,,,,,
2025-08-13 16:25:00,,,12.364166249999972,46.92605015155932,,,,,,,,
2025-08-13 16:25:00,,,,,-4.5568836140988935,49.056076707398134,,,,,,
2025-08-13 16:25:00,,,,,,,12.397556563790957,47.30210533430146,,,,
2025-08-13 16:25:00,,,,,,,,,-4.702540294046623,49.029836119825006,,
2025-08-13 16:25:00,,,,,,,,,,,11.283990710880959,47.563202655252574
2025-08-13 16:25:00,-4.628450000000015,49.112384900323256,,,,,,,,,,
2025-08-13 16:25:00,,,8.205386249999975,47.45695175110318,,,,,,,,
2025-08-13 16:25:00,,,,,-4.620028960878405,49.048827381645644,,,,,,
2025-08-13 16:25:00,,,,,,,8.234418920941954,47.74286483864021,,,,
2025-08-13 16:25:00,,,,,,,,,-4.769802974266527,49.021665648424545,,
2025-08-13 16:25:00,,,,,,,,,,,7.30410951770606,47.94754066407126
2025-08-13 16:25:00,-4.628450000000015,49.112384900323256,,,,,,,,,,
2025-08-13 16:25:00,,,4.0466062499999795,47.98785335064705,,,,,,,,
2025-08-13 16:25:00,,,,,-4.630340103714857,49.12537989458409,,,,,,
2025-08-13 16:25:00,,,,,,,4.067385573644549,48.175928759740366,,,,
2025-08-13 16:25:00,,,,,,,,,-4.597008546952621,49.132637019412016,,
2025-08-13 16:25:00,,,,,,,,,,,3.4131464322164375,48.31855637520958
2025-08-13 16:25:00,-4.628450000000015,49.112384900323256,,,,,,,,,,
2025-08-13 16:25:00,,,-0.2845837500000187,48.5507123175321,,,,,,,,
2025-08-13 16:25:00,,,,,-4.633864906650654,49.151960120337314,,,,,,
2025-08-13 16:25:00,,,,,,,-0.2731021756620905,48.64951406397636,,,,
2025-08-13 16:25:00,,,,,,,,,-4.54116978874733,49.16918297565557,,
2025-08-13 16:25:00,,,,,,,,,,,-0.6284041968411594,48.72445684516024
2025-08-13 16:25:00,-2.64885000000001,49.57929097594579,,,,,,,,,,
2025-08-13 16:25:00,,,-4.2198537500000155,49.206952499541664,,,,,,,,
2025-08-13 16:25:00,,,,,-2.646744552969455,49.559967270243085,,,,,,
2025-08-13 16:25:00,,,,,,,-4.217572427662453,49.18844227484165,,,,
2025-08-13 16:25:00,,,,,,,,,-2.682750889003515,49.553741158103705,,
2025-08-13 16:25:00,,,,,,,,,,,-4.258654498603323,49.18141258428417
2025-08-13 16:25:00,-2.151950000000028,49.68341786952161,,,,,,,,,,
2025-08-13 16:25:00,,,-3.7372300000000167,49.31997270928743,,,,,,,,
2025-08-13 16:25:00,,,,,-2.1485843341572153,49.64886201180397,,,,,,
2025-08-13 16:25:00,,,,,,,-3.7359125716741177,49.30699933572282,,,,
2025-08-13 16:25:00,,,,,,,,,-2.207037517472852,49.64027747392189,,
2025-08-13 16:25:00,,,,,,,,,,,-3.7595539432885685,49.30350085510354
2025-08-13 16:25:00,-1.4051000000000045,49.83019359775758,,,,,,,,,,
2025-08-13 16:25:00,,,-3.0925600000000144,49.4635344487743,,,,,,,,
2025-08-13 16:25:00,,,,,-1.4003694504223045,49.773028996568165,,,,,,
2025-08-13 16:25:00,,,,,,,-3.0919806695828975,49.45183965870733,,,,
2025-08-13 16:25:00,,,,,,,,,-1.4848314339120163,49.76253941421062,,
2025-08-13 16:25:00,,,,,,,,,,,-3.102559635217667,49.45167560826076
2025-08-13 16:25:00,-1.4051000000000045,49.83019359775758,,,,,,,,,,
2025-08-13 16:25:00,,,-2.4478900000000126,49.60709618826117,,,,,,,,
2025-08-13 16:25:00,,,,,-1.4024811972370712,49.79974823855114,,,,,,
2025-08-13 16:25:00,,,,,,,-2.44640888828734,49.58671332750073,,,,
2025-08-13 16:25:00,,,,,,,,,-1.447573170534246,49.79347016802781,,
2025-08-13 16:25:00,,,,,,,,,,,-2.472672559933992,49.583842237983916
2025-08-13 16:25:00,-2.039600000000007,49.80825766717804,,,,,,,,,,
2025-08-13 16:25:00,,,-1.9301200000000107,49.746270741632124,,,,,,,,
2025-08-13 16:25:00,,,,,-2.0353616079988655,49.76315855360833,,,,,,
2025-08-13 16:25:00,,,,,,,-1.926708228556982,49.708953014154936,,,,
2025-08-13 16:25:00,,,,,,,,,-2.110175623047563,49.75276794949424,,
2025-08-13 16:25:00,,,,,,,,,,,-1.9864737267940384,49.70055923275165
2025-08-13 16:25:00,-2.039600000000007,49.80825766717804,,,,,,,,,,
2025-08-13 16:25:00,,,-1.8082700000000103,49.79206407987857,,,,,,,,
2025-08-13 16:25:00,,,,,-2.039412363477659,49.80651493957175,,,,,,
2025-08-13 16:25:00,,,,,,,-1.805241790658623,49.75826254802067,,,,
2025-08-13 16:25:00,,,,,,,,,-2.0443908663532255,49.804331691542735,,
2025-08-13 16:25:00,,,,,,,,,,,-1.8588017222639805,49.750677339439456
2025-08-13 16:25:00,-0.7908500000000345,50.04375142090668,,,,,,,,,,
2025-08-13 16:25:00,,,-1.5360500000000115,49.864130790155585,,,,,,,,
2025-08-13 16:25:00,,,,,-0.787917817748067,50.00472606788884,,,,,,
2025-08-13 16:25:00,,,,,,,-1.5331084873767935,49.82943535923764,,,,
2025-08-13 16:25:00,,,,,,,,,-0.8394719095276213,49.99825971926717,,
2025-08-13 16:25:00,,,,,,,,,,,-1.5852886006749345,49.82227378850852
2025-08-13 16:25:00,-0.7908500000000345,50.04375142090668,,,,,,,,,,
2025-08-13 16:25:00,,,-1.4132000000000176,49.90684235478541,,,,,,,,
2025-08-13 16:25:00,,,,,-0.7891179154891326,50.02136505452076,,,,,,
2025-08-13 16:25:00,,,,,,,-1.410858180390159,49.87910257082816,,,,
2025-08-13 16:25:00,,,,,,,,,-0.8187751122135656,50.0169791639603,,
2025-08-13 16:25:00,,,,,,,,,,,-1.452077336335244,49.87316173845845
2025-08-13 16:25:00,-0.7908500000000345,50.04375142090668,,,,,,,,,,
2025-08-13 16:25:00,,,-1.2903500000000236,49.94955391941523,,,,,,,,
2025-08-13 16:25:00,,,,,-0.7898650329677591,50.031403184878556,,,,,,
2025-08-13 16:25:00,,,,,,,-1.2883349475362966,49.925433560093644,,,,
2025-08-13 16:25:00,,,,,,,,,-0.8074964454546352,50.0281739130332,,
2025-08-13 16:25:00,,,,,,,,,,,-1.3240619913193221,49.92010248745953
2025-08-13 16:25:00,-0.7908500000000345,50.04375142090668,,,,,,,,,,
2025-08-13 16:25:00,,,-1.040600000000029,49.996652670160955,,,,,,,,
2025-08-13 16:25:00,,,,,-0.7919930946873096,50.0581754482781,,,,,,
2025-08-13 16:25:00,,,,,,,-1.0396612448739853,49.984436939027596,,,,
2025-08-13 16:25:00,,,,,,,,,-0.7721283437750821,50.06166857557464,,
2025-08-13 16:25:00,,,,,,,,,,,-1.056452535464826,49.9818826126756
2025-08-13 16:25:00,0.5257187499999816,50.25725042017219,,,,,,,,,,
2025-08-13 16:25:00,,,-0.5275362500000312,50.086451220759784,,,,,,,,
2025-08-13 16:25:00,,,,,0.5268737623948643,50.23673829933198,,,,,,
2025-08-13 16:25:00,,,,,,,-0.5264040196994808,50.07048161097965,,,,
2025-08-13 16:25:00,,,,,,,,,0.5065689106878434,50.23372641936127,,
2025-08-13 16:25:00,,,,,,,,,,,-0.5462605800566122,50.06776155823931
2025-08-13 16:25:00,0.7771187499999712,50.29399652491735,,,,,,,,,,
2025-08-13 16:25:00,,,-0.21394250000003012,50.13650024156192,,,,,,,,
2025-08-13 16:25:00,,,,,0.7785416209566455,50.26625344473995,,,,,,
2025-08-13 16:25:00,,,,,,,-0.21311213195853834,50.122787086349874,,,,
2025-08-13 16:25:00,,,,,,,,,0.7535205141012906,50.26303026961145,,
2025-08-13 16:25:00,,,,,,,,,,,-0.2276620953308298,50.12071566830817
2025-08-13 16:25:00,1.0287187500000243,50.32948775552359,,,,,,,,,,
2025-08-13 16:25:00,,,0.14997124999998163,50.1936475084853,,,,,,,,
2025-08-13 16:25:00,,,,,1.0303458150507103,50.294546738133185,,,,,,
2025-08-13 16:25:00,,,,,,,0.15078061414943028,50.17742342307236,,,,
2025-08-13 16:25:00,,,,,,,,,1.0019928203931587,50.29135956432909,,
2025-08-13 16:25:00,,,,,,,,,,,0.13649149119051507,50.17559174838193
2025-08-13 16:25:00,0.4566000000000372,50.33792920293802,,,,,,,,,,
2025-08-13 16:25:00,,,0.399461249999996,50.252483064891564,,,,,,,,
2025-08-13 16:25:00,,,,,0.45926682997359947,50.288974764644685,,,,,,
2025-08-13 16:25:00,,,,,,,0.400606986737702,50.22893773902558,,,,
2025-08-13 16:25:00,,,,,,,,,0.4116692014108541,50.28411713167922,,
2025-08-13 16:25:00,,,,,,,,,,,0.38032462056361294,50.22678039211114
2025-08-13 16:25:00,1.0234312500000158,50.419614124629355,,,,,,,,,,
2025-08-13 16:25:00,,,0.762317500000006,50.3276556056361,,,,,,,,
2025-08-13 16:25:00,,,,,1.0263579860164727,50.35455743656934,,,,,,
2025-08-13 16:25:00,,,,,,,0.7642772028784585,50.28821413668383,,,,
2025-08-13 16:25:00,,,,,,,,,0.9739941380571916,50.349909994481834,,
2025-08-13 16:25:00,,,,,,,,,,,0.7295491169300676,50.28442867589257
2025-08-13 16:25:00,1.212600000000009,50.445427951797576,,,,,,,,,,
2025-08-13 16:25:00,,,0.8996937500000115,50.36529111196118,,,,,,,,
2025-08-13 16:25:00,,,,,1.2155440991298607,50.374950769228086,,,,,,
2025-08-13 16:25:00,,,,,,,0.9020112702254579,50.31585663066305,,,,
2025-08-13 16:25:00,,,,,,,,,1.1620987047356752,50.37050989960376,,
2025-08-13 16:25:00,,,,,,,,,,,0.8606550757396342,50.31178537194107
2025-08-13 16:25:00,1.212600000000009,50.445427951797576,,,,,,,,,,
2025-08-13 16:25:00,,,0.986790000000019,50.39557739733722,,,,,,,,
2025-08-13 16:25:00,,,,,1.2135116001303636,50.4251880181923,,,,,,
2025-08-13 16:25:00,,,,,,,0.9890052660602013,50.34764354535352,,,,
2025-08-13 16:25:00,,,,,,,,,1.1976334485369866,50.42265915418493,,
2025-08-13 16:25:00,,,,,,,,,,,0.9494776626267732,50.34371114885577
2025-08-13 16:25:00,1.212600000000009,50.445427951797576,,,,,,,,,,
2025-08-13 16:25:00,,,1.023566250000016,50.41876543659202,,,,,,,,
2025-08-13 16:25:00,,,,,1.21307481675416,50.43522544620072,,,,,,
2025-08-13 16:25:00,,,,,,,1.0255510664008913,50.375779286967024,,,,
2025-08-13 16:25:00,,,,,,,,,1.2047041264486116,50.43311262520366,,
2025-08-13 16:25:00,,,,,,,,,,,0.990019923837864,50.37206176103068
2025-08-13 16:25:00,1.3387749999999699,50.46224411874064,,,,,,,,,,
2025-08-13 16:25:00,,,1.2000012500000026,50.44362841975254,,,,,,,,
2025-08-13 16:25:00,,,,,1.3393793961007816,50.44841923698718,,,,,,
2025-08-13 16:25:00,,,,,,,1.2015735796263276,50.407668181435525,,,,
2025-08-13 16:25:00,,,,,,,,,1.3283063196833438,50.4462944991865,,
2025-08-13 16:25:00,,,,,,,,,,,1.1733473474923617,50.40449723453214
2025-08-13 16:25:00,1.4650000000000034,50.47874577483082,,,,,,,,,,
2025-08-13 16:25:00,,,1.288315,50.45545474979284,,,,,,,,
2025-08-13 16:25:00,,,,,1.4657143020712906,50.461416624411356,,,,,,
2025-08-13 16:25:00,,,,,,,1.2894448428372915,50.42904001900393,,,,
2025-08-13 16:25:00,,,,,,,,,1.452836046099797,50.45920675592858,,
2025-08-13 16:25:00,,,,,,,,,,,1.2691157291008828,50.426356586821484
2025-08-13 16:25:00,1.4650000000000034,50.47874577483082,,,,,,,,,,
2025-08-13 16:25:00,,,1.3387949999999988,50.46211831439949,,,,,,,,
2025-08-13 16:25:00,,,,,1.4653133891199146,50.471426322384964,,,,,,
2025-08-13 16:25:00,,,,,,,1.3393987008353023,50.4483351296353,,,,
2025-08-13 16:25:00,,,,,,,,,1.4598295685212537,50.46952086805495,,
2025-08-13 16:25:00,,,,,,,,,,,1.3286619018579984,50.44615878051173
2025-08-13 16:25:00,1.5281312500000013,50.486878640719844,,,,,,,,,,
2025-08-13 16:25:00,,,1.4019012499999974,50.470408452183946,,,,,,,,
2025-08-13 16:25:00,,,,,1.5285073709773889,50.47778691963844,,,,,,
2025-08-13 16:25:00,,,,,,,1.4023978550047072,50.45885490992453,,,,
2025-08-13 16:25:00,,,,,,,,,1.5213927747205096,50.47586417711693,,
2025-08-13 16:25:00,,,,,,,,,,,1.3934137670947033,50.45679978509813
2025-08-13 16:25:00,-0.06639999999998736,50.509956355554294,,,,,,,,,,
2025-08-13 16:25:00,,,1.146101249999998,50.48331413293529,,,,,,,,
2025-08-13 16:25:00,,,,,-0.0634003826820683,50.46185262235038,,,,,,
2025-08-13 16:25:00,,,,,,,1.1471028151174616,50.46418034515447,,,,
2025-08-13 16:25:00,,,,,,,,,-0.1165016652585991,50.45612491910007,,
2025-08-13 16:25:00,,,,,,,,,,,1.129172608753261,50.4614022438774
2025-08-13 16:25:00,-0.06639999999998736,50.509956355554294,,,,,,,,,,
2025-08-13 16:25:00,,,0.8650662500000067,50.49285658029801,,,,,,,,
2025-08-13 16:25:00,,,,,-0.06439208807545052,50.47859582423653,,,,,,
2025-08-13 16:25:00,,,,,,,0.866348518282215,50.47021566260433,,,,
2025-08-13 16:25:00,,,,,,,,,-0.09995928514299884,50.474179331845654,,
2025-08-13 16:25:00,,,,,,,,,,,0.8435194877879925,50.466979210409235
2025-08-13 16:25:00,0.059900000000027376,50.529964496227386,,,,,,,,,,
2025-08-13 16:25:00,,,0.5840462500000114,50.503100324577325,,,,,,,,
2025-08-13 16:25:00,,,,,0.06205638683571034,50.49493646421548,,,,,,
2025-08-13 16:25:00,,,,,,,0.585616935235099,50.47691963056515,,,,
2025-08-13 16:25:00,,,,,,,,,0.02384444705869121,50.49045233609792,,
2025-08-13 16:25:00,,,,,,,,,,,0.5577211679797713,50.473228326443106
2025-08-13 16:25:00,0.24944375000004015,50.55938466610908,,,,,,,,,,
2025-08-13 16:25:00,,,0.3409350000000188,50.51922810283298,,,,,,,,
2025-08-13 16:25:00,,,,,0.25179497746584617,50.518940268016074,,,,,,
2025-08-13 16:25:00,,,,,,,0.34291325290428526,50.48642241969138,,,,
2025-08-13 16:25:00,,,,,,,,,0.2102151799119048,50.514342208072634,,
2025-08-13 16:25:00,,,,,,,,,,,0.3077982902579015,50.48219259444664
2025-08-13 16:25:00,0.24944375000004015,50.55938466610908,,,,,,,,,,
2025-08-13 16:25:00,,,0.0851975000000266,50.53372930791083,,,,,,,,
2025-08-13 16:25:00,,,,,0.25105425075441107,50.532289236501505,,,,,,
2025-08-13 16:25:00,,,,,,,0.08742262885968975,50.497322883063994,,,,
2025-08-13 16:25:00,,,,,,,,,0.22290540616977075,50.52869789361971,,
2025-08-13 16:25:00,,,,,,,,,,,0.048100816547753764,50.49275933774719
2025-08-13 16:25:00,0.4391000000000247,50.58809436211252,,,,,,,,,,
2025-08-13 16:25:00,,,0.186297500000029,50.549356909222475,,,,,,,,
2025-08-13 16:25:00,,,,,0.440916244139251,50.55566056504687,,,,,,
2025-08-13 16:25:00,,,,,,,0.1882859542239536,50.51608447160329,,,,
2025-08-13 16:25:00,,,,,,,,,0.40875876182147386,50.55177260641517,,
2025-08-13 16:25:00,,,,,,,,,,,0.15315290196376835,50.51188887521022
2025-08-13 16:25:00,0.4391000000000247,50.58809436211252,,,,,,,,,,
2025-08-13 16:25:00,,,0.2873975000000314,50.56498451053412,,,,,,,,
2025-08-13 16:25:00,,,,,0.44073883454019086,50.55893528211679,,,,,,
2025-08-13 16:25:00,,,,,,,0.2893121387470819,50.53215236317934,,,,
2025-08-13 16:25:00,,,,,,,,,0.41215308007528734,50.55537908027357,,
2025-08-13 16:25:00,,,,,,,,,,,0.25557537500742555,50.528128824895795
2025-08-13 16:25:00,0.5656000000000176,50.60683942551639,,,,,,,,,,
2025-08-13 16:25:00,,,0.38853750000002946,50.58035949639192,,,,,,,,
2025-08-13 16:25:00,,,,,0.567363480077361,50.57405810886935,,,,,,
2025-08-13 16:25:00,,,,,,,0.390373557395412,50.54797669211011,,,,
2025-08-13 16:25:00,,,,,,,,,0.5362238731220255,50.570445736468294,,
2025-08-13 16:25:00,,,,,,,,,,,0.3580512602200924,50.544127504969865
2025-08-13 16:25:00,0.3097500000000082,50.609052104712454,,,,,,,,,,
2025-08-13 16:25:00,,,0.4005987500000231,50.590292984112594,,,,,,,,
2025-08-13 16:25:00,,,,,0.31198237609590507,50.57014187249293,,,,,,
2025-08-13 16:25:00,,,,,,,0.40241103712142384,50.55821701300549,,,,
2025-08-13 16:25:00,,,,,,,,,0.2721747753859598,50.565670979570754,,
2025-08-13 16:25:00,,,,,,,,,,,0.37044317931490345,50.5543932592695
2025-08-13 16:25:00,0.3097500000000082,50.609052104712454,,,,,,,,,,
2025-08-13 16:25:00,,,0.4126600000000167,50.60022647183327,,,,,,,,
2025-08-13 16:25:00,,,,,0.31198237609590507,50.57014187249293,,,,,,
2025-08-13 16:25:00,,,,,,,0.4145966621897227,50.56578754020378,,,,
2025-08-13 16:25:00,,,,,,,,,0.2721747753859598,50.565670979570754,,
2025-08-13 16:25:00,,,,,,,,,,,0.3802970531581412,50.56178787645971
2025-08-13 16:25:00,0.3097500000000082,50.609052104712454,,,,,,,,,,
2025-08-13 16:25:00,,,0.3867900000000134,50.60441802035325,,,,,,,,
2025-08-13 16:25:00,,,,,0.3116190537803085,50.57683488602372,,,,,,
2025-08-13 16:25:00,,,,,,,0.3887372241179341,50.570022404399154,,,,
2025-08-13 16:25:00,,,,,,,,,0.2783896988969194,50.57283526305082,,
2025-08-13 16:25:00,,,,,,,,,,,0.35422324057323035,50.56600040778684
2025-08-13 16:25:00,0.436300000000017,50.62812007481613,,,,,,,,,,
2025-08-13 16:25:00,,,0.38623000000001184,50.612423162893975,,,,,,,,
2025-08-13 16:25:00,,,,,0.43829393722068144,50.59225533961737,,,,,,
2025-08-13 16:25:00,,,,,,,0.38824824465403224,50.57668641589926,,,,
2025-08-13 16:25:00,,,,,,,,,0.40281984052225184,50.58819464896743,,
2025-08-13 16:25:00,,,,,,,,,,,0.35235659266262326,50.572563521525616
2025-08-13 16:25:00,-0.011918749999978218,50.62999859711038,,,,,,,,,,
2025-08-13 16:25:00,,,0.27072625000001266,50.617054997212776,,,,,,,,
2025-08-13 16:25:00,,,,,-0.009043401439392168,50.58335745941421,,,,,,
2025-08-13 16:25:00,,,,,,,0.27296686835068157,50.57854628600823,,,,
2025-08-13 16:25:00,,,,,,,,,-0.012520361709571846,50.58179132305552,,
2025-08-13 16:25:00,,,,,,,,,,,0.24260774569630378,50.574832638843056
2025-08-13 16:25:00,-0.011918749999978218,50.62999859711038,,,,,,,,,,
2025-08-13 16:25:00,,,0.20639250000001538,50.621244295692364,,,,,,,,
2025-08-13 16:25:00,,,,,-0.009043401439392168,50.58335745941421,,,,,,
2025-08-13 16:25:00,,,,,,,0.20876171284362216,50.581189403392486,,,,
2025-08-13 16:25:00,,,,,,,,,-0.012520361709571846,50.58179132305552,,
2025-08-13 16:25:00,,,,,,,,,,,0.1856687182771975,50.57805670754001
2025-08-13 16:25:00,-0.011918749999978218,50.62999859711038,,,,,,,,,,
2025-08-13 16:25:00,,,0.1420587500000181,50.62543359417195,,,,,,,,
2025-08-13 16:25:00,,,,,-0.009826839731713735,50.596698665453076,,,,,,
2025-08-13 16:25:00,,,,,,,0.14439986967809837,50.58650076198452,,,,
2025-08-13 16:25:00,,,,,,,,,-0.012220865287758426,50.59477020453183,,
2025-08-13 16:25:00,,,,,,,,,,,0.12878959014245384,50.58387655253222
2025-08-13 16:25:00,-0.011918749999978218,50.62999859711038,,,,,,,,,,
2025-08-13 16:25:00,,,0.07772500000002083,50.62962289265153,,,,,,,,
2025-08-13 16:25:00,,,,,-0.01002527434577969,50.6000771371907,,,,,,
2025-08-13 16:25:00,,,,,,,0.08007100405288073,50.591149212217914,,,,
2025-08-13 16:25:00,,,,,,,,,-0.01192246006009784,50.59847845638219,,
2025-08-13 16:25:00,,,,,,,,,,,0.07072715835105038,50.589005191198495
2025-08-13 16:25:00,0.051375000000007276,50.63997393965932,,,,,,,,,,
2025-08-13 16:25:00,,,0.0007400000000188812,50.631993665620165,,,,,,,,
2025-08-13 16:25:00,,,,,0.05334488491424909,50.60822565816566,,,,,,
2025-08-13 16:25:00,,,,,,,0.003081193591594265,50.59434327592757,,,,
2025-08-13 16:25:00,,,,,,,,,0.018954268610909195,50.603995664403705,,
2025-08-13 16:25:00,,,,,,,,,,,-0.006045956031218153,50.59216539428575
2025-08-13 16:25:00,0.051375000000007276,50.63997393965932,,,,,,,,,,
2025-08-13 16:25:00,,,0.01339875000001598,50.63398873412995,,,,,,,,
2025-08-13 16:25:00,,,,,0.052951028012651224,50.6148470913803,,,,,,
2025-08-13 16:25:00,,,,,,,0.015480079482002945,50.60064120232079,,,,
2025-08-13 16:25:00,,,,,,,,,0.025210210986068023,50.611164860780605,,
2025-08-13 16:25:00,,,,,,,,,,,0.001500158507909821,50.59804010183077
2025-08-13 16:25:00,0.051375000000007276,50.63997393965932,,,,,,,,,,
2025-08-13 16:25:00,,,0.026057500000013077,50.63598380263974,,,,,,,,
2025-08-13 16:25:00,,,,,0.05314853588250196,50.611596737530405,,,,,,
2025-08-13 16:25:00,,,,,,,0.02791846694638177,50.606289057944025,,,,
2025-08-13 16:25:00,,,,,,,,,0.021851266523487158,50.607586986735896,,
2025-08-13 16:25:00,,,,,,,,,,,0.008374484154521623,50.603199234566844
2025-08-13 16:25:00,0.051375000000007276,50.63997393965932,,,,,,,,,,
2025-08-13 16:25:00,,,0.03871625000001018,50.63797887114953,,,,,,,,
2025-08-13 16:25:00,,,,,0.05314853588250196,50.611596737530405,,,,,,
2025-08-13 16:25:00,,,,,,,0.0405135420692249,50.6092686723595,,,,
2025-08-13 16:25:00,,,,,,,,,0.021851266523487158,50.607586986735896,,
2025-08-13 16:25:00,,,,,,,,,,,0.015188910516770737,50.60576259100766
2025-08-13 16:25:00,0.11468124999998963,50.64987016973388,,,,,,,,,,
2025-08-13 16:25:00,,,0.06403625000000375,50.64195318567423,,,,,,,,
2025-08-13 16:25:00,,,,,0.11653130400576718,50.6196727940337,,,,,,
2025-08-13 16:25:00,,,,,,,0.06582485773953428,50.6131878037281,,,,
2025-08-13 16:25:00,,,,,,,,,0.08411780678708877,50.615618647687185,,
2025-08-13 16:25:00,,,,,,,,,,,0.03439696388620806,50.60919062926865
2025-08-13 16:25:00,0.11468124999998963,50.64987016973388,,,,,,,,,,
2025-08-13 16:25:00,,,0.07669750000000022,50.643932431689144,,,,,,,,
2025-08-13 16:25:00,,,,,0.11653130400576718,50.6196727940337,,,,,,
2025-08-13 16:25:00,,,,,,,0.0784621415578379,50.6154772309017,,,,
2025-08-13 16:25:00,,,,,,,,,0.08411780678708877,50.615618647687185,,
2025-08-13 16:25:00,,,,,,,,,,,0.04742967152144398,50.61151522592536
2025-08-13 16:25:00,0.11468124999998963,50.64987016973388,,,,,,,,,,
2025-08-13 16:25:00,,,0.08935874999999668,50.645911677704056,,,,,,,,
2025-08-13 16:25:00,,,,,0.11653130400576718,50.6196727940337,,,,,,
2025-08-13 16:25:00,,,,,,,0.09117819675646108,50.616442371432385,,,,
2025-08-13 16:25:00,,,,,,,,,0.08411780678708877,50.615618647687185,,
2025-08-13 16:25:00,,,,,,,,,,,0.05921119068164813,50.61240598330668
2025-08-13 16:25:00,0.11468124999998963,50.64987016973388,,,,,,,,,,
2025-08-13 16:25:00,,,0.10201999999999316,50.64789092371897,,,,,,,,
2025-08-13 16:25:00,,,,,0.11653130400576718,50.6196727940337,,,,,,
2025-08-13 16:25:00,,,,,,,0.10385475038111414,50.618057582733044,,,,
2025-08-13 16:25:00,,,,,,,,,0.08411780678708877,50.615618647687185,,
2025-08-13 16:25:00,,,,,,,,,,,0.07166449873436845,50.61401231549693
2025-08-13 16:25:00,0.11468124999998963,50.64987016973388,,,,,,,,,,
2025-08-13 16:25:00,,,0.11468124999998963,50.64987016973388,,,,,,,,
2025-08-13 16:25:00,,,,,0.11653130400576718,50.6196727940337,,,,,,
2025-08-13 16:25:00,,,,,,,0.1165313040057672,50.6196727940337,,,,
2025-08-13 16:25:00,,,,,,,,,0.08411780678708877,50.615618647687185,,
2025-08-13 16:25:00,,,,,,,,,,,0.08411780678708877,50.615618647687185
2025-08-13 16:25:00,0.05059999999994602,50.649974724969006,,,,,,,,,,
2025-08-13 16:25:00,,,0.10186499999998092,50.649891080780904,,,,,,,,
2025-08-13 16:25:00,,,,,0.052570566390963885,50.61821678198705,,,,,,
2025-08-13 16:25:00,,,,,,,0.10373915648280652,50.61938159162437,,,,
2025-08-13 16:25:00,,,,,,,,,0.017961012662131827,50.61395989411166,,
2025-08-13 16:25:00,,,,,,,,,,,0.0708864479620974,50.61528689697208
2025-08-13 16:25:00,0.11391874999995366,50.65987191573226,,,,,,,,,,
2025-08-13 16:25:00,,,0.10171249999997371,50.65189142998058,,,,,,,,
2025-08-13 16:25:00,,,,,0.11596159970301573,50.626284307157434,,,,,,
2025-08-13 16:25:00,,,,,,,0.10362521562225621,50.62070389424912,,,,
2025-08-13 16:25:00,,,,,,,,,0.07981454325842435,50.621938835851694,,
2025-08-13 16:25:00,,,,,,,,,,,0.0700257952563645,50.61655093460497
2025-08-13 16:25:00,0.11391874999995366,50.65987191573226,,,,,,,,,,
2025-08-13 16:25:00,,,0.10155999999996652,50.653891779180256,,,,,,,,
2025-08-13 16:25:00,,,,,0.11596159970301573,50.626284307157434,,,,,,
2025-08-13 16:25:00,,,,,,,0.10351127476170593,50.62202619687387,,,,
2025-08-13 16:25:00,,,,,,,,,0.07981454325842435,50.621938835851694,,
2025-08-13 16:25:00,,,,,,,,,,,0.06916514255063161,50.61781497223789
2025-08-13 16:25:00,0.11391874999995366,50.65987191573226,,,,,,,,,,
2025-08-13 16:25:00,,,0.10140749999995932,50.65589212837993,,,,,,,,
2025-08-13 16:25:00,,,,,0.11596159970301573,50.626284307157434,,,,,,
2025-08-13 16:25:00,,,,,,,0.10339733390115566,50.62334849949862,,,,
2025-08-13 16:25:00,,,,,,,,,0.07981454325842435,50.621938835851694,,
2025-08-13 16:25:00,,,,,,,,,,,0.06830448984489873,50.61907900987079
2025-08-13 16:25:00,0.11391874999995366,50.65987191573226,,,,,,,,,,
2025-08-13 16:25:00,,,0.10125499999995213,50.65789247757961,,,,,,,,
2025-08-13 16:25:00,,,,,0.11596159970301573,50.626284307157434,,,,,,
2025-08-13 16:25:00,,,,,,,0.10328339304060537,50.62467080212336,,,,
2025-08-13 16:25:00,,,,,,,,,0.07981454325842435,50.621938835851694,,
2025-08-13 16:25:00,,,,,,,,,,,0.06744383713916585,50.62034304750368
2025-08-13 16:25:00,0.11391874999995366,50.65987191573226,,,,,,,,,,
2025-08-13 16:25:00,,,0.11391874999995366,50.65987191573226,,,,,,,,
2025-08-13 16:25:00,,,,,0.11596159970301573,50.626284307157434,,,,,,
2025-08-13 16:25:00,,,,,,,0.11596159970301571,50.626284307157434,,,,
2025-08-13 16:25:00,,,,,,,,,0.07981454325842435,50.621938835851694,,
2025-08-13 16:25:00,,,,,,,,,,,0.07981454325842435,50.621938835851694
2025-08-13 16:25:00,0.05059999999994602,50.649974724969006,,,,,,,,,,
2025-08-13 16:25:00,,,0.10125499999995213,50.65789247757961,,,,,,,,
2025-08-13 16:25:00,,,,,0.052570566390963885,50.61821678198705,,,,,,
2025-08-13 16:25:00,,,,,,,0.10328339304060537,50.62467080212336,,,,
2025-08-13 16:25:00,,,,,,,,,0.017961012662131827,50.61395989411166,,
2025-08-13 16:25:00,,,,,,,,,,,0.06744383713916585,50.62034304750368
2025-08-13 16:25:00,0.05059999999994602,50.649974724969006,,,,,,,,,,
2025-08-13 16:25:00,,,0.0885912499999506,50.65591303942696,,,,,,,,
2025-08-13 16:25:00,,,,,0.05276469918791117,50.614829876275124,,,,,,
2025-08-13 16:25:00,,,,,,,0.09064401293758444,50.622379915946894,,,,
2025-08-13 16:25:00,,,,,,,,,0.014660525951609707,50.61032044460109,,
2025-08-13 16:25:00,,,,,,,,,,,0.054413033677802924,50.61801936925357
2025-08-13 16:25:00,0.05059999999994602,50.649974724969006,,,,,,,,,,
2025-08-13 16:25:00,,,0.07592749999994908,50.65393360127431,,,,,,,,
2025-08-13 16:25:00,,,,,0.05276469918791117,50.614829876275124,,,,,,
2025-08-13 16:25:00,,,,,,,0.07800463283456353,50.620089029770426,,,,
2025-08-13 16:25:00,,,,,,,,,0.014660525951609707,50.61032044460109,,
2025-08-13 16:25:00,,,,,,,,,,,0.04138223021643999,50.61569569100344
2025-08-13 16:25:00,0.05059999999994602,50.649974724969006,,,,,,,,,,
2025-08-13 16:25:00,,,0.06326374999994755,50.65195416312166,,,,,,,,
2025-08-13 16:25:00,,,,,0.05276469918791117,50.614829876275124,,,,,,
2025-08-13 16:25:00,,,,,,,0.06536525273154262,50.61779814359396,,,,
2025-08-13 16:25:00,,,,,,,,,0.014660525951609707,50.61032044460109,,
2025-08-13 16:25:00,,,,,,,,,,,0.02835142675507706,50.613372012753324
2025-08-13 16:25:00,0.11468124999998963,50.64987016973388,,,,,,,,,,
2025-08-13 16:25:00,,,0.06341624999995474,50.64995381392198,,,,,,,,
2025-08-13 16:25:00,,,,,0.1167234237896813,50.616292252258305,,,,,,
2025-08-13 16:25:00,,,,,,,0.06551761754887574,50.61579973261414,,,,
2025-08-13 16:25:00,,,,,,,,,0.0803487712870628,50.61194457895709,,
2025-08-13 16:25:00,,,,,,,,,,,0.028458272360804747,50.6113731613744
2025-08-13 16:25:00,0.17874999999997954,50.649684583790844,,,,,,,,,,
2025-08-13 16:25:00,,,0.08904624999996144,50.64989578568635,,,,,,,,
2025-08-13 16:25:00,,,,,0.18067183384620966,50.617673296323154,,,,,,
2025-08-13 16:25:00,,,,,,,0.0911378710399249,50.61569103548136,,,,
2025-08-13 16:25:00,,,,,,,,,0.14710818784733187,50.61355154656917,,
2025-08-13 16:25:00,,,,,,,,,,,0.05428770739784476,50.61129149186591
2025-08-13 16:25:00,0.17874999999997954,50.649684583790844,,,,,,,,,,
2025-08-13 16:25:00,,,0.11467624999996814,50.64983775745072,,,,,,,,
2025-08-13 16:25:00,,,,,0.18104783269789032,50.61098274455778,,,,,,
2025-08-13 16:25:00,,,,,,,0.11679449774192072,50.6149216091379,,,,
2025-08-13 16:25:00,,,,,,,,,0.14042211099307872,50.6063331355915,,
2025-08-13 16:25:00,,,,,,,,,,,0.07944002440613857,50.61049403006399
2025-08-13 16:25:00,0.24280624999997258,50.649418013684624,,,,,,,,,,
2025-08-13 16:25:00,,,0.15311749999997346,50.64972641519384,,,,,,,,
2025-08-13 16:25:00,,,,,0.24497928170357003,50.61219433566324,,,,,,
2025-08-13 16:25:00,,,,,,,0.1552374142450525,50.614394501015525,,,,
2025-08-13 16:25:00,,,,,,,,,0.20685577172292247,50.60786420482009,,
2025-08-13 16:25:00,,,,,,,,,,,0.11787907356040113,50.61000278210779
2025-08-13 16:25:00,0.24280624999997258,50.649418013684624,,,,,,,,,,
2025-08-13 16:25:00,,,0.19155874999997877,50.64961507293696,,,,,,,,
2025-08-13 16:25:00,,,,,0.24497928170357003,50.61219433566324,,,,,,
2025-08-13 16:25:00,,,,,,,0.1936803307481843,50.61386739289315,,,,
2025-08-13 16:25:00,,,,,,,,,0.20685577172292247,50.60786420482009,,
2025-08-13 16:25:00,,,,,,,,,,,0.15631812271466367,50.60951153415159
2025-08-13 16:25:00,0.3068499999999972,50.649070505563074,,,,,,,,,,
2025-08-13 16:25:00,,,0.22999249999998028,50.6494551401028,,,,,,,,
2025-08-13 16:25:00,,,,,0.30890314377244094,50.61342402355031,,,,,,
2025-08-13 16:25:00,,,,,,,0.2321162747447362,50.613293747151545,,,,
2025-08-13 16:25:00,,,,,,,,,0.2725617031704817,50.60920453205669,,
2025-08-13 16:25:00,,,,,,,,,,,0.19476070909134743,50.60896352477151
2025-08-13 16:25:00,0.24354375000001482,50.63941435721622,,,,,,,,,,
2025-08-13 16:25:00,,,0.24295124999998735,50.647401094787874,,,,,,,,
2025-08-13 16:25:00,,,,,0.24553262747726512,50.605596203306064,,,,,,
2025-08-13 16:25:00,,,,,,,0.24508843347094728,50.61087832854812,,,,
2025-08-13 16:25:00,,,,,,,,,0.21085175355552604,50.601497877450946,,
2025-08-13 16:25:00,,,,,,,,,,,0.2075094222329863,50.606552790947866
2025-08-13 16:25:00,0.24354375000001482,50.63941435721622,,,,,,,,,,
2025-08-13 16:25:00,,,0.2559099999999944,50.64534704947296,,,,,,,,
2025-08-13 16:25:00,,,,,0.24553262747726512,50.605596203306064,,,,,,
2025-08-13 16:25:00,,,,,,,0.2579853924268222,50.60980102029778,,,,
2025-08-13 16:25:00,,,,,,,,,0.21085175355552604,50.601497877450946,,
2025-08-13 16:25:00,,,,,,,,,,,0.22159535074547576,50.60558573931975
2025-08-13 16:25:00,0.24354375000001482,50.63941435721622,,,,,,,,,,
2025-08-13 16:25:00,,,0.2560575000000028,50.64334631817927,,,,,,,,
2025-08-13 16:25:00,,,,,0.24553262747726512,50.605596203306064,,,,,,
2025-08-13 16:25:00,,,,,,,0.2580960615815613,50.608481393826345,,,,
2025-08-13 16:25:00,,,,,,,,,0.21085175355552604,50.601497877450946,,
2025-08-13 16:25:00,,,,,,,,,,,0.2223945471119965,50.60431247384592
2025-08-13 16:25:00,0.18025000000002933,50.6296791411668,,,,,,,,,,
2025-08-13 16:25:00,,,0.2435462500000142,50.63939854367571,,,,,,,,
2025-08-13 16:25:00,,,,,0.18217051210348778,50.5976872064341,,,,,,
2025-08-13 16:25:00,,,,,,,0.24553430766154483,50.60557996798052,,,,
2025-08-13 16:25:00,,,,,,,,,0.14855485264400276,50.59358357235436,,
2025-08-13 16:25:00,,,,,,,,,,,0.2107343632962125,50.60145634735278
2025-08-13 16:25:00,0.18025000000002933,50.6296791411668,,,,,,,,,,
2025-08-13 16:25:00,,,0.21822625000002063,50.63552027079645,,,,,,,,
2025-08-13 16:25:00,,,,,0.18235832157212872,50.594298580457775,,,,,,
2025-08-13 16:25:00,,,,,,,0.22022534322148238,50.60175487936202,,,,
2025-08-13 16:25:00,,,,,,,,,0.14499628822073007,50.58993578052073,,
2025-08-13 16:25:00,,,,,,,,,,,0.1852212803062622,50.59760259704559
2025-08-13 16:25:00,0.18025000000002933,50.6296791411668,,,,,,,,,,
2025-08-13 16:25:00,,,0.20556750000002352,50.63357322758657,,,,,,,,
2025-08-13 16:25:00,,,,,0.18235832157212872,50.594298580457775,,,,,,
2025-08-13 16:25:00,,,,,,,0.2075904820404551,50.59949535479235,,,,
2025-08-13 16:25:00,,,,,,,,,0.14499628822073007,50.58993578052073,,
2025-08-13 16:25:00,,,,,,,,,,,0.172050187239303,50.59529017765955
2025-08-13 16:25:00,0.18025000000002933,50.6296791411668,,,,,,,,,,
2025-08-13 16:25:00,,,0.19290875000002644,50.631626184376685,,,,,,,,
2025-08-13 16:25:00,,,,,0.18235832157212872,50.594298580457775,,,,,,
2025-08-13 16:25:00,,,,,,,0.1949556208594278,50.5972358302227,,,,
2025-08-13 16:25:00,,,,,,,,,0.14499628822073007,50.58993578052073,,
2025-08-13 16:25:00,,,,,,,,,,,0.1588790941723438,50.592977758273506
2025-08-13 16:25:00,0.24428125000002865,50.62941068856025,,,,,,,,,,
2025-08-13 16:25:00,,,0.19305625000002918,50.62962545064549,,,,,,,,
2025-08-13 16:25:00,,,,,0.2462694721021714,50.59560224627679,,,,,,
2025-08-13 16:25:00,,,,,,,0.19510298978440907,50.59523703881685,,,,
2025-08-13 16:25:00,,,,,,,,,0.2111928975133154,50.59141794112329,,
2025-08-13 16:25:00,,,,,,,,,,,0.15894732296390168,50.59096177100797
2025-08-13 16:25:00,0.1810000000000116,50.61967640157333,,,,,,,,,,
2025-08-13 16:25:00,,,0.19320625000002564,50.627624902726794,,,,,,,,
2025-08-13 16:25:00,,,,,0.18291985093226987,50.587694148992114,,,,,,
2025-08-13 16:25:00,,,,,,,0.19525285755016547,50.593238427328444,,,,
2025-08-13 16:25:00,,,,,,,,,0.14936931947491594,50.583602829488534,,
2025-08-13 16:25:00,,,,,,,,,,,0.15911021633008432,50.588965622434806
2025-08-13 16:25:00,0.1810000000000116,50.61967640157333,,,,,,,,,,
2025-08-13 16:25:00,,,0.1933562500000221,50.625624354808096,,,,,,,,
2025-08-13 16:25:00,,,,,0.18310765066672258,50.58430557509293,,,,,,
2025-08-13 16:25:00,,,,,,,0.19540272336908426,50.59123982625548,,,,
2025-08-13 16:25:00,,,,,,,,,0.14610117698485048,50.57997748312401,,
2025-08-13 16:25:00,,,,,,,,,,,0.15933119408290838,50.58697396295546
2025-08-13 16:25:00,0.1810000000000116,50.61967640157333,,,,,,,,,,
2025-08-13 16:25:00,,,0.19350625000001856,50.623623806889405,,,,,,,,
2025-08-13 16:25:00,,,,,0.18310765066672258,50.58430557509293,,,,,,
2025-08-13 16:25:00,,,,,,,0.19555258918800306,50.589241225182505,,,,
2025-08-13 16:25:00,,,,,,,,,0.14610117698485048,50.57997748312401,,
2025-08-13 16:25:00,,,,,,,,,,,0.15955217183573248,50.584982303476124
2025-08-13 16:25:00,0.1810000000000116,50.61967640157333,,,,,,,,,,
2025-08-13 16:25:00,,,0.19365625000001502,50.6216232589707,,,,,,,,
2025-08-13 16:25:00,,,,,0.18310765066672258,50.58430557509293,,,,,,
2025-08-13 16:25:00,,,,,,,0.19570245500692182,50.587242624109535,,,,
2025-08-13 16:25:00,,,,,,,,,0.14610117698485048,50.57997748312401,,
2025-08-13 16:25:00,,,,,,,,,,,0.15977314958855654,50.58299064399678
2025-08-13 16:25:00,0.1810000000000116,50.61967640157333,,,,,,,,,,
2025-08-13 16:25:00,,,0.1810000000000116,50.61967640157333,,,,,,,,
2025-08-13 16:25:00,,,,,0.18310765066672258,50.58430557509293,,,,,,
2025-08-13 16:25:00,,,,,,,0.18307009071983207,50.58498328987277,,,,
2025-08-13 16:25:00,,,,,,,,,0.14610117698485048,50.57997748312401,,
2025-08-13 16:25:00,,,,,,,,,,,0.14675480548286357,50.580702552396914
2025-08-13 16:25:00,0.1810000000000116,50.61967640157333,,,,,,,,,,
2025-08-13 16:25:00,,,0.1810000000000116,50.61967640157333,,,,,,,,
2025-08-13 16:25:00,,,,,0.18310765066672258,50.58430557509293,,,,,,
2025-08-13 16:25:00,,,,,,,0.18310765066672258,50.58430557509293,,,,
2025-08-13 16:25:00,,,,,,,,,0.14610117698485048,50.57997748312401,,
2025-08-13 16:25:00,,,,,,,,,,,0.14610117698485048,50.57997748312401
2025-08-13 16:25:00,0.1810000000000116,50.61967640157333,,,,,,,,,,
2025-08-13 16:25:00,,,0.1810000000000116,50.61967640157333,,,,,,,,
2025-08-13 16:25:00,,,,,0.18310765066672258,50.58430557509293,,,,,,
2025-08-13 16:25:00,,,,,,,0.18310765066672258,50.58430557509293,,,,
2025-08-13 16:25:00,,,,,,,,,0.14610117698485048,50.57997748312401,,
2025-08-13 16:25:00,,,,,,,,,,,0.14610117698485048,50.57997748312401
2025-08-13 16:25:00,0.24501874999998563,50.61940700770948,,,,,,,,,,
2025-08-13 16:25:00,,,0.1938037500000064,50.619622522800555,,,,,,,,
2025-08-13 16:25:00,,,,,0.24700631649586913,50.58560828094012,,,,,,
2025-08-13 16:25:00,,,,,,,0.1958873838325519,50.584566116262366,,,,
2025-08-13 16:25:00,,,,,,,,,0.21199069271695056,50.58143576142762,,
2025-08-13 16:25:00,,,,,,,,,,,0.1592790801312705,50.580269138784736
2025-08-13 16:25:00,0.24501874999998563,50.61940700770948,,,,,,,,,,
2025-08-13 16:25:00,,,0.20660750000000122,50.61956864402779,,,,,,,,
2025-08-13 16:25:00,,,,,0.24700631649586913,50.58560828094012,,,,,,
2025-08-13 16:25:00,,,,,,,0.2086671169983812,50.584826657431805,,,,
2025-08-13 16:25:00,,,,,,,,,0.21199069271695056,50.58143576142762,,
2025-08-13 16:25:00,,,,,,,,,,,0.17245698327769052,50.580560794445454
2025-08-13 16:25:00,0.24501874999998563,50.61940700770948,,,,,,,,,,
2025-08-13 16:25:00,,,0.219411249999996,50.61951476525502,,,,,,,,
2025-08-13 16:25:00,,,,,0.24700631649586913,50.58560828094012,,,,,,
2025-08-13 16:25:00,,,,,,,0.22144685016421048,50.585087198601244,,,,
2025-08-13 16:25:00,,,,,,,,,0.21199069271695056,50.58143576142762,,
2025-08-13 16:25:00,,,,,,,,,,,0.18563488642411055,50.58085245010618
2025-08-13 16:25:00,0.18174999999999386,50.60967364978261,,,,,,,,,,
2025-08-13 16:25:00,,,0.21956124999999246,50.61751421489688,,,,,,,,
2025-08-13 16:25:00,,,,,0.18366918948196956,50.577701083176656,,,,,,
2025-08-13 16:25:00,,,,,,,0.22155915792725991,50.58376630021799,,,,
2025-08-13 16:25:00,,,,,,,,,0.14966186143638438,50.573584214120274,,
2025-08-13 16:25:00,,,,,,,,,,,0.18634702331441733,50.57957379630543
2025-08-13 16:25:00,0.18174999999999386,50.60967364978261,,,,,,,,,,
2025-08-13 16:25:00,,,0.21971124999998892,50.61551366453874,,,,,,,,
2025-08-13 16:25:00,,,,,0.18366918948196956,50.577701083176656,,,,,,
2025-08-13 16:25:00,,,,,,,0.2216714656903093,50.58244540183474,,,,
2025-08-13 16:25:00,,,,,,,,,0.14966186143638438,50.573584214120274,,
2025-08-13 16:25:00,,,,,,,,,,,0.18705916020472407,50.57829514250468
2025-08-13 16:25:00,0.18174999999999386,50.60967364978261,,,,,,,,,,
2025-08-13 16:25:00,,,0.20705749999999057,50.61356699295336,,,,,,,,
2025-08-13 16:25:00,,,,,0.18404511373371873,50.571010823440226,,,,,,
2025-08-13 16:25:00,,,,,,,0.2090792251378792,50.57952591033476,,,,
2025-08-13 16:25:00,,,,,,,,,0.14313058935833495,50.566353972713,,
2025-08-13 16:25:00,,,,,,,,,,,0.17328713953300096,50.57527878476176
2025-08-13 16:25:00,0.18174999999999386,50.60967364978261,,,,,,,,,,
2025-08-13 16:25:00,,,0.19440374999999221,50.611620321367994,,,,,,,,
2025-08-13 16:25:00,,,,,0.18404511373371873,50.571010823440226,,,,,,
2025-08-13 16:25:00,,,,,,,0.1964869845854491,50.57660641883477,,,,
2025-08-13 16:25:00,,,,,,,,,0.14313058935833495,50.566353972713,,
2025-08-13 16:25:00,,,,,,,,,,,0.15951511886127787,50.572262427018835
2025-08-13 16:25:00,0.18174999999999386,50.60967364978261,,,,,,,,,,
2025-08-13 16:25:00,,,0.18174999999999386,50.60967364978261,,,,,,,,
2025-08-13 16:25:00,,,,,0.18404511373371873,50.571010823440226,,,,,,
2025-08-13 16:25:00,,,,,,,0.18389474403301906,50.5736869273348,,,,
2025-08-13 16:25:00,,,,,,,,,0.14313058935833495,50.566353972713,,
2025-08-13 16:25:00,,,,,,,,,,,0.14574309818955472,50.569246069275906
2025-08-13 16:25:00,0.18174999999999386,50.60967364978261,,,,,,,,,,
2025-08-13 16:25:00,,,0.18174999999999386,50.60967364978261,,,,,,,,
2025-08-13 16:25:00,,,,,0.18404511373371873,50.571010823440226,,,,,,
2025-08-13 16:25:00,,,,,,,0.18396992888336888,50.572348875387505,,,,
2025-08-13 16:25:00,,,,,,,,,0.14313058935833495,50.566353972713,,
2025-08-13 16:25:00,,,,,,,,,,,0.14443684377394486,50.567800020994454
2025-08-13 16:25:00,0.18174999999999386,50.60967364978261,,,,,,,,,,
2025-08-13 16:25:00,,,0.18174999999999386,50.60967364978261,,,,,,,,
2025-08-13 16:25:00,,,,,0.18404511373371873,50.571010823440226,,,,,,
2025-08-13 16:25:00,,,,,,,0.18404511373371873,50.571010823440226,,,,
2025-08-13 16:25:00,,,,,,,,,0.14313058935833495,50.566353972713,,
2025-08-13 16:25:00,,,,,,,,,,,0.14313058935833495,50.566353972713
2025-08-13 16:25:00,0.24575624999997103,50.60940331465672,,,,,,,,,,
2025-08-13 16:25:00,,,0.1945512499999893,50.60961958275743,,,,,,,,
2025-08-13 16:25:00,,,,,0.24792662134284338,50.572218685412054,,,,,,
2025-08-13 16:25:00,,,,,,,0.19682141525554367,50.57125239583459,,,,
2025-08-13 16:25:00,,,,,,,,,0.2093317404860437,50.56784674681904,,
2025-08-13 16:25:00,,,,,,,,,,,0.15637081958387672,50.56665252753421
2025-08-13 16:25:00,0.24575624999997103,50.60940331465672,,,,,,,,,,
2025-08-13 16:25:00,,,0.20735249999998473,50.60956551573226,,,,,,,,
2025-08-13 16:25:00,,,,,0.24792662134284338,50.572218685412054,,,,,,
2025-08-13 16:25:00,,,,,,,0.2095977167773686,50.57149396822896,,,,
2025-08-13 16:25:00,,,,,,,,,0.2093317404860437,50.56784674681904,,
2025-08-13 16:25:00,,,,,,,,,,,0.16961104980941846,50.56695108235542
2025-08-13 16:25:00,0.3090249999999628,50.61905672322801,,,,,,,,,,
2025-08-13 16:25:00,,,0.23280749999997852,50.61144213042134,,,,,,,,
2025-08-13 16:25:00,,,,,0.3112580347438311,50.580136719113185,,,,,,
2025-08-13 16:25:00,,,,,,,0.23504030097939105,50.57331914736354,,,,
2025-08-13 16:25:00,,,,,,,,,0.27153772385353886,50.575667022316026,,
2025-08-13 16:25:00,,,,,,,,,,,0.19529247670845923,50.568813692276024
2025-08-13 16:25:00,0.3090249999999628,50.61905672322801,,,,,,,,,,
2025-08-13 16:25:00,,,0.2582624999999723,50.61331874511042,,,,,,,,
2025-08-13 16:25:00,,,,,0.31143562267203095,50.57672257363888,,,,,,
2025-08-13 16:25:00,,,,,,,0.2605184027670535,50.57446149740328,,,,
2025-08-13 16:25:00,,,,,,,,,0.2688322677243098,50.5721441902531,,
2025-08-13 16:25:00,,,,,,,,,,,0.2204328123816542,50.569971735784044
2025-08-13 16:25:00,0.37301874999999995,50.6186255938676,,,,,,,,,,
2025-08-13 16:25:00,,,0.2965162499999735,50.61510913392741,,,,,,,,
2025-08-13 16:25:00,,,,,0.37530744617975376,50.57787860924173,,,,,,
2025-08-13 16:25:00,,,,,,,0.2987708692562605,50.575835054563576,,,,
2025-08-13 16:25:00,,,,,,,,,0.3347043755818694,50.57345292266071,,
2025-08-13 16:25:00,,,,,,,,,,,0.2587475696263611,50.571391525773585
2025-08-13 16:25:00,0.37301874999999995,50.6186255938676,,,,,,,,,,
2025-08-13 16:25:00,,,0.3219687499999793,50.61695358976958,,,,,,,,
2025-08-13 16:25:00,,,,,0.37530744617975376,50.57787860924173,,,,,,
2025-08-13 16:25:00,,,,,,,0.3242470342236426,50.57696703932952,,,,
2025-08-13 16:25:00,,,,,,,,,0.3347043755818694,50.57345292266071,,
2025-08-13 16:25:00,,,,,,,,,,,0.2838220966455262,50.57251276094191
2025-08-13 16:25:00,0.4369999999999834,50.61811366497175,,,,,,,,,,
2025-08-13 16:25:00,,,0.36021749999998176,50.618695659832596,,,,,,,,
2025-08-13 16:25:00,,,,,0.4391688481300237,50.578954980142505,,,,,,
2025-08-13 16:25:00,,,,,,,0.3624954795810787,50.57831429827561,,,,
2025-08-13 16:25:00,,,,,,,,,0.40095237663357897,50.57465135339045,,
2025-08-13 16:25:00,,,,,,,,,,,0.3221462238750333,50.57387368225619
2025-08-13 16:25:00,0.37373124999999163,50.6086200656842,,,,,,,,,,
2025-08-13 16:25:00,,,0.37315874999998755,50.616608328323835,,,,,,,,
2025-08-13 16:25:00,,,,,0.3758413421347113,50.57119257699551,,,,,,
2025-08-13 16:25:00,,,,,,,0.3754121410592547,50.57652546985207,,,,
2025-08-13 16:25:00,,,,,,,,,0.33859106501182423,50.56698892497649,,
2025-08-13 16:25:00,,,,,,,,,,,0.3355568921066904,50.57213806278829
2025-08-13 16:25:00,0.37373124999999163,50.6086200656842,,,,,,,,,,
2025-08-13 16:25:00,,,0.38609999999999334,50.61452099681507,,,,,,,,
2025-08-13 16:25:00,,,,,0.3760192935502673,50.567882881109355,,,,,,
2025-08-13 16:25:00,,,,,,,0.388328875234902,50.574757531346165,,,,
2025-08-13 16:25:00,,,,,,,,,0.33534369161517685,50.563456323531184,,
2025-08-13 16:25:00,,,,,,,,,,,0.3488591768848638,50.57040048944391
2025-08-13 16:25:00,0.4376999999999782,50.60810724291119,,,,,,,,,,
2025-08-13 16:25:00,,,0.399036249999989,50.612417326623785,,,,,,,,
2025-08-13 16:25:00,,,,,0.4398682110048486,50.56895834252452,,,,,,
2025-08-13 16:25:00,,,,,,,0.4012410281999209,50.57297347800272,,,,
2025-08-13 16:25:00,,,,,,,,,0.4015946344451179,50.564653523160345,,
2025-08-13 16:25:00,,,,,,,,,,,0.36223722865751345,50.56864060954384
2025-08-13 16:25:00,0.4376999999999782,50.60810724291119,,,,,,,,,,
2025-08-13 16:25:00,,,0.41197249999998464,50.6103136564325,,,,,,,,
2025-08-13 16:25:00,,,,,0.4400396114908229,50.56554279627097,,,,,,
2025-08-13 16:25:00,,,,,,,0.4141874612621348,50.570506315408565,,,,
2025-08-13 16:25:00,,,,,,,,,0.39823295775413203,50.56109276809023,,
2025-08-13 16:25:00,,,,,,,,,,,0.374942945091966,50.566168578629735
2025-08-13 16:25:00,0.4376999999999782,50.60810724291119,,,,,,,,,,
2025-08-13 16:25:00,,,0.41211249999998356,50.60831237202039,,,,,,,,
2025-08-13 16:25:00,,,,,0.4400396114908229,50.56554279627097,,,,,,
2025-08-13 16:25:00,,,,,,,0.4143616139342946,50.56782387863426,,,,
2025-08-13 16:25:00,,,,,,,,,0.39823295775413203,50.56109276809023,,
2025-08-13 16:25:00,,,,,,,,,,,0.3743990613160767,50.56345686156969
2025-08-13 16:25:00,0.4376999999999782,50.60810724291119,,,,,,,,,,
2025-08-13 16:25:00,,,0.4249062499999809,50.60820980746579,,,,,,,,
2025-08-13 16:25:00,,,,,0.4398682110048486,50.56895834252452,,,,,,
2025-08-13 16:25:00,,,,,,,0.42716698770832207,50.567377031740065,,,,
2025-08-13 16:25:00,,,,,,,,,0.4015946344451179,50.564653523160345,,
2025-08-13 16:25:00,,,,,,,,,,,0.3869997752027354,50.56298978120647
2025-08-13 16:25:00,0.4376999999999782,50.60810724291119,,,,,,,,,,
2025-08-13 16:25:00,,,0.4376999999999782,50.60810724291119,,,,,,,,
2025-08-13 16:25:00,,,,,0.4398682110048486,50.56895834252452,,,,,,
2025-08-13 16:25:00,,,,,,,0.4399367711992383,50.5675921240231,,,,
2025-08-13 16:25:00,,,,,,,,,0.4015946344451179,50.564653523160345,,
2025-08-13 16:25:00,,,,,,,,,,,0.40024996376872357,50.5632292211323
2025-08-13 16:25:00,0.4376999999999782,50.60810724291119,,,,,,,,,,
2025-08-13 16:25:00,,,0.4376999999999782,50.60810724291119,,,,,,,,
2025-08-13 16:25:00,,,,,0.4396926798205383,50.57226203059963,,,,,,
2025-08-13 16:25:00,,,,,,,0.43990166496237626,50.56825286163812,,,,
2025-08-13 16:25:00,,,,,,,,,0.4041124093435116,50.56819759921744,,
2025-08-13 16:25:00,,,,,,,,,,,0.40075351874840226,50.56393803634372
2025-08-13 16:25:00,0.4376999999999782,50.60810724291119,,,,,,,,,,
2025-08-13 16:25:00,,,0.4376999999999782,50.60810724291119,,,,,,,,
2025-08-13 16:25:00,,,,,0.4396926798205383,50.57226203059963,,,,,,
2025-08-13 16:25:00,,,,,,,0.43983227862831936,50.56959670850385,,,,
2025-08-13 16:25:00,,,,,,,,,0.4041124093435116,50.56819759921744,,
2025-08-13 16:25:00,,,,,,,,,,,0.40192940906627816,50.56535900256917
2025-08-13 16:25:00,0.4376999999999782,50.60810724291119,,,,,,,,,,
2025-08-13 16:25:00,,,0.4376999999999782,50.60810724291119,,,,,,,,
2025-08-13 16:25:00,,,,,0.4396926798205383,50.57226203059963,,,,,,
2025-08-13 16:25:00,,,,,,,0.43976289229426235,50.57094055536959,,,,
2025-08-13 16:25:00,,,,,,,,,0.4041124093435116,50.56819759921744,,
2025-08-13 16:25:00,,,,,,,,,,,0.4031052993841541,50.566779968794606
2025-08-13 16:25:00,0.4376999999999782,50.60810724291119,,,,,,,,,,
2025-08-13 16:25:00,,,0.4376999999999782,50.60810724291119,,,,,,,,
2025-08-13 16:25:00,,,,,0.4396926798205383,50.57226203059963,,,,,,
2025-08-13 16:25:00,,,,,,,0.43972778605740037,50.57160129298461,,,,
2025-08-13 16:25:00,,,,,,,,,0.4041124093435116,50.56819759921744,,
2025-08-13 16:25:00,,,,,,,,,,,0.40360885436383287,50.567488784006024
2025-08-13 16:25:00,0.4376999999999782,50.60810724291119,,,,,,,,,,
2025-08-13 16:25:00,,,0.4376999999999782,50.60810724291119,,,,,,,,
2025-08-13 16:25:00,,,,,0.4396926798205383,50.57226203059963,,,,,,
2025-08-13 16:25:00,,,,,,,0.43969267982053833,50.57226203059963,,,,
2025-08-13 16:25:00,,,,,,,,,0.4041124093435116,50.56819759921744,,
2025-08-13 16:25:00,,,,,,,,,,,0.40411240934351167,50.56819759921744
2025-08-13 16:25:00,0.4376999999999782,50.60810724291119,,,,,,,,,,
2025-08-13 16:25:00,,,0.4376999999999782,50.60810724291119,,,,,,,,
2025-08-13 16:25:00,,,,,0.4396926798205383,50.57226203059963,,,,,,
2025-08-13 16:25:00,,,,,,,0.43969267982053833,50.57226203059963,,,,
2025-08-13 16:25:00,,,,,,,,,0.4041124093435116,50.56819759921744,,
2025-08-13 16:25:00,,,,,,,,,,,0.40411240934351167,50.56819759921744
2025-08-13 16:25:00,0.4376999999999782,50.60810724291119,,,,,,,,,,
2025-08-13 16:25:00,,,0.4376999999999782,50.60810724291119,,,,,,,,
2025-08-13 16:25:00,,,,,0.4398682110048486,50.56895834252452,,,,,,
2025-08-13 16:25:00,,,,,,,0.4397277860574003,50.57160129298461,,,,
2025-08-13 16:25:00,,,,,,,,,0.4015946344451179,50.564653523160345,,
2025-08-13 16:25:00,,,,,,,,,,,0.40360885436383287,50.567488784006024
2025-08-13 16:25:00,0.5656000000000176,50.60683942551639,,,,,,,,,,
2025-08-13 16:25:00,,,0.4632799999999861,50.60785367943223,,,,,,,,
2025-08-13 16:25:00,,,,,0.5675334362264498,50.57076520460704,,,,,,
2025-08-13 16:25:00,,,,,,,0.46529593733858265,50.57130192778609,,,,
2025-08-13 16:25:00,,,,,,,,,0.5332277363221888,50.56684396666954,,
2025-08-13 16:25:00,,,,,,,,,,,0.4294319197595683,50.56721805749644
2025-08-13 16:25:00,0.6288687500000094,50.61609352859299,,,,,,,,,,
2025-08-13 16:25:00,,,0.5015137499999923,50.60945093656859,,,,,,,,
2025-08-13 16:25:00,,,,,0.6308547297034072,50.57819670894939,,,,,,
2025-08-13 16:25:00,,,,,,,0.5035283473151565,50.572488863456044,,,,
2025-08-13 16:25:00,,,,,,,,,0.5965360718459136,50.57439393141877,,
2025-08-13 16:25:00,,,,,,,,,,,0.4679166522600487,50.5684573239367
